ISO-10303-21;
HEADER;
FILE_DESCRIPTION(('Open CASCADE Model'),'2;1');
FILE_NAME('Open CASCADE Shape Model','2026-09-28T15:11:19',('Author'),(
    'Open CASCADE'),'Open CASCADE STEP processor 7.8','Open CASCADE 7.8'
  ,'Unknown');
FILE_SCHEMA(('AUTOMOTIVE_DESIGN { 1 0 10303 214 1 1 1 1 }'));
ENDSEC;
DATA;
#1 = APPLICATION_PROTOCOL_DEFINITION('international standard',
  'automotive_design',2000,#2);
#2 = APPLICATION_CONTEXT(
  'core data for automotive mechanical design processes');
#3 = SHAPE_DEFINITION_REPRESENTATION(#4,#10);
#4 = PRODUCT_DEFINITION_SHAPE('','',#5);
#5 = PRODUCT_DEFINITION('design','',#6,#9);
#6 = PRODUCT_DEFINITION_FORMATION('','',#7);
#7 = PRODUCT('Open CASCADE STEP translator 7.8 21',
  'Open CASCADE STEP translator 7.8 21','',(#8));
#8 = PRODUCT_CONTEXT('',#2,'mechanical');
#9 = PRODUCT_DEFINITION_CONTEXT('part definition',#2,'design');
#10 = SHAPE_REPRESENTATION('',(#11,#15,#19,#23,#27,#31,#35),#39);
#11 = AXIS2_PLACEMENT_3D('',#12,#13,#14);
#12 = CARTESIAN_POINT('',(0.,0.,0.));
#13 = DIRECTION('',(0.,0.,1.));
#14 = DIRECTION('',(1.,0.,-0.));
#15 = AXIS2_PLACEMENT_3D('',#16,#17,#18);
#16 = CARTESIAN_POINT('',(0.,0.,0.));
#17 = DIRECTION('',(0.,0.,1.));
#18 = DIRECTION('',(1.,0.,-0.));
#19 = AXIS2_PLACEMENT_3D('',#20,#21,#22);
#20 = CARTESIAN_POINT('',(0.,0.,0.));
#21 = DIRECTION('',(0.,0.,1.));
#22 = DIRECTION('',(1.,0.,-0.));
#23 = AXIS2_PLACEMENT_3D('',#24,#25,#26);
#24 = CARTESIAN_POINT('',(0.,0.,0.));
#25 = DIRECTION('',(0.,0.,1.));
#26 = DIRECTION('',(1.,0.,-0.));
#27 = AXIS2_PLACEMENT_3D('',#28,#29,#30);
#28 = CARTESIAN_POINT('',(0.,0.,0.));
#29 = DIRECTION('',(0.,0.,1.));
#30 = DIRECTION('',(1.,0.,-0.));
#31 = AXIS2_PLACEMENT_3D('',#32,#33,#34);
#32 = CARTESIAN_POINT('',(0.,0.,0.));
#33 = DIRECTION('',(0.,0.,1.));
#34 = DIRECTION('',(1.,0.,-0.));
#35 = AXIS2_PLACEMENT_3D('',#36,#37,#38);
#36 = CARTESIAN_POINT('',(0.,0.,0.));
#37 = DIRECTION('',(0.,0.,1.));
#38 = DIRECTION('',(1.,0.,-0.));
#39 = ( GEOMETRIC_REPRESENTATION_CONTEXT(3) 
GLOBAL_UNCERTAINTY_ASSIGNED_CONTEXT((#43)) GLOBAL_UNIT_ASSIGNED_CONTEXT(
(#40,#41,#42)) REPRESENTATION_CONTEXT('Context #1',
  '3D Context with UNIT and UNCERTAINTY') );
#40 = ( LENGTH_UNIT() NAMED_UNIT(*) SI_UNIT(.MILLI.,.METRE.) );
#41 = ( NAMED_UNIT(*) PLANE_ANGLE_UNIT() SI_UNIT($,.RADIAN.) );
#42 = ( NAMED_UNIT(*) SI_UNIT($,.STERADIAN.) SOLID_ANGLE_UNIT() );
#43 = UNCERTAINTY_MEASURE_WITH_UNIT(LENGTH_MEASURE(1.E-07),#40,
  'distance_accuracy_value','confusion accuracy');
#44 = PRODUCT_RELATED_PRODUCT_CATEGORY('part',$,(#7));
#45 = SHAPE_DEFINITION_REPRESENTATION(#46,#52);
#46 = PRODUCT_DEFINITION_SHAPE('','',#47);
#47 = PRODUCT_DEFINITION('design','',#48,#51);
#48 = PRODUCT_DEFINITION_FORMATION('','',#49);
#49 = PRODUCT('Open CASCADE STEP translator 7.8 21.1',
  'Open CASCADE STEP translator 7.8 21.1','',(#50));
#50 = PRODUCT_CONTEXT('',#2,'mechanical');
#51 = PRODUCT_DEFINITION_CONTEXT('part definition',#2,'design');
#52 = ADVANCED_BREP_SHAPE_REPRESENTATION('',(#11,#53),#522);
#53 = MANIFOLD_SOLID_BREP('',#54);
#54 = CLOSED_SHELL('',(#55,#175,#251,#331,#380,#438,#445,#495));
#55 = ADVANCED_FACE('',(#56),#70,.F.);
#56 = FACE_BOUND('',#57,.F.);
#57 = EDGE_LOOP('',(#58,#93,#121,#149));
#58 = ORIENTED_EDGE('',*,*,#59,.F.);
#59 = EDGE_CURVE('',#60,#62,#64,.T.);
#60 = VERTEX_POINT('',#61);
#61 = CARTESIAN_POINT('',(-75.,-75.,0.));
#62 = VERTEX_POINT('',#63);
#63 = CARTESIAN_POINT('',(-75.,-75.,9.));
#64 = SURFACE_CURVE('',#65,(#69,#81),.PCURVE_S1.);
#65 = LINE('',#66,#67);
#66 = CARTESIAN_POINT('',(-75.,-75.,0.));
#67 = VECTOR('',#68,1.);
#68 = DIRECTION('',(0.,0.,1.));
#69 = PCURVE('',#70,#75);
#70 = PLANE('',#71);
#71 = AXIS2_PLACEMENT_3D('',#72,#73,#74);
#72 = CARTESIAN_POINT('',(-75.,-75.,0.));
#73 = DIRECTION('',(1.,0.,-0.));
#74 = DIRECTION('',(0.,0.,1.));
#75 = DEFINITIONAL_REPRESENTATION('',(#76),#80);
#76 = LINE('',#77,#78);
#77 = CARTESIAN_POINT('',(0.,0.));
#78 = VECTOR('',#79,1.);
#79 = DIRECTION('',(1.,0.));
#80 = ( GEOMETRIC_REPRESENTATION_CONTEXT(2) 
PARAMETRIC_REPRESENTATION_CONTEXT() REPRESENTATION_CONTEXT('2D SPACE',''
  ) );
#81 = PCURVE('',#82,#87);
#82 = PLANE('',#83);
#83 = AXIS2_PLACEMENT_3D('',#84,#85,#86);
#84 = CARTESIAN_POINT('',(-75.,-75.,0.));
#85 = DIRECTION('',(-0.,1.,0.));
#86 = DIRECTION('',(0.,0.,1.));
#87 = DEFINITIONAL_REPRESENTATION('',(#88),#92);
#88 = LINE('',#89,#90);
#89 = CARTESIAN_POINT('',(0.,0.));
#90 = VECTOR('',#91,1.);
#91 = DIRECTION('',(1.,0.));
#92 = ( GEOMETRIC_REPRESENTATION_CONTEXT(2) 
PARAMETRIC_REPRESENTATION_CONTEXT() REPRESENTATION_CONTEXT('2D SPACE',''
  ) );
#93 = ORIENTED_EDGE('',*,*,#94,.T.);
#94 = EDGE_CURVE('',#60,#95,#97,.T.);
#95 = VERTEX_POINT('',#96);
#96 = CARTESIAN_POINT('',(-75.,75.,0.));
#97 = SURFACE_CURVE('',#98,(#102,#109),.PCURVE_S1.);
#98 = LINE('',#99,#100);
#99 = CARTESIAN_POINT('',(-75.,-75.,0.));
#100 = VECTOR('',#101,1.);
#101 = DIRECTION('',(-0.,1.,0.));
#102 = PCURVE('',#70,#103);
#103 = DEFINITIONAL_REPRESENTATION('',(#104),#108);
#104 = LINE('',#105,#106);
#105 = CARTESIAN_POINT('',(0.,0.));
#106 = VECTOR('',#107,1.);
#107 = DIRECTION('',(0.,-1.));
#108 = ( GEOMETRIC_REPRESENTATION_CONTEXT(2) 
PARAMETRIC_REPRESENTATION_CONTEXT() REPRESENTATION_CONTEXT('2D SPACE',''
  ) );
#109 = PCURVE('',#110,#115);
#110 = PLANE('',#111);
#111 = AXIS2_PLACEMENT_3D('',#112,#113,#114);
#112 = CARTESIAN_POINT('',(-75.,-75.,0.));
#113 = DIRECTION('',(0.,0.,1.));
#114 = DIRECTION('',(1.,0.,-0.));
#115 = DEFINITIONAL_REPRESENTATION('',(#116),#120);
#116 = LINE('',#117,#118);
#117 = CARTESIAN_POINT('',(0.,0.));
#118 = VECTOR('',#119,1.);
#119 = DIRECTION('',(0.,1.));
#120 = ( GEOMETRIC_REPRESENTATION_CONTEXT(2) 
PARAMETRIC_REPRESENTATION_CONTEXT() REPRESENTATION_CONTEXT('2D SPACE',''
  ) );
#121 = ORIENTED_EDGE('',*,*,#122,.T.);
#122 = EDGE_CURVE('',#95,#123,#125,.T.);
#123 = VERTEX_POINT('',#124);
#124 = CARTESIAN_POINT('',(-75.,75.,9.));
#125 = SURFACE_CURVE('',#126,(#130,#137),.PCURVE_S1.);
#126 = LINE('',#127,#128);
#127 = CARTESIAN_POINT('',(-75.,75.,0.));
#128 = VECTOR('',#129,1.);
#129 = DIRECTION('',(0.,0.,1.));
#130 = PCURVE('',#70,#131);
#131 = DEFINITIONAL_REPRESENTATION('',(#132),#136);
#132 = LINE('',#133,#134);
#133 = CARTESIAN_POINT('',(0.,-150.));
#134 = VECTOR('',#135,1.);
#135 = DIRECTION('',(1.,0.));
#136 = ( GEOMETRIC_REPRESENTATION_CONTEXT(2) 
PARAMETRIC_REPRESENTATION_CONTEXT() REPRESENTATION_CONTEXT('2D SPACE',''
  ) );
#137 = PCURVE('',#138,#143);
#138 = PLANE('',#139);
#139 = AXIS2_PLACEMENT_3D('',#140,#141,#142);
#140 = CARTESIAN_POINT('',(-75.,75.,0.));
#141 = DIRECTION('',(-0.,1.,0.));
#142 = DIRECTION('',(0.,0.,1.));
#143 = DEFINITIONAL_REPRESENTATION('',(#144),#148);
#144 = LINE('',#145,#146);
#145 = CARTESIAN_POINT('',(0.,0.));
#146 = VECTOR('',#147,1.);
#147 = DIRECTION('',(1.,0.));
#148 = ( GEOMETRIC_REPRESENTATION_CONTEXT(2) 
PARAMETRIC_REPRESENTATION_CONTEXT() REPRESENTATION_CONTEXT('2D SPACE',''
  ) );
#149 = ORIENTED_EDGE('',*,*,#150,.F.);
#150 = EDGE_CURVE('',#62,#123,#151,.T.);
#151 = SURFACE_CURVE('',#152,(#156,#163),.PCURVE_S1.);
#152 = LINE('',#153,#154);
#153 = CARTESIAN_POINT('',(-75.,-75.,9.));
#154 = VECTOR('',#155,1.);
#155 = DIRECTION('',(-0.,1.,0.));
#156 = PCURVE('',#70,#157);
#157 = DEFINITIONAL_REPRESENTATION('',(#158),#162);
#158 = LINE('',#159,#160);
#159 = CARTESIAN_POINT('',(9.,0.));
#160 = VECTOR('',#161,1.);
#161 = DIRECTION('',(0.,-1.));
#162 = ( GEOMETRIC_REPRESENTATION_CONTEXT(2) 
PARAMETRIC_REPRESENTATION_CONTEXT() REPRESENTATION_CONTEXT('2D SPACE',''
  ) );
#163 = PCURVE('',#164,#169);
#164 = PLANE('',#165);
#165 = AXIS2_PLACEMENT_3D('',#166,#167,#168);
#166 = CARTESIAN_POINT('',(-75.,-75.,9.));
#167 = DIRECTION('',(0.,0.,1.));
#168 = DIRECTION('',(1.,0.,-0.));
#169 = DEFINITIONAL_REPRESENTATION('',(#170),#174);
#170 = LINE('',#171,#172);
#171 = CARTESIAN_POINT('',(0.,0.));
#172 = VECTOR('',#173,1.);
#173 = DIRECTION('',(0.,1.));
#174 = ( GEOMETRIC_REPRESENTATION_CONTEXT(2) 
PARAMETRIC_REPRESENTATION_CONTEXT() REPRESENTATION_CONTEXT('2D SPACE',''
  ) );
#175 = ADVANCED_FACE('',(#176),#82,.F.);
#176 = FACE_BOUND('',#177,.F.);
#177 = EDGE_LOOP('',(#178,#201,#202,#225));
#178 = ORIENTED_EDGE('',*,*,#179,.F.);
#179 = EDGE_CURVE('',#60,#180,#182,.T.);
#180 = VERTEX_POINT('',#181);
#181 = CARTESIAN_POINT('',(75.,-75.,0.));
#182 = SURFACE_CURVE('',#183,(#187,#194),.PCURVE_S1.);
#183 = LINE('',#184,#185);
#184 = CARTESIAN_POINT('',(-75.,-75.,0.));
#185 = VECTOR('',#186,1.);
#186 = DIRECTION('',(1.,0.,-0.));
#187 = PCURVE('',#82,#188);
#188 = DEFINITIONAL_REPRESENTATION('',(#189),#193);
#189 = LINE('',#190,#191);
#190 = CARTESIAN_POINT('',(0.,0.));
#191 = VECTOR('',#192,1.);
#192 = DIRECTION('',(0.,1.));
#193 = ( GEOMETRIC_REPRESENTATION_CONTEXT(2) 
PARAMETRIC_REPRESENTATION_CONTEXT() REPRESENTATION_CONTEXT('2D SPACE',''
  ) );
#194 = PCURVE('',#110,#195);
#195 = DEFINITIONAL_REPRESENTATION('',(#196),#200);
#196 = LINE('',#197,#198);
#197 = CARTESIAN_POINT('',(0.,0.));
#198 = VECTOR('',#199,1.);
#199 = DIRECTION('',(1.,0.));
#200 = ( GEOMETRIC_REPRESENTATION_CONTEXT(2) 
PARAMETRIC_REPRESENTATION_CONTEXT() REPRESENTATION_CONTEXT('2D SPACE',''
  ) );
#201 = ORIENTED_EDGE('',*,*,#59,.T.);
#202 = ORIENTED_EDGE('',*,*,#203,.T.);
#203 = EDGE_CURVE('',#62,#204,#206,.T.);
#204 = VERTEX_POINT('',#205);
#205 = CARTESIAN_POINT('',(75.,-75.,9.));
#206 = SURFACE_CURVE('',#207,(#211,#218),.PCURVE_S1.);
#207 = LINE('',#208,#209);
#208 = CARTESIAN_POINT('',(-75.,-75.,9.));
#209 = VECTOR('',#210,1.);
#210 = DIRECTION('',(1.,0.,-0.));
#211 = PCURVE('',#82,#212);
#212 = DEFINITIONAL_REPRESENTATION('',(#213),#217);
#213 = LINE('',#214,#215);
#214 = CARTESIAN_POINT('',(9.,0.));
#215 = VECTOR('',#216,1.);
#216 = DIRECTION('',(0.,1.));
#217 = ( GEOMETRIC_REPRESENTATION_CONTEXT(2) 
PARAMETRIC_REPRESENTATION_CONTEXT() REPRESENTATION_CONTEXT('2D SPACE',''
  ) );
#218 = PCURVE('',#164,#219);
#219 = DEFINITIONAL_REPRESENTATION('',(#220),#224);
#220 = LINE('',#221,#222);
#221 = CARTESIAN_POINT('',(0.,0.));
#222 = VECTOR('',#223,1.);
#223 = DIRECTION('',(1.,0.));
#224 = ( GEOMETRIC_REPRESENTATION_CONTEXT(2) 
PARAMETRIC_REPRESENTATION_CONTEXT() REPRESENTATION_CONTEXT('2D SPACE',''
  ) );
#225 = ORIENTED_EDGE('',*,*,#226,.F.);
#226 = EDGE_CURVE('',#180,#204,#227,.T.);
#227 = SURFACE_CURVE('',#228,(#232,#239),.PCURVE_S1.);
#228 = LINE('',#229,#230);
#229 = CARTESIAN_POINT('',(75.,-75.,0.));
#230 = VECTOR('',#231,1.);
#231 = DIRECTION('',(0.,0.,1.));
#232 = PCURVE('',#82,#233);
#233 = DEFINITIONAL_REPRESENTATION('',(#234),#238);
#234 = LINE('',#235,#236);
#235 = CARTESIAN_POINT('',(0.,150.));
#236 = VECTOR('',#237,1.);
#237 = DIRECTION('',(1.,0.));
#238 = ( GEOMETRIC_REPRESENTATION_CONTEXT(2) 
PARAMETRIC_REPRESENTATION_CONTEXT() REPRESENTATION_CONTEXT('2D SPACE',''
  ) );
#239 = PCURVE('',#240,#245);
#240 = PLANE('',#241);
#241 = AXIS2_PLACEMENT_3D('',#242,#243,#244);
#242 = CARTESIAN_POINT('',(75.,-75.,0.));
#243 = DIRECTION('',(1.,0.,-0.));
#244 = DIRECTION('',(0.,0.,1.));
#245 = DEFINITIONAL_REPRESENTATION('',(#246),#250);
#246 = LINE('',#247,#248);
#247 = CARTESIAN_POINT('',(0.,0.));
#248 = VECTOR('',#249,1.);
#249 = DIRECTION('',(1.,0.));
#250 = ( GEOMETRIC_REPRESENTATION_CONTEXT(2) 
PARAMETRIC_REPRESENTATION_CONTEXT() REPRESENTATION_CONTEXT('2D SPACE',''
  ) );
#251 = ADVANCED_FACE('',(#252,#300),#164,.T.);
#252 = FACE_BOUND('',#253,.T.);
#253 = EDGE_LOOP('',(#254,#255,#256,#279));
#254 = ORIENTED_EDGE('',*,*,#150,.F.);
#255 = ORIENTED_EDGE('',*,*,#203,.T.);
#256 = ORIENTED_EDGE('',*,*,#257,.T.);
#257 = EDGE_CURVE('',#204,#258,#260,.T.);
#258 = VERTEX_POINT('',#259);
#259 = CARTESIAN_POINT('',(75.,75.,9.));
#260 = SURFACE_CURVE('',#261,(#265,#272),.PCURVE_S1.);
#261 = LINE('',#262,#263);
#262 = CARTESIAN_POINT('',(75.,-75.,9.));
#263 = VECTOR('',#264,1.);
#264 = DIRECTION('',(-0.,1.,0.));
#265 = PCURVE('',#164,#266);
#266 = DEFINITIONAL_REPRESENTATION('',(#267),#271);
#267 = LINE('',#268,#269);
#268 = CARTESIAN_POINT('',(150.,0.));
#269 = VECTOR('',#270,1.);
#270 = DIRECTION('',(0.,1.));
#271 = ( GEOMETRIC_REPRESENTATION_CONTEXT(2) 
PARAMETRIC_REPRESENTATION_CONTEXT() REPRESENTATION_CONTEXT('2D SPACE',''
  ) );
#272 = PCURVE('',#240,#273);
#273 = DEFINITIONAL_REPRESENTATION('',(#274),#278);
#274 = LINE('',#275,#276);
#275 = CARTESIAN_POINT('',(9.,0.));
#276 = VECTOR('',#277,1.);
#277 = DIRECTION('',(0.,-1.));
#278 = ( GEOMETRIC_REPRESENTATION_CONTEXT(2) 
PARAMETRIC_REPRESENTATION_CONTEXT() REPRESENTATION_CONTEXT('2D SPACE',''
  ) );
#279 = ORIENTED_EDGE('',*,*,#280,.F.);
#280 = EDGE_CURVE('',#123,#258,#281,.T.);
#281 = SURFACE_CURVE('',#282,(#286,#293),.PCURVE_S1.);
#282 = LINE('',#283,#284);
#283 = CARTESIAN_POINT('',(-75.,75.,9.));
#284 = VECTOR('',#285,1.);
#285 = DIRECTION('',(1.,0.,-0.));
#286 = PCURVE('',#164,#287);
#287 = DEFINITIONAL_REPRESENTATION('',(#288),#292);
#288 = LINE('',#289,#290);
#289 = CARTESIAN_POINT('',(0.,150.));
#290 = VECTOR('',#291,1.);
#291 = DIRECTION('',(1.,0.));
#292 = ( GEOMETRIC_REPRESENTATION_CONTEXT(2) 
PARAMETRIC_REPRESENTATION_CONTEXT() REPRESENTATION_CONTEXT('2D SPACE',''
  ) );
#293 = PCURVE('',#138,#294);
#294 = DEFINITIONAL_REPRESENTATION('',(#295),#299);
#295 = LINE('',#296,#297);
#296 = CARTESIAN_POINT('',(9.,0.));
#297 = VECTOR('',#298,1.);
#298 = DIRECTION('',(0.,1.));
#299 = ( GEOMETRIC_REPRESENTATION_CONTEXT(2) 
PARAMETRIC_REPRESENTATION_CONTEXT() REPRESENTATION_CONTEXT('2D SPACE',''
  ) );
#300 = FACE_BOUND('',#301,.T.);
#301 = EDGE_LOOP('',(#302));
#302 = ORIENTED_EDGE('',*,*,#303,.F.);
#303 = EDGE_CURVE('',#304,#304,#306,.T.);
#304 = VERTEX_POINT('',#305);
#305 = CARTESIAN_POINT('',(4.5,-1.102182119233E-15,9.));
#306 = SURFACE_CURVE('',#307,(#312,#319),.PCURVE_S1.);
#307 = CIRCLE('',#308,4.5);
#308 = AXIS2_PLACEMENT_3D('',#309,#310,#311);
#309 = CARTESIAN_POINT('',(0.,0.,9.));
#310 = DIRECTION('',(0.,0.,1.));
#311 = DIRECTION('',(1.,0.,-0.));
#312 = PCURVE('',#164,#313);
#313 = DEFINITIONAL_REPRESENTATION('',(#314),#318);
#314 = CIRCLE('',#315,4.5);
#315 = AXIS2_PLACEMENT_2D('',#316,#317);
#316 = CARTESIAN_POINT('',(75.,75.));
#317 = DIRECTION('',(1.,0.));
#318 = ( GEOMETRIC_REPRESENTATION_CONTEXT(2) 
PARAMETRIC_REPRESENTATION_CONTEXT() REPRESENTATION_CONTEXT('2D SPACE',''
  ) );
#319 = PCURVE('',#320,#325);
#320 = CYLINDRICAL_SURFACE('',#321,4.5);
#321 = AXIS2_PLACEMENT_3D('',#322,#323,#324);
#322 = CARTESIAN_POINT('',(0.,0.,0.));
#323 = DIRECTION('',(0.,0.,1.));
#324 = DIRECTION('',(1.,0.,-0.));
#325 = DEFINITIONAL_REPRESENTATION('',(#326),#330);
#326 = LINE('',#327,#328);
#327 = CARTESIAN_POINT('',(0.,9.));
#328 = VECTOR('',#329,1.);
#329 = DIRECTION('',(1.,0.));
#330 = ( GEOMETRIC_REPRESENTATION_CONTEXT(2) 
PARAMETRIC_REPRESENTATION_CONTEXT() REPRESENTATION_CONTEXT('2D SPACE',''
  ) );
#331 = ADVANCED_FACE('',(#332),#138,.T.);
#332 = FACE_BOUND('',#333,.T.);
#333 = EDGE_LOOP('',(#334,#357,#358,#359));
#334 = ORIENTED_EDGE('',*,*,#335,.F.);
#335 = EDGE_CURVE('',#95,#336,#338,.T.);
#336 = VERTEX_POINT('',#337);
#337 = CARTESIAN_POINT('',(75.,75.,0.));
#338 = SURFACE_CURVE('',#339,(#343,#350),.PCURVE_S1.);
#339 = LINE('',#340,#341);
#340 = CARTESIAN_POINT('',(-75.,75.,0.));
#341 = VECTOR('',#342,1.);
#342 = DIRECTION('',(1.,0.,-0.));
#343 = PCURVE('',#138,#344);
#344 = DEFINITIONAL_REPRESENTATION('',(#345),#349);
#345 = LINE('',#346,#347);
#346 = CARTESIAN_POINT('',(0.,0.));
#347 = VECTOR('',#348,1.);
#348 = DIRECTION('',(0.,1.));
#349 = ( GEOMETRIC_REPRESENTATION_CONTEXT(2) 
PARAMETRIC_REPRESENTATION_CONTEXT() REPRESENTATION_CONTEXT('2D SPACE',''
  ) );
#350 = PCURVE('',#110,#351);
#351 = DEFINITIONAL_REPRESENTATION('',(#352),#356);
#352 = LINE('',#353,#354);
#353 = CARTESIAN_POINT('',(0.,150.));
#354 = VECTOR('',#355,1.);
#355 = DIRECTION('',(1.,0.));
#356 = ( GEOMETRIC_REPRESENTATION_CONTEXT(2) 
PARAMETRIC_REPRESENTATION_CONTEXT() REPRESENTATION_CONTEXT('2D SPACE',''
  ) );
#357 = ORIENTED_EDGE('',*,*,#122,.T.);
#358 = ORIENTED_EDGE('',*,*,#280,.T.);
#359 = ORIENTED_EDGE('',*,*,#360,.F.);
#360 = EDGE_CURVE('',#336,#258,#361,.T.);
#361 = SURFACE_CURVE('',#362,(#366,#373),.PCURVE_S1.);
#362 = LINE('',#363,#364);
#363 = CARTESIAN_POINT('',(75.,75.,0.));
#364 = VECTOR('',#365,1.);
#365 = DIRECTION('',(0.,0.,1.));
#366 = PCURVE('',#138,#367);
#367 = DEFINITIONAL_REPRESENTATION('',(#368),#372);
#368 = LINE('',#369,#370);
#369 = CARTESIAN_POINT('',(0.,150.));
#370 = VECTOR('',#371,1.);
#371 = DIRECTION('',(1.,0.));
#372 = ( GEOMETRIC_REPRESENTATION_CONTEXT(2) 
PARAMETRIC_REPRESENTATION_CONTEXT() REPRESENTATION_CONTEXT('2D SPACE',''
  ) );
#373 = PCURVE('',#240,#374);
#374 = DEFINITIONAL_REPRESENTATION('',(#375),#379);
#375 = LINE('',#376,#377);
#376 = CARTESIAN_POINT('',(0.,-150.));
#377 = VECTOR('',#378,1.);
#378 = DIRECTION('',(1.,0.));
#379 = ( GEOMETRIC_REPRESENTATION_CONTEXT(2) 
PARAMETRIC_REPRESENTATION_CONTEXT() REPRESENTATION_CONTEXT('2D SPACE',''
  ) );
#380 = ADVANCED_FACE('',(#381,#407),#110,.F.);
#381 = FACE_BOUND('',#382,.F.);
#382 = EDGE_LOOP('',(#383,#384,#385,#406));
#383 = ORIENTED_EDGE('',*,*,#94,.F.);
#384 = ORIENTED_EDGE('',*,*,#179,.T.);
#385 = ORIENTED_EDGE('',*,*,#386,.T.);
#386 = EDGE_CURVE('',#180,#336,#387,.T.);
#387 = SURFACE_CURVE('',#388,(#392,#399),.PCURVE_S1.);
#388 = LINE('',#389,#390);
#389 = CARTESIAN_POINT('',(75.,-75.,0.));
#390 = VECTOR('',#391,1.);
#391 = DIRECTION('',(-0.,1.,0.));
#392 = PCURVE('',#110,#393);
#393 = DEFINITIONAL_REPRESENTATION('',(#394),#398);
#394 = LINE('',#395,#396);
#395 = CARTESIAN_POINT('',(150.,0.));
#396 = VECTOR('',#397,1.);
#397 = DIRECTION('',(0.,1.));
#398 = ( GEOMETRIC_REPRESENTATION_CONTEXT(2) 
PARAMETRIC_REPRESENTATION_CONTEXT() REPRESENTATION_CONTEXT('2D SPACE',''
  ) );
#399 = PCURVE('',#240,#400);
#400 = DEFINITIONAL_REPRESENTATION('',(#401),#405);
#401 = LINE('',#402,#403);
#402 = CARTESIAN_POINT('',(0.,0.));
#403 = VECTOR('',#404,1.);
#404 = DIRECTION('',(0.,-1.));
#405 = ( GEOMETRIC_REPRESENTATION_CONTEXT(2) 
PARAMETRIC_REPRESENTATION_CONTEXT() REPRESENTATION_CONTEXT('2D SPACE',''
  ) );
#406 = ORIENTED_EDGE('',*,*,#335,.F.);
#407 = FACE_BOUND('',#408,.F.);
#408 = EDGE_LOOP('',(#409));
#409 = ORIENTED_EDGE('',*,*,#410,.F.);
#410 = EDGE_CURVE('',#411,#411,#413,.T.);
#411 = VERTEX_POINT('',#412);
#412 = CARTESIAN_POINT('',(8.2,-2.008420750602E-15,0.));
#413 = SURFACE_CURVE('',#414,(#419,#426),.PCURVE_S1.);
#414 = CIRCLE('',#415,8.2);
#415 = AXIS2_PLACEMENT_3D('',#416,#417,#418);
#416 = CARTESIAN_POINT('',(0.,0.,0.));
#417 = DIRECTION('',(0.,0.,1.));
#418 = DIRECTION('',(1.,0.,-0.));
#419 = PCURVE('',#110,#420);
#420 = DEFINITIONAL_REPRESENTATION('',(#421),#425);
#421 = CIRCLE('',#422,8.2);
#422 = AXIS2_PLACEMENT_2D('',#423,#424);
#423 = CARTESIAN_POINT('',(75.,75.));
#424 = DIRECTION('',(1.,0.));
#425 = ( GEOMETRIC_REPRESENTATION_CONTEXT(2) 
PARAMETRIC_REPRESENTATION_CONTEXT() REPRESENTATION_CONTEXT('2D SPACE',''
  ) );
#426 = PCURVE('',#427,#432);
#427 = CONICAL_SURFACE('',#428,8.2,0.785398163397);
#428 = AXIS2_PLACEMENT_3D('',#429,#430,#431);
#429 = CARTESIAN_POINT('',(0.,0.,0.));
#430 = DIRECTION('',(-0.,-0.,-1.));
#431 = DIRECTION('',(1.,0.,-0.));
#432 = DEFINITIONAL_REPRESENTATION('',(#433),#437);
#433 = LINE('',#434,#435);
#434 = CARTESIAN_POINT('',(-0.,-0.));
#435 = VECTOR('',#436,1.);
#436 = DIRECTION('',(-1.,-0.));
#437 = ( GEOMETRIC_REPRESENTATION_CONTEXT(2) 
PARAMETRIC_REPRESENTATION_CONTEXT() REPRESENTATION_CONTEXT('2D SPACE',''
  ) );
#438 = ADVANCED_FACE('',(#439),#240,.T.);
#439 = FACE_BOUND('',#440,.T.);
#440 = EDGE_LOOP('',(#441,#442,#443,#444));
#441 = ORIENTED_EDGE('',*,*,#226,.F.);
#442 = ORIENTED_EDGE('',*,*,#386,.T.);
#443 = ORIENTED_EDGE('',*,*,#360,.T.);
#444 = ORIENTED_EDGE('',*,*,#257,.F.);
#445 = ADVANCED_FACE('',(#446),#320,.F.);
#446 = FACE_BOUND('',#447,.F.);
#447 = EDGE_LOOP('',(#448,#471,#472,#473));
#448 = ORIENTED_EDGE('',*,*,#449,.T.);
#449 = EDGE_CURVE('',#450,#304,#452,.T.);
#450 = VERTEX_POINT('',#451);
#451 = CARTESIAN_POINT('',(4.5,-1.102182119233E-15,3.7));
#452 = SEAM_CURVE('',#453,(#457,#464),.PCURVE_S1.);
#453 = LINE('',#454,#455);
#454 = CARTESIAN_POINT('',(4.5,-1.102182119233E-15,0.));
#455 = VECTOR('',#456,1.);
#456 = DIRECTION('',(0.,0.,1.));
#457 = PCURVE('',#320,#458);
#458 = DEFINITIONAL_REPRESENTATION('',(#459),#463);
#459 = LINE('',#460,#461);
#460 = CARTESIAN_POINT('',(6.28318530718,-0.));
#461 = VECTOR('',#462,1.);
#462 = DIRECTION('',(0.,1.));
#463 = ( GEOMETRIC_REPRESENTATION_CONTEXT(2) 
PARAMETRIC_REPRESENTATION_CONTEXT() REPRESENTATION_CONTEXT('2D SPACE',''
  ) );
#464 = PCURVE('',#320,#465);
#465 = DEFINITIONAL_REPRESENTATION('',(#466),#470);
#466 = LINE('',#467,#468);
#467 = CARTESIAN_POINT('',(0.,-0.));
#468 = VECTOR('',#469,1.);
#469 = DIRECTION('',(0.,1.));
#470 = ( GEOMETRIC_REPRESENTATION_CONTEXT(2) 
PARAMETRIC_REPRESENTATION_CONTEXT() REPRESENTATION_CONTEXT('2D SPACE',''
  ) );
#471 = ORIENTED_EDGE('',*,*,#303,.F.);
#472 = ORIENTED_EDGE('',*,*,#449,.F.);
#473 = ORIENTED_EDGE('',*,*,#474,.T.);
#474 = EDGE_CURVE('',#450,#450,#475,.T.);
#475 = SURFACE_CURVE('',#476,(#481,#488),.PCURVE_S1.);
#476 = CIRCLE('',#477,4.5);
#477 = AXIS2_PLACEMENT_3D('',#478,#479,#480);
#478 = CARTESIAN_POINT('',(0.,0.,3.7));
#479 = DIRECTION('',(0.,0.,1.));
#480 = DIRECTION('',(1.,0.,-0.));
#481 = PCURVE('',#320,#482);
#482 = DEFINITIONAL_REPRESENTATION('',(#483),#487);
#483 = LINE('',#484,#485);
#484 = CARTESIAN_POINT('',(0.,3.7));
#485 = VECTOR('',#486,1.);
#486 = DIRECTION('',(1.,0.));
#487 = ( GEOMETRIC_REPRESENTATION_CONTEXT(2) 
PARAMETRIC_REPRESENTATION_CONTEXT() REPRESENTATION_CONTEXT('2D SPACE',''
  ) );
#488 = PCURVE('',#427,#489);
#489 = DEFINITIONAL_REPRESENTATION('',(#490),#494);
#490 = LINE('',#491,#492);
#491 = CARTESIAN_POINT('',(-0.,-3.7));
#492 = VECTOR('',#493,1.);
#493 = DIRECTION('',(-1.,-0.));
#494 = ( GEOMETRIC_REPRESENTATION_CONTEXT(2) 
PARAMETRIC_REPRESENTATION_CONTEXT() REPRESENTATION_CONTEXT('2D SPACE',''
  ) );
#495 = ADVANCED_FACE('',(#496),#427,.F.);
#496 = FACE_BOUND('',#497,.F.);
#497 = EDGE_LOOP('',(#498,#499,#520,#521));
#498 = ORIENTED_EDGE('',*,*,#474,.F.);
#499 = ORIENTED_EDGE('',*,*,#500,.F.);
#500 = EDGE_CURVE('',#411,#450,#501,.T.);
#501 = SEAM_CURVE('',#502,(#506,#513),.PCURVE_S1.);
#502 = LINE('',#503,#504);
#503 = CARTESIAN_POINT('',(8.2,-2.008420750602E-15,0.));
#504 = VECTOR('',#505,1.);
#505 = DIRECTION('',(-0.707106781187,1.731912112471E-16,0.707106781187)
  );
#506 = PCURVE('',#427,#507);
#507 = DEFINITIONAL_REPRESENTATION('',(#508),#512);
#508 = LINE('',#509,#510);
#509 = CARTESIAN_POINT('',(-6.28318530718,0.));
#510 = VECTOR('',#511,1.);
#511 = DIRECTION('',(-0.,-1.));
#512 = ( GEOMETRIC_REPRESENTATION_CONTEXT(2) 
PARAMETRIC_REPRESENTATION_CONTEXT() REPRESENTATION_CONTEXT('2D SPACE',''
  ) );
#513 = PCURVE('',#427,#514);
#514 = DEFINITIONAL_REPRESENTATION('',(#515),#519);
#515 = LINE('',#516,#517);
#516 = CARTESIAN_POINT('',(0.,-0.));
#517 = VECTOR('',#518,1.);
#518 = DIRECTION('',(-0.,-1.));
#519 = ( GEOMETRIC_REPRESENTATION_CONTEXT(2) 
PARAMETRIC_REPRESENTATION_CONTEXT() REPRESENTATION_CONTEXT('2D SPACE',''
  ) );
#520 = ORIENTED_EDGE('',*,*,#410,.T.);
#521 = ORIENTED_EDGE('',*,*,#500,.T.);
#522 = ( GEOMETRIC_REPRESENTATION_CONTEXT(3) 
GLOBAL_UNCERTAINTY_ASSIGNED_CONTEXT((#526)) GLOBAL_UNIT_ASSIGNED_CONTEXT
((#523,#524,#525)) REPRESENTATION_CONTEXT('Context #1',
  '3D Context with UNIT and UNCERTAINTY') );
#523 = ( LENGTH_UNIT() NAMED_UNIT(*) SI_UNIT(.MILLI.,.METRE.) );
#524 = ( NAMED_UNIT(*) PLANE_ANGLE_UNIT() SI_UNIT($,.RADIAN.) );
#525 = ( NAMED_UNIT(*) SI_UNIT($,.STERADIAN.) SOLID_ANGLE_UNIT() );
#526 = UNCERTAINTY_MEASURE_WITH_UNIT(LENGTH_MEASURE(1.E-07),#523,
  'distance_accuracy_value','confusion accuracy');
#527 = CONTEXT_DEPENDENT_SHAPE_REPRESENTATION(#528,#530);
#528 = ( REPRESENTATION_RELATIONSHIP('','',#52,#10) 
REPRESENTATION_RELATIONSHIP_WITH_TRANSFORMATION(#529) 
SHAPE_REPRESENTATION_RELATIONSHIP() );
#529 = ITEM_DEFINED_TRANSFORMATION('','',#11,#15);
#530 = PRODUCT_DEFINITION_SHAPE('Placement','Placement of an item',#531
  );
#531 = NEXT_ASSEMBLY_USAGE_OCCURRENCE('13','','',#5,#47,$);
#532 = PRODUCT_RELATED_PRODUCT_CATEGORY('part',$,(#49));
#533 = SHAPE_DEFINITION_REPRESENTATION(#534,#540);
#534 = PRODUCT_DEFINITION_SHAPE('','',#535);
#535 = PRODUCT_DEFINITION('design','',#536,#539);
#536 = PRODUCT_DEFINITION_FORMATION('','',#537);
#537 = PRODUCT('Open CASCADE STEP translator 7.8 21.2',
  'Open CASCADE STEP translator 7.8 21.2','',(#538));
#538 = PRODUCT_CONTEXT('',#2,'mechanical');
#539 = PRODUCT_DEFINITION_CONTEXT('part definition',#2,'design');
#540 = ADVANCED_BREP_SHAPE_REPRESENTATION('',(#11,#541),#983);
#541 = MANIFOLD_SOLID_BREP('',#542);
#542 = CLOSED_SHELL('',(#543,#826,#861,#865,#920,#975,#979));
#543 = ADVANCED_FACE('',(#544,#631),#557,.T.);
#544 = FACE_BOUND('',#545,.T.);
#545 = EDGE_LOOP('',(#546,#580,#603,#630));
#546 = ORIENTED_EDGE('',*,*,#547,.T.);
#547 = EDGE_CURVE('',#548,#548,#550,.T.);
#548 = VERTEX_POINT('',#549);
#549 = CARTESIAN_POINT('',(12.,-2.939152317954E-15,9.));
#550 = SURFACE_CURVE('',#551,(#556,#568),.PCURVE_S1.);
#551 = CIRCLE('',#552,12.);
#552 = AXIS2_PLACEMENT_3D('',#553,#554,#555);
#553 = CARTESIAN_POINT('',(0.,0.,9.));
#554 = DIRECTION('',(0.,0.,1.));
#555 = DIRECTION('',(1.,0.,-0.));
#556 = PCURVE('',#557,#562);
#557 = CYLINDRICAL_SURFACE('',#558,12.);
#558 = AXIS2_PLACEMENT_3D('',#559,#560,#561);
#559 = CARTESIAN_POINT('',(0.,0.,9.));
#560 = DIRECTION('',(0.,0.,1.));
#561 = DIRECTION('',(1.,0.,-0.));
#562 = DEFINITIONAL_REPRESENTATION('',(#563),#567);
#563 = LINE('',#564,#565);
#564 = CARTESIAN_POINT('',(0.,0.));
#565 = VECTOR('',#566,1.);
#566 = DIRECTION('',(1.,0.));
#567 = ( GEOMETRIC_REPRESENTATION_CONTEXT(2) 
PARAMETRIC_REPRESENTATION_CONTEXT() REPRESENTATION_CONTEXT('2D SPACE',''
  ) );
#568 = PCURVE('',#569,#574);
#569 = PLANE('',#570);
#570 = AXIS2_PLACEMENT_3D('',#571,#572,#573);
#571 = CARTESIAN_POINT('',(0.,0.,9.));
#572 = DIRECTION('',(0.,0.,1.));
#573 = DIRECTION('',(1.,0.,-0.));
#574 = DEFINITIONAL_REPRESENTATION('',(#575),#579);
#575 = CIRCLE('',#576,12.);
#576 = AXIS2_PLACEMENT_2D('',#577,#578);
#577 = CARTESIAN_POINT('',(0.,0.));
#578 = DIRECTION('',(1.,0.));
#579 = ( GEOMETRIC_REPRESENTATION_CONTEXT(2) 
PARAMETRIC_REPRESENTATION_CONTEXT() REPRESENTATION_CONTEXT('2D SPACE',''
  ) );
#580 = ORIENTED_EDGE('',*,*,#581,.T.);
#581 = EDGE_CURVE('',#548,#582,#584,.T.);
#582 = VERTEX_POINT('',#583);
#583 = CARTESIAN_POINT('',(12.,-2.939152317954E-15,59.));
#584 = SEAM_CURVE('',#585,(#589,#596),.PCURVE_S1.);
#585 = LINE('',#586,#587);
#586 = CARTESIAN_POINT('',(12.,-2.939152317954E-15,9.));
#587 = VECTOR('',#588,1.);
#588 = DIRECTION('',(0.,0.,1.));
#589 = PCURVE('',#557,#590);
#590 = DEFINITIONAL_REPRESENTATION('',(#591),#595);
#591 = LINE('',#592,#593);
#592 = CARTESIAN_POINT('',(6.28318530718,-0.));
#593 = VECTOR('',#594,1.);
#594 = DIRECTION('',(0.,1.));
#595 = ( GEOMETRIC_REPRESENTATION_CONTEXT(2) 
PARAMETRIC_REPRESENTATION_CONTEXT() REPRESENTATION_CONTEXT('2D SPACE',''
  ) );
#596 = PCURVE('',#557,#597);
#597 = DEFINITIONAL_REPRESENTATION('',(#598),#602);
#598 = LINE('',#599,#600);
#599 = CARTESIAN_POINT('',(0.,-0.));
#600 = VECTOR('',#601,1.);
#601 = DIRECTION('',(0.,1.));
#602 = ( GEOMETRIC_REPRESENTATION_CONTEXT(2) 
PARAMETRIC_REPRESENTATION_CONTEXT() REPRESENTATION_CONTEXT('2D SPACE',''
  ) );
#603 = ORIENTED_EDGE('',*,*,#604,.F.);
#604 = EDGE_CURVE('',#582,#582,#605,.T.);
#605 = SURFACE_CURVE('',#606,(#611,#618),.PCURVE_S1.);
#606 = CIRCLE('',#607,12.);
#607 = AXIS2_PLACEMENT_3D('',#608,#609,#610);
#608 = CARTESIAN_POINT('',(0.,0.,59.));
#609 = DIRECTION('',(0.,0.,1.));
#610 = DIRECTION('',(1.,0.,-0.));
#611 = PCURVE('',#557,#612);
#612 = DEFINITIONAL_REPRESENTATION('',(#613),#617);
#613 = LINE('',#614,#615);
#614 = CARTESIAN_POINT('',(0.,50.));
#615 = VECTOR('',#616,1.);
#616 = DIRECTION('',(1.,0.));
#617 = ( GEOMETRIC_REPRESENTATION_CONTEXT(2) 
PARAMETRIC_REPRESENTATION_CONTEXT() REPRESENTATION_CONTEXT('2D SPACE',''
  ) );
#618 = PCURVE('',#619,#624);
#619 = PLANE('',#620);
#620 = AXIS2_PLACEMENT_3D('',#621,#622,#623);
#621 = CARTESIAN_POINT('',(0.,0.,59.));
#622 = DIRECTION('',(0.,0.,1.));
#623 = DIRECTION('',(1.,0.,-0.));
#624 = DEFINITIONAL_REPRESENTATION('',(#625),#629);
#625 = CIRCLE('',#626,12.);
#626 = AXIS2_PLACEMENT_2D('',#627,#628);
#627 = CARTESIAN_POINT('',(0.,0.));
#628 = DIRECTION('',(1.,0.));
#629 = ( GEOMETRIC_REPRESENTATION_CONTEXT(2) 
PARAMETRIC_REPRESENTATION_CONTEXT() REPRESENTATION_CONTEXT('2D SPACE',''
  ) );
#630 = ORIENTED_EDGE('',*,*,#581,.F.);
#631 = FACE_BOUND('',#632,.T.);
#632 = EDGE_LOOP('',(#633));
#633 = ORIENTED_EDGE('',*,*,#634,.F.);
#634 = EDGE_CURVE('',#635,#635,#637,.T.);
#635 = VERTEX_POINT('',#636);
#636 = CARTESIAN_POINT('',(-4.898587196589E-16,12.,46.));
#637 = SURFACE_CURVE('',#638,(#697,#759),.PCURVE_S1.);
#638 = B_SPLINE_CURVE_WITH_KNOTS('',8,(#639,#640,#641,#642,#643,#644,
    #645,#646,#647,#648,#649,#650,#651,#652,#653,#654,#655,#656,#657,
    #658,#659,#660,#661,#662,#663,#664,#665,#666,#667,#668,#669,#670,
    #671,#672,#673,#674,#675,#676,#677,#678,#679,#680,#681,#682,#683,
    #684,#685,#686,#687,#688,#689,#690,#691,#692,#693,#694,#695,#696),
  .UNSPECIFIED.,.T.,.F.,(9,7,7,7,7,7,7,7,9),(0.,0.137118171612,
    0.278854731082,0.448780268412,0.594995824655,0.68950799673,
    0.793466092355,0.898464096709,1.),.UNSPECIFIED.);
#639 = CARTESIAN_POINT('',(2.22044604925E-16,12.,46.));
#640 = CARTESIAN_POINT('',(0.232378774723,12.,46.));
#641 = CARTESIAN_POINT('',(0.45935025379,11.994857007614,45.969143251645
    ));
#642 = CARTESIAN_POINT('',(0.676331217561,11.9849907715,45.909940824187)
  );
#643 = CARTESIAN_POINT('',(0.879364806489,11.971359701061,
    45.825571271738));
#644 = CARTESIAN_POINT('',(1.065187346054,11.955296410646,45.7198711668)
  );
#645 = CARTESIAN_POINT('',(1.231361462413,11.938237304236,
    45.597319780709));
#646 = CARTESIAN_POINT('',(1.376452110865,11.921448814579,
    45.463013270373));
#647 = CARTESIAN_POINT('',(1.628160965924,11.889731708729,
    45.177505617473));
#648 = CARTESIAN_POINT('',(1.736249055369,11.874515647367,
    45.022563788183));
#649 = CARTESIAN_POINT('',(1.825137421361,11.860981031788,
    44.860425166206));
#650 = CARTESIAN_POINT('',(1.895476164518,11.849679812142,
    44.693097875809));
#651 = CARTESIAN_POINT('',(1.947825751021,11.840978676765,
    44.522164851578));
#652 = CARTESIAN_POINT('',(1.982596363389,11.835101300898,
    44.348927739709));
#653 = CARTESIAN_POINT('',(2.,11.832159566199,44.174518985312));
#654 = CARTESIAN_POINT('',(2.,11.832159566199,43.790772172936));
#655 = CARTESIAN_POINT('',(1.974984757949,11.83638770354,43.581834909171
    ));
#656 = CARTESIAN_POINT('',(1.925077323477,11.844824399351,
    43.374881721087));
#657 = CARTESIAN_POINT('',(1.849776490011,11.857246818758,
    43.171783386935));
#658 = CARTESIAN_POINT('',(1.748195082322,11.873206242515,
    42.974931450896));
#659 = CARTESIAN_POINT('',(1.619210123301,11.891915679475,
    42.787456164135));
#660 = CARTESIAN_POINT('',(1.461675528823,11.912128593333,
    42.613530704741));
#661 = CARTESIAN_POINT('',(1.114088775935,11.949265447299,
    42.325981935284));
#662 = CARTESIAN_POINT('',(0.925710560835,11.966888622493,
    42.202423936483));
#663 = CARTESIAN_POINT('',(0.712532630061,11.98316665573,42.098908169788
    ));
#664 = CARTESIAN_POINT('',(0.47974587029,11.995956856868,42.023316091229
    ));
#665 = CARTESIAN_POINT('',(0.234389959137,12.00332252947,41.980840815502
    ));
#666 = CARTESIAN_POINT('',(-1.557656599812E-02,12.004384426686,
    41.973971048612));
#667 = CARTESIAN_POINT('',(-0.261992593285,11.999452585733,
    42.00239652186));
#668 = CARTESIAN_POINT('',(-0.649531531165,11.983375934464,
    42.101899609051));
#669 = CARTESIAN_POINT('',(-0.798171746105,11.974999339247,
    42.154622615457));
#670 = CARTESIAN_POINT('',(-0.941863742524,11.964791255207,
    42.220629586608));
#671 = CARTESIAN_POINT('',(-1.079236187833,11.953092516753,
    42.299375963213));
#672 = CARTESIAN_POINT('',(-1.208989520385,11.940332049457,
    42.390148879017));
#673 = CARTESIAN_POINT('',(-1.329912223934,11.926998757452,
    42.492074318654));
#674 = CARTESIAN_POINT('',(-1.440906949625,11.913604793028,
    42.604128291348));
#675 = CARTESIAN_POINT('',(-1.651152367344,11.886379891552,
    42.858271343996));
#676 = CARTESIAN_POINT('',(-1.748163346934,11.872633987355,
    43.002295600678));
#677 = CARTESIAN_POINT('',(-1.830764402998,11.86005650966,
    43.155682256122));
#678 = CARTESIAN_POINT('',(-1.897912513231,11.849273863003,
    43.316725925351));
#679 = CARTESIAN_POINT('',(-1.948815914729,11.840811727984,
    43.483603203973));
#680 = CARTESIAN_POINT('',(-1.982937164486,11.835043397831,
    43.654411291636));
#681 = CARTESIAN_POINT('',(-2.,11.832159566199,43.827200407829));
#682 = CARTESIAN_POINT('',(-2.,11.832159566199,44.174528132916));
#683 = CARTESIAN_POINT('',(-1.982594568536,11.835101601962,
    44.348936845405));
#684 = CARTESIAN_POINT('',(-1.94782344602,11.840979070599,44.52216982876
    ));
#685 = CARTESIAN_POINT('',(-1.895475054232,11.849679967778,
    44.693098481157));
#686 = CARTESIAN_POINT('',(-1.825138025755,11.860980906038,
    44.860423438359));
#687 = CARTESIAN_POINT('',(-1.736250309385,11.874515482716,
    45.022562185359));
#688 = CARTESIAN_POINT('',(-1.628161262229,11.889731671393,
    45.177505281381));
#689 = CARTESIAN_POINT('',(-1.376501555266,11.921442584233,
    45.462957186709));
#690 = CARTESIAN_POINT('',(-1.231414913186,11.938231760348,
    45.597283368071));
#691 = CARTESIAN_POINT('',(-1.065203245002,11.955296424046,
    45.719878537717));
#692 = CARTESIAN_POINT('',(-0.879318550194,11.971365760275,
    45.825612526796));
#693 = CARTESIAN_POINT('',(-0.676223874425,11.984998840307,
    45.909989174144));
#694 = CARTESIAN_POINT('',(-0.459212809512,11.994861787781,
    45.969171944483));
#695 = CARTESIAN_POINT('',(-0.232270719785,12.,46.));
#696 = CARTESIAN_POINT('',(2.22044604925E-16,12.,46.));
#697 = PCURVE('',#557,#698);
#698 = DEFINITIONAL_REPRESENTATION('',(#699),#758);
#699 = B_SPLINE_CURVE_WITH_KNOTS('',8,(#700,#701,#702,#703,#704,#705,
    #706,#707,#708,#709,#710,#711,#712,#713,#714,#715,#716,#717,#718,
    #719,#720,#721,#722,#723,#724,#725,#726,#727,#728,#729,#730,#731,
    #732,#733,#734,#735,#736,#737,#738,#739,#740,#741,#742,#743,#744,
    #745,#746,#747,#748,#749,#750,#751,#752,#753,#754,#755,#756,#757),
  .UNSPECIFIED.,.T.,.F.,(9,7,7,7,7,7,7,7,9),(0.,0.137118171612,
    0.278854731082,0.448780268412,0.594995824655,0.68950799673,
    0.793466092355,0.898464096709,1.),.UNSPECIFIED.);
#700 = CARTESIAN_POINT('',(1.570796326795,37.));
#701 = CARTESIAN_POINT('',(1.551431428901,37.));
#702 = CARTESIAN_POINT('',(1.532517124961,36.969143251645));
#703 = CARTESIAN_POINT('',(1.514424372623,36.909940824187));
#704 = CARTESIAN_POINT('',(1.497473758344,36.825571271738));
#705 = CARTESIAN_POINT('',(1.481935171419,36.7198711668));
#706 = CARTESIAN_POINT('',(1.468016488886,36.597319780709));
#707 = CARTESIAN_POINT('',(1.455845567334,36.463013270373));
#708 = CARTESIAN_POINT('',(1.434703961022,36.177505617473));
#709 = CARTESIAN_POINT('',(1.425608763667,36.022563788183));
#710 = CARTESIAN_POINT('',(1.418116618933,35.860425166206));
#711 = CARTESIAN_POINT('',(1.412180072092,35.693097875809));
#712 = CARTESIAN_POINT('',(1.407757778909,35.522164851578));
#713 = CARTESIAN_POINT('',(1.404819122626,35.348927739709));
#714 = CARTESIAN_POINT('',(1.403348247575,35.174518985312));
#715 = CARTESIAN_POINT('',(1.403348247575,34.790772172936));
#716 = CARTESIAN_POINT('',(1.40546242005,34.581834909171));
#717 = CARTESIAN_POINT('',(1.409680374702,34.374881721087));
#718 = CARTESIAN_POINT('',(1.416040210254,34.171783386935));
#719 = CARTESIAN_POINT('',(1.424608610704,33.974931450896));
#720 = CARTESIAN_POINT('',(1.435468028682,33.787456164135));
#721 = CARTESIAN_POINT('',(1.448700562608,33.613530704741));
#722 = CARTESIAN_POINT('',(1.477830980167,33.325981935284));
#723 = CARTESIAN_POINT('',(1.493596339001,33.202423936483));
#724 = CARTESIAN_POINT('',(1.511408505961,33.098908169789));
#725 = CARTESIAN_POINT('',(1.530827263374,33.023316091229));
#726 = CARTESIAN_POINT('',(1.551269440226,32.980840815502));
#727 = CARTESIAN_POINT('',(1.572090000197,32.973971048612));
#728 = CARTESIAN_POINT('',(1.592624048688,33.00239652186));
#729 = CARTESIAN_POINT('',(1.6249467367,33.101899609051));
#730 = CARTESIAN_POINT('',(1.637351711235,33.154622615457));
#731 = CARTESIAN_POINT('',(1.649354122326,33.220629586608));
#732 = CARTESIAN_POINT('',(1.660841156916,33.299375963213));
#733 = CARTESIAN_POINT('',(1.671704499489,33.390148879017));
#734 = CARTESIAN_POINT('',(1.68184154879,33.492074318654));
#735 = CARTESIAN_POINT('',(1.691157860236,33.604128291348));
#736 = CARTESIAN_POINT('',(1.708824591944,33.858271343996));
#737 = CARTESIAN_POINT('',(1.71698898941,34.002295600678));
#738 = CARTESIAN_POINT('',(1.723951265358,34.155682256122));
#739 = CARTESIAN_POINT('',(1.729618400498,34.316725925351));
#740 = CARTESIAN_POINT('',(1.733918534748,34.483603203973));
#741 = CARTESIAN_POINT('',(1.736802351116,34.654411291636));
#742 = CARTESIAN_POINT('',(1.738244406015,34.827200407829));
#743 = CARTESIAN_POINT('',(1.738244406015,35.174528132916));
#744 = CARTESIAN_POINT('',(1.736773379326,35.348936845405));
#745 = CARTESIAN_POINT('',(1.733834679796,35.522169828761));
#746 = CARTESIAN_POINT('',(1.729412488078,35.693098481157));
#747 = CARTESIAN_POINT('',(1.723476086068,35.860423438359));
#748 = CARTESIAN_POINT('',(1.715983995273,36.022562185359));
#749 = CARTESIAN_POINT('',(1.706888717456,36.177505281381));
#750 = CARTESIAN_POINT('',(1.685751239204,36.462957186709));
#751 = CARTESIAN_POINT('',(1.673580642132,36.597283368071));
#752 = CARTESIAN_POINT('',(1.659658797436,36.719878537717));
#753 = CARTESIAN_POINT('',(1.644115013959,36.825612526796));
#754 = CARTESIAN_POINT('',(1.627159319178,36.909989174144));
#755 = CARTESIAN_POINT('',(1.609064075191,36.969171944483));
#756 = CARTESIAN_POINT('',(1.59015222011,37.));
#757 = CARTESIAN_POINT('',(1.570796326795,37.));
#758 = ( GEOMETRIC_REPRESENTATION_CONTEXT(2) 
PARAMETRIC_REPRESENTATION_CONTEXT() REPRESENTATION_CONTEXT('2D SPACE',''
  ) );
#759 = PCURVE('',#760,#765);
#760 = CYLINDRICAL_SURFACE('',#761,2.);
#761 = AXIS2_PLACEMENT_3D('',#762,#763,#764);
#762 = CARTESIAN_POINT('',(0.,0.,44.));
#763 = DIRECTION('',(0.,1.,0.));
#764 = DIRECTION('',(0.,-0.,1.));
#765 = DEFINITIONAL_REPRESENTATION('',(#766),#825);
#766 = B_SPLINE_CURVE_WITH_KNOTS('',8,(#767,#768,#769,#770,#771,#772,
    #773,#774,#775,#776,#777,#778,#779,#780,#781,#782,#783,#784,#785,
    #786,#787,#788,#789,#790,#791,#792,#793,#794,#795,#796,#797,#798,
    #799,#800,#801,#802,#803,#804,#805,#806,#807,#808,#809,#810,#811,
    #812,#813,#814,#815,#816,#817,#818,#819,#820,#821,#822,#823,#824),
  .UNSPECIFIED.,.F.,.F.,(9,7,7,7,7,7,7,7,9),(0.,0.137118171612,
    0.278854731082,0.448780268412,0.594995824655,0.68950799673,
    0.793466092355,0.898464096709,1.),.UNSPECIFIED.);
#767 = CARTESIAN_POINT('',(0.,12.));
#768 = CARTESIAN_POINT('',(0.116189387361,12.));
#769 = CARTESIAN_POINT('',(0.229675062921,11.994857007614));
#770 = CARTESIAN_POINT('',(0.340555863799,11.9849907715));
#771 = CARTESIAN_POINT('',(0.448776266838,11.971359701061));
#772 = CARTESIAN_POINT('',(0.55414487859,11.955296410646));
#773 = CARTESIAN_POINT('',(0.65630332153,11.938237304236));
#774 = CARTESIAN_POINT('',(0.75465084839,11.921448814579));
#775 = CARTESIAN_POINT('',(0.944961100071,11.889731708729));
#776 = CARTESIAN_POINT('',(1.03881294894,11.874515647367));
#777 = CARTESIAN_POINT('',(1.130394134437,11.860981031788));
#778 = CARTESIAN_POINT('',(1.220203147019,11.849679812142));
#779 = CARTESIAN_POINT('',(1.308701178296,11.840978676765));
#780 = CARTESIAN_POINT('',(1.396332563637,11.835101300898));
#781 = CARTESIAN_POINT('',(1.483536834139,11.832159566199));
#782 = CARTESIAN_POINT('',(1.675410240327,11.832159566199));
#783 = CARTESIAN_POINT('',(1.77987854472,11.83638770354));
#784 = CARTESIAN_POINT('',(1.885100920226,11.844824399351));
#785 = CARTESIAN_POINT('',(1.99186222205,11.857246818758));
#786 = CARTESIAN_POINT('',(2.100927108766,11.873206242515));
#787 = CARTESIAN_POINT('',(2.213082502333,11.891915679475));
#788 = CARTESIAN_POINT('',(2.329206488924,11.912128593333));
#789 = CARTESIAN_POINT('',(2.554761828919,11.949265447299));
#790 = CARTESIAN_POINT('',(2.666715412619,11.966888622493));
#791 = CARTESIAN_POINT('',(2.783563825406,11.98316665573));
#792 = CARTESIAN_POINT('',(2.903597199175,11.995956856868));
#793 = CARTESIAN_POINT('',(3.025602080713,12.00332252947));
#794 = CARTESIAN_POINT('',(3.148536940304,12.004384426686));
#795 = CARTESIAN_POINT('',(3.271408981186,11.999452585733));
#796 = CARTESIAN_POINT('',(3.471463531705,11.983375934464));
#797 = CARTESIAN_POINT('',(3.550004533604,11.974999339247));
#798 = CARTESIAN_POINT('',(3.62853949793,11.964791255207));
#799 = CARTESIAN_POINT('',(3.707074113887,11.953092516753));
#800 = CARTESIAN_POINT('',(3.785613979323,11.940332049457));
#801 = CARTESIAN_POINT('',(3.864159366318,11.926998757452));
#802 = CARTESIAN_POINT('',(3.942704106572,11.913604793028));
#803 = CARTESIAN_POINT('',(4.107622136879,11.886379891552));
#804 = CARTESIAN_POINT('',(4.194026767478,11.872633987355));
#805 = CARTESIAN_POINT('',(4.280428793159,11.86005650966));
#806 = CARTESIAN_POINT('',(4.36682124432,11.849273863003));
#807 = CARTESIAN_POINT('',(4.453207438031,11.840811727984));
#808 = CARTESIAN_POINT('',(4.539594833831,11.835043397831));
#809 = CARTESIAN_POINT('',(4.625989184299,11.832159566199));
#810 = CARTESIAN_POINT('',(4.799653046843,11.832159566199));
#811 = CARTESIAN_POINT('',(4.886857285917,11.835101601962));
#812 = CARTESIAN_POINT('',(4.974486783554,11.840979070599));
#813 = CARTESIAN_POINT('',(5.062982669646,11.849679967778));
#814 = CARTESIAN_POINT('',(5.152790299515,11.860980906038));
#815 = CARTESIAN_POINT('',(5.244371347829,11.874515482716));
#816 = CARTESIAN_POINT('',(5.33822398308,11.889731671393));
#817 = CARTESIAN_POINT('',(5.528497075217,11.921442584233));
#818 = CARTESIAN_POINT('',(5.626850665936,11.938231760348));
#819 = CARTESIAN_POINT('',(5.729036402495,11.955296424046));
#820 = CARTESIAN_POINT('',(5.834438329397,11.971365760275));
#821 = CARTESIAN_POINT('',(5.942686409474,11.984998840307));
#822 = CARTESIAN_POINT('',(6.053578976728,11.994861787781));
#823 = CARTESIAN_POINT('',(6.167049947287,12.));
#824 = CARTESIAN_POINT('',(6.28318530718,12.));
#825 = ( GEOMETRIC_REPRESENTATION_CONTEXT(2) 
PARAMETRIC_REPRESENTATION_CONTEXT() REPRESENTATION_CONTEXT('2D SPACE',''
  ) );
#826 = ADVANCED_FACE('',(#827,#830),#569,.F.);
#827 = FACE_BOUND('',#828,.F.);
#828 = EDGE_LOOP('',(#829));
#829 = ORIENTED_EDGE('',*,*,#547,.T.);
#830 = FACE_BOUND('',#831,.F.);
#831 = EDGE_LOOP('',(#832));
#832 = ORIENTED_EDGE('',*,*,#833,.F.);
#833 = EDGE_CURVE('',#834,#834,#836,.T.);
#834 = VERTEX_POINT('',#835);
#835 = CARTESIAN_POINT('',(9.,-2.204364238465E-15,9.));
#836 = SURFACE_CURVE('',#837,(#842,#849),.PCURVE_S1.);
#837 = CIRCLE('',#838,9.);
#838 = AXIS2_PLACEMENT_3D('',#839,#840,#841);
#839 = CARTESIAN_POINT('',(0.,0.,9.));
#840 = DIRECTION('',(0.,0.,1.));
#841 = DIRECTION('',(1.,0.,-0.));
#842 = PCURVE('',#569,#843);
#843 = DEFINITIONAL_REPRESENTATION('',(#844),#848);
#844 = CIRCLE('',#845,9.);
#845 = AXIS2_PLACEMENT_2D('',#846,#847);
#846 = CARTESIAN_POINT('',(0.,0.));
#847 = DIRECTION('',(1.,0.));
#848 = ( GEOMETRIC_REPRESENTATION_CONTEXT(2) 
PARAMETRIC_REPRESENTATION_CONTEXT() REPRESENTATION_CONTEXT('2D SPACE',''
  ) );
#849 = PCURVE('',#850,#855);
#850 = CYLINDRICAL_SURFACE('',#851,9.);
#851 = AXIS2_PLACEMENT_3D('',#852,#853,#854);
#852 = CARTESIAN_POINT('',(0.,0.,9.));
#853 = DIRECTION('',(0.,0.,1.));
#854 = DIRECTION('',(1.,0.,-0.));
#855 = DEFINITIONAL_REPRESENTATION('',(#856),#860);
#856 = LINE('',#857,#858);
#857 = CARTESIAN_POINT('',(0.,0.));
#858 = VECTOR('',#859,1.);
#859 = DIRECTION('',(1.,0.));
#860 = ( GEOMETRIC_REPRESENTATION_CONTEXT(2) 
PARAMETRIC_REPRESENTATION_CONTEXT() REPRESENTATION_CONTEXT('2D SPACE',''
  ) );
#861 = ADVANCED_FACE('',(#862),#619,.T.);
#862 = FACE_BOUND('',#863,.T.);
#863 = EDGE_LOOP('',(#864));
#864 = ORIENTED_EDGE('',*,*,#604,.T.);
#865 = ADVANCED_FACE('',(#866),#760,.T.);
#866 = FACE_BOUND('',#867,.T.);
#867 = EDGE_LOOP('',(#868,#891,#918,#919));
#868 = ORIENTED_EDGE('',*,*,#869,.T.);
#869 = EDGE_CURVE('',#635,#870,#872,.T.);
#870 = VERTEX_POINT('',#871);
#871 = CARTESIAN_POINT('',(-4.898587196589E-16,29.,46.));
#872 = SEAM_CURVE('',#873,(#877,#884),.PCURVE_S1.);
#873 = LINE('',#874,#875);
#874 = CARTESIAN_POINT('',(-4.898587196589E-16,0.,46.));
#875 = VECTOR('',#876,1.);
#876 = DIRECTION('',(0.,1.,0.));
#877 = PCURVE('',#760,#878);
#878 = DEFINITIONAL_REPRESENTATION('',(#879),#883);
#879 = LINE('',#880,#881);
#880 = CARTESIAN_POINT('',(6.28318530718,-0.));
#881 = VECTOR('',#882,1.);
#882 = DIRECTION('',(0.,1.));
#883 = ( GEOMETRIC_REPRESENTATION_CONTEXT(2) 
PARAMETRIC_REPRESENTATION_CONTEXT() REPRESENTATION_CONTEXT('2D SPACE',''
  ) );
#884 = PCURVE('',#760,#885);
#885 = DEFINITIONAL_REPRESENTATION('',(#886),#890);
#886 = LINE('',#887,#888);
#887 = CARTESIAN_POINT('',(0.,-0.));
#888 = VECTOR('',#889,1.);
#889 = DIRECTION('',(0.,1.));
#890 = ( GEOMETRIC_REPRESENTATION_CONTEXT(2) 
PARAMETRIC_REPRESENTATION_CONTEXT() REPRESENTATION_CONTEXT('2D SPACE',''
  ) );
#891 = ORIENTED_EDGE('',*,*,#892,.F.);
#892 = EDGE_CURVE('',#870,#870,#893,.T.);
#893 = SURFACE_CURVE('',#894,(#899,#906),.PCURVE_S1.);
#894 = CIRCLE('',#895,2.);
#895 = AXIS2_PLACEMENT_3D('',#896,#897,#898);
#896 = CARTESIAN_POINT('',(0.,29.,44.));
#897 = DIRECTION('',(0.,1.,0.));
#898 = DIRECTION('',(0.,-0.,1.));
#899 = PCURVE('',#760,#900);
#900 = DEFINITIONAL_REPRESENTATION('',(#901),#905);
#901 = LINE('',#902,#903);
#902 = CARTESIAN_POINT('',(0.,29.));
#903 = VECTOR('',#904,1.);
#904 = DIRECTION('',(1.,0.));
#905 = ( GEOMETRIC_REPRESENTATION_CONTEXT(2) 
PARAMETRIC_REPRESENTATION_CONTEXT() REPRESENTATION_CONTEXT('2D SPACE',''
  ) );
#906 = PCURVE('',#907,#912);
#907 = PLANE('',#908);
#908 = AXIS2_PLACEMENT_3D('',#909,#910,#911);
#909 = CARTESIAN_POINT('',(0.,29.,44.));
#910 = DIRECTION('',(0.,1.,0.));
#911 = DIRECTION('',(0.,-0.,1.));
#912 = DEFINITIONAL_REPRESENTATION('',(#913),#917);
#913 = CIRCLE('',#914,2.);
#914 = AXIS2_PLACEMENT_2D('',#915,#916);
#915 = CARTESIAN_POINT('',(0.,0.));
#916 = DIRECTION('',(1.,0.));
#917 = ( GEOMETRIC_REPRESENTATION_CONTEXT(2) 
PARAMETRIC_REPRESENTATION_CONTEXT() REPRESENTATION_CONTEXT('2D SPACE',''
  ) );
#918 = ORIENTED_EDGE('',*,*,#869,.F.);
#919 = ORIENTED_EDGE('',*,*,#634,.T.);
#920 = ADVANCED_FACE('',(#921),#850,.F.);
#921 = FACE_BOUND('',#922,.F.);
#922 = EDGE_LOOP('',(#923,#952,#973,#974));
#923 = ORIENTED_EDGE('',*,*,#924,.F.);
#924 = EDGE_CURVE('',#925,#925,#927,.T.);
#925 = VERTEX_POINT('',#926);
#926 = CARTESIAN_POINT('',(9.,-2.204364238465E-15,29.));
#927 = SURFACE_CURVE('',#928,(#933,#940),.PCURVE_S1.);
#928 = CIRCLE('',#929,9.);
#929 = AXIS2_PLACEMENT_3D('',#930,#931,#932);
#930 = CARTESIAN_POINT('',(0.,0.,29.));
#931 = DIRECTION('',(0.,0.,1.));
#932 = DIRECTION('',(1.,0.,-0.));
#933 = PCURVE('',#850,#934);
#934 = DEFINITIONAL_REPRESENTATION('',(#935),#939);
#935 = LINE('',#936,#937);
#936 = CARTESIAN_POINT('',(0.,20.));
#937 = VECTOR('',#938,1.);
#938 = DIRECTION('',(1.,0.));
#939 = ( GEOMETRIC_REPRESENTATION_CONTEXT(2) 
PARAMETRIC_REPRESENTATION_CONTEXT() REPRESENTATION_CONTEXT('2D SPACE',''
  ) );
#940 = PCURVE('',#941,#946);
#941 = PLANE('',#942);
#942 = AXIS2_PLACEMENT_3D('',#943,#944,#945);
#943 = CARTESIAN_POINT('',(0.,0.,29.));
#944 = DIRECTION('',(0.,0.,1.));
#945 = DIRECTION('',(1.,0.,-0.));
#946 = DEFINITIONAL_REPRESENTATION('',(#947),#951);
#947 = CIRCLE('',#948,9.);
#948 = AXIS2_PLACEMENT_2D('',#949,#950);
#949 = CARTESIAN_POINT('',(0.,0.));
#950 = DIRECTION('',(1.,0.));
#951 = ( GEOMETRIC_REPRESENTATION_CONTEXT(2) 
PARAMETRIC_REPRESENTATION_CONTEXT() REPRESENTATION_CONTEXT('2D SPACE',''
  ) );
#952 = ORIENTED_EDGE('',*,*,#953,.F.);
#953 = EDGE_CURVE('',#834,#925,#954,.T.);
#954 = SEAM_CURVE('',#955,(#959,#966),.PCURVE_S1.);
#955 = LINE('',#956,#957);
#956 = CARTESIAN_POINT('',(9.,-2.204364238465E-15,9.));
#957 = VECTOR('',#958,1.);
#958 = DIRECTION('',(0.,0.,1.));
#959 = PCURVE('',#850,#960);
#960 = DEFINITIONAL_REPRESENTATION('',(#961),#965);
#961 = LINE('',#962,#963);
#962 = CARTESIAN_POINT('',(6.28318530718,-0.));
#963 = VECTOR('',#964,1.);
#964 = DIRECTION('',(0.,1.));
#965 = ( GEOMETRIC_REPRESENTATION_CONTEXT(2) 
PARAMETRIC_REPRESENTATION_CONTEXT() REPRESENTATION_CONTEXT('2D SPACE',''
  ) );
#966 = PCURVE('',#850,#967);
#967 = DEFINITIONAL_REPRESENTATION('',(#968),#972);
#968 = LINE('',#969,#970);
#969 = CARTESIAN_POINT('',(0.,-0.));
#970 = VECTOR('',#971,1.);
#971 = DIRECTION('',(0.,1.));
#972 = ( GEOMETRIC_REPRESENTATION_CONTEXT(2) 
PARAMETRIC_REPRESENTATION_CONTEXT() REPRESENTATION_CONTEXT('2D SPACE',''
  ) );
#973 = ORIENTED_EDGE('',*,*,#833,.T.);
#974 = ORIENTED_EDGE('',*,*,#953,.T.);
#975 = ADVANCED_FACE('',(#976),#907,.T.);
#976 = FACE_BOUND('',#977,.T.);
#977 = EDGE_LOOP('',(#978));
#978 = ORIENTED_EDGE('',*,*,#892,.T.);
#979 = ADVANCED_FACE('',(#980),#941,.F.);
#980 = FACE_BOUND('',#981,.F.);
#981 = EDGE_LOOP('',(#982));
#982 = ORIENTED_EDGE('',*,*,#924,.T.);
#983 = ( GEOMETRIC_REPRESENTATION_CONTEXT(3) 
GLOBAL_UNCERTAINTY_ASSIGNED_CONTEXT((#987)) GLOBAL_UNIT_ASSIGNED_CONTEXT
((#984,#985,#986)) REPRESENTATION_CONTEXT('Context #1',
  '3D Context with UNIT and UNCERTAINTY') );
#984 = ( LENGTH_UNIT() NAMED_UNIT(*) SI_UNIT(.MILLI.,.METRE.) );
#985 = ( NAMED_UNIT(*) PLANE_ANGLE_UNIT() SI_UNIT($,.RADIAN.) );
#986 = ( NAMED_UNIT(*) SI_UNIT($,.STERADIAN.) SOLID_ANGLE_UNIT() );
#987 = UNCERTAINTY_MEASURE_WITH_UNIT(LENGTH_MEASURE(1.E-07),#984,
  'distance_accuracy_value','confusion accuracy');
#988 = CONTEXT_DEPENDENT_SHAPE_REPRESENTATION(#989,#991);
#989 = ( REPRESENTATION_RELATIONSHIP('','',#540,#10) 
REPRESENTATION_RELATIONSHIP_WITH_TRANSFORMATION(#990) 
SHAPE_REPRESENTATION_RELATIONSHIP() );
#990 = ITEM_DEFINED_TRANSFORMATION('','',#11,#19);
#991 = PRODUCT_DEFINITION_SHAPE('Placement','Placement of an item',#992
  );
#992 = NEXT_ASSEMBLY_USAGE_OCCURRENCE('14','','',#5,#535,$);
#993 = PRODUCT_RELATED_PRODUCT_CATEGORY('part',$,(#537));
#994 = SHAPE_DEFINITION_REPRESENTATION(#995,#1001);
#995 = PRODUCT_DEFINITION_SHAPE('','',#996);
#996 = PRODUCT_DEFINITION('design','',#997,#1000);
#997 = PRODUCT_DEFINITION_FORMATION('','',#998);
#998 = PRODUCT('Open CASCADE STEP translator 7.8 21.3',
  'Open CASCADE STEP translator 7.8 21.3','',(#999));
#999 = PRODUCT_CONTEXT('',#2,'mechanical');
#1000 = PRODUCT_DEFINITION_CONTEXT('part definition',#2,'design');
#1001 = ADVANCED_BREP_SHAPE_REPRESENTATION('',(#11,#1002),#1184);
#1002 = MANIFOLD_SOLID_BREP('',#1003);
#1003 = CLOSED_SHELL('',(#1004,#1092,#1127,#1157));
#1004 = ADVANCED_FACE('',(#1005),#1018,.T.);
#1005 = FACE_BOUND('',#1006,.T.);
#1006 = EDGE_LOOP('',(#1007,#1041,#1064,#1091));
#1007 = ORIENTED_EDGE('',*,*,#1008,.F.);
#1008 = EDGE_CURVE('',#1009,#1009,#1011,.T.);
#1009 = VERTEX_POINT('',#1010);
#1010 = CARTESIAN_POINT('',(8.8,-2.155378366499E-15,25.));
#1011 = SURFACE_CURVE('',#1012,(#1017,#1029),.PCURVE_S1.);
#1012 = CIRCLE('',#1013,8.8);
#1013 = AXIS2_PLACEMENT_3D('',#1014,#1015,#1016);
#1014 = CARTESIAN_POINT('',(0.,0.,25.));
#1015 = DIRECTION('',(0.,0.,1.));
#1016 = DIRECTION('',(1.,0.,-0.));
#1017 = PCURVE('',#1018,#1023);
#1018 = CYLINDRICAL_SURFACE('',#1019,8.8);
#1019 = AXIS2_PLACEMENT_3D('',#1020,#1021,#1022);
#1020 = CARTESIAN_POINT('',(0.,0.,9.));
#1021 = DIRECTION('',(0.,0.,1.));
#1022 = DIRECTION('',(1.,0.,-0.));
#1023 = DEFINITIONAL_REPRESENTATION('',(#1024),#1028);
#1024 = LINE('',#1025,#1026);
#1025 = CARTESIAN_POINT('',(0.,16.));
#1026 = VECTOR('',#1027,1.);
#1027 = DIRECTION('',(1.,0.));
#1028 = ( GEOMETRIC_REPRESENTATION_CONTEXT(2) 
PARAMETRIC_REPRESENTATION_CONTEXT() REPRESENTATION_CONTEXT('2D SPACE',''
  ) );
#1029 = PCURVE('',#1030,#1035);
#1030 = PLANE('',#1031);
#1031 = AXIS2_PLACEMENT_3D('',#1032,#1033,#1034);
#1032 = CARTESIAN_POINT('',(0.,0.,25.));
#1033 = DIRECTION('',(0.,0.,1.));
#1034 = DIRECTION('',(1.,0.,-0.));
#1035 = DEFINITIONAL_REPRESENTATION('',(#1036),#1040);
#1036 = CIRCLE('',#1037,8.8);
#1037 = AXIS2_PLACEMENT_2D('',#1038,#1039);
#1038 = CARTESIAN_POINT('',(0.,0.));
#1039 = DIRECTION('',(1.,0.));
#1040 = ( GEOMETRIC_REPRESENTATION_CONTEXT(2) 
PARAMETRIC_REPRESENTATION_CONTEXT() REPRESENTATION_CONTEXT('2D SPACE',''
  ) );
#1041 = ORIENTED_EDGE('',*,*,#1042,.F.);
#1042 = EDGE_CURVE('',#1043,#1009,#1045,.T.);
#1043 = VERTEX_POINT('',#1044);
#1044 = CARTESIAN_POINT('',(8.8,-2.155378366499E-15,9.));
#1045 = SEAM_CURVE('',#1046,(#1050,#1057),.PCURVE_S1.);
#1046 = LINE('',#1047,#1048);
#1047 = CARTESIAN_POINT('',(8.8,-2.155378366499E-15,9.));
#1048 = VECTOR('',#1049,1.);
#1049 = DIRECTION('',(0.,0.,1.));
#1050 = PCURVE('',#1018,#1051);
#1051 = DEFINITIONAL_REPRESENTATION('',(#1052),#1056);
#1052 = LINE('',#1053,#1054);
#1053 = CARTESIAN_POINT('',(6.28318530718,-0.));
#1054 = VECTOR('',#1055,1.);
#1055 = DIRECTION('',(0.,1.));
#1056 = ( GEOMETRIC_REPRESENTATION_CONTEXT(2) 
PARAMETRIC_REPRESENTATION_CONTEXT() REPRESENTATION_CONTEXT('2D SPACE',''
  ) );
#1057 = PCURVE('',#1018,#1058);
#1058 = DEFINITIONAL_REPRESENTATION('',(#1059),#1063);
#1059 = LINE('',#1060,#1061);
#1060 = CARTESIAN_POINT('',(0.,-0.));
#1061 = VECTOR('',#1062,1.);
#1062 = DIRECTION('',(0.,1.));
#1063 = ( GEOMETRIC_REPRESENTATION_CONTEXT(2) 
PARAMETRIC_REPRESENTATION_CONTEXT() REPRESENTATION_CONTEXT('2D SPACE',''
  ) );
#1064 = ORIENTED_EDGE('',*,*,#1065,.T.);
#1065 = EDGE_CURVE('',#1043,#1043,#1066,.T.);
#1066 = SURFACE_CURVE('',#1067,(#1072,#1079),.PCURVE_S1.);
#1067 = CIRCLE('',#1068,8.8);
#1068 = AXIS2_PLACEMENT_3D('',#1069,#1070,#1071);
#1069 = CARTESIAN_POINT('',(0.,0.,9.));
#1070 = DIRECTION('',(0.,0.,1.));
#1071 = DIRECTION('',(1.,0.,-0.));
#1072 = PCURVE('',#1018,#1073);
#1073 = DEFINITIONAL_REPRESENTATION('',(#1074),#1078);
#1074 = LINE('',#1075,#1076);
#1075 = CARTESIAN_POINT('',(0.,0.));
#1076 = VECTOR('',#1077,1.);
#1077 = DIRECTION('',(1.,0.));
#1078 = ( GEOMETRIC_REPRESENTATION_CONTEXT(2) 
PARAMETRIC_REPRESENTATION_CONTEXT() REPRESENTATION_CONTEXT('2D SPACE',''
  ) );
#1079 = PCURVE('',#1080,#1085);
#1080 = PLANE('',#1081);
#1081 = AXIS2_PLACEMENT_3D('',#1082,#1083,#1084);
#1082 = CARTESIAN_POINT('',(0.,0.,9.));
#1083 = DIRECTION('',(0.,0.,1.));
#1084 = DIRECTION('',(1.,0.,-0.));
#1085 = DEFINITIONAL_REPRESENTATION('',(#1086),#1090);
#1086 = CIRCLE('',#1087,8.8);
#1087 = AXIS2_PLACEMENT_2D('',#1088,#1089);
#1088 = CARTESIAN_POINT('',(0.,0.));
#1089 = DIRECTION('',(1.,0.));
#1090 = ( GEOMETRIC_REPRESENTATION_CONTEXT(2) 
PARAMETRIC_REPRESENTATION_CONTEXT() REPRESENTATION_CONTEXT('2D SPACE',''
  ) );
#1091 = ORIENTED_EDGE('',*,*,#1042,.T.);
#1092 = ADVANCED_FACE('',(#1093,#1096),#1030,.T.);
#1093 = FACE_BOUND('',#1094,.T.);
#1094 = EDGE_LOOP('',(#1095));
#1095 = ORIENTED_EDGE('',*,*,#1008,.T.);
#1096 = FACE_BOUND('',#1097,.T.);
#1097 = EDGE_LOOP('',(#1098));
#1098 = ORIENTED_EDGE('',*,*,#1099,.F.);
#1099 = EDGE_CURVE('',#1100,#1100,#1102,.T.);
#1100 = VERTEX_POINT('',#1101);
#1101 = CARTESIAN_POINT('',(4.,-9.797174393179E-16,25.));
#1102 = SURFACE_CURVE('',#1103,(#1108,#1115),.PCURVE_S1.);
#1103 = CIRCLE('',#1104,4.);
#1104 = AXIS2_PLACEMENT_3D('',#1105,#1106,#1107);
#1105 = CARTESIAN_POINT('',(0.,0.,25.));
#1106 = DIRECTION('',(0.,0.,1.));
#1107 = DIRECTION('',(1.,0.,-0.));
#1108 = PCURVE('',#1030,#1109);
#1109 = DEFINITIONAL_REPRESENTATION('',(#1110),#1114);
#1110 = CIRCLE('',#1111,4.);
#1111 = AXIS2_PLACEMENT_2D('',#1112,#1113);
#1112 = CARTESIAN_POINT('',(0.,0.));
#1113 = DIRECTION('',(1.,0.));
#1114 = ( GEOMETRIC_REPRESENTATION_CONTEXT(2) 
PARAMETRIC_REPRESENTATION_CONTEXT() REPRESENTATION_CONTEXT('2D SPACE',''
  ) );
#1115 = PCURVE('',#1116,#1121);
#1116 = CYLINDRICAL_SURFACE('',#1117,4.);
#1117 = AXIS2_PLACEMENT_3D('',#1118,#1119,#1120);
#1118 = CARTESIAN_POINT('',(0.,0.,9.));
#1119 = DIRECTION('',(0.,0.,1.));
#1120 = DIRECTION('',(1.,0.,-0.));
#1121 = DEFINITIONAL_REPRESENTATION('',(#1122),#1126);
#1122 = LINE('',#1123,#1124);
#1123 = CARTESIAN_POINT('',(0.,16.));
#1124 = VECTOR('',#1125,1.);
#1125 = DIRECTION('',(1.,0.));
#1126 = ( GEOMETRIC_REPRESENTATION_CONTEXT(2) 
PARAMETRIC_REPRESENTATION_CONTEXT() REPRESENTATION_CONTEXT('2D SPACE',''
  ) );
#1127 = ADVANCED_FACE('',(#1128,#1131),#1080,.F.);
#1128 = FACE_BOUND('',#1129,.F.);
#1129 = EDGE_LOOP('',(#1130));
#1130 = ORIENTED_EDGE('',*,*,#1065,.T.);
#1131 = FACE_BOUND('',#1132,.F.);
#1132 = EDGE_LOOP('',(#1133));
#1133 = ORIENTED_EDGE('',*,*,#1134,.F.);
#1134 = EDGE_CURVE('',#1135,#1135,#1137,.T.);
#1135 = VERTEX_POINT('',#1136);
#1136 = CARTESIAN_POINT('',(4.,-9.797174393179E-16,9.));
#1137 = SURFACE_CURVE('',#1138,(#1143,#1150),.PCURVE_S1.);
#1138 = CIRCLE('',#1139,4.);
#1139 = AXIS2_PLACEMENT_3D('',#1140,#1141,#1142);
#1140 = CARTESIAN_POINT('',(0.,0.,9.));
#1141 = DIRECTION('',(0.,0.,1.));
#1142 = DIRECTION('',(1.,0.,-0.));
#1143 = PCURVE('',#1080,#1144);
#1144 = DEFINITIONAL_REPRESENTATION('',(#1145),#1149);
#1145 = CIRCLE('',#1146,4.);
#1146 = AXIS2_PLACEMENT_2D('',#1147,#1148);
#1147 = CARTESIAN_POINT('',(0.,0.));
#1148 = DIRECTION('',(1.,0.));
#1149 = ( GEOMETRIC_REPRESENTATION_CONTEXT(2) 
PARAMETRIC_REPRESENTATION_CONTEXT() REPRESENTATION_CONTEXT('2D SPACE',''
  ) );
#1150 = PCURVE('',#1116,#1151);
#1151 = DEFINITIONAL_REPRESENTATION('',(#1152),#1156);
#1152 = LINE('',#1153,#1154);
#1153 = CARTESIAN_POINT('',(0.,0.));
#1154 = VECTOR('',#1155,1.);
#1155 = DIRECTION('',(1.,0.));
#1156 = ( GEOMETRIC_REPRESENTATION_CONTEXT(2) 
PARAMETRIC_REPRESENTATION_CONTEXT() REPRESENTATION_CONTEXT('2D SPACE',''
  ) );
#1157 = ADVANCED_FACE('',(#1158),#1116,.F.);
#1158 = FACE_BOUND('',#1159,.F.);
#1159 = EDGE_LOOP('',(#1160,#1161,#1182,#1183));
#1160 = ORIENTED_EDGE('',*,*,#1099,.F.);
#1161 = ORIENTED_EDGE('',*,*,#1162,.F.);
#1162 = EDGE_CURVE('',#1135,#1100,#1163,.T.);
#1163 = SEAM_CURVE('',#1164,(#1168,#1175),.PCURVE_S1.);
#1164 = LINE('',#1165,#1166);
#1165 = CARTESIAN_POINT('',(4.,-9.797174393179E-16,9.));
#1166 = VECTOR('',#1167,1.);
#1167 = DIRECTION('',(0.,0.,1.));
#1168 = PCURVE('',#1116,#1169);
#1169 = DEFINITIONAL_REPRESENTATION('',(#1170),#1174);
#1170 = LINE('',#1171,#1172);
#1171 = CARTESIAN_POINT('',(6.28318530718,-0.));
#1172 = VECTOR('',#1173,1.);
#1173 = DIRECTION('',(0.,1.));
#1174 = ( GEOMETRIC_REPRESENTATION_CONTEXT(2) 
PARAMETRIC_REPRESENTATION_CONTEXT() REPRESENTATION_CONTEXT('2D SPACE',''
  ) );
#1175 = PCURVE('',#1116,#1176);
#1176 = DEFINITIONAL_REPRESENTATION('',(#1177),#1181);
#1177 = LINE('',#1178,#1179);
#1178 = CARTESIAN_POINT('',(0.,-0.));
#1179 = VECTOR('',#1180,1.);
#1180 = DIRECTION('',(0.,1.));
#1181 = ( GEOMETRIC_REPRESENTATION_CONTEXT(2) 
PARAMETRIC_REPRESENTATION_CONTEXT() REPRESENTATION_CONTEXT('2D SPACE',''
  ) );
#1182 = ORIENTED_EDGE('',*,*,#1134,.T.);
#1183 = ORIENTED_EDGE('',*,*,#1162,.T.);
#1184 = ( GEOMETRIC_REPRESENTATION_CONTEXT(3) 
GLOBAL_UNCERTAINTY_ASSIGNED_CONTEXT((#1188)) 
GLOBAL_UNIT_ASSIGNED_CONTEXT((#1185,#1186,#1187)) REPRESENTATION_CONTEXT
('Context #1','3D Context with UNIT and UNCERTAINTY') );
#1185 = ( LENGTH_UNIT() NAMED_UNIT(*) SI_UNIT(.MILLI.,.METRE.) );
#1186 = ( NAMED_UNIT(*) PLANE_ANGLE_UNIT() SI_UNIT($,.RADIAN.) );
#1187 = ( NAMED_UNIT(*) SI_UNIT($,.STERADIAN.) SOLID_ANGLE_UNIT() );
#1188 = UNCERTAINTY_MEASURE_WITH_UNIT(LENGTH_MEASURE(1.E-07),#1185,
  'distance_accuracy_value','confusion accuracy');
#1189 = CONTEXT_DEPENDENT_SHAPE_REPRESENTATION(#1190,#1192);
#1190 = ( REPRESENTATION_RELATIONSHIP('','',#1001,#10) 
REPRESENTATION_RELATIONSHIP_WITH_TRANSFORMATION(#1191) 
SHAPE_REPRESENTATION_RELATIONSHIP() );
#1191 = ITEM_DEFINED_TRANSFORMATION('','',#11,#23);
#1192 = PRODUCT_DEFINITION_SHAPE('Placement','Placement of an item',
  #1193);
#1193 = NEXT_ASSEMBLY_USAGE_OCCURRENCE('15','','',#5,#996,$);
#1194 = PRODUCT_RELATED_PRODUCT_CATEGORY('part',$,(#998));
#1195 = SHAPE_DEFINITION_REPRESENTATION(#1196,#1202);
#1196 = PRODUCT_DEFINITION_SHAPE('','',#1197);
#1197 = PRODUCT_DEFINITION('design','',#1198,#1201);
#1198 = PRODUCT_DEFINITION_FORMATION('','',#1199);
#1199 = PRODUCT('Open CASCADE STEP translator 7.8 21.4',
  'Open CASCADE STEP translator 7.8 21.4','',(#1200));
#1200 = PRODUCT_CONTEXT('',#2,'mechanical');
#1201 = PRODUCT_DEFINITION_CONTEXT('part definition',#2,'design');
#1202 = ADVANCED_BREP_SHAPE_REPRESENTATION('',(#11,#1203),#1385);
#1203 = MANIFOLD_SOLID_BREP('',#1204);
#1204 = CLOSED_SHELL('',(#1205,#1293,#1328,#1358));
#1205 = ADVANCED_FACE('',(#1206),#1219,.T.);
#1206 = FACE_BOUND('',#1207,.T.);
#1207 = EDGE_LOOP('',(#1208,#1242,#1265,#1292));
#1208 = ORIENTED_EDGE('',*,*,#1209,.F.);
#1209 = EDGE_CURVE('',#1210,#1210,#1212,.T.);
#1210 = VERTEX_POINT('',#1211);
#1211 = CARTESIAN_POINT('',(9.,-2.204364238465E-15,12.));
#1212 = SURFACE_CURVE('',#1213,(#1218,#1230),.PCURVE_S1.);
#1213 = CIRCLE('',#1214,9.);
#1214 = AXIS2_PLACEMENT_3D('',#1215,#1216,#1217);
#1215 = CARTESIAN_POINT('',(0.,0.,12.));
#1216 = DIRECTION('',(0.,0.,1.));
#1217 = DIRECTION('',(1.,0.,-0.));
#1218 = PCURVE('',#1219,#1224);
#1219 = CYLINDRICAL_SURFACE('',#1220,9.);
#1220 = AXIS2_PLACEMENT_3D('',#1221,#1222,#1223);
#1221 = CARTESIAN_POINT('',(0.,0.,10.));
#1222 = DIRECTION('',(0.,0.,1.));
#1223 = DIRECTION('',(1.,0.,-0.));
#1224 = DEFINITIONAL_REPRESENTATION('',(#1225),#1229);
#1225 = LINE('',#1226,#1227);
#1226 = CARTESIAN_POINT('',(0.,2.));
#1227 = VECTOR('',#1228,1.);
#1228 = DIRECTION('',(1.,0.));
#1229 = ( GEOMETRIC_REPRESENTATION_CONTEXT(2) 
PARAMETRIC_REPRESENTATION_CONTEXT() REPRESENTATION_CONTEXT('2D SPACE',''
  ) );
#1230 = PCURVE('',#1231,#1236);
#1231 = PLANE('',#1232);
#1232 = AXIS2_PLACEMENT_3D('',#1233,#1234,#1235);
#1233 = CARTESIAN_POINT('',(0.,0.,12.));
#1234 = DIRECTION('',(0.,0.,1.));
#1235 = DIRECTION('',(1.,0.,-0.));
#1236 = DEFINITIONAL_REPRESENTATION('',(#1237),#1241);
#1237 = CIRCLE('',#1238,9.);
#1238 = AXIS2_PLACEMENT_2D('',#1239,#1240);
#1239 = CARTESIAN_POINT('',(0.,0.));
#1240 = DIRECTION('',(1.,0.));
#1241 = ( GEOMETRIC_REPRESENTATION_CONTEXT(2) 
PARAMETRIC_REPRESENTATION_CONTEXT() REPRESENTATION_CONTEXT('2D SPACE',''
  ) );
#1242 = ORIENTED_EDGE('',*,*,#1243,.F.);
#1243 = EDGE_CURVE('',#1244,#1210,#1246,.T.);
#1244 = VERTEX_POINT('',#1245);
#1245 = CARTESIAN_POINT('',(9.,-2.204364238465E-15,10.));
#1246 = SEAM_CURVE('',#1247,(#1251,#1258),.PCURVE_S1.);
#1247 = LINE('',#1248,#1249);
#1248 = CARTESIAN_POINT('',(9.,-2.204364238465E-15,10.));
#1249 = VECTOR('',#1250,1.);
#1250 = DIRECTION('',(0.,0.,1.));
#1251 = PCURVE('',#1219,#1252);
#1252 = DEFINITIONAL_REPRESENTATION('',(#1253),#1257);
#1253 = LINE('',#1254,#1255);
#1254 = CARTESIAN_POINT('',(6.28318530718,-0.));
#1255 = VECTOR('',#1256,1.);
#1256 = DIRECTION('',(0.,1.));
#1257 = ( GEOMETRIC_REPRESENTATION_CONTEXT(2) 
PARAMETRIC_REPRESENTATION_CONTEXT() REPRESENTATION_CONTEXT('2D SPACE',''
  ) );
#1258 = PCURVE('',#1219,#1259);
#1259 = DEFINITIONAL_REPRESENTATION('',(#1260),#1264);
#1260 = LINE('',#1261,#1262);
#1261 = CARTESIAN_POINT('',(0.,-0.));
#1262 = VECTOR('',#1263,1.);
#1263 = DIRECTION('',(0.,1.));
#1264 = ( GEOMETRIC_REPRESENTATION_CONTEXT(2) 
PARAMETRIC_REPRESENTATION_CONTEXT() REPRESENTATION_CONTEXT('2D SPACE',''
  ) );
#1265 = ORIENTED_EDGE('',*,*,#1266,.T.);
#1266 = EDGE_CURVE('',#1244,#1244,#1267,.T.);
#1267 = SURFACE_CURVE('',#1268,(#1273,#1280),.PCURVE_S1.);
#1268 = CIRCLE('',#1269,9.);
#1269 = AXIS2_PLACEMENT_3D('',#1270,#1271,#1272);
#1270 = CARTESIAN_POINT('',(0.,0.,10.));
#1271 = DIRECTION('',(0.,0.,1.));
#1272 = DIRECTION('',(1.,0.,-0.));
#1273 = PCURVE('',#1219,#1274);
#1274 = DEFINITIONAL_REPRESENTATION('',(#1275),#1279);
#1275 = LINE('',#1276,#1277);
#1276 = CARTESIAN_POINT('',(0.,0.));
#1277 = VECTOR('',#1278,1.);
#1278 = DIRECTION('',(1.,0.));
#1279 = ( GEOMETRIC_REPRESENTATION_CONTEXT(2) 
PARAMETRIC_REPRESENTATION_CONTEXT() REPRESENTATION_CONTEXT('2D SPACE',''
  ) );
#1280 = PCURVE('',#1281,#1286);
#1281 = PLANE('',#1282);
#1282 = AXIS2_PLACEMENT_3D('',#1283,#1284,#1285);
#1283 = CARTESIAN_POINT('',(0.,0.,10.));
#1284 = DIRECTION('',(0.,0.,1.));
#1285 = DIRECTION('',(1.,0.,-0.));
#1286 = DEFINITIONAL_REPRESENTATION('',(#1287),#1291);
#1287 = CIRCLE('',#1288,9.);
#1288 = AXIS2_PLACEMENT_2D('',#1289,#1290);
#1289 = CARTESIAN_POINT('',(0.,0.));
#1290 = DIRECTION('',(1.,0.));
#1291 = ( GEOMETRIC_REPRESENTATION_CONTEXT(2) 
PARAMETRIC_REPRESENTATION_CONTEXT() REPRESENTATION_CONTEXT('2D SPACE',''
  ) );
#1292 = ORIENTED_EDGE('',*,*,#1243,.T.);
#1293 = ADVANCED_FACE('',(#1294,#1297),#1231,.T.);
#1294 = FACE_BOUND('',#1295,.T.);
#1295 = EDGE_LOOP('',(#1296));
#1296 = ORIENTED_EDGE('',*,*,#1209,.T.);
#1297 = FACE_BOUND('',#1298,.T.);
#1298 = EDGE_LOOP('',(#1299));
#1299 = ORIENTED_EDGE('',*,*,#1300,.F.);
#1300 = EDGE_CURVE('',#1301,#1301,#1303,.T.);
#1301 = VERTEX_POINT('',#1302);
#1302 = CARTESIAN_POINT('',(8.8,-2.155378366499E-15,12.));
#1303 = SURFACE_CURVE('',#1304,(#1309,#1316),.PCURVE_S1.);
#1304 = CIRCLE('',#1305,8.8);
#1305 = AXIS2_PLACEMENT_3D('',#1306,#1307,#1308);
#1306 = CARTESIAN_POINT('',(0.,0.,12.));
#1307 = DIRECTION('',(0.,0.,1.));
#1308 = DIRECTION('',(1.,0.,-0.));
#1309 = PCURVE('',#1231,#1310);
#1310 = DEFINITIONAL_REPRESENTATION('',(#1311),#1315);
#1311 = CIRCLE('',#1312,8.8);
#1312 = AXIS2_PLACEMENT_2D('',#1313,#1314);
#1313 = CARTESIAN_POINT('',(0.,0.));
#1314 = DIRECTION('',(1.,0.));
#1315 = ( GEOMETRIC_REPRESENTATION_CONTEXT(2) 
PARAMETRIC_REPRESENTATION_CONTEXT() REPRESENTATION_CONTEXT('2D SPACE',''
  ) );
#1316 = PCURVE('',#1317,#1322);
#1317 = CYLINDRICAL_SURFACE('',#1318,8.8);
#1318 = AXIS2_PLACEMENT_3D('',#1319,#1320,#1321);
#1319 = CARTESIAN_POINT('',(0.,0.,10.));
#1320 = DIRECTION('',(0.,0.,1.));
#1321 = DIRECTION('',(1.,0.,-0.));
#1322 = DEFINITIONAL_REPRESENTATION('',(#1323),#1327);
#1323 = LINE('',#1324,#1325);
#1324 = CARTESIAN_POINT('',(0.,2.));
#1325 = VECTOR('',#1326,1.);
#1326 = DIRECTION('',(1.,0.));
#1327 = ( GEOMETRIC_REPRESENTATION_CONTEXT(2) 
PARAMETRIC_REPRESENTATION_CONTEXT() REPRESENTATION_CONTEXT('2D SPACE',''
  ) );
#1328 = ADVANCED_FACE('',(#1329,#1332),#1281,.F.);
#1329 = FACE_BOUND('',#1330,.F.);
#1330 = EDGE_LOOP('',(#1331));
#1331 = ORIENTED_EDGE('',*,*,#1266,.T.);
#1332 = FACE_BOUND('',#1333,.F.);
#1333 = EDGE_LOOP('',(#1334));
#1334 = ORIENTED_EDGE('',*,*,#1335,.F.);
#1335 = EDGE_CURVE('',#1336,#1336,#1338,.T.);
#1336 = VERTEX_POINT('',#1337);
#1337 = CARTESIAN_POINT('',(8.8,-2.155378366499E-15,10.));
#1338 = SURFACE_CURVE('',#1339,(#1344,#1351),.PCURVE_S1.);
#1339 = CIRCLE('',#1340,8.8);
#1340 = AXIS2_PLACEMENT_3D('',#1341,#1342,#1343);
#1341 = CARTESIAN_POINT('',(0.,0.,10.));
#1342 = DIRECTION('',(0.,0.,1.));
#1343 = DIRECTION('',(1.,0.,-0.));
#1344 = PCURVE('',#1281,#1345);
#1345 = DEFINITIONAL_REPRESENTATION('',(#1346),#1350);
#1346 = CIRCLE('',#1347,8.8);
#1347 = AXIS2_PLACEMENT_2D('',#1348,#1349);
#1348 = CARTESIAN_POINT('',(0.,0.));
#1349 = DIRECTION('',(1.,0.));
#1350 = ( GEOMETRIC_REPRESENTATION_CONTEXT(2) 
PARAMETRIC_REPRESENTATION_CONTEXT() REPRESENTATION_CONTEXT('2D SPACE',''
  ) );
#1351 = PCURVE('',#1317,#1352);
#1352 = DEFINITIONAL_REPRESENTATION('',(#1353),#1357);
#1353 = LINE('',#1354,#1355);
#1354 = CARTESIAN_POINT('',(0.,0.));
#1355 = VECTOR('',#1356,1.);
#1356 = DIRECTION('',(1.,0.));
#1357 = ( GEOMETRIC_REPRESENTATION_CONTEXT(2) 
PARAMETRIC_REPRESENTATION_CONTEXT() REPRESENTATION_CONTEXT('2D SPACE',''
  ) );
#1358 = ADVANCED_FACE('',(#1359),#1317,.F.);
#1359 = FACE_BOUND('',#1360,.F.);
#1360 = EDGE_LOOP('',(#1361,#1362,#1383,#1384));
#1361 = ORIENTED_EDGE('',*,*,#1300,.F.);
#1362 = ORIENTED_EDGE('',*,*,#1363,.F.);
#1363 = EDGE_CURVE('',#1336,#1301,#1364,.T.);
#1364 = SEAM_CURVE('',#1365,(#1369,#1376),.PCURVE_S1.);
#1365 = LINE('',#1366,#1367);
#1366 = CARTESIAN_POINT('',(8.8,-2.155378366499E-15,10.));
#1367 = VECTOR('',#1368,1.);
#1368 = DIRECTION('',(0.,0.,1.));
#1369 = PCURVE('',#1317,#1370);
#1370 = DEFINITIONAL_REPRESENTATION('',(#1371),#1375);
#1371 = LINE('',#1372,#1373);
#1372 = CARTESIAN_POINT('',(6.28318530718,-0.));
#1373 = VECTOR('',#1374,1.);
#1374 = DIRECTION('',(0.,1.));
#1375 = ( GEOMETRIC_REPRESENTATION_CONTEXT(2) 
PARAMETRIC_REPRESENTATION_CONTEXT() REPRESENTATION_CONTEXT('2D SPACE',''
  ) );
#1376 = PCURVE('',#1317,#1377);
#1377 = DEFINITIONAL_REPRESENTATION('',(#1378),#1382);
#1378 = LINE('',#1379,#1380);
#1379 = CARTESIAN_POINT('',(0.,-0.));
#1380 = VECTOR('',#1381,1.);
#1381 = DIRECTION('',(0.,1.));
#1382 = ( GEOMETRIC_REPRESENTATION_CONTEXT(2) 
PARAMETRIC_REPRESENTATION_CONTEXT() REPRESENTATION_CONTEXT('2D SPACE',''
  ) );
#1383 = ORIENTED_EDGE('',*,*,#1335,.T.);
#1384 = ORIENTED_EDGE('',*,*,#1363,.T.);
#1385 = ( GEOMETRIC_REPRESENTATION_CONTEXT(3) 
GLOBAL_UNCERTAINTY_ASSIGNED_CONTEXT((#1389)) 
GLOBAL_UNIT_ASSIGNED_CONTEXT((#1386,#1387,#1388)) REPRESENTATION_CONTEXT
('Context #1','3D Context with UNIT and UNCERTAINTY') );
#1386 = ( LENGTH_UNIT() NAMED_UNIT(*) SI_UNIT(.MILLI.,.METRE.) );
#1387 = ( NAMED_UNIT(*) PLANE_ANGLE_UNIT() SI_UNIT($,.RADIAN.) );
#1388 = ( NAMED_UNIT(*) SI_UNIT($,.STERADIAN.) SOLID_ANGLE_UNIT() );
#1389 = UNCERTAINTY_MEASURE_WITH_UNIT(LENGTH_MEASURE(1.E-07),#1386,
  'distance_accuracy_value','confusion accuracy');
#1390 = CONTEXT_DEPENDENT_SHAPE_REPRESENTATION(#1391,#1393);
#1391 = ( REPRESENTATION_RELATIONSHIP('','',#1202,#10) 
REPRESENTATION_RELATIONSHIP_WITH_TRANSFORMATION(#1392) 
SHAPE_REPRESENTATION_RELATIONSHIP() );
#1392 = ITEM_DEFINED_TRANSFORMATION('','',#11,#27);
#1393 = PRODUCT_DEFINITION_SHAPE('Placement','Placement of an item',
  #1394);
#1394 = NEXT_ASSEMBLY_USAGE_OCCURRENCE('16','','',#5,#1197,$);
#1395 = PRODUCT_RELATED_PRODUCT_CATEGORY('part',$,(#1199));
#1396 = SHAPE_DEFINITION_REPRESENTATION(#1397,#1403);
#1397 = PRODUCT_DEFINITION_SHAPE('','',#1398);
#1398 = PRODUCT_DEFINITION('design','',#1399,#1402);
#1399 = PRODUCT_DEFINITION_FORMATION('','',#1400);
#1400 = PRODUCT('Open CASCADE STEP translator 7.8 21.5',
  'Open CASCADE STEP translator 7.8 21.5','',(#1401));
#1401 = PRODUCT_CONTEXT('',#2,'mechanical');
#1402 = PRODUCT_DEFINITION_CONTEXT('part definition',#2,'design');
#1403 = ADVANCED_BREP_SHAPE_REPRESENTATION('',(#11,#1404),#2034);
#1404 = MANIFOLD_SOLID_BREP('',#1405);
#1405 = CLOSED_SHELL('',(#1406,#1493,#1548,#1722,#1726,#1802,#1851,#1900
    ,#1949,#1998,#2025));
#1406 = ADVANCED_FACE('',(#1407),#1420,.T.);
#1407 = FACE_BOUND('',#1408,.T.);
#1408 = EDGE_LOOP('',(#1409,#1442,#1465,#1492));
#1409 = ORIENTED_EDGE('',*,*,#1410,.F.);
#1410 = EDGE_CURVE('',#1411,#1411,#1413,.T.);
#1411 = VERTEX_POINT('',#1412);
#1412 = CARTESIAN_POINT('',(4.,-9.797174393179E-16,4.2));
#1413 = SURFACE_CURVE('',#1414,(#1419,#1431),.PCURVE_S1.);
#1414 = CIRCLE('',#1415,4.);
#1415 = AXIS2_PLACEMENT_3D('',#1416,#1417,#1418);
#1416 = CARTESIAN_POINT('',(0.,0.,4.2));
#1417 = DIRECTION('',(0.,0.,1.));
#1418 = DIRECTION('',(1.,0.,-0.));
#1419 = PCURVE('',#1420,#1425);
#1420 = CONICAL_SURFACE('',#1421,8.,0.785398163397);
#1421 = AXIS2_PLACEMENT_3D('',#1422,#1423,#1424);
#1422 = CARTESIAN_POINT('',(0.,0.,0.2));
#1423 = DIRECTION('',(-0.,-0.,-1.));
#1424 = DIRECTION('',(1.,0.,-0.));
#1425 = DEFINITIONAL_REPRESENTATION('',(#1426),#1430);
#1426 = LINE('',#1427,#1428);
#1427 = CARTESIAN_POINT('',(-0.,-4.));
#1428 = VECTOR('',#1429,1.);
#1429 = DIRECTION('',(-1.,-0.));
#1430 = ( GEOMETRIC_REPRESENTATION_CONTEXT(2) 
PARAMETRIC_REPRESENTATION_CONTEXT() REPRESENTATION_CONTEXT('2D SPACE',''
  ) );
#1431 = PCURVE('',#1432,#1437);
#1432 = CYLINDRICAL_SURFACE('',#1433,4.);
#1433 = AXIS2_PLACEMENT_3D('',#1434,#1435,#1436);
#1434 = CARTESIAN_POINT('',(0.,0.,4.2));
#1435 = DIRECTION('',(0.,0.,1.));
#1436 = DIRECTION('',(1.,0.,-0.));
#1437 = DEFINITIONAL_REPRESENTATION('',(#1438),#1441);
#1438 = B_SPLINE_CURVE_WITH_KNOTS('',1,(#1439,#1440),.UNSPECIFIED.,.F.,
  .F.,(2,2),(0.,6.28318530718),.PIECEWISE_BEZIER_KNOTS.);
#1439 = CARTESIAN_POINT('',(0.,0.));
#1440 = CARTESIAN_POINT('',(6.28318530718,0.));
#1441 = ( GEOMETRIC_REPRESENTATION_CONTEXT(2) 
PARAMETRIC_REPRESENTATION_CONTEXT() REPRESENTATION_CONTEXT('2D SPACE',''
  ) );
#1442 = ORIENTED_EDGE('',*,*,#1443,.F.);
#1443 = EDGE_CURVE('',#1444,#1411,#1446,.T.);
#1444 = VERTEX_POINT('',#1445);
#1445 = CARTESIAN_POINT('',(8.,-1.959434878636E-15,0.2));
#1446 = SEAM_CURVE('',#1447,(#1451,#1458),.PCURVE_S1.);
#1447 = LINE('',#1448,#1449);
#1448 = CARTESIAN_POINT('',(8.,-1.959434878636E-15,0.2));
#1449 = VECTOR('',#1450,1.);
#1450 = DIRECTION('',(-0.707106781187,1.731912112471E-16,0.707106781187)
  );
#1451 = PCURVE('',#1420,#1452);
#1452 = DEFINITIONAL_REPRESENTATION('',(#1453),#1457);
#1453 = LINE('',#1454,#1455);
#1454 = CARTESIAN_POINT('',(-6.28318530718,0.));
#1455 = VECTOR('',#1456,1.);
#1456 = DIRECTION('',(-0.,-1.));
#1457 = ( GEOMETRIC_REPRESENTATION_CONTEXT(2) 
PARAMETRIC_REPRESENTATION_CONTEXT() REPRESENTATION_CONTEXT('2D SPACE',''
  ) );
#1458 = PCURVE('',#1420,#1459);
#1459 = DEFINITIONAL_REPRESENTATION('',(#1460),#1464);
#1460 = LINE('',#1461,#1462);
#1461 = CARTESIAN_POINT('',(0.,-0.));
#1462 = VECTOR('',#1463,1.);
#1463 = DIRECTION('',(-0.,-1.));
#1464 = ( GEOMETRIC_REPRESENTATION_CONTEXT(2) 
PARAMETRIC_REPRESENTATION_CONTEXT() REPRESENTATION_CONTEXT('2D SPACE',''
  ) );
#1465 = ORIENTED_EDGE('',*,*,#1466,.T.);
#1466 = EDGE_CURVE('',#1444,#1444,#1467,.T.);
#1467 = SURFACE_CURVE('',#1468,(#1473,#1480),.PCURVE_S1.);
#1468 = CIRCLE('',#1469,8.);
#1469 = AXIS2_PLACEMENT_3D('',#1470,#1471,#1472);
#1470 = CARTESIAN_POINT('',(0.,0.,0.2));
#1471 = DIRECTION('',(0.,0.,1.));
#1472 = DIRECTION('',(1.,0.,-0.));
#1473 = PCURVE('',#1420,#1474);
#1474 = DEFINITIONAL_REPRESENTATION('',(#1475),#1479);
#1475 = LINE('',#1476,#1477);
#1476 = CARTESIAN_POINT('',(-0.,-0.));
#1477 = VECTOR('',#1478,1.);
#1478 = DIRECTION('',(-1.,-0.));
#1479 = ( GEOMETRIC_REPRESENTATION_CONTEXT(2) 
PARAMETRIC_REPRESENTATION_CONTEXT() REPRESENTATION_CONTEXT('2D SPACE',''
  ) );
#1480 = PCURVE('',#1481,#1486);
#1481 = PLANE('',#1482);
#1482 = AXIS2_PLACEMENT_3D('',#1483,#1484,#1485);
#1483 = CARTESIAN_POINT('',(0.,0.,0.2));
#1484 = DIRECTION('',(0.,0.,1.));
#1485 = DIRECTION('',(1.,0.,-0.));
#1486 = DEFINITIONAL_REPRESENTATION('',(#1487),#1491);
#1487 = CIRCLE('',#1488,8.);
#1488 = AXIS2_PLACEMENT_2D('',#1489,#1490);
#1489 = CARTESIAN_POINT('',(0.,0.));
#1490 = DIRECTION('',(1.,0.));
#1491 = ( GEOMETRIC_REPRESENTATION_CONTEXT(2) 
PARAMETRIC_REPRESENTATION_CONTEXT() REPRESENTATION_CONTEXT('2D SPACE',''
  ) );
#1492 = ORIENTED_EDGE('',*,*,#1443,.T.);
#1493 = ADVANCED_FACE('',(#1494),#1432,.T.);
#1494 = FACE_BOUND('',#1495,.T.);
#1495 = EDGE_LOOP('',(#1496,#1525,#1546,#1547));
#1496 = ORIENTED_EDGE('',*,*,#1497,.F.);
#1497 = EDGE_CURVE('',#1498,#1498,#1500,.T.);
#1498 = VERTEX_POINT('',#1499);
#1499 = CARTESIAN_POINT('',(4.,-9.797174393179E-16,20.2));
#1500 = SURFACE_CURVE('',#1501,(#1506,#1513),.PCURVE_S1.);
#1501 = CIRCLE('',#1502,4.);
#1502 = AXIS2_PLACEMENT_3D('',#1503,#1504,#1505);
#1503 = CARTESIAN_POINT('',(0.,0.,20.2));
#1504 = DIRECTION('',(0.,0.,1.));
#1505 = DIRECTION('',(1.,0.,-0.));
#1506 = PCURVE('',#1432,#1507);
#1507 = DEFINITIONAL_REPRESENTATION('',(#1508),#1512);
#1508 = LINE('',#1509,#1510);
#1509 = CARTESIAN_POINT('',(0.,16.));
#1510 = VECTOR('',#1511,1.);
#1511 = DIRECTION('',(1.,0.));
#1512 = ( GEOMETRIC_REPRESENTATION_CONTEXT(2) 
PARAMETRIC_REPRESENTATION_CONTEXT() REPRESENTATION_CONTEXT('2D SPACE',''
  ) );
#1513 = PCURVE('',#1514,#1519);
#1514 = PLANE('',#1515);
#1515 = AXIS2_PLACEMENT_3D('',#1516,#1517,#1518);
#1516 = CARTESIAN_POINT('',(0.,0.,20.2));
#1517 = DIRECTION('',(0.,0.,1.));
#1518 = DIRECTION('',(1.,0.,-0.));
#1519 = DEFINITIONAL_REPRESENTATION('',(#1520),#1524);
#1520 = CIRCLE('',#1521,4.);
#1521 = AXIS2_PLACEMENT_2D('',#1522,#1523);
#1522 = CARTESIAN_POINT('',(0.,0.));
#1523 = DIRECTION('',(1.,0.));
#1524 = ( GEOMETRIC_REPRESENTATION_CONTEXT(2) 
PARAMETRIC_REPRESENTATION_CONTEXT() REPRESENTATION_CONTEXT('2D SPACE',''
  ) );
#1525 = ORIENTED_EDGE('',*,*,#1526,.F.);
#1526 = EDGE_CURVE('',#1411,#1498,#1527,.T.);
#1527 = SEAM_CURVE('',#1528,(#1532,#1539),.PCURVE_S1.);
#1528 = LINE('',#1529,#1530);
#1529 = CARTESIAN_POINT('',(4.,-9.797174393179E-16,4.2));
#1530 = VECTOR('',#1531,1.);
#1531 = DIRECTION('',(0.,0.,1.));
#1532 = PCURVE('',#1432,#1533);
#1533 = DEFINITIONAL_REPRESENTATION('',(#1534),#1538);
#1534 = LINE('',#1535,#1536);
#1535 = CARTESIAN_POINT('',(6.28318530718,-0.));
#1536 = VECTOR('',#1537,1.);
#1537 = DIRECTION('',(0.,1.));
#1538 = ( GEOMETRIC_REPRESENTATION_CONTEXT(2) 
PARAMETRIC_REPRESENTATION_CONTEXT() REPRESENTATION_CONTEXT('2D SPACE',''
  ) );
#1539 = PCURVE('',#1432,#1540);
#1540 = DEFINITIONAL_REPRESENTATION('',(#1541),#1545);
#1541 = LINE('',#1542,#1543);
#1542 = CARTESIAN_POINT('',(0.,-0.));
#1543 = VECTOR('',#1544,1.);
#1544 = DIRECTION('',(0.,1.));
#1545 = ( GEOMETRIC_REPRESENTATION_CONTEXT(2) 
PARAMETRIC_REPRESENTATION_CONTEXT() REPRESENTATION_CONTEXT('2D SPACE',''
  ) );
#1546 = ORIENTED_EDGE('',*,*,#1410,.T.);
#1547 = ORIENTED_EDGE('',*,*,#1526,.T.);
#1548 = ADVANCED_FACE('',(#1549,#1552),#1481,.F.);
#1549 = FACE_BOUND('',#1550,.F.);
#1550 = EDGE_LOOP('',(#1551));
#1551 = ORIENTED_EDGE('',*,*,#1466,.T.);
#1552 = FACE_BOUND('',#1553,.F.);
#1553 = EDGE_LOOP('',(#1554,#1584,#1612,#1640,#1668,#1696));
#1554 = ORIENTED_EDGE('',*,*,#1555,.F.);
#1555 = EDGE_CURVE('',#1556,#1558,#1560,.T.);
#1556 = VERTEX_POINT('',#1557);
#1557 = CARTESIAN_POINT('',(2.886751345896,0.,0.2));
#1558 = VERTEX_POINT('',#1559);
#1559 = CARTESIAN_POINT('',(1.443375672948,2.499999999955,0.2));
#1560 = SURFACE_CURVE('',#1561,(#1565,#1572),.PCURVE_S1.);
#1561 = LINE('',#1562,#1563);
#1562 = CARTESIAN_POINT('',(2.886751345896,0.,0.2));
#1563 = VECTOR('',#1564,1.);
#1564 = DIRECTION('',(-0.5,0.866025403784,0.));
#1565 = PCURVE('',#1481,#1566);
#1566 = DEFINITIONAL_REPRESENTATION('',(#1567),#1571);
#1567 = LINE('',#1568,#1569);
#1568 = CARTESIAN_POINT('',(2.886751345896,0.));
#1569 = VECTOR('',#1570,1.);
#1570 = DIRECTION('',(-0.5,0.866025403784));
#1571 = ( GEOMETRIC_REPRESENTATION_CONTEXT(2) 
PARAMETRIC_REPRESENTATION_CONTEXT() REPRESENTATION_CONTEXT('2D SPACE',''
  ) );
#1572 = PCURVE('',#1573,#1578);
#1573 = PLANE('',#1574);
#1574 = AXIS2_PLACEMENT_3D('',#1575,#1576,#1577);
#1575 = CARTESIAN_POINT('',(2.886751345896,0.,0.2));
#1576 = DIRECTION('',(-0.866025403784,-0.5,0.));
#1577 = DIRECTION('',(-0.5,0.866025403784,0.));
#1578 = DEFINITIONAL_REPRESENTATION('',(#1579),#1583);
#1579 = LINE('',#1580,#1581);
#1580 = CARTESIAN_POINT('',(0.,0.));
#1581 = VECTOR('',#1582,1.);
#1582 = DIRECTION('',(1.,0.));
#1583 = ( GEOMETRIC_REPRESENTATION_CONTEXT(2) 
PARAMETRIC_REPRESENTATION_CONTEXT() REPRESENTATION_CONTEXT('2D SPACE',''
  ) );
#1584 = ORIENTED_EDGE('',*,*,#1585,.F.);
#1585 = EDGE_CURVE('',#1586,#1556,#1588,.T.);
#1586 = VERTEX_POINT('',#1587);
#1587 = CARTESIAN_POINT('',(1.443375672948,-2.499999999955,0.2));
#1588 = SURFACE_CURVE('',#1589,(#1593,#1600),.PCURVE_S1.);
#1589 = LINE('',#1590,#1591);
#1590 = CARTESIAN_POINT('',(1.443375672948,-2.499999999955,0.2));
#1591 = VECTOR('',#1592,1.);
#1592 = DIRECTION('',(0.5,0.866025403784,0.));
#1593 = PCURVE('',#1481,#1594);
#1594 = DEFINITIONAL_REPRESENTATION('',(#1595),#1599);
#1595 = LINE('',#1596,#1597);
#1596 = CARTESIAN_POINT('',(1.443375672948,-2.499999999955));
#1597 = VECTOR('',#1598,1.);
#1598 = DIRECTION('',(0.5,0.866025403784));
#1599 = ( GEOMETRIC_REPRESENTATION_CONTEXT(2) 
PARAMETRIC_REPRESENTATION_CONTEXT() REPRESENTATION_CONTEXT('2D SPACE',''
  ) );
#1600 = PCURVE('',#1601,#1606);
#1601 = PLANE('',#1602);
#1602 = AXIS2_PLACEMENT_3D('',#1603,#1604,#1605);
#1603 = CARTESIAN_POINT('',(1.443375672948,-2.499999999955,0.2));
#1604 = DIRECTION('',(-0.866025403784,0.5,0.));
#1605 = DIRECTION('',(0.5,0.866025403784,0.));
#1606 = DEFINITIONAL_REPRESENTATION('',(#1607),#1611);
#1607 = LINE('',#1608,#1609);
#1608 = CARTESIAN_POINT('',(0.,0.));
#1609 = VECTOR('',#1610,1.);
#1610 = DIRECTION('',(1.,0.));
#1611 = ( GEOMETRIC_REPRESENTATION_CONTEXT(2) 
PARAMETRIC_REPRESENTATION_CONTEXT() REPRESENTATION_CONTEXT('2D SPACE',''
  ) );
#1612 = ORIENTED_EDGE('',*,*,#1613,.F.);
#1613 = EDGE_CURVE('',#1614,#1586,#1616,.T.);
#1614 = VERTEX_POINT('',#1615);
#1615 = CARTESIAN_POINT('',(-1.443375672948,-2.499999999955,0.2));
#1616 = SURFACE_CURVE('',#1617,(#1621,#1628),.PCURVE_S1.);
#1617 = LINE('',#1618,#1619);
#1618 = CARTESIAN_POINT('',(-1.443375672948,-2.499999999955,0.2));
#1619 = VECTOR('',#1620,1.);
#1620 = DIRECTION('',(1.,-6.153480596538E-16,0.));
#1621 = PCURVE('',#1481,#1622);
#1622 = DEFINITIONAL_REPRESENTATION('',(#1623),#1627);
#1623 = LINE('',#1624,#1625);
#1624 = CARTESIAN_POINT('',(-1.443375672948,-2.499999999955));
#1625 = VECTOR('',#1626,1.);
#1626 = DIRECTION('',(1.,-6.153480596538E-16));
#1627 = ( GEOMETRIC_REPRESENTATION_CONTEXT(2) 
PARAMETRIC_REPRESENTATION_CONTEXT() REPRESENTATION_CONTEXT('2D SPACE',''
  ) );
#1628 = PCURVE('',#1629,#1634);
#1629 = PLANE('',#1630);
#1630 = AXIS2_PLACEMENT_3D('',#1631,#1632,#1633);
#1631 = CARTESIAN_POINT('',(-1.443375672948,-2.499999999955,0.2));
#1632 = DIRECTION('',(6.153480596538E-16,1.,-0.));
#1633 = DIRECTION('',(1.,-6.153480596538E-16,0.));
#1634 = DEFINITIONAL_REPRESENTATION('',(#1635),#1639);
#1635 = LINE('',#1636,#1637);
#1636 = CARTESIAN_POINT('',(0.,0.));
#1637 = VECTOR('',#1638,1.);
#1638 = DIRECTION('',(1.,0.));
#1639 = ( GEOMETRIC_REPRESENTATION_CONTEXT(2) 
PARAMETRIC_REPRESENTATION_CONTEXT() REPRESENTATION_CONTEXT('2D SPACE',''
  ) );
#1640 = ORIENTED_EDGE('',*,*,#1641,.F.);
#1641 = EDGE_CURVE('',#1642,#1614,#1644,.T.);
#1642 = VERTEX_POINT('',#1643);
#1643 = CARTESIAN_POINT('',(-2.886751345896,3.535250795686E-16,0.2));
#1644 = SURFACE_CURVE('',#1645,(#1649,#1656),.PCURVE_S1.);
#1645 = LINE('',#1646,#1647);
#1646 = CARTESIAN_POINT('',(-2.886751345896,3.535250795686E-16,0.2));
#1647 = VECTOR('',#1648,1.);
#1648 = DIRECTION('',(0.5,-0.866025403784,0.));
#1649 = PCURVE('',#1481,#1650);
#1650 = DEFINITIONAL_REPRESENTATION('',(#1651),#1655);
#1651 = LINE('',#1652,#1653);
#1652 = CARTESIAN_POINT('',(-2.886751345896,3.535250795686E-16));
#1653 = VECTOR('',#1654,1.);
#1654 = DIRECTION('',(0.5,-0.866025403784));
#1655 = ( GEOMETRIC_REPRESENTATION_CONTEXT(2) 
PARAMETRIC_REPRESENTATION_CONTEXT() REPRESENTATION_CONTEXT('2D SPACE',''
  ) );
#1656 = PCURVE('',#1657,#1662);
#1657 = PLANE('',#1658);
#1658 = AXIS2_PLACEMENT_3D('',#1659,#1660,#1661);
#1659 = CARTESIAN_POINT('',(-2.886751345896,3.535250795686E-16,0.2));
#1660 = DIRECTION('',(0.866025403784,0.5,-0.));
#1661 = DIRECTION('',(0.5,-0.866025403784,0.));
#1662 = DEFINITIONAL_REPRESENTATION('',(#1663),#1667);
#1663 = LINE('',#1664,#1665);
#1664 = CARTESIAN_POINT('',(0.,0.));
#1665 = VECTOR('',#1666,1.);
#1666 = DIRECTION('',(1.,0.));
#1667 = ( GEOMETRIC_REPRESENTATION_CONTEXT(2) 
PARAMETRIC_REPRESENTATION_CONTEXT() REPRESENTATION_CONTEXT('2D SPACE',''
  ) );
#1668 = ORIENTED_EDGE('',*,*,#1669,.F.);
#1669 = EDGE_CURVE('',#1670,#1642,#1672,.T.);
#1670 = VERTEX_POINT('',#1671);
#1671 = CARTESIAN_POINT('',(-1.443375672948,2.499999999955,0.2));
#1672 = SURFACE_CURVE('',#1673,(#1677,#1684),.PCURVE_S1.);
#1673 = LINE('',#1674,#1675);
#1674 = CARTESIAN_POINT('',(-1.443375672948,2.499999999955,0.2));
#1675 = VECTOR('',#1676,1.);
#1676 = DIRECTION('',(-0.5,-0.866025403784,0.));
#1677 = PCURVE('',#1481,#1678);
#1678 = DEFINITIONAL_REPRESENTATION('',(#1679),#1683);
#1679 = LINE('',#1680,#1681);
#1680 = CARTESIAN_POINT('',(-1.443375672948,2.499999999955));
#1681 = VECTOR('',#1682,1.);
#1682 = DIRECTION('',(-0.5,-0.866025403784));
#1683 = ( GEOMETRIC_REPRESENTATION_CONTEXT(2) 
PARAMETRIC_REPRESENTATION_CONTEXT() REPRESENTATION_CONTEXT('2D SPACE',''
  ) );
#1684 = PCURVE('',#1685,#1690);
#1685 = PLANE('',#1686);
#1686 = AXIS2_PLACEMENT_3D('',#1687,#1688,#1689);
#1687 = CARTESIAN_POINT('',(-1.443375672948,2.499999999955,0.2));
#1688 = DIRECTION('',(0.866025403784,-0.5,0.));
#1689 = DIRECTION('',(-0.5,-0.866025403784,0.));
#1690 = DEFINITIONAL_REPRESENTATION('',(#1691),#1695);
#1691 = LINE('',#1692,#1693);
#1692 = CARTESIAN_POINT('',(0.,0.));
#1693 = VECTOR('',#1694,1.);
#1694 = DIRECTION('',(1.,0.));
#1695 = ( GEOMETRIC_REPRESENTATION_CONTEXT(2) 
PARAMETRIC_REPRESENTATION_CONTEXT() REPRESENTATION_CONTEXT('2D SPACE',''
  ) );
#1696 = ORIENTED_EDGE('',*,*,#1697,.F.);
#1697 = EDGE_CURVE('',#1558,#1670,#1698,.T.);
#1698 = SURFACE_CURVE('',#1699,(#1703,#1710),.PCURVE_S1.);
#1699 = LINE('',#1700,#1701);
#1700 = CARTESIAN_POINT('',(1.443375672948,2.499999999955,0.2));
#1701 = VECTOR('',#1702,1.);
#1702 = DIRECTION('',(-1.,1.538370149134E-16,0.));
#1703 = PCURVE('',#1481,#1704);
#1704 = DEFINITIONAL_REPRESENTATION('',(#1705),#1709);
#1705 = LINE('',#1706,#1707);
#1706 = CARTESIAN_POINT('',(1.443375672948,2.499999999955));
#1707 = VECTOR('',#1708,1.);
#1708 = DIRECTION('',(-1.,1.538370149134E-16));
#1709 = ( GEOMETRIC_REPRESENTATION_CONTEXT(2) 
PARAMETRIC_REPRESENTATION_CONTEXT() REPRESENTATION_CONTEXT('2D SPACE',''
  ) );
#1710 = PCURVE('',#1711,#1716);
#1711 = PLANE('',#1712);
#1712 = AXIS2_PLACEMENT_3D('',#1713,#1714,#1715);
#1713 = CARTESIAN_POINT('',(1.443375672948,2.499999999955,0.2));
#1714 = DIRECTION('',(-1.538370149134E-16,-1.,0.));
#1715 = DIRECTION('',(-1.,1.538370149134E-16,0.));
#1716 = DEFINITIONAL_REPRESENTATION('',(#1717),#1721);
#1717 = LINE('',#1718,#1719);
#1718 = CARTESIAN_POINT('',(0.,0.));
#1719 = VECTOR('',#1720,1.);
#1720 = DIRECTION('',(1.,0.));
#1721 = ( GEOMETRIC_REPRESENTATION_CONTEXT(2) 
PARAMETRIC_REPRESENTATION_CONTEXT() REPRESENTATION_CONTEXT('2D SPACE',''
  ) );
#1722 = ADVANCED_FACE('',(#1723),#1514,.T.);
#1723 = FACE_BOUND('',#1724,.T.);
#1724 = EDGE_LOOP('',(#1725));
#1725 = ORIENTED_EDGE('',*,*,#1497,.T.);
#1726 = ADVANCED_FACE('',(#1727),#1573,.T.);
#1727 = FACE_BOUND('',#1728,.T.);
#1728 = EDGE_LOOP('',(#1729,#1752,#1780,#1801));
#1729 = ORIENTED_EDGE('',*,*,#1730,.T.);
#1730 = EDGE_CURVE('',#1556,#1731,#1733,.T.);
#1731 = VERTEX_POINT('',#1732);
#1732 = CARTESIAN_POINT('',(2.886751345896,0.,2.7));
#1733 = SURFACE_CURVE('',#1734,(#1738,#1745),.PCURVE_S1.);
#1734 = LINE('',#1735,#1736);
#1735 = CARTESIAN_POINT('',(2.886751345896,0.,0.2));
#1736 = VECTOR('',#1737,1.);
#1737 = DIRECTION('',(0.,0.,1.));
#1738 = PCURVE('',#1573,#1739);
#1739 = DEFINITIONAL_REPRESENTATION('',(#1740),#1744);
#1740 = LINE('',#1741,#1742);
#1741 = CARTESIAN_POINT('',(0.,0.));
#1742 = VECTOR('',#1743,1.);
#1743 = DIRECTION('',(0.,-1.));
#1744 = ( GEOMETRIC_REPRESENTATION_CONTEXT(2) 
PARAMETRIC_REPRESENTATION_CONTEXT() REPRESENTATION_CONTEXT('2D SPACE',''
  ) );
#1745 = PCURVE('',#1601,#1746);
#1746 = DEFINITIONAL_REPRESENTATION('',(#1747),#1751);
#1747 = LINE('',#1748,#1749);
#1748 = CARTESIAN_POINT('',(2.886751345896,0.));
#1749 = VECTOR('',#1750,1.);
#1750 = DIRECTION('',(0.,-1.));
#1751 = ( GEOMETRIC_REPRESENTATION_CONTEXT(2) 
PARAMETRIC_REPRESENTATION_CONTEXT() REPRESENTATION_CONTEXT('2D SPACE',''
  ) );
#1752 = ORIENTED_EDGE('',*,*,#1753,.T.);
#1753 = EDGE_CURVE('',#1731,#1754,#1756,.T.);
#1754 = VERTEX_POINT('',#1755);
#1755 = CARTESIAN_POINT('',(1.443375672948,2.499999999955,2.7));
#1756 = SURFACE_CURVE('',#1757,(#1761,#1768),.PCURVE_S1.);
#1757 = LINE('',#1758,#1759);
#1758 = CARTESIAN_POINT('',(2.886751345896,0.,2.7));
#1759 = VECTOR('',#1760,1.);
#1760 = DIRECTION('',(-0.5,0.866025403784,0.));
#1761 = PCURVE('',#1573,#1762);
#1762 = DEFINITIONAL_REPRESENTATION('',(#1763),#1767);
#1763 = LINE('',#1764,#1765);
#1764 = CARTESIAN_POINT('',(0.,-2.5));
#1765 = VECTOR('',#1766,1.);
#1766 = DIRECTION('',(1.,0.));
#1767 = ( GEOMETRIC_REPRESENTATION_CONTEXT(2) 
PARAMETRIC_REPRESENTATION_CONTEXT() REPRESENTATION_CONTEXT('2D SPACE',''
  ) );
#1768 = PCURVE('',#1769,#1774);
#1769 = PLANE('',#1770);
#1770 = AXIS2_PLACEMENT_3D('',#1771,#1772,#1773);
#1771 = CARTESIAN_POINT('',(0.,-1.538370149134E-16,2.7));
#1772 = DIRECTION('',(0.,0.,1.));
#1773 = DIRECTION('',(1.,0.,-0.));
#1774 = DEFINITIONAL_REPRESENTATION('',(#1775),#1779);
#1775 = LINE('',#1776,#1777);
#1776 = CARTESIAN_POINT('',(2.886751345896,1.538370149134E-16));
#1777 = VECTOR('',#1778,1.);
#1778 = DIRECTION('',(-0.5,0.866025403784));
#1779 = ( GEOMETRIC_REPRESENTATION_CONTEXT(2) 
PARAMETRIC_REPRESENTATION_CONTEXT() REPRESENTATION_CONTEXT('2D SPACE',''
  ) );
#1780 = ORIENTED_EDGE('',*,*,#1781,.F.);
#1781 = EDGE_CURVE('',#1558,#1754,#1782,.T.);
#1782 = SURFACE_CURVE('',#1783,(#1787,#1794),.PCURVE_S1.);
#1783 = LINE('',#1784,#1785);
#1784 = CARTESIAN_POINT('',(1.443375672948,2.499999999955,0.2));
#1785 = VECTOR('',#1786,1.);
#1786 = DIRECTION('',(0.,0.,1.));
#1787 = PCURVE('',#1573,#1788);
#1788 = DEFINITIONAL_REPRESENTATION('',(#1789),#1793);
#1789 = LINE('',#1790,#1791);
#1790 = CARTESIAN_POINT('',(2.886751345896,0.));
#1791 = VECTOR('',#1792,1.);
#1792 = DIRECTION('',(0.,-1.));
#1793 = ( GEOMETRIC_REPRESENTATION_CONTEXT(2) 
PARAMETRIC_REPRESENTATION_CONTEXT() REPRESENTATION_CONTEXT('2D SPACE',''
  ) );
#1794 = PCURVE('',#1711,#1795);
#1795 = DEFINITIONAL_REPRESENTATION('',(#1796),#1800);
#1796 = LINE('',#1797,#1798);
#1797 = CARTESIAN_POINT('',(0.,0.));
#1798 = VECTOR('',#1799,1.);
#1799 = DIRECTION('',(0.,-1.));
#1800 = ( GEOMETRIC_REPRESENTATION_CONTEXT(2) 
PARAMETRIC_REPRESENTATION_CONTEXT() REPRESENTATION_CONTEXT('2D SPACE',''
  ) );
#1801 = ORIENTED_EDGE('',*,*,#1555,.F.);
#1802 = ADVANCED_FACE('',(#1803),#1711,.T.);
#1803 = FACE_BOUND('',#1804,.T.);
#1804 = EDGE_LOOP('',(#1805,#1806,#1829,#1850));
#1805 = ORIENTED_EDGE('',*,*,#1781,.T.);
#1806 = ORIENTED_EDGE('',*,*,#1807,.T.);
#1807 = EDGE_CURVE('',#1754,#1808,#1810,.T.);
#1808 = VERTEX_POINT('',#1809);
#1809 = CARTESIAN_POINT('',(-1.443375672948,2.499999999955,2.7));
#1810 = SURFACE_CURVE('',#1811,(#1815,#1822),.PCURVE_S1.);
#1811 = LINE('',#1812,#1813);
#1812 = CARTESIAN_POINT('',(1.443375672948,2.499999999955,2.7));
#1813 = VECTOR('',#1814,1.);
#1814 = DIRECTION('',(-1.,1.538370149134E-16,0.));
#1815 = PCURVE('',#1711,#1816);
#1816 = DEFINITIONAL_REPRESENTATION('',(#1817),#1821);
#1817 = LINE('',#1818,#1819);
#1818 = CARTESIAN_POINT('',(0.,-2.5));
#1819 = VECTOR('',#1820,1.);
#1820 = DIRECTION('',(1.,0.));
#1821 = ( GEOMETRIC_REPRESENTATION_CONTEXT(2) 
PARAMETRIC_REPRESENTATION_CONTEXT() REPRESENTATION_CONTEXT('2D SPACE',''
  ) );
#1822 = PCURVE('',#1769,#1823);
#1823 = DEFINITIONAL_REPRESENTATION('',(#1824),#1828);
#1824 = LINE('',#1825,#1826);
#1825 = CARTESIAN_POINT('',(1.443375672948,2.499999999955));
#1826 = VECTOR('',#1827,1.);
#1827 = DIRECTION('',(-1.,1.538370149134E-16));
#1828 = ( GEOMETRIC_REPRESENTATION_CONTEXT(2) 
PARAMETRIC_REPRESENTATION_CONTEXT() REPRESENTATION_CONTEXT('2D SPACE',''
  ) );
#1829 = ORIENTED_EDGE('',*,*,#1830,.F.);
#1830 = EDGE_CURVE('',#1670,#1808,#1831,.T.);
#1831 = SURFACE_CURVE('',#1832,(#1836,#1843),.PCURVE_S1.);
#1832 = LINE('',#1833,#1834);
#1833 = CARTESIAN_POINT('',(-1.443375672948,2.499999999955,0.2));
#1834 = VECTOR('',#1835,1.);
#1835 = DIRECTION('',(0.,0.,1.));
#1836 = PCURVE('',#1711,#1837);
#1837 = DEFINITIONAL_REPRESENTATION('',(#1838),#1842);
#1838 = LINE('',#1839,#1840);
#1839 = CARTESIAN_POINT('',(2.886751345896,0.));
#1840 = VECTOR('',#1841,1.);
#1841 = DIRECTION('',(0.,-1.));
#1842 = ( GEOMETRIC_REPRESENTATION_CONTEXT(2) 
PARAMETRIC_REPRESENTATION_CONTEXT() REPRESENTATION_CONTEXT('2D SPACE',''
  ) );
#1843 = PCURVE('',#1685,#1844);
#1844 = DEFINITIONAL_REPRESENTATION('',(#1845),#1849);
#1845 = LINE('',#1846,#1847);
#1846 = CARTESIAN_POINT('',(0.,0.));
#1847 = VECTOR('',#1848,1.);
#1848 = DIRECTION('',(0.,-1.));
#1849 = ( GEOMETRIC_REPRESENTATION_CONTEXT(2) 
PARAMETRIC_REPRESENTATION_CONTEXT() REPRESENTATION_CONTEXT('2D SPACE',''
  ) );
#1850 = ORIENTED_EDGE('',*,*,#1697,.F.);
#1851 = ADVANCED_FACE('',(#1852),#1685,.T.);
#1852 = FACE_BOUND('',#1853,.T.);
#1853 = EDGE_LOOP('',(#1854,#1855,#1878,#1899));
#1854 = ORIENTED_EDGE('',*,*,#1830,.T.);
#1855 = ORIENTED_EDGE('',*,*,#1856,.T.);
#1856 = EDGE_CURVE('',#1808,#1857,#1859,.T.);
#1857 = VERTEX_POINT('',#1858);
#1858 = CARTESIAN_POINT('',(-2.886751345896,3.535250795686E-16,2.7));
#1859 = SURFACE_CURVE('',#1860,(#1864,#1871),.PCURVE_S1.);
#1860 = LINE('',#1861,#1862);
#1861 = CARTESIAN_POINT('',(-1.443375672948,2.499999999955,2.7));
#1862 = VECTOR('',#1863,1.);
#1863 = DIRECTION('',(-0.5,-0.866025403784,0.));
#1864 = PCURVE('',#1685,#1865);
#1865 = DEFINITIONAL_REPRESENTATION('',(#1866),#1870);
#1866 = LINE('',#1867,#1868);
#1867 = CARTESIAN_POINT('',(0.,-2.5));
#1868 = VECTOR('',#1869,1.);
#1869 = DIRECTION('',(1.,0.));
#1870 = ( GEOMETRIC_REPRESENTATION_CONTEXT(2) 
PARAMETRIC_REPRESENTATION_CONTEXT() REPRESENTATION_CONTEXT('2D SPACE',''
  ) );
#1871 = PCURVE('',#1769,#1872);
#1872 = DEFINITIONAL_REPRESENTATION('',(#1873),#1877);
#1873 = LINE('',#1874,#1875);
#1874 = CARTESIAN_POINT('',(-1.443375672948,2.499999999955));
#1875 = VECTOR('',#1876,1.);
#1876 = DIRECTION('',(-0.5,-0.866025403784));
#1877 = ( GEOMETRIC_REPRESENTATION_CONTEXT(2) 
PARAMETRIC_REPRESENTATION_CONTEXT() REPRESENTATION_CONTEXT('2D SPACE',''
  ) );
#1878 = ORIENTED_EDGE('',*,*,#1879,.F.);
#1879 = EDGE_CURVE('',#1642,#1857,#1880,.T.);
#1880 = SURFACE_CURVE('',#1881,(#1885,#1892),.PCURVE_S1.);
#1881 = LINE('',#1882,#1883);
#1882 = CARTESIAN_POINT('',(-2.886751345896,3.535250795686E-16,0.2));
#1883 = VECTOR('',#1884,1.);
#1884 = DIRECTION('',(0.,0.,1.));
#1885 = PCURVE('',#1685,#1886);
#1886 = DEFINITIONAL_REPRESENTATION('',(#1887),#1891);
#1887 = LINE('',#1888,#1889);
#1888 = CARTESIAN_POINT('',(2.886751345896,0.));
#1889 = VECTOR('',#1890,1.);
#1890 = DIRECTION('',(0.,-1.));
#1891 = ( GEOMETRIC_REPRESENTATION_CONTEXT(2) 
PARAMETRIC_REPRESENTATION_CONTEXT() REPRESENTATION_CONTEXT('2D SPACE',''
  ) );
#1892 = PCURVE('',#1657,#1893);
#1893 = DEFINITIONAL_REPRESENTATION('',(#1894),#1898);
#1894 = LINE('',#1895,#1896);
#1895 = CARTESIAN_POINT('',(0.,0.));
#1896 = VECTOR('',#1897,1.);
#1897 = DIRECTION('',(0.,-1.));
#1898 = ( GEOMETRIC_REPRESENTATION_CONTEXT(2) 
PARAMETRIC_REPRESENTATION_CONTEXT() REPRESENTATION_CONTEXT('2D SPACE',''
  ) );
#1899 = ORIENTED_EDGE('',*,*,#1669,.F.);
#1900 = ADVANCED_FACE('',(#1901),#1657,.T.);
#1901 = FACE_BOUND('',#1902,.T.);
#1902 = EDGE_LOOP('',(#1903,#1904,#1927,#1948));
#1903 = ORIENTED_EDGE('',*,*,#1879,.T.);
#1904 = ORIENTED_EDGE('',*,*,#1905,.T.);
#1905 = EDGE_CURVE('',#1857,#1906,#1908,.T.);
#1906 = VERTEX_POINT('',#1907);
#1907 = CARTESIAN_POINT('',(-1.443375672948,-2.499999999955,2.7));
#1908 = SURFACE_CURVE('',#1909,(#1913,#1920),.PCURVE_S1.);
#1909 = LINE('',#1910,#1911);
#1910 = CARTESIAN_POINT('',(-2.886751345896,3.535250795686E-16,2.7));
#1911 = VECTOR('',#1912,1.);
#1912 = DIRECTION('',(0.5,-0.866025403784,0.));
#1913 = PCURVE('',#1657,#1914);
#1914 = DEFINITIONAL_REPRESENTATION('',(#1915),#1919);
#1915 = LINE('',#1916,#1917);
#1916 = CARTESIAN_POINT('',(0.,-2.5));
#1917 = VECTOR('',#1918,1.);
#1918 = DIRECTION('',(1.,0.));
#1919 = ( GEOMETRIC_REPRESENTATION_CONTEXT(2) 
PARAMETRIC_REPRESENTATION_CONTEXT() REPRESENTATION_CONTEXT('2D SPACE',''
  ) );
#1920 = PCURVE('',#1769,#1921);
#1921 = DEFINITIONAL_REPRESENTATION('',(#1922),#1926);
#1922 = LINE('',#1923,#1924);
#1923 = CARTESIAN_POINT('',(-2.886751345896,5.073620944821E-16));
#1924 = VECTOR('',#1925,1.);
#1925 = DIRECTION('',(0.5,-0.866025403784));
#1926 = ( GEOMETRIC_REPRESENTATION_CONTEXT(2) 
PARAMETRIC_REPRESENTATION_CONTEXT() REPRESENTATION_CONTEXT('2D SPACE',''
  ) );
#1927 = ORIENTED_EDGE('',*,*,#1928,.F.);
#1928 = EDGE_CURVE('',#1614,#1906,#1929,.T.);
#1929 = SURFACE_CURVE('',#1930,(#1934,#1941),.PCURVE_S1.);
#1930 = LINE('',#1931,#1932);
#1931 = CARTESIAN_POINT('',(-1.443375672948,-2.499999999955,0.2));
#1932 = VECTOR('',#1933,1.);
#1933 = DIRECTION('',(0.,0.,1.));
#1934 = PCURVE('',#1657,#1935);
#1935 = DEFINITIONAL_REPRESENTATION('',(#1936),#1940);
#1936 = LINE('',#1937,#1938);
#1937 = CARTESIAN_POINT('',(2.886751345896,0.));
#1938 = VECTOR('',#1939,1.);
#1939 = DIRECTION('',(0.,-1.));
#1940 = ( GEOMETRIC_REPRESENTATION_CONTEXT(2) 
PARAMETRIC_REPRESENTATION_CONTEXT() REPRESENTATION_CONTEXT('2D SPACE',''
  ) );
#1941 = PCURVE('',#1629,#1942);
#1942 = DEFINITIONAL_REPRESENTATION('',(#1943),#1947);
#1943 = LINE('',#1944,#1945);
#1944 = CARTESIAN_POINT('',(0.,0.));
#1945 = VECTOR('',#1946,1.);
#1946 = DIRECTION('',(0.,-1.));
#1947 = ( GEOMETRIC_REPRESENTATION_CONTEXT(2) 
PARAMETRIC_REPRESENTATION_CONTEXT() REPRESENTATION_CONTEXT('2D SPACE',''
  ) );
#1948 = ORIENTED_EDGE('',*,*,#1641,.F.);
#1949 = ADVANCED_FACE('',(#1950),#1629,.T.);
#1950 = FACE_BOUND('',#1951,.T.);
#1951 = EDGE_LOOP('',(#1952,#1953,#1976,#1997));
#1952 = ORIENTED_EDGE('',*,*,#1928,.T.);
#1953 = ORIENTED_EDGE('',*,*,#1954,.T.);
#1954 = EDGE_CURVE('',#1906,#1955,#1957,.T.);
#1955 = VERTEX_POINT('',#1956);
#1956 = CARTESIAN_POINT('',(1.443375672948,-2.499999999955,2.7));
#1957 = SURFACE_CURVE('',#1958,(#1962,#1969),.PCURVE_S1.);
#1958 = LINE('',#1959,#1960);
#1959 = CARTESIAN_POINT('',(-1.443375672948,-2.499999999955,2.7));
#1960 = VECTOR('',#1961,1.);
#1961 = DIRECTION('',(1.,-6.153480596538E-16,0.));
#1962 = PCURVE('',#1629,#1963);
#1963 = DEFINITIONAL_REPRESENTATION('',(#1964),#1968);
#1964 = LINE('',#1965,#1966);
#1965 = CARTESIAN_POINT('',(0.,-2.5));
#1966 = VECTOR('',#1967,1.);
#1967 = DIRECTION('',(1.,0.));
#1968 = ( GEOMETRIC_REPRESENTATION_CONTEXT(2) 
PARAMETRIC_REPRESENTATION_CONTEXT() REPRESENTATION_CONTEXT('2D SPACE',''
  ) );
#1969 = PCURVE('',#1769,#1970);
#1970 = DEFINITIONAL_REPRESENTATION('',(#1971),#1975);
#1971 = LINE('',#1972,#1973);
#1972 = CARTESIAN_POINT('',(-1.443375672948,-2.499999999955));
#1973 = VECTOR('',#1974,1.);
#1974 = DIRECTION('',(1.,-6.153480596538E-16));
#1975 = ( GEOMETRIC_REPRESENTATION_CONTEXT(2) 
PARAMETRIC_REPRESENTATION_CONTEXT() REPRESENTATION_CONTEXT('2D SPACE',''
  ) );
#1976 = ORIENTED_EDGE('',*,*,#1977,.F.);
#1977 = EDGE_CURVE('',#1586,#1955,#1978,.T.);
#1978 = SURFACE_CURVE('',#1979,(#1983,#1990),.PCURVE_S1.);
#1979 = LINE('',#1980,#1981);
#1980 = CARTESIAN_POINT('',(1.443375672948,-2.499999999955,0.2));
#1981 = VECTOR('',#1982,1.);
#1982 = DIRECTION('',(0.,0.,1.));
#1983 = PCURVE('',#1629,#1984);
#1984 = DEFINITIONAL_REPRESENTATION('',(#1985),#1989);
#1985 = LINE('',#1986,#1987);
#1986 = CARTESIAN_POINT('',(2.886751345896,0.));
#1987 = VECTOR('',#1988,1.);
#1988 = DIRECTION('',(0.,-1.));
#1989 = ( GEOMETRIC_REPRESENTATION_CONTEXT(2) 
PARAMETRIC_REPRESENTATION_CONTEXT() REPRESENTATION_CONTEXT('2D SPACE',''
  ) );
#1990 = PCURVE('',#1601,#1991);
#1991 = DEFINITIONAL_REPRESENTATION('',(#1992),#1996);
#1992 = LINE('',#1993,#1994);
#1993 = CARTESIAN_POINT('',(0.,0.));
#1994 = VECTOR('',#1995,1.);
#1995 = DIRECTION('',(0.,-1.));
#1996 = ( GEOMETRIC_REPRESENTATION_CONTEXT(2) 
PARAMETRIC_REPRESENTATION_CONTEXT() REPRESENTATION_CONTEXT('2D SPACE',''
  ) );
#1997 = ORIENTED_EDGE('',*,*,#1613,.F.);
#1998 = ADVANCED_FACE('',(#1999),#1601,.T.);
#1999 = FACE_BOUND('',#2000,.T.);
#2000 = EDGE_LOOP('',(#2001,#2002,#2023,#2024));
#2001 = ORIENTED_EDGE('',*,*,#1977,.T.);
#2002 = ORIENTED_EDGE('',*,*,#2003,.T.);
#2003 = EDGE_CURVE('',#1955,#1731,#2004,.T.);
#2004 = SURFACE_CURVE('',#2005,(#2009,#2016),.PCURVE_S1.);
#2005 = LINE('',#2006,#2007);
#2006 = CARTESIAN_POINT('',(1.443375672948,-2.499999999955,2.7));
#2007 = VECTOR('',#2008,1.);
#2008 = DIRECTION('',(0.5,0.866025403784,0.));
#2009 = PCURVE('',#1601,#2010);
#2010 = DEFINITIONAL_REPRESENTATION('',(#2011),#2015);
#2011 = LINE('',#2012,#2013);
#2012 = CARTESIAN_POINT('',(0.,-2.5));
#2013 = VECTOR('',#2014,1.);
#2014 = DIRECTION('',(1.,0.));
#2015 = ( GEOMETRIC_REPRESENTATION_CONTEXT(2) 
PARAMETRIC_REPRESENTATION_CONTEXT() REPRESENTATION_CONTEXT('2D SPACE',''
  ) );
#2016 = PCURVE('',#1769,#2017);
#2017 = DEFINITIONAL_REPRESENTATION('',(#2018),#2022);
#2018 = LINE('',#2019,#2020);
#2019 = CARTESIAN_POINT('',(1.443375672948,-2.499999999955));
#2020 = VECTOR('',#2021,1.);
#2021 = DIRECTION('',(0.5,0.866025403784));
#2022 = ( GEOMETRIC_REPRESENTATION_CONTEXT(2) 
PARAMETRIC_REPRESENTATION_CONTEXT() REPRESENTATION_CONTEXT('2D SPACE',''
  ) );
#2023 = ORIENTED_EDGE('',*,*,#1730,.F.);
#2024 = ORIENTED_EDGE('',*,*,#1585,.F.);
#2025 = ADVANCED_FACE('',(#2026),#1769,.F.);
#2026 = FACE_BOUND('',#2027,.F.);
#2027 = EDGE_LOOP('',(#2028,#2029,#2030,#2031,#2032,#2033));
#2028 = ORIENTED_EDGE('',*,*,#1753,.T.);
#2029 = ORIENTED_EDGE('',*,*,#1807,.T.);
#2030 = ORIENTED_EDGE('',*,*,#1856,.T.);
#2031 = ORIENTED_EDGE('',*,*,#1905,.T.);
#2032 = ORIENTED_EDGE('',*,*,#1954,.T.);
#2033 = ORIENTED_EDGE('',*,*,#2003,.T.);
#2034 = ( GEOMETRIC_REPRESENTATION_CONTEXT(3) 
GLOBAL_UNCERTAINTY_ASSIGNED_CONTEXT((#2038)) 
GLOBAL_UNIT_ASSIGNED_CONTEXT((#2035,#2036,#2037)) REPRESENTATION_CONTEXT
('Context #1','3D Context with UNIT and UNCERTAINTY') );
#2035 = ( LENGTH_UNIT() NAMED_UNIT(*) SI_UNIT(.MILLI.,.METRE.) );
#2036 = ( NAMED_UNIT(*) PLANE_ANGLE_UNIT() SI_UNIT($,.RADIAN.) );
#2037 = ( NAMED_UNIT(*) SI_UNIT($,.STERADIAN.) SOLID_ANGLE_UNIT() );
#2038 = UNCERTAINTY_MEASURE_WITH_UNIT(LENGTH_MEASURE(1.E-07),#2035,
  'distance_accuracy_value','confusion accuracy');
#2039 = CONTEXT_DEPENDENT_SHAPE_REPRESENTATION(#2040,#2042);
#2040 = ( REPRESENTATION_RELATIONSHIP('','',#1403,#10) 
REPRESENTATION_RELATIONSHIP_WITH_TRANSFORMATION(#2041) 
SHAPE_REPRESENTATION_RELATIONSHIP() );
#2041 = ITEM_DEFINED_TRANSFORMATION('','',#11,#31);
#2042 = PRODUCT_DEFINITION_SHAPE('Placement','Placement of an item',
  #2043);
#2043 = NEXT_ASSEMBLY_USAGE_OCCURRENCE('17','','',#5,#1398,$);
#2044 = PRODUCT_RELATED_PRODUCT_CATEGORY('part',$,(#1400));
#2045 = SHAPE_DEFINITION_REPRESENTATION(#2046,#2052);
#2046 = PRODUCT_DEFINITION_SHAPE('','',#2047);
#2047 = PRODUCT_DEFINITION('design','',#2048,#2051);
#2048 = PRODUCT_DEFINITION_FORMATION('','',#2049);
#2049 = PRODUCT('Open CASCADE STEP translator 7.8 21.6',
  'Open CASCADE STEP translator 7.8 21.6','',(#2050));
#2050 = PRODUCT_CONTEXT('',#2,'mechanical');
#2051 = PRODUCT_DEFINITION_CONTEXT('part definition',#2,'design');
#2052 = ADVANCED_BREP_SHAPE_REPRESENTATION('',(#11,#2053),#3083);
#2053 = MANIFOLD_SOLID_BREP('',#2054);
#2054 = CLOSED_SHELL('',(#2055,#2480,#2515,#2612,#2660,#2714,#2762,#2816
    ,#2863,#3022,#3048));
#2055 = ADVANCED_FACE('',(#2056),#2069,.T.);
#2056 = FACE_BOUND('',#2057,.T.);
#2057 = EDGE_LOOP('',(#2058,#2092,#2115,#2144,#2171,#2204,#2231,#2264,
    #2291,#2430,#2457,#2479));
#2058 = ORIENTED_EDGE('',*,*,#2059,.F.);
#2059 = EDGE_CURVE('',#2060,#2060,#2062,.T.);
#2060 = VERTEX_POINT('',#2061);
#2061 = CARTESIAN_POINT('',(13.5,0.,203.));
#2062 = SURFACE_CURVE('',#2063,(#2068,#2080),.PCURVE_S1.);
#2063 = CIRCLE('',#2064,13.5);
#2064 = AXIS2_PLACEMENT_3D('',#2065,#2066,#2067);
#2065 = CARTESIAN_POINT('',(0.,0.,203.));
#2066 = DIRECTION('',(0.,0.,1.));
#2067 = DIRECTION('',(1.,0.,-0.));
#2068 = PCURVE('',#2069,#2074);
#2069 = CYLINDRICAL_SURFACE('',#2070,13.5);
#2070 = AXIS2_PLACEMENT_3D('',#2071,#2072,#2073);
#2071 = CARTESIAN_POINT('',(0.,0.,23.));
#2072 = DIRECTION('',(-0.,-0.,-1.));
#2073 = DIRECTION('',(1.,0.,0.));
#2074 = DEFINITIONAL_REPRESENTATION('',(#2075),#2079);
#2075 = LINE('',#2076,#2077);
#2076 = CARTESIAN_POINT('',(6.28318530718,-180.));
#2077 = VECTOR('',#2078,1.);
#2078 = DIRECTION('',(-1.,0.));
#2079 = ( GEOMETRIC_REPRESENTATION_CONTEXT(2) 
PARAMETRIC_REPRESENTATION_CONTEXT() REPRESENTATION_CONTEXT('2D SPACE',''
  ) );
#2080 = PCURVE('',#2081,#2086);
#2081 = PLANE('',#2082);
#2082 = AXIS2_PLACEMENT_3D('',#2083,#2084,#2085);
#2083 = CARTESIAN_POINT('',(-1.215502340035E-15,-5.510910596163E-16,203.
    ));
#2084 = DIRECTION('',(0.,0.,1.));
#2085 = DIRECTION('',(1.,0.,-0.));
#2086 = DEFINITIONAL_REPRESENTATION('',(#2087),#2091);
#2087 = CIRCLE('',#2088,13.5);
#2088 = AXIS2_PLACEMENT_2D('',#2089,#2090);
#2089 = CARTESIAN_POINT('',(1.215502340035E-15,5.510910596163E-16));
#2090 = DIRECTION('',(1.,0.));
#2091 = ( GEOMETRIC_REPRESENTATION_CONTEXT(2) 
PARAMETRIC_REPRESENTATION_CONTEXT() REPRESENTATION_CONTEXT('2D SPACE',''
  ) );
#2092 = ORIENTED_EDGE('',*,*,#2093,.F.);
#2093 = EDGE_CURVE('',#2094,#2060,#2096,.T.);
#2094 = VERTEX_POINT('',#2095);
#2095 = CARTESIAN_POINT('',(13.5,0.,23.));
#2096 = SEAM_CURVE('',#2097,(#2101,#2108),.PCURVE_S1.);
#2097 = LINE('',#2098,#2099);
#2098 = CARTESIAN_POINT('',(13.5,0.,23.));
#2099 = VECTOR('',#2100,1.);
#2100 = DIRECTION('',(0.,0.,1.));
#2101 = PCURVE('',#2069,#2102);
#2102 = DEFINITIONAL_REPRESENTATION('',(#2103),#2107);
#2103 = LINE('',#2104,#2105);
#2104 = CARTESIAN_POINT('',(6.283185307179,0.));
#2105 = VECTOR('',#2106,1.);
#2106 = DIRECTION('',(-0.,-1.));
#2107 = ( GEOMETRIC_REPRESENTATION_CONTEXT(2) 
PARAMETRIC_REPRESENTATION_CONTEXT() REPRESENTATION_CONTEXT('2D SPACE',''
  ) );
#2108 = PCURVE('',#2069,#2109);
#2109 = DEFINITIONAL_REPRESENTATION('',(#2110),#2114);
#2110 = LINE('',#2111,#2112);
#2111 = CARTESIAN_POINT('',(-0.,0.));
#2112 = VECTOR('',#2113,1.);
#2113 = DIRECTION('',(-0.,-1.));
#2114 = ( GEOMETRIC_REPRESENTATION_CONTEXT(2) 
PARAMETRIC_REPRESENTATION_CONTEXT() REPRESENTATION_CONTEXT('2D SPACE',''
  ) );
#2115 = ORIENTED_EDGE('',*,*,#2116,.T.);
#2116 = EDGE_CURVE('',#2094,#2117,#2119,.T.);
#2117 = VERTEX_POINT('',#2118);
#2118 = CARTESIAN_POINT('',(2.5,13.266499161422,23.));
#2119 = SURFACE_CURVE('',#2120,(#2125,#2132),.PCURVE_S1.);
#2120 = CIRCLE('',#2121,13.5);
#2121 = AXIS2_PLACEMENT_3D('',#2122,#2123,#2124);
#2122 = CARTESIAN_POINT('',(0.,0.,23.));
#2123 = DIRECTION('',(0.,0.,1.));
#2124 = DIRECTION('',(1.,0.,-0.));
#2125 = PCURVE('',#2069,#2126);
#2126 = DEFINITIONAL_REPRESENTATION('',(#2127),#2131);
#2127 = LINE('',#2128,#2129);
#2128 = CARTESIAN_POINT('',(6.28318530718,0.));
#2129 = VECTOR('',#2130,1.);
#2130 = DIRECTION('',(-1.,0.));
#2131 = ( GEOMETRIC_REPRESENTATION_CONTEXT(2) 
PARAMETRIC_REPRESENTATION_CONTEXT() REPRESENTATION_CONTEXT('2D SPACE',''
  ) );
#2132 = PCURVE('',#2133,#2138);
#2133 = PLANE('',#2134);
#2134 = AXIS2_PLACEMENT_3D('',#2135,#2136,#2137);
#2135 = CARTESIAN_POINT('',(-1.215502340035E-15,-5.510910596163E-16,23.)
  );
#2136 = DIRECTION('',(0.,0.,1.));
#2137 = DIRECTION('',(1.,0.,-0.));
#2138 = DEFINITIONAL_REPRESENTATION('',(#2139),#2143);
#2139 = CIRCLE('',#2140,13.5);
#2140 = AXIS2_PLACEMENT_2D('',#2141,#2142);
#2141 = CARTESIAN_POINT('',(1.215502340035E-15,5.510910596163E-16));
#2142 = DIRECTION('',(1.,0.));
#2143 = ( GEOMETRIC_REPRESENTATION_CONTEXT(2) 
PARAMETRIC_REPRESENTATION_CONTEXT() REPRESENTATION_CONTEXT('2D SPACE',''
  ) );
#2144 = ORIENTED_EDGE('',*,*,#2145,.F.);
#2145 = EDGE_CURVE('',#2146,#2117,#2148,.T.);
#2146 = VERTEX_POINT('',#2147);
#2147 = CARTESIAN_POINT('',(2.5,13.266499161422,41.));
#2148 = SURFACE_CURVE('',#2149,(#2153,#2159),.PCURVE_S1.);
#2149 = LINE('',#2150,#2151);
#2150 = CARTESIAN_POINT('',(2.5,13.266499161422,23.));
#2151 = VECTOR('',#2152,1.);
#2152 = DIRECTION('',(-0.,-0.,-1.));
#2153 = PCURVE('',#2069,#2154);
#2154 = DEFINITIONAL_REPRESENTATION('',(#2155),#2158);
#2155 = B_SPLINE_CURVE_WITH_KNOTS('',1,(#2156,#2157),.UNSPECIFIED.,.F.,
  .F.,(2,2),(-39.15,6.E-07),.PIECEWISE_BEZIER_KNOTS.);
#2156 = CARTESIAN_POINT('',(4.898649283962,-39.15));
#2157 = CARTESIAN_POINT('',(4.898649283962,6.E-07));
#2158 = ( GEOMETRIC_REPRESENTATION_CONTEXT(2) 
PARAMETRIC_REPRESENTATION_CONTEXT() REPRESENTATION_CONTEXT('2D SPACE',''
  ) );
#2159 = PCURVE('',#2160,#2165);
#2160 = PLANE('',#2161);
#2161 = AXIS2_PLACEMENT_3D('',#2162,#2163,#2164);
#2162 = CARTESIAN_POINT('',(2.5,0.,22.));
#2163 = DIRECTION('',(1.,0.,-0.));
#2164 = DIRECTION('',(0.,0.,1.));
#2165 = DEFINITIONAL_REPRESENTATION('',(#2166),#2170);
#2166 = LINE('',#2167,#2168);
#2167 = CARTESIAN_POINT('',(1.,-13.26649916142));
#2168 = VECTOR('',#2169,1.);
#2169 = DIRECTION('',(-1.,0.));
#2170 = ( GEOMETRIC_REPRESENTATION_CONTEXT(2) 
PARAMETRIC_REPRESENTATION_CONTEXT() REPRESENTATION_CONTEXT('2D SPACE',''
  ) );
#2171 = ORIENTED_EDGE('',*,*,#2172,.T.);
#2172 = EDGE_CURVE('',#2146,#2173,#2175,.T.);
#2173 = VERTEX_POINT('',#2174);
#2174 = CARTESIAN_POINT('',(12.235155124995,5.705346533499,41.));
#2175 = SURFACE_CURVE('',#2176,(#2181,#2188),.PCURVE_S1.);
#2176 = CIRCLE('',#2177,13.5);
#2177 = AXIS2_PLACEMENT_3D('',#2178,#2179,#2180);
#2178 = CARTESIAN_POINT('',(0.,0.,41.));
#2179 = DIRECTION('',(0.,0.,-1.));
#2180 = DIRECTION('',(1.,0.,0.));
#2181 = PCURVE('',#2069,#2182);
#2182 = DEFINITIONAL_REPRESENTATION('',(#2183),#2187);
#2183 = LINE('',#2184,#2185);
#2184 = CARTESIAN_POINT('',(-4.138911435803E-13,-18.));
#2185 = VECTOR('',#2186,1.);
#2186 = DIRECTION('',(1.,-0.));
#2187 = ( GEOMETRIC_REPRESENTATION_CONTEXT(2) 
PARAMETRIC_REPRESENTATION_CONTEXT() REPRESENTATION_CONTEXT('2D SPACE',''
  ) );
#2188 = PCURVE('',#2189,#2194);
#2189 = PLANE('',#2190);
#2190 = AXIS2_PLACEMENT_3D('',#2191,#2192,#2193);
#2191 = CARTESIAN_POINT('',(0.,0.,41.));
#2192 = DIRECTION('',(0.,0.,1.));
#2193 = DIRECTION('',(0.906307787037,0.422618261741,-0.));
#2194 = DEFINITIONAL_REPRESENTATION('',(#2195),#2203);
#2195 = ( BOUNDED_CURVE() B_SPLINE_CURVE(2,(#2196,#2197,#2198,#2199,
#2200,#2201,#2202),.UNSPECIFIED.,.T.,.F.) B_SPLINE_CURVE_WITH_KNOTS((1,2
    ,2,2,2,1),(-2.094395102393,0.,2.094395102393,4.188790204786,
6.28318530718,8.377580409573),.UNSPECIFIED.) CURVE() 
GEOMETRIC_REPRESENTATION_ITEM() RATIONAL_B_SPLINE_CURVE((1.,0.5,1.,0.5,
1.,0.5,1.)) REPRESENTATION_ITEM('') );
#2196 = CARTESIAN_POINT('',(12.235155124994,-5.705346533501));
#2197 = CARTESIAN_POINT('',(2.353205054183,-26.89725684847));
#2198 = CARTESIAN_POINT('',(-11.0585525979,-7.743281890738));
#2199 = CARTESIAN_POINT('',(-24.47031024998,11.410693067002));
#2200 = CARTESIAN_POINT('',(-1.176602527092,13.448628424239));
#2201 = CARTESIAN_POINT('',(22.117105195805,15.486563781476));
#2202 = CARTESIAN_POINT('',(12.235155124994,-5.705346533501));
#2203 = ( GEOMETRIC_REPRESENTATION_CONTEXT(2) 
PARAMETRIC_REPRESENTATION_CONTEXT() REPRESENTATION_CONTEXT('2D SPACE',''
  ) );
#2204 = ORIENTED_EDGE('',*,*,#2205,.F.);
#2205 = EDGE_CURVE('',#2206,#2173,#2208,.T.);
#2206 = VERTEX_POINT('',#2207);
#2207 = CARTESIAN_POINT('',(12.235155124995,5.705346533499,47.));
#2208 = SURFACE_CURVE('',#2209,(#2213,#2219),.PCURVE_S1.);
#2209 = LINE('',#2210,#2211);
#2210 = CARTESIAN_POINT('',(12.235155124995,5.705346533499,23.));
#2211 = VECTOR('',#2212,1.);
#2212 = DIRECTION('',(-0.,-0.,-1.));
#2213 = PCURVE('',#2069,#2214);
#2214 = DEFINITIONAL_REPRESENTATION('',(#2215),#2218);
#2215 = B_SPLINE_CURVE_WITH_KNOTS('',1,(#2216,#2217),.UNSPECIFIED.,.F.,
  .F.,(2,2),(-24.6,-17.4),.PIECEWISE_BEZIER_KNOTS.);
#2216 = CARTESIAN_POINT('',(5.846852994181,-24.6));
#2217 = CARTESIAN_POINT('',(5.846852994181,-17.4));
#2218 = ( GEOMETRIC_REPRESENTATION_CONTEXT(2) 
PARAMETRIC_REPRESENTATION_CONTEXT() REPRESENTATION_CONTEXT('2D SPACE',''
  ) );
#2219 = PCURVE('',#2220,#2225);
#2220 = PLANE('',#2221);
#2221 = AXIS2_PLACEMENT_3D('',#2222,#2223,#2224);
#2222 = CARTESIAN_POINT('',(0.,0.,41.));
#2223 = DIRECTION('',(0.422618261741,-0.906307787037,0.));
#2224 = DIRECTION('',(0.906307787037,0.422618261741,0.));
#2225 = DEFINITIONAL_REPRESENTATION('',(#2226),#2230);
#2226 = LINE('',#2227,#2228);
#2227 = CARTESIAN_POINT('',(13.5,-18.));
#2228 = VECTOR('',#2229,1.);
#2229 = DIRECTION('',(0.,-1.));
#2230 = ( GEOMETRIC_REPRESENTATION_CONTEXT(2) 
PARAMETRIC_REPRESENTATION_CONTEXT() REPRESENTATION_CONTEXT('2D SPACE',''
  ) );
#2231 = ORIENTED_EDGE('',*,*,#2232,.F.);
#2232 = EDGE_CURVE('',#2233,#2206,#2235,.T.);
#2233 = VERTEX_POINT('',#2234);
#2234 = CARTESIAN_POINT('',(2.5,13.266499161422,47.));
#2235 = SURFACE_CURVE('',#2236,(#2241,#2248),.PCURVE_S1.);
#2236 = CIRCLE('',#2237,13.5);
#2237 = AXIS2_PLACEMENT_3D('',#2238,#2239,#2240);
#2238 = CARTESIAN_POINT('',(0.,0.,47.));
#2239 = DIRECTION('',(0.,0.,-1.));
#2240 = DIRECTION('',(1.,0.,0.));
#2241 = PCURVE('',#2069,#2242);
#2242 = DEFINITIONAL_REPRESENTATION('',(#2243),#2247);
#2243 = LINE('',#2244,#2245);
#2244 = CARTESIAN_POINT('',(-4.138911435803E-13,-24.));
#2245 = VECTOR('',#2246,1.);
#2246 = DIRECTION('',(1.,-0.));
#2247 = ( GEOMETRIC_REPRESENTATION_CONTEXT(2) 
PARAMETRIC_REPRESENTATION_CONTEXT() REPRESENTATION_CONTEXT('2D SPACE',''
  ) );
#2248 = PCURVE('',#2249,#2254);
#2249 = PLANE('',#2250);
#2250 = AXIS2_PLACEMENT_3D('',#2251,#2252,#2253);
#2251 = CARTESIAN_POINT('',(0.,0.,47.));
#2252 = DIRECTION('',(0.,0.,1.));
#2253 = DIRECTION('',(0.906307787037,0.422618261741,-0.));
#2254 = DEFINITIONAL_REPRESENTATION('',(#2255),#2263);
#2255 = ( BOUNDED_CURVE() B_SPLINE_CURVE(2,(#2256,#2257,#2258,#2259,
#2260,#2261,#2262),.UNSPECIFIED.,.T.,.F.) B_SPLINE_CURVE_WITH_KNOTS((1,2
    ,2,2,2,1),(-2.094395102393,0.,2.094395102393,4.188790204786,
6.28318530718,8.377580409573),.UNSPECIFIED.) CURVE() 
GEOMETRIC_REPRESENTATION_ITEM() RATIONAL_B_SPLINE_CURVE((1.,0.5,1.,0.5,
1.,0.5,1.)) REPRESENTATION_ITEM('') );
#2256 = CARTESIAN_POINT('',(12.235155124994,-5.705346533501));
#2257 = CARTESIAN_POINT('',(2.353205054183,-26.89725684847));
#2258 = CARTESIAN_POINT('',(-11.0585525979,-7.743281890738));
#2259 = CARTESIAN_POINT('',(-24.47031024998,11.410693067002));
#2260 = CARTESIAN_POINT('',(-1.176602527092,13.448628424239));
#2261 = CARTESIAN_POINT('',(22.117105195805,15.486563781476));
#2262 = CARTESIAN_POINT('',(12.235155124994,-5.705346533501));
#2263 = ( GEOMETRIC_REPRESENTATION_CONTEXT(2) 
PARAMETRIC_REPRESENTATION_CONTEXT() REPRESENTATION_CONTEXT('2D SPACE',''
  ) );
#2264 = ORIENTED_EDGE('',*,*,#2265,.F.);
#2265 = EDGE_CURVE('',#2266,#2233,#2268,.T.);
#2266 = VERTEX_POINT('',#2267);
#2267 = CARTESIAN_POINT('',(2.5,13.266499161422,58.5));
#2268 = SURFACE_CURVE('',#2269,(#2273,#2279),.PCURVE_S1.);
#2269 = LINE('',#2270,#2271);
#2270 = CARTESIAN_POINT('',(2.5,13.266499161422,23.));
#2271 = VECTOR('',#2272,1.);
#2272 = DIRECTION('',(-0.,-0.,-1.));
#2273 = PCURVE('',#2069,#2274);
#2274 = DEFINITIONAL_REPRESENTATION('',(#2275),#2278);
#2275 = B_SPLINE_CURVE_WITH_KNOTS('',1,(#2276,#2277),.UNSPECIFIED.,.F.,
  .F.,(2,2),(-39.15,6.E-07),.PIECEWISE_BEZIER_KNOTS.);
#2276 = CARTESIAN_POINT('',(4.898649283962,-39.15));
#2277 = CARTESIAN_POINT('',(4.898649283962,6.E-07));
#2278 = ( GEOMETRIC_REPRESENTATION_CONTEXT(2) 
PARAMETRIC_REPRESENTATION_CONTEXT() REPRESENTATION_CONTEXT('2D SPACE',''
  ) );
#2279 = PCURVE('',#2280,#2285);
#2280 = PLANE('',#2281);
#2281 = AXIS2_PLACEMENT_3D('',#2282,#2283,#2284);
#2282 = CARTESIAN_POINT('',(2.5,0.,22.));
#2283 = DIRECTION('',(1.,0.,-0.));
#2284 = DIRECTION('',(0.,0.,1.));
#2285 = DEFINITIONAL_REPRESENTATION('',(#2286),#2290);
#2286 = LINE('',#2287,#2288);
#2287 = CARTESIAN_POINT('',(1.,-13.26649916142));
#2288 = VECTOR('',#2289,1.);
#2289 = DIRECTION('',(-1.,0.));
#2290 = ( GEOMETRIC_REPRESENTATION_CONTEXT(2) 
PARAMETRIC_REPRESENTATION_CONTEXT() REPRESENTATION_CONTEXT('2D SPACE',''
  ) );
#2291 = ORIENTED_EDGE('',*,*,#2292,.T.);
#2292 = EDGE_CURVE('',#2266,#2293,#2295,.T.);
#2293 = VERTEX_POINT('',#2294);
#2294 = CARTESIAN_POINT('',(-2.5,13.266499161422,58.5));
#2295 = SURFACE_CURVE('',#2296,(#2323,#2374),.PCURVE_S1.);
#2296 = B_SPLINE_CURVE_WITH_KNOTS('',7,(#2297,#2298,#2299,#2300,#2301,
    #2302,#2303,#2304,#2305,#2306,#2307,#2308,#2309,#2310,#2311,#2312,
    #2313,#2314,#2315,#2316,#2317,#2318,#2319,#2320,#2321,#2322),
  .UNSPECIFIED.,.F.,.F.,(8,6,6,6,8),(0.,0.551167728342,1.,1.469645230679
    ,2.00176083611),.UNSPECIFIED.);
#2297 = CARTESIAN_POINT('',(2.5,13.266499161422,58.5));
#2298 = CARTESIAN_POINT('',(2.5,13.266499161422,58.769090754433));
#2299 = CARTESIAN_POINT('',(2.46620992867,13.272866631709,
    59.037803055167));
#2300 = CARTESIAN_POINT('',(2.39879235004,13.285571557623,
    59.303672388584));
#2301 = CARTESIAN_POINT('',(2.296927421219,13.304204844128,59.5639516699
    ));
#2302 = CARTESIAN_POINT('',(2.159091659923,13.327950396373,
    59.815114801926));
#2303 = CARTESIAN_POINT('',(1.983322331606,13.355287614254,
    60.052211574327));
#2304 = CARTESIAN_POINT('',(1.592233798016,13.40694375921,
    60.443300107917));
#2305 = CARTESIAN_POINT('',(1.386092099385,13.431438660087,
    60.608773142418));
#2306 = CARTESIAN_POINT('',(1.150297266559,13.455422967346,
    60.754653584399));
#2307 = CARTESIAN_POINT('',(0.888086319461,13.47643728115,
    60.872755066067));
#2308 = CARTESIAN_POINT('',(0.604508395277,13.491909015508,
    60.956310125469));
#2309 = CARTESIAN_POINT('',(0.305977145783,13.5,61.));
#2310 = CARTESIAN_POINT('',(-0.320165719552,13.5,61.));
#2311 = CARTESIAN_POINT('',(-0.631617721904,13.491141212081,
    60.952164370799));
#2312 = CARTESIAN_POINT('',(-0.926055881673,13.474293345725,
    60.861176104393));
#2313 = CARTESIAN_POINT('',(-1.196571459451,13.451623765004,
    60.733218733878));
#2314 = CARTESIAN_POINT('',(-1.437855269238,13.426076068684,
    60.575958654626));
#2315 = CARTESIAN_POINT('',(-1.64667826411,13.400369759618,
    60.398515375715));
#2316 = CARTESIAN_POINT('',(-2.021541561126,13.349297900498,
    59.999326509485));
#2317 = CARTESIAN_POINT('',(-2.184069582513,13.323632515744,
    59.768573140796));
#2318 = CARTESIAN_POINT('',(-2.311698891142,13.301500228395,
    59.525436422301));
#2319 = CARTESIAN_POINT('',(-2.406130912045,13.284188504167,
    59.274189066579));
#2320 = CARTESIAN_POINT('',(-2.468666757062,13.272403689153,
    59.017930618625));
#2321 = CARTESIAN_POINT('',(-2.5,13.266499161422,58.759122656446));
#2322 = CARTESIAN_POINT('',(-2.5,13.266499161422,58.5));
#2323 = PCURVE('',#2069,#2324);
#2324 = DEFINITIONAL_REPRESENTATION('',(#2325),#2373);
#2325 = B_SPLINE_CURVE_WITH_KNOTS('',3,(#2326,#2327,#2328,#2329,#2330,
    #2331,#2332,#2333,#2334,#2335,#2336,#2337,#2338,#2339,#2340,#2341,
    #2342,#2343,#2344,#2345,#2346,#2347,#2348,#2349,#2350,#2351,#2352,
    #2353,#2354,#2355,#2356,#2357,#2358,#2359,#2360,#2361,#2362,#2363,
    #2364,#2365,#2366,#2367,#2368,#2369,#2370,#2371,#2372),
  .UNSPECIFIED.,.F.,.F.,(4,1,1,1,1,1,1,1,1,1,1,1,1,1,1,1,1,1,1,1,1,1,1,1
    ,1,1,1,1,1,1,1,1,1,1,1,1,1,1,1,1,1,1,1,1,4),(0.,4.549456445705E-02,
    9.098912891411E-02,0.136483693371,0.181978257828,0.227472822285,
    0.272967386742,0.318461951199,0.363956515656,0.409451080113,
    0.454945644571,0.500440209028,0.545934773485,0.591429337942,
    0.636923902399,0.682418466856,0.727913031313,0.77340759577,
    0.818902160227,0.864396724684,0.909891289141,0.955385853598,
    1.000880418055,1.046374982512,1.091869546969,1.137364111426,
    1.182858675883,1.22835324034,1.273847804797,1.319342369255,
    1.364836933712,1.410331498169,1.455826062626,1.501320627083,
    1.54681519154,1.592309755997,1.637804320454,1.683298884911,
    1.728793449368,1.774288013825,1.819782578282,1.865277142739,
    1.910771707196,1.956266271653,2.00176083611),.UNSPECIFIED.);
#2326 = CARTESIAN_POINT('',(4.898649283962,-35.5));
#2327 = CARTESIAN_POINT('',(4.898649088421,-35.55182501435));
#2328 = CARTESIAN_POINT('',(4.898406497956,-35.65544418409));
#2329 = CARTESIAN_POINT('',(4.897313612323,-35.81046462831));
#2330 = CARTESIAN_POINT('',(4.895490199217,-35.96476889044));
#2331 = CARTESIAN_POINT('',(4.892931671235,-36.11802158253));
#2332 = CARTESIAN_POINT('',(4.889631688919,-36.26986240516));
#2333 = CARTESIAN_POINT('',(4.885582079725,-36.41989798351));
#2334 = CARTESIAN_POINT('',(4.880773096181,-36.56769664694));
#2335 = CARTESIAN_POINT('',(4.875193741227,-36.71277981202));
#2336 = CARTESIAN_POINT('',(4.868831529287,-36.85462137498));
#2337 = CARTESIAN_POINT('',(4.861674488852,-36.99261558746));
#2338 = CARTESIAN_POINT('',(4.853704822597,-37.12615987152));
#2339 = CARTESIAN_POINT('',(4.844923762643,-37.25430603407));
#2340 = CARTESIAN_POINT('',(4.83526006208,-37.3770193418));
#2341 = CARTESIAN_POINT('',(4.824617464508,-37.49391789634));
#2342 = CARTESIAN_POINT('',(4.813064720573,-37.60265992405));
#2343 = CARTESIAN_POINT('',(4.800644211412,-37.70156401777));
#2344 = CARTESIAN_POINT('',(4.787420544413,-37.78892888251));
#2345 = CARTESIAN_POINT('',(4.773465528377,-37.86321731681));
#2346 = CARTESIAN_POINT('',(4.758863554436,-37.9230087013));
#2347 = CARTESIAN_POINT('',(4.743699528402,-37.96701256894));
#2348 = CARTESIAN_POINT('',(4.728096841237,-37.99406888231));
#2349 = CARTESIAN_POINT('',(4.712073358046,-38.00314013666));
#2350 = CARTESIAN_POINT('',(4.69607661582,-37.99334939585));
#2351 = CARTESIAN_POINT('',(4.680508246864,-37.96566988167));
#2352 = CARTESIAN_POINT('',(4.665392050472,-37.92115791429));
#2353 = CARTESIAN_POINT('',(4.650843471062,-37.86098727397));
#2354 = CARTESIAN_POINT('',(4.636943314701,-37.78643926056));
#2355 = CARTESIAN_POINT('',(4.623770953121,-37.69890462863));
#2356 = CARTESIAN_POINT('',(4.611394525754,-37.59988164136));
#2357 = CARTESIAN_POINT('',(4.599872902099,-37.49097696665));
#2358 = CARTESIAN_POINT('',(4.589252921776,-37.37389815307));
#2359 = CARTESIAN_POINT('',(4.579573177197,-37.25047588597));
#2360 = CARTESIAN_POINT('',(4.570845873562,-37.12257435912));
#2361 = CARTESIAN_POINT('',(4.562915546484,-36.98921959617));
#2362 = CARTESIAN_POINT('',(4.55579611906,-36.8514833882));
#2363 = CARTESIAN_POINT('',(4.549466423224,-36.70992423507));
#2364 = CARTESIAN_POINT('',(4.543915499716,-36.56515056579));
#2365 = CARTESIAN_POINT('',(4.539130752131,-36.41768033733));
#2366 = CARTESIAN_POINT('',(4.535101399154,-36.26798847913));
#2367 = CARTESIAN_POINT('',(4.531817823158,-36.11650330447));
#2368 = CARTESIAN_POINT('',(4.529271984441,-35.96361616332));
#2369 = CARTESIAN_POINT('',(4.527457632147,-35.80968634212));
#2370 = CARTESIAN_POINT('',(4.526370225166,-35.65504914067));
#2371 = CARTESIAN_POINT('',(4.526128865833,-35.55169213047));
#2372 = CARTESIAN_POINT('',(4.526128676809,-35.5));
#2373 = ( GEOMETRIC_REPRESENTATION_CONTEXT(2) 
PARAMETRIC_REPRESENTATION_CONTEXT() REPRESENTATION_CONTEXT('2D SPACE',''
  ) );
#2374 = PCURVE('',#2375,#2380);
#2375 = CYLINDRICAL_SURFACE('',#2376,2.5);
#2376 = AXIS2_PLACEMENT_3D('',#2377,#2378,#2379);
#2377 = CARTESIAN_POINT('',(0.,0.,58.5));
#2378 = DIRECTION('',(0.,1.,0.));
#2379 = DIRECTION('',(0.,-0.,1.));
#2380 = DEFINITIONAL_REPRESENTATION('',(#2381),#2429);
#2381 = B_SPLINE_CURVE_WITH_KNOTS('',3,(#2382,#2383,#2384,#2385,#2386,
    #2387,#2388,#2389,#2390,#2391,#2392,#2393,#2394,#2395,#2396,#2397,
    #2398,#2399,#2400,#2401,#2402,#2403,#2404,#2405,#2406,#2407,#2408,
    #2409,#2410,#2411,#2412,#2413,#2414,#2415,#2416,#2417,#2418,#2419,
    #2420,#2421,#2422,#2423,#2424,#2425,#2426,#2427,#2428),
  .UNSPECIFIED.,.F.,.F.,(4,1,1,1,1,1,1,1,1,1,1,1,1,1,1,1,1,1,1,1,1,1,1,1
    ,1,1,1,1,1,1,1,1,1,1,1,1,1,1,1,1,1,1,1,1,4),(0.,4.549456445705E-02,
    9.098912891411E-02,0.136483693371,0.181978257828,0.227472822285,
    0.272967386742,0.318461951199,0.363956515656,0.409451080113,
    0.454945644571,0.500440209028,0.545934773485,0.591429337942,
    0.636923902399,0.682418466856,0.727913031313,0.77340759577,
    0.818902160227,0.864396724684,0.909891289141,0.955385853598,
    1.000880418055,1.046374982512,1.091869546969,1.137364111426,
    1.182858675883,1.22835324034,1.273847804797,1.319342369255,
    1.364836933712,1.410331498169,1.455826062626,1.501320627083,
    1.54681519154,1.592309755997,1.637804320454,1.683298884911,
    1.728793449368,1.774288013825,1.819782578282,1.865277142739,
    1.910771707196,1.956266271653,2.00176083611),.UNSPECIFIED.);
#2382 = CARTESIAN_POINT('',(7.853981633974,13.266499161422));
#2383 = CARTESIAN_POINT('',(7.833251342307,13.266497874417));
#2384 = CARTESIAN_POINT('',(7.791804091619,13.26710753102));
#2385 = CARTESIAN_POINT('',(7.72955527459,13.269830784281));
#2386 = CARTESIAN_POINT('',(7.667109598034,13.274341135594));
#2387 = CARTESIAN_POINT('',(7.604351572015,13.280595028529));
#2388 = CARTESIAN_POINT('',(7.541166252422,13.288533128855));
#2389 = CARTESIAN_POINT('',(7.477438572765,13.298076847577));
#2390 = CARTESIAN_POINT('',(7.413051890401,13.309127171403));
#2391 = CARTESIAN_POINT('',(7.34788791943,13.321562326766));
#2392 = CARTESIAN_POINT('',(7.281821952521,13.335236544298));
#2393 = CARTESIAN_POINT('',(7.214735090524,13.349974594041));
#2394 = CARTESIAN_POINT('',(7.146462107873,13.365581407504));
#2395 = CARTESIAN_POINT('',(7.076978034374,13.381795115873));
#2396 = CARTESIAN_POINT('',(7.005691727988,13.398451135148));
#2397 = CARTESIAN_POINT('',(6.931960422353,13.415347009598));
#2398 = CARTESIAN_POINT('',(6.856253507646,13.431964209897));
#2399 = CARTESIAN_POINT('',(6.778700399163,13.44782736332));
#2400 = CARTESIAN_POINT('',(6.69947592939,13.462432070969));
#2401 = CARTESIAN_POINT('',(6.618699082795,13.475286479025));
#2402 = CARTESIAN_POINT('',(6.536478753538,13.485922642767));
#2403 = CARTESIAN_POINT('',(6.45285402441,13.49391550172));
#2404 = CARTESIAN_POINT('',(6.368005140426,13.498899573971));
#2405 = CARTESIAN_POINT('',(6.281483009183,13.500582539343));
#2406 = CARTESIAN_POINT('',(6.19509289877,13.498766347185));
#2407 = CARTESIAN_POINT('',(6.110396170556,13.493669592943));
#2408 = CARTESIAN_POINT('',(6.026981920213,13.485589672608));
#2409 = CARTESIAN_POINT('',(5.944994063676,13.474895051257));
#2410 = CARTESIAN_POINT('',(5.864455230585,13.462008569926));
#2411 = CARTESIAN_POINT('',(5.78544993839,13.447391962475));
#2412 = CARTESIAN_POINT('',(5.708077845913,13.431529143509));
#2413 = CARTESIAN_POINT('',(5.632471420508,13.414910042589));
#2414 = CARTESIAN_POINT('',(5.558789807166,13.398012514011));
#2415 = CARTESIAN_POINT('',(5.487247237229,13.381292620947));
#2416 = CARTESIAN_POINT('',(5.418030558753,13.365146760727));
#2417 = CARTESIAN_POINT('',(5.349947894508,13.349595903436));
#2418 = CARTESIAN_POINT('',(5.283060425661,13.334919121033));
#2419 = CARTESIAN_POINT('',(5.217180303841,13.321303689716));
#2420 = CARTESIAN_POINT('',(5.152195462755,13.308924326805));
#2421 = CARTESIAN_POINT('',(5.087980396622,13.297924871196));
#2422 = CARTESIAN_POINT('',(5.024418296836,13.288426010543));
#2423 = CARTESIAN_POINT('',(4.961393610338,13.280525830365));
#2424 = CARTESIAN_POINT('',(4.898792694242,13.274302247873));
#2425 = CARTESIAN_POINT('',(4.83650221028,13.269814070991));
#2426 = CARTESIAN_POINT('',(4.774408503677,13.267104424591));
#2427 = CARTESIAN_POINT('',(4.733066117737,13.266497876354));
#2428 = CARTESIAN_POINT('',(4.712388980385,13.266499161422));
#2429 = ( GEOMETRIC_REPRESENTATION_CONTEXT(2) 
PARAMETRIC_REPRESENTATION_CONTEXT() REPRESENTATION_CONTEXT('2D SPACE',''
  ) );
#2430 = ORIENTED_EDGE('',*,*,#2431,.T.);
#2431 = EDGE_CURVE('',#2293,#2432,#2434,.T.);
#2432 = VERTEX_POINT('',#2433);
#2433 = CARTESIAN_POINT('',(-2.5,13.266499161422,23.));
#2434 = SURFACE_CURVE('',#2435,(#2439,#2445),.PCURVE_S1.);
#2435 = LINE('',#2436,#2437);
#2436 = CARTESIAN_POINT('',(-2.5,13.266499161422,23.));
#2437 = VECTOR('',#2438,1.);
#2438 = DIRECTION('',(-0.,-0.,-1.));
#2439 = PCURVE('',#2069,#2440);
#2440 = DEFINITIONAL_REPRESENTATION('',(#2441),#2444);
#2441 = B_SPLINE_CURVE_WITH_KNOTS('',1,(#2442,#2443),.UNSPECIFIED.,.F.,
  .F.,(2,2),(-39.15,6.E-07),.PIECEWISE_BEZIER_KNOTS.);
#2442 = CARTESIAN_POINT('',(4.526128676809,-39.15));
#2443 = CARTESIAN_POINT('',(4.526128676809,6.E-07));
#2444 = ( GEOMETRIC_REPRESENTATION_CONTEXT(2) 
PARAMETRIC_REPRESENTATION_CONTEXT() REPRESENTATION_CONTEXT('2D SPACE',''
  ) );
#2445 = PCURVE('',#2446,#2451);
#2446 = PLANE('',#2447);
#2447 = AXIS2_PLACEMENT_3D('',#2448,#2449,#2450);
#2448 = CARTESIAN_POINT('',(-2.5,0.,22.));
#2449 = DIRECTION('',(1.,0.,-0.));
#2450 = DIRECTION('',(0.,0.,1.));
#2451 = DEFINITIONAL_REPRESENTATION('',(#2452),#2456);
#2452 = LINE('',#2453,#2454);
#2453 = CARTESIAN_POINT('',(1.,-13.26649916142));
#2454 = VECTOR('',#2455,1.);
#2455 = DIRECTION('',(-1.,0.));
#2456 = ( GEOMETRIC_REPRESENTATION_CONTEXT(2) 
PARAMETRIC_REPRESENTATION_CONTEXT() REPRESENTATION_CONTEXT('2D SPACE',''
  ) );
#2457 = ORIENTED_EDGE('',*,*,#2458,.T.);
#2458 = EDGE_CURVE('',#2432,#2094,#2459,.T.);
#2459 = SURFACE_CURVE('',#2460,(#2465,#2472),.PCURVE_S1.);
#2460 = CIRCLE('',#2461,13.5);
#2461 = AXIS2_PLACEMENT_3D('',#2462,#2463,#2464);
#2462 = CARTESIAN_POINT('',(0.,0.,23.));
#2463 = DIRECTION('',(0.,0.,1.));
#2464 = DIRECTION('',(1.,0.,-0.));
#2465 = PCURVE('',#2069,#2466);
#2466 = DEFINITIONAL_REPRESENTATION('',(#2467),#2471);
#2467 = LINE('',#2468,#2469);
#2468 = CARTESIAN_POINT('',(6.28318530718,0.));
#2469 = VECTOR('',#2470,1.);
#2470 = DIRECTION('',(-1.,0.));
#2471 = ( GEOMETRIC_REPRESENTATION_CONTEXT(2) 
PARAMETRIC_REPRESENTATION_CONTEXT() REPRESENTATION_CONTEXT('2D SPACE',''
  ) );
#2472 = PCURVE('',#2133,#2473);
#2473 = DEFINITIONAL_REPRESENTATION('',(#2474),#2478);
#2474 = CIRCLE('',#2475,13.5);
#2475 = AXIS2_PLACEMENT_2D('',#2476,#2477);
#2476 = CARTESIAN_POINT('',(1.215502340035E-15,5.510910596163E-16));
#2477 = DIRECTION('',(1.,0.));
#2478 = ( GEOMETRIC_REPRESENTATION_CONTEXT(2) 
PARAMETRIC_REPRESENTATION_CONTEXT() REPRESENTATION_CONTEXT('2D SPACE',''
  ) );
#2479 = ORIENTED_EDGE('',*,*,#2093,.T.);
#2480 = ADVANCED_FACE('',(#2481,#2484),#2081,.T.);
#2481 = FACE_BOUND('',#2482,.T.);
#2482 = EDGE_LOOP('',(#2483));
#2483 = ORIENTED_EDGE('',*,*,#2059,.T.);
#2484 = FACE_BOUND('',#2485,.T.);
#2485 = EDGE_LOOP('',(#2486));
#2486 = ORIENTED_EDGE('',*,*,#2487,.F.);
#2487 = EDGE_CURVE('',#2488,#2488,#2490,.T.);
#2488 = VERTEX_POINT('',#2489);
#2489 = CARTESIAN_POINT('',(12.5,3.947459643112E-16,203.));
#2490 = SURFACE_CURVE('',#2491,(#2496,#2503),.PCURVE_S1.);
#2491 = CIRCLE('',#2492,12.5);
#2492 = AXIS2_PLACEMENT_3D('',#2493,#2494,#2495);
#2493 = CARTESIAN_POINT('',(6.421201019462E-14,3.947459643112E-16,203.)
  );
#2494 = DIRECTION('',(0.,0.,1.));
#2495 = DIRECTION('',(1.,0.,-0.));
#2496 = PCURVE('',#2081,#2497);
#2497 = DEFINITIONAL_REPRESENTATION('',(#2498),#2502);
#2498 = CIRCLE('',#2499,12.5);
#2499 = AXIS2_PLACEMENT_2D('',#2500,#2501);
#2500 = CARTESIAN_POINT('',(6.542751253466E-14,9.458370239275E-16));
#2501 = DIRECTION('',(1.,0.));
#2502 = ( GEOMETRIC_REPRESENTATION_CONTEXT(2) 
PARAMETRIC_REPRESENTATION_CONTEXT() REPRESENTATION_CONTEXT('2D SPACE',''
  ) );
#2503 = PCURVE('',#2504,#2509);
#2504 = CYLINDRICAL_SURFACE('',#2505,12.5);
#2505 = AXIS2_PLACEMENT_3D('',#2506,#2507,#2508);
#2506 = CARTESIAN_POINT('',(6.421201019462E-14,3.947459643112E-16,23.));
#2507 = DIRECTION('',(-0.,-0.,-1.));
#2508 = DIRECTION('',(1.,0.,0.));
#2509 = DEFINITIONAL_REPRESENTATION('',(#2510),#2514);
#2510 = LINE('',#2511,#2512);
#2511 = CARTESIAN_POINT('',(6.28318530718,-180.));
#2512 = VECTOR('',#2513,1.);
#2513 = DIRECTION('',(-1.,0.));
#2514 = ( GEOMETRIC_REPRESENTATION_CONTEXT(2) 
PARAMETRIC_REPRESENTATION_CONTEXT() REPRESENTATION_CONTEXT('2D SPACE',''
  ) );
#2515 = ADVANCED_FACE('',(#2516),#2133,.F.);
#2516 = FACE_BOUND('',#2517,.F.);
#2517 = EDGE_LOOP('',(#2518,#2519,#2520,#2543,#2567,#2591));
#2518 = ORIENTED_EDGE('',*,*,#2458,.T.);
#2519 = ORIENTED_EDGE('',*,*,#2116,.T.);
#2520 = ORIENTED_EDGE('',*,*,#2521,.F.);
#2521 = EDGE_CURVE('',#2522,#2117,#2524,.T.);
#2522 = VERTEX_POINT('',#2523);
#2523 = CARTESIAN_POINT('',(2.5,12.247448713916,23.));
#2524 = SURFACE_CURVE('',#2525,(#2529,#2536),.PCURVE_S1.);
#2525 = LINE('',#2526,#2527);
#2526 = CARTESIAN_POINT('',(2.5,-2.755455298082E-16,23.));
#2527 = VECTOR('',#2528,1.);
#2528 = DIRECTION('',(-0.,1.,0.));
#2529 = PCURVE('',#2133,#2530);
#2530 = DEFINITIONAL_REPRESENTATION('',(#2531),#2535);
#2531 = LINE('',#2532,#2533);
#2532 = CARTESIAN_POINT('',(2.5,2.755455298081E-16));
#2533 = VECTOR('',#2534,1.);
#2534 = DIRECTION('',(0.,1.));
#2535 = ( GEOMETRIC_REPRESENTATION_CONTEXT(2) 
PARAMETRIC_REPRESENTATION_CONTEXT() REPRESENTATION_CONTEXT('2D SPACE',''
  ) );
#2536 = PCURVE('',#2160,#2537);
#2537 = DEFINITIONAL_REPRESENTATION('',(#2538),#2542);
#2538 = LINE('',#2539,#2540);
#2539 = CARTESIAN_POINT('',(1.,2.755455298082E-16));
#2540 = VECTOR('',#2541,1.);
#2541 = DIRECTION('',(0.,-1.));
#2542 = ( GEOMETRIC_REPRESENTATION_CONTEXT(2) 
PARAMETRIC_REPRESENTATION_CONTEXT() REPRESENTATION_CONTEXT('2D SPACE',''
  ) );
#2543 = ORIENTED_EDGE('',*,*,#2544,.F.);
#2544 = EDGE_CURVE('',#2545,#2522,#2547,.T.);
#2545 = VERTEX_POINT('',#2546);
#2546 = CARTESIAN_POINT('',(12.5,3.947459643112E-16,23.));
#2547 = SURFACE_CURVE('',#2548,(#2553,#2560),.PCURVE_S1.);
#2548 = CIRCLE('',#2549,12.5);
#2549 = AXIS2_PLACEMENT_3D('',#2550,#2551,#2552);
#2550 = CARTESIAN_POINT('',(6.421201019462E-14,3.947459643112E-16,23.));
#2551 = DIRECTION('',(0.,0.,1.));
#2552 = DIRECTION('',(1.,0.,-0.));
#2553 = PCURVE('',#2133,#2554);
#2554 = DEFINITIONAL_REPRESENTATION('',(#2555),#2559);
#2555 = CIRCLE('',#2556,12.5);
#2556 = AXIS2_PLACEMENT_2D('',#2557,#2558);
#2557 = CARTESIAN_POINT('',(6.542751253466E-14,9.458370239275E-16));
#2558 = DIRECTION('',(1.,0.));
#2559 = ( GEOMETRIC_REPRESENTATION_CONTEXT(2) 
PARAMETRIC_REPRESENTATION_CONTEXT() REPRESENTATION_CONTEXT('2D SPACE',''
  ) );
#2560 = PCURVE('',#2504,#2561);
#2561 = DEFINITIONAL_REPRESENTATION('',(#2562),#2566);
#2562 = LINE('',#2563,#2564);
#2563 = CARTESIAN_POINT('',(6.28318530718,0.));
#2564 = VECTOR('',#2565,1.);
#2565 = DIRECTION('',(-1.,0.));
#2566 = ( GEOMETRIC_REPRESENTATION_CONTEXT(2) 
PARAMETRIC_REPRESENTATION_CONTEXT() REPRESENTATION_CONTEXT('2D SPACE',''
  ) );
#2567 = ORIENTED_EDGE('',*,*,#2568,.F.);
#2568 = EDGE_CURVE('',#2569,#2545,#2571,.T.);
#2569 = VERTEX_POINT('',#2570);
#2570 = CARTESIAN_POINT('',(-2.5,12.247448713916,23.));
#2571 = SURFACE_CURVE('',#2572,(#2577,#2584),.PCURVE_S1.);
#2572 = CIRCLE('',#2573,12.5);
#2573 = AXIS2_PLACEMENT_3D('',#2574,#2575,#2576);
#2574 = CARTESIAN_POINT('',(6.421201019462E-14,3.947459643112E-16,23.));
#2575 = DIRECTION('',(0.,0.,1.));
#2576 = DIRECTION('',(1.,0.,-0.));
#2577 = PCURVE('',#2133,#2578);
#2578 = DEFINITIONAL_REPRESENTATION('',(#2579),#2583);
#2579 = CIRCLE('',#2580,12.5);
#2580 = AXIS2_PLACEMENT_2D('',#2581,#2582);
#2581 = CARTESIAN_POINT('',(6.542751253466E-14,9.458370239275E-16));
#2582 = DIRECTION('',(1.,0.));
#2583 = ( GEOMETRIC_REPRESENTATION_CONTEXT(2) 
PARAMETRIC_REPRESENTATION_CONTEXT() REPRESENTATION_CONTEXT('2D SPACE',''
  ) );
#2584 = PCURVE('',#2504,#2585);
#2585 = DEFINITIONAL_REPRESENTATION('',(#2586),#2590);
#2586 = LINE('',#2587,#2588);
#2587 = CARTESIAN_POINT('',(6.28318530718,0.));
#2588 = VECTOR('',#2589,1.);
#2589 = DIRECTION('',(-1.,0.));
#2590 = ( GEOMETRIC_REPRESENTATION_CONTEXT(2) 
PARAMETRIC_REPRESENTATION_CONTEXT() REPRESENTATION_CONTEXT('2D SPACE',''
  ) );
#2591 = ORIENTED_EDGE('',*,*,#2592,.T.);
#2592 = EDGE_CURVE('',#2569,#2432,#2593,.T.);
#2593 = SURFACE_CURVE('',#2594,(#2598,#2605),.PCURVE_S1.);
#2594 = LINE('',#2595,#2596);
#2595 = CARTESIAN_POINT('',(-2.5,-2.755455298082E-16,23.));
#2596 = VECTOR('',#2597,1.);
#2597 = DIRECTION('',(-0.,1.,0.));
#2598 = PCURVE('',#2133,#2599);
#2599 = DEFINITIONAL_REPRESENTATION('',(#2600),#2604);
#2600 = LINE('',#2601,#2602);
#2601 = CARTESIAN_POINT('',(-2.5,2.755455298081E-16));
#2602 = VECTOR('',#2603,1.);
#2603 = DIRECTION('',(0.,1.));
#2604 = ( GEOMETRIC_REPRESENTATION_CONTEXT(2) 
PARAMETRIC_REPRESENTATION_CONTEXT() REPRESENTATION_CONTEXT('2D SPACE',''
  ) );
#2605 = PCURVE('',#2446,#2606);
#2606 = DEFINITIONAL_REPRESENTATION('',(#2607),#2611);
#2607 = LINE('',#2608,#2609);
#2608 = CARTESIAN_POINT('',(1.,2.755455298082E-16));
#2609 = VECTOR('',#2610,1.);
#2610 = DIRECTION('',(0.,-1.));
#2611 = ( GEOMETRIC_REPRESENTATION_CONTEXT(2) 
PARAMETRIC_REPRESENTATION_CONTEXT() REPRESENTATION_CONTEXT('2D SPACE',''
  ) );
#2612 = ADVANCED_FACE('',(#2613),#2160,.F.);
#2613 = FACE_BOUND('',#2614,.F.);
#2614 = EDGE_LOOP('',(#2615,#2638,#2658,#2659));
#2615 = ORIENTED_EDGE('',*,*,#2616,.T.);
#2616 = EDGE_CURVE('',#2146,#2617,#2619,.T.);
#2617 = VERTEX_POINT('',#2618);
#2618 = CARTESIAN_POINT('',(2.5,12.247448713916,41.));
#2619 = SURFACE_CURVE('',#2620,(#2624,#2631),.PCURVE_S1.);
#2620 = LINE('',#2621,#2622);
#2621 = CARTESIAN_POINT('',(2.5,0.,41.));
#2622 = VECTOR('',#2623,1.);
#2623 = DIRECTION('',(0.,-1.,0.));
#2624 = PCURVE('',#2160,#2625);
#2625 = DEFINITIONAL_REPRESENTATION('',(#2626),#2630);
#2626 = LINE('',#2627,#2628);
#2627 = CARTESIAN_POINT('',(19.,0.));
#2628 = VECTOR('',#2629,1.);
#2629 = DIRECTION('',(0.,1.));
#2630 = ( GEOMETRIC_REPRESENTATION_CONTEXT(2) 
PARAMETRIC_REPRESENTATION_CONTEXT() REPRESENTATION_CONTEXT('2D SPACE',''
  ) );
#2631 = PCURVE('',#2189,#2632);
#2632 = DEFINITIONAL_REPRESENTATION('',(#2633),#2637);
#2633 = LINE('',#2634,#2635);
#2634 = CARTESIAN_POINT('',(2.265769467591,-1.056545654352));
#2635 = VECTOR('',#2636,1.);
#2636 = DIRECTION('',(-0.422618261741,-0.906307787037));
#2637 = ( GEOMETRIC_REPRESENTATION_CONTEXT(2) 
PARAMETRIC_REPRESENTATION_CONTEXT() REPRESENTATION_CONTEXT('2D SPACE',''
  ) );
#2638 = ORIENTED_EDGE('',*,*,#2639,.T.);
#2639 = EDGE_CURVE('',#2617,#2522,#2640,.T.);
#2640 = SURFACE_CURVE('',#2641,(#2645,#2652),.PCURVE_S1.);
#2641 = LINE('',#2642,#2643);
#2642 = CARTESIAN_POINT('',(2.5,12.247448713916,23.));
#2643 = VECTOR('',#2644,1.);
#2644 = DIRECTION('',(-0.,-0.,-1.));
#2645 = PCURVE('',#2160,#2646);
#2646 = DEFINITIONAL_REPRESENTATION('',(#2647),#2651);
#2647 = LINE('',#2648,#2649);
#2648 = CARTESIAN_POINT('',(1.,-12.24744871391));
#2649 = VECTOR('',#2650,1.);
#2650 = DIRECTION('',(-1.,0.));
#2651 = ( GEOMETRIC_REPRESENTATION_CONTEXT(2) 
PARAMETRIC_REPRESENTATION_CONTEXT() REPRESENTATION_CONTEXT('2D SPACE',''
  ) );
#2652 = PCURVE('',#2504,#2653);
#2653 = DEFINITIONAL_REPRESENTATION('',(#2654),#2657);
#2654 = B_SPLINE_CURVE_WITH_KNOTS('',1,(#2655,#2656),.UNSPECIFIED.,.F.,
  .F.,(2,2),(-39.15,6.E-07),.PIECEWISE_BEZIER_KNOTS.);
#2655 = CARTESIAN_POINT('',(4.913746901175,-39.15));
#2656 = CARTESIAN_POINT('',(4.913746901175,6.E-07));
#2657 = ( GEOMETRIC_REPRESENTATION_CONTEXT(2) 
PARAMETRIC_REPRESENTATION_CONTEXT() REPRESENTATION_CONTEXT('2D SPACE',''
  ) );
#2658 = ORIENTED_EDGE('',*,*,#2521,.T.);
#2659 = ORIENTED_EDGE('',*,*,#2145,.F.);
#2660 = ADVANCED_FACE('',(#2661),#2189,.T.);
#2661 = FACE_BOUND('',#2662,.T.);
#2662 = EDGE_LOOP('',(#2663,#2686,#2687,#2688));
#2663 = ORIENTED_EDGE('',*,*,#2664,.T.);
#2664 = EDGE_CURVE('',#2665,#2173,#2667,.T.);
#2665 = VERTEX_POINT('',#2666);
#2666 = CARTESIAN_POINT('',(11.328847337958,5.282728271759,41.));
#2667 = SURFACE_CURVE('',#2668,(#2672,#2679),.PCURVE_S1.);
#2668 = LINE('',#2669,#2670);
#2669 = CARTESIAN_POINT('',(0.,0.,41.));
#2670 = VECTOR('',#2671,1.);
#2671 = DIRECTION('',(0.906307787037,0.422618261741,0.));
#2672 = PCURVE('',#2189,#2673);
#2673 = DEFINITIONAL_REPRESENTATION('',(#2674),#2678);
#2674 = LINE('',#2675,#2676);
#2675 = CARTESIAN_POINT('',(0.,0.));
#2676 = VECTOR('',#2677,1.);
#2677 = DIRECTION('',(1.,0.));
#2678 = ( GEOMETRIC_REPRESENTATION_CONTEXT(2) 
PARAMETRIC_REPRESENTATION_CONTEXT() REPRESENTATION_CONTEXT('2D SPACE',''
  ) );
#2679 = PCURVE('',#2220,#2680);
#2680 = DEFINITIONAL_REPRESENTATION('',(#2681),#2685);
#2681 = LINE('',#2682,#2683);
#2682 = CARTESIAN_POINT('',(0.,0.));
#2683 = VECTOR('',#2684,1.);
#2684 = DIRECTION('',(1.,0.));
#2685 = ( GEOMETRIC_REPRESENTATION_CONTEXT(2) 
PARAMETRIC_REPRESENTATION_CONTEXT() REPRESENTATION_CONTEXT('2D SPACE',''
  ) );
#2686 = ORIENTED_EDGE('',*,*,#2172,.F.);
#2687 = ORIENTED_EDGE('',*,*,#2616,.T.);
#2688 = ORIENTED_EDGE('',*,*,#2689,.T.);
#2689 = EDGE_CURVE('',#2617,#2665,#2690,.T.);
#2690 = SURFACE_CURVE('',#2691,(#2696,#2707),.PCURVE_S1.);
#2691 = CIRCLE('',#2692,12.5);
#2692 = AXIS2_PLACEMENT_3D('',#2693,#2694,#2695);
#2693 = CARTESIAN_POINT('',(6.421201019462E-14,3.947459643112E-16,41.));
#2694 = DIRECTION('',(0.,0.,-1.));
#2695 = DIRECTION('',(1.,0.,0.));
#2696 = PCURVE('',#2189,#2697);
#2697 = DEFINITIONAL_REPRESENTATION('',(#2698),#2706);
#2698 = ( BOUNDED_CURVE() B_SPLINE_CURVE(2,(#2699,#2700,#2701,#2702,
#2703,#2704,#2705),.UNSPECIFIED.,.T.,.F.) B_SPLINE_CURVE_WITH_KNOTS((1,2
    ,2,2,2,1),(-2.094395102393,0.,2.094395102393,4.188790204786,
6.28318530718,8.377580409573),.UNSPECIFIED.) CURVE() 
GEOMETRIC_REPRESENTATION_ITEM() RATIONAL_B_SPLINE_CURVE((1.,0.5,1.,0.5,
1.,0.5,1.)) REPRESENTATION_ITEM('') );
#2699 = CARTESIAN_POINT('',(11.328847337958,-5.28272827176));
#2700 = CARTESIAN_POINT('',(2.178893568688,-24.90486745229));
#2701 = CARTESIAN_POINT('',(-10.23940055361,-7.169705454387));
#2702 = CARTESIAN_POINT('',(-22.65769467591,10.56545654352));
#2703 = CARTESIAN_POINT('',(-1.089446784344,12.452433726147));
#2704 = CARTESIAN_POINT('',(20.478801107227,14.339410908774));
#2705 = CARTESIAN_POINT('',(11.328847337958,-5.28272827176));
#2706 = ( GEOMETRIC_REPRESENTATION_CONTEXT(2) 
PARAMETRIC_REPRESENTATION_CONTEXT() REPRESENTATION_CONTEXT('2D SPACE',''
  ) );
#2707 = PCURVE('',#2504,#2708);
#2708 = DEFINITIONAL_REPRESENTATION('',(#2709),#2713);
#2709 = LINE('',#2710,#2711);
#2710 = CARTESIAN_POINT('',(-4.138911435803E-13,-18.));
#2711 = VECTOR('',#2712,1.);
#2712 = DIRECTION('',(1.,-0.));
#2713 = ( GEOMETRIC_REPRESENTATION_CONTEXT(2) 
PARAMETRIC_REPRESENTATION_CONTEXT() REPRESENTATION_CONTEXT('2D SPACE',''
  ) );
#2714 = ADVANCED_FACE('',(#2715),#2220,.F.);
#2715 = FACE_BOUND('',#2716,.F.);
#2716 = EDGE_LOOP('',(#2717,#2739,#2740,#2741));
#2717 = ORIENTED_EDGE('',*,*,#2718,.T.);
#2718 = EDGE_CURVE('',#2719,#2665,#2721,.T.);
#2719 = VERTEX_POINT('',#2720);
#2720 = CARTESIAN_POINT('',(11.328847337958,5.282728271759,47.));
#2721 = SURFACE_CURVE('',#2722,(#2726,#2733),.PCURVE_S1.);
#2722 = LINE('',#2723,#2724);
#2723 = CARTESIAN_POINT('',(11.328847337958,5.282728271759,23.));
#2724 = VECTOR('',#2725,1.);
#2725 = DIRECTION('',(-0.,-0.,-1.));
#2726 = PCURVE('',#2220,#2727);
#2727 = DEFINITIONAL_REPRESENTATION('',(#2728),#2732);
#2728 = LINE('',#2729,#2730);
#2729 = CARTESIAN_POINT('',(12.5,-18.));
#2730 = VECTOR('',#2731,1.);
#2731 = DIRECTION('',(0.,-1.));
#2732 = ( GEOMETRIC_REPRESENTATION_CONTEXT(2) 
PARAMETRIC_REPRESENTATION_CONTEXT() REPRESENTATION_CONTEXT('2D SPACE',''
  ) );
#2733 = PCURVE('',#2504,#2734);
#2734 = DEFINITIONAL_REPRESENTATION('',(#2735),#2738);
#2735 = B_SPLINE_CURVE_WITH_KNOTS('',1,(#2736,#2737),.UNSPECIFIED.,.F.,
  .F.,(2,2),(-24.6,-17.4),.PIECEWISE_BEZIER_KNOTS.);
#2736 = CARTESIAN_POINT('',(5.846852994181,-24.6));
#2737 = CARTESIAN_POINT('',(5.846852994181,-17.4));
#2738 = ( GEOMETRIC_REPRESENTATION_CONTEXT(2) 
PARAMETRIC_REPRESENTATION_CONTEXT() REPRESENTATION_CONTEXT('2D SPACE',''
  ) );
#2739 = ORIENTED_EDGE('',*,*,#2664,.T.);
#2740 = ORIENTED_EDGE('',*,*,#2205,.F.);
#2741 = ORIENTED_EDGE('',*,*,#2742,.F.);
#2742 = EDGE_CURVE('',#2719,#2206,#2743,.T.);
#2743 = SURFACE_CURVE('',#2744,(#2748,#2755),.PCURVE_S1.);
#2744 = LINE('',#2745,#2746);
#2745 = CARTESIAN_POINT('',(0.,0.,47.));
#2746 = VECTOR('',#2747,1.);
#2747 = DIRECTION('',(0.906307787037,0.422618261741,0.));
#2748 = PCURVE('',#2220,#2749);
#2749 = DEFINITIONAL_REPRESENTATION('',(#2750),#2754);
#2750 = LINE('',#2751,#2752);
#2751 = CARTESIAN_POINT('',(0.,6.));
#2752 = VECTOR('',#2753,1.);
#2753 = DIRECTION('',(1.,0.));
#2754 = ( GEOMETRIC_REPRESENTATION_CONTEXT(2) 
PARAMETRIC_REPRESENTATION_CONTEXT() REPRESENTATION_CONTEXT('2D SPACE',''
  ) );
#2755 = PCURVE('',#2249,#2756);
#2756 = DEFINITIONAL_REPRESENTATION('',(#2757),#2761);
#2757 = LINE('',#2758,#2759);
#2758 = CARTESIAN_POINT('',(0.,0.));
#2759 = VECTOR('',#2760,1.);
#2760 = DIRECTION('',(1.,0.));
#2761 = ( GEOMETRIC_REPRESENTATION_CONTEXT(2) 
PARAMETRIC_REPRESENTATION_CONTEXT() REPRESENTATION_CONTEXT('2D SPACE',''
  ) );
#2762 = ADVANCED_FACE('',(#2763),#2249,.F.);
#2763 = FACE_BOUND('',#2764,.F.);
#2764 = EDGE_LOOP('',(#2765,#2766,#2767,#2790));
#2765 = ORIENTED_EDGE('',*,*,#2742,.T.);
#2766 = ORIENTED_EDGE('',*,*,#2232,.F.);
#2767 = ORIENTED_EDGE('',*,*,#2768,.T.);
#2768 = EDGE_CURVE('',#2233,#2769,#2771,.T.);
#2769 = VERTEX_POINT('',#2770);
#2770 = CARTESIAN_POINT('',(2.5,12.247448713916,47.));
#2771 = SURFACE_CURVE('',#2772,(#2776,#2783),.PCURVE_S1.);
#2772 = LINE('',#2773,#2774);
#2773 = CARTESIAN_POINT('',(2.5,0.,47.));
#2774 = VECTOR('',#2775,1.);
#2775 = DIRECTION('',(0.,-1.,0.));
#2776 = PCURVE('',#2249,#2777);
#2777 = DEFINITIONAL_REPRESENTATION('',(#2778),#2782);
#2778 = LINE('',#2779,#2780);
#2779 = CARTESIAN_POINT('',(2.265769467591,-1.056545654352));
#2780 = VECTOR('',#2781,1.);
#2781 = DIRECTION('',(-0.422618261741,-0.906307787037));
#2782 = ( GEOMETRIC_REPRESENTATION_CONTEXT(2) 
PARAMETRIC_REPRESENTATION_CONTEXT() REPRESENTATION_CONTEXT('2D SPACE',''
  ) );
#2783 = PCURVE('',#2280,#2784);
#2784 = DEFINITIONAL_REPRESENTATION('',(#2785),#2789);
#2785 = LINE('',#2786,#2787);
#2786 = CARTESIAN_POINT('',(25.,0.));
#2787 = VECTOR('',#2788,1.);
#2788 = DIRECTION('',(0.,1.));
#2789 = ( GEOMETRIC_REPRESENTATION_CONTEXT(2) 
PARAMETRIC_REPRESENTATION_CONTEXT() REPRESENTATION_CONTEXT('2D SPACE',''
  ) );
#2790 = ORIENTED_EDGE('',*,*,#2791,.T.);
#2791 = EDGE_CURVE('',#2769,#2719,#2792,.T.);
#2792 = SURFACE_CURVE('',#2793,(#2798,#2809),.PCURVE_S1.);
#2793 = CIRCLE('',#2794,12.5);
#2794 = AXIS2_PLACEMENT_3D('',#2795,#2796,#2797);
#2795 = CARTESIAN_POINT('',(6.421201019462E-14,3.947459643112E-16,47.));
#2796 = DIRECTION('',(0.,0.,-1.));
#2797 = DIRECTION('',(1.,0.,0.));
#2798 = PCURVE('',#2249,#2799);
#2799 = DEFINITIONAL_REPRESENTATION('',(#2800),#2808);
#2800 = ( BOUNDED_CURVE() B_SPLINE_CURVE(2,(#2801,#2802,#2803,#2804,
#2805,#2806,#2807),.UNSPECIFIED.,.T.,.F.) B_SPLINE_CURVE_WITH_KNOTS((1,2
    ,2,2,2,1),(-2.094395102393,0.,2.094395102393,4.188790204786,
6.28318530718,8.377580409573),.UNSPECIFIED.) CURVE() 
GEOMETRIC_REPRESENTATION_ITEM() RATIONAL_B_SPLINE_CURVE((1.,0.5,1.,0.5,
1.,0.5,1.)) REPRESENTATION_ITEM('') );
#2801 = CARTESIAN_POINT('',(11.328847337958,-5.28272827176));
#2802 = CARTESIAN_POINT('',(2.178893568688,-24.90486745229));
#2803 = CARTESIAN_POINT('',(-10.23940055361,-7.169705454387));
#2804 = CARTESIAN_POINT('',(-22.65769467591,10.56545654352));
#2805 = CARTESIAN_POINT('',(-1.089446784344,12.452433726147));
#2806 = CARTESIAN_POINT('',(20.478801107227,14.339410908774));
#2807 = CARTESIAN_POINT('',(11.328847337958,-5.28272827176));
#2808 = ( GEOMETRIC_REPRESENTATION_CONTEXT(2) 
PARAMETRIC_REPRESENTATION_CONTEXT() REPRESENTATION_CONTEXT('2D SPACE',''
  ) );
#2809 = PCURVE('',#2504,#2810);
#2810 = DEFINITIONAL_REPRESENTATION('',(#2811),#2815);
#2811 = LINE('',#2812,#2813);
#2812 = CARTESIAN_POINT('',(-4.138911435803E-13,-24.));
#2813 = VECTOR('',#2814,1.);
#2814 = DIRECTION('',(1.,-0.));
#2815 = ( GEOMETRIC_REPRESENTATION_CONTEXT(2) 
PARAMETRIC_REPRESENTATION_CONTEXT() REPRESENTATION_CONTEXT('2D SPACE',''
  ) );
#2816 = ADVANCED_FACE('',(#2817),#2280,.F.);
#2817 = FACE_BOUND('',#2818,.F.);
#2818 = EDGE_LOOP('',(#2819,#2841,#2861,#2862));
#2819 = ORIENTED_EDGE('',*,*,#2820,.F.);
#2820 = EDGE_CURVE('',#2821,#2266,#2823,.T.);
#2821 = VERTEX_POINT('',#2822);
#2822 = CARTESIAN_POINT('',(2.5,12.247448713916,58.5));
#2823 = SURFACE_CURVE('',#2824,(#2828,#2835),.PCURVE_S1.);
#2824 = LINE('',#2825,#2826);
#2825 = CARTESIAN_POINT('',(2.5,0.,58.5));
#2826 = VECTOR('',#2827,1.);
#2827 = DIRECTION('',(-0.,1.,0.));
#2828 = PCURVE('',#2280,#2829);
#2829 = DEFINITIONAL_REPRESENTATION('',(#2830),#2834);
#2830 = LINE('',#2831,#2832);
#2831 = CARTESIAN_POINT('',(36.5,0.));
#2832 = VECTOR('',#2833,1.);
#2833 = DIRECTION('',(0.,-1.));
#2834 = ( GEOMETRIC_REPRESENTATION_CONTEXT(2) 
PARAMETRIC_REPRESENTATION_CONTEXT() REPRESENTATION_CONTEXT('2D SPACE',''
  ) );
#2835 = PCURVE('',#2375,#2836);
#2836 = DEFINITIONAL_REPRESENTATION('',(#2837),#2840);
#2837 = B_SPLINE_CURVE_WITH_KNOTS('',1,(#2838,#2839),.UNSPECIFIED.,.F.,
  .F.,(2,2),(12.247448713916,13.266499161422),.PIECEWISE_BEZIER_KNOTS.);
#2838 = CARTESIAN_POINT('',(7.853981633974,12.247448713916));
#2839 = CARTESIAN_POINT('',(7.853981633974,13.266499161422));
#2840 = ( GEOMETRIC_REPRESENTATION_CONTEXT(2) 
PARAMETRIC_REPRESENTATION_CONTEXT() REPRESENTATION_CONTEXT('2D SPACE',''
  ) );
#2841 = ORIENTED_EDGE('',*,*,#2842,.T.);
#2842 = EDGE_CURVE('',#2821,#2769,#2843,.T.);
#2843 = SURFACE_CURVE('',#2844,(#2848,#2855),.PCURVE_S1.);
#2844 = LINE('',#2845,#2846);
#2845 = CARTESIAN_POINT('',(2.5,12.247448713916,23.));
#2846 = VECTOR('',#2847,1.);
#2847 = DIRECTION('',(-0.,-0.,-1.));
#2848 = PCURVE('',#2280,#2849);
#2849 = DEFINITIONAL_REPRESENTATION('',(#2850),#2854);
#2850 = LINE('',#2851,#2852);
#2851 = CARTESIAN_POINT('',(1.,-12.24744871391));
#2852 = VECTOR('',#2853,1.);
#2853 = DIRECTION('',(-1.,0.));
#2854 = ( GEOMETRIC_REPRESENTATION_CONTEXT(2) 
PARAMETRIC_REPRESENTATION_CONTEXT() REPRESENTATION_CONTEXT('2D SPACE',''
  ) );
#2855 = PCURVE('',#2504,#2856);
#2856 = DEFINITIONAL_REPRESENTATION('',(#2857),#2860);
#2857 = B_SPLINE_CURVE_WITH_KNOTS('',1,(#2858,#2859),.UNSPECIFIED.,.F.,
  .F.,(2,2),(-39.15,6.E-07),.PIECEWISE_BEZIER_KNOTS.);
#2858 = CARTESIAN_POINT('',(4.913746901175,-39.15));
#2859 = CARTESIAN_POINT('',(4.913746901175,6.E-07));
#2860 = ( GEOMETRIC_REPRESENTATION_CONTEXT(2) 
PARAMETRIC_REPRESENTATION_CONTEXT() REPRESENTATION_CONTEXT('2D SPACE',''
  ) );
#2861 = ORIENTED_EDGE('',*,*,#2768,.F.);
#2862 = ORIENTED_EDGE('',*,*,#2265,.F.);
#2863 = ADVANCED_FACE('',(#2864),#2375,.F.);
#2864 = FACE_BOUND('',#2865,.F.);
#2865 = EDGE_LOOP('',(#2866,#2867,#2889,#3021));
#2866 = ORIENTED_EDGE('',*,*,#2292,.T.);
#2867 = ORIENTED_EDGE('',*,*,#2868,.F.);
#2868 = EDGE_CURVE('',#2869,#2293,#2871,.T.);
#2869 = VERTEX_POINT('',#2870);
#2870 = CARTESIAN_POINT('',(-2.5,12.247448713916,58.5));
#2871 = SURFACE_CURVE('',#2872,(#2876,#2882),.PCURVE_S1.);
#2872 = LINE('',#2873,#2874);
#2873 = CARTESIAN_POINT('',(-2.5,0.,58.5));
#2874 = VECTOR('',#2875,1.);
#2875 = DIRECTION('',(-0.,1.,0.));
#2876 = PCURVE('',#2375,#2877);
#2877 = DEFINITIONAL_REPRESENTATION('',(#2878),#2881);
#2878 = B_SPLINE_CURVE_WITH_KNOTS('',1,(#2879,#2880),.UNSPECIFIED.,.F.,
  .F.,(2,2),(12.247448713916,13.266499161422),.PIECEWISE_BEZIER_KNOTS.);
#2879 = CARTESIAN_POINT('',(4.712388980385,12.247448713916));
#2880 = CARTESIAN_POINT('',(4.712388980385,13.266499161422));
#2881 = ( GEOMETRIC_REPRESENTATION_CONTEXT(2) 
PARAMETRIC_REPRESENTATION_CONTEXT() REPRESENTATION_CONTEXT('2D SPACE',''
  ) );
#2882 = PCURVE('',#2446,#2883);
#2883 = DEFINITIONAL_REPRESENTATION('',(#2884),#2888);
#2884 = LINE('',#2885,#2886);
#2885 = CARTESIAN_POINT('',(36.5,0.));
#2886 = VECTOR('',#2887,1.);
#2887 = DIRECTION('',(0.,-1.));
#2888 = ( GEOMETRIC_REPRESENTATION_CONTEXT(2) 
PARAMETRIC_REPRESENTATION_CONTEXT() REPRESENTATION_CONTEXT('2D SPACE',''
  ) );
#2889 = ORIENTED_EDGE('',*,*,#2890,.F.);
#2890 = EDGE_CURVE('',#2821,#2869,#2891,.T.);
#2891 = SURFACE_CURVE('',#2892,(#2919,#2970),.PCURVE_S1.);
#2892 = B_SPLINE_CURVE_WITH_KNOTS('',7,(#2893,#2894,#2895,#2896,#2897,
    #2898,#2899,#2900,#2901,#2902,#2903,#2904,#2905,#2906,#2907,#2908,
    #2909,#2910,#2911,#2912,#2913,#2914,#2915,#2916,#2917,#2918),
  .UNSPECIFIED.,.F.,.F.,(8,6,6,6,8),(0.,0.551087171116,1.,1.469738411111
    ,2.001769749154),.UNSPECIFIED.);
#2893 = CARTESIAN_POINT('',(2.5,12.247448713916,58.5));
#2894 = CARTESIAN_POINT('',(2.5,12.247448713916,58.769215995677));
#2895 = CARTESIAN_POINT('',(2.466178454001,12.254352423269,
    59.038040593395));
#2896 = CARTESIAN_POINT('',(2.398703949301,12.268126041707,
    59.303980916918));
#2897 = CARTESIAN_POINT('',(2.296779141498,12.288317290353,
    59.564268152925));
#2898 = CARTESIAN_POINT('',(2.158914956278,12.314025886148,
    59.815369788279));
#2899 = CARTESIAN_POINT('',(1.983184673906,12.34359471063,
    60.052349232027));
#2900 = CARTESIAN_POINT('',(1.592288764456,12.399436983409,
    60.443245141477));
#2901 = CARTESIAN_POINT('',(1.386210022928,12.425914186146,
    60.608680704816));
#2902 = CARTESIAN_POINT('',(1.150480629754,12.45183160498,
    60.754545258504));
#2903 = CARTESIAN_POINT('',(0.888323326425,12.474533353107,
    60.872659985656));
#2904 = CARTESIAN_POINT('',(0.604757794468,12.491251395696,
    60.956258546976));
#2905 = CARTESIAN_POINT('',(0.306157758585,12.5,61.));
#2906 = CARTESIAN_POINT('',(-0.320360768981,12.5,61.));
#2907 = CARTESIAN_POINT('',(-0.631881841711,12.490420816558,
    60.952106091448));
#2908 = CARTESIAN_POINT('',(-0.926299042473,12.472216096296,
    60.86107174255));
#2909 = CARTESIAN_POINT('',(-1.196751195745,12.447726594666,
    60.733104525186));
#2910 = CARTESIAN_POINT('',(-1.437964082467,12.420118739314,
    60.575866838563));
#2911 = CARTESIAN_POINT('',(-1.646725271354,12.392329703048,
    60.398465318085));
#2912 = CARTESIAN_POINT('',(-2.021417294424,12.337111956037,
    59.999458840082));
#2913 = CARTESIAN_POINT('',(-2.183911496001,12.309348389813,
    59.768813439754));
#2914 = CARTESIAN_POINT('',(-2.311567378045,12.285384915142,
    59.525730547959));
#2915 = CARTESIAN_POINT('',(-2.40605309278,12.266625761316,
    59.274472868324));
#2916 = CARTESIAN_POINT('',(-2.468639264043,12.253850146339,
    59.018147434662));
#2917 = CARTESIAN_POINT('',(-2.5,12.247448713916,58.75923627343));
#2918 = CARTESIAN_POINT('',(-2.5,12.247448713916,58.5));
#2919 = PCURVE('',#2375,#2920);
#2920 = DEFINITIONAL_REPRESENTATION('',(#2921),#2969);
#2921 = B_SPLINE_CURVE_WITH_KNOTS('',3,(#2922,#2923,#2924,#2925,#2926,
    #2927,#2928,#2929,#2930,#2931,#2932,#2933,#2934,#2935,#2936,#2937,
    #2938,#2939,#2940,#2941,#2942,#2943,#2944,#2945,#2946,#2947,#2948,
    #2949,#2950,#2951,#2952,#2953,#2954,#2955,#2956,#2957,#2958,#2959,
    #2960,#2961,#2962,#2963,#2964,#2965,#2966,#2967,#2968),
  .UNSPECIFIED.,.F.,.F.,(4,1,1,1,1,1,1,1,1,1,1,1,1,1,1,1,1,1,1,1,1,1,1,1
    ,1,1,1,1,1,1,1,1,1,1,1,1,1,1,1,1,1,1,1,1,4),(0.,4.549476702622E-02,
    9.098953405244E-02,0.136484301079,0.181979068105,0.227473835131,
    0.272968602157,0.318463369184,0.36395813621,0.409452903236,
    0.454947670262,0.500442437288,0.545937204315,0.591431971341,
    0.636926738367,0.682421505393,0.727916272419,0.773411039446,
    0.818905806472,0.864400573498,0.909895340524,0.955390107551,
    1.000884874577,1.046379641603,1.091874408629,1.137369175655,
    1.182863942682,1.228358709708,1.273853476734,1.31934824376,
    1.364843010787,1.410337777813,1.455832544839,1.501327311865,
    1.546822078891,1.592316845918,1.637811612944,1.68330637997,
    1.728801146996,1.774295914022,1.819790681049,1.865285448075,
    1.910780215101,1.956274982127,2.001769749154),.UNSPECIFIED.);
#2922 = CARTESIAN_POINT('',(7.853981633974,12.247448713916));
#2923 = CARTESIAN_POINT('',(7.833238564374,12.247447295456));
#2924 = CARTESIAN_POINT('',(7.791766276299,12.248108535052));
#2925 = CARTESIAN_POINT('',(7.72948230484,12.251061744709));
#2926 = CARTESIAN_POINT('',(7.667004746403,12.255952305889));
#2927 = CARTESIAN_POINT('',(7.604218895544,12.262732137946));
#2928 = CARTESIAN_POINT('',(7.541010537322,12.271335883334));
#2929 = CARTESIAN_POINT('',(7.477265273859,12.281677168104));
#2930 = CARTESIAN_POINT('',(7.412867070799,12.29364742197));
#2931 = CARTESIAN_POINT('',(7.347698208105,12.30711342778));
#2932 = CARTESIAN_POINT('',(7.281634448924,12.321916091234));
#2933 = CARTESIAN_POINT('',(7.214557490603,12.337864571842));
#2934 = CARTESIAN_POINT('',(7.146302038204,12.354746994541));
#2935 = CARTESIAN_POINT('',(7.076845392272,12.372278997479));
#2936 = CARTESIAN_POINT('',(7.005589875286,12.390284148793));
#2937 = CARTESIAN_POINT('',(6.93188802212,12.408544884071));
#2938 = CARTESIAN_POINT('',(6.856209710435,12.426500881616));
#2939 = CARTESIAN_POINT('',(6.778682866354,12.443639396631));
#2940 = CARTESIAN_POINT('',(6.699481037219,12.459416499974));
#2941 = CARTESIAN_POINT('',(6.61872147385,12.473301974586));
#2942 = CARTESIAN_POINT('',(6.536511243935,12.484791301941));
#2943 = CARTESIAN_POINT('',(6.452886632642,12.493425904965));
#2944 = CARTESIAN_POINT('',(6.368027113744,12.498810927618));
#2945 = CARTESIAN_POINT('',(6.281473503386,12.50062964235));
#2946 = CARTESIAN_POINT('',(6.195053783794,12.498666221301));
#2947 = CARTESIAN_POINT('',(6.110347657956,12.49315888747));
#2948 = CARTESIAN_POINT('',(6.026935205238,12.484429817326));
#2949 = CARTESIAN_POINT('',(5.944959188209,12.47287709737));
#2950 = CARTESIAN_POINT('',(5.864439422678,12.458956884872));
#2951 = CARTESIAN_POINT('',(5.785458436773,12.443166947359));
#2952 = CARTESIAN_POINT('',(5.70811402769,12.426028871151));
#2953 = CARTESIAN_POINT('',(5.632537025575,12.408070823841));
#2954 = CARTESIAN_POINT('',(5.558885315332,12.389808261334));
#2955 = CARTESIAN_POINT('',(5.487371409754,12.371733352744));
#2956 = CARTESIAN_POINT('',(5.418183058593,12.354274859844));
#2957 = CARTESIAN_POINT('',(5.350119155384,12.337453230035));
#2958 = CARTESIAN_POINT('',(5.283242429214,12.321571231006));
#2959 = CARTESIAN_POINT('',(5.217365221393,12.306832370461));
#2960 = CARTESIAN_POINT('',(5.152376055574,12.293426923832));
#2961 = CARTESIAN_POINT('',(5.088149958815,12.281511902901));
#2962 = CARTESIAN_POINT('',(5.024570730174,12.271219347324));
#2963 = CARTESIAN_POINT('',(4.961523470167,12.262656818587));
#2964 = CARTESIAN_POINT('',(4.898895246806,12.255909954706));
#2965 = CARTESIAN_POINT('',(4.836573491783,12.251043531267));
#2966 = CARTESIAN_POINT('',(4.774445373747,12.248105146609));
#2967 = CARTESIAN_POINT('',(4.733078557821,12.247447297328));
#2968 = CARTESIAN_POINT('',(4.712388980385,12.247448713916));
#2969 = ( GEOMETRIC_REPRESENTATION_CONTEXT(2) 
PARAMETRIC_REPRESENTATION_CONTEXT() REPRESENTATION_CONTEXT('2D SPACE',''
  ) );
#2970 = PCURVE('',#2504,#2971);
#2971 = DEFINITIONAL_REPRESENTATION('',(#2972),#3020);
#2972 = B_SPLINE_CURVE_WITH_KNOTS('',3,(#2973,#2974,#2975,#2976,#2977,
    #2978,#2979,#2980,#2981,#2982,#2983,#2984,#2985,#2986,#2987,#2988,
    #2989,#2990,#2991,#2992,#2993,#2994,#2995,#2996,#2997,#2998,#2999,
    #3000,#3001,#3002,#3003,#3004,#3005,#3006,#3007,#3008,#3009,#3010,
    #3011,#3012,#3013,#3014,#3015,#3016,#3017,#3018,#3019),
  .UNSPECIFIED.,.F.,.F.,(4,1,1,1,1,1,1,1,1,1,1,1,1,1,1,1,1,1,1,1,1,1,1,1
    ,1,1,1,1,1,1,1,1,1,1,1,1,1,1,1,1,1,1,1,1,4),(0.,4.549476702622E-02,
    9.098953405244E-02,0.136484301079,0.181979068105,0.227473835131,
    0.272968602157,0.318463369184,0.36395813621,0.409452903236,
    0.454947670262,0.500442437288,0.545937204315,0.591431971341,
    0.636926738367,0.682421505393,0.727916272419,0.773411039446,
    0.818905806472,0.864400573498,0.909895340524,0.955390107551,
    1.000884874577,1.046379641603,1.091874408629,1.137369175655,
    1.182863942682,1.228358709708,1.273853476734,1.31934824376,
    1.364843010787,1.410337777813,1.455832544839,1.501327311865,
    1.546822078891,1.592316845918,1.637811612944,1.68330637997,
    1.728801146996,1.774295914022,1.819790681049,1.865285448075,
    1.910780215101,1.956274982127,2.001769749154),.UNSPECIFIED.);
#2973 = CARTESIAN_POINT('',(4.913746901175,-35.5));
#2974 = CARTESIAN_POINT('',(4.913746697893,-35.55185697455));
#2975 = CARTESIAN_POINT('',(4.913483582714,-35.65553871218));
#2976 = CARTESIAN_POINT('',(4.912298407185,-35.81064597955));
#2977 = CARTESIAN_POINT('',(4.910321260096,-35.96502691401));
#2978 = CARTESIAN_POINT('',(4.907547494227,-36.11834353381));
#2979 = CARTESIAN_POINT('',(4.903970645444,-36.2702333757));
#2980 = CARTESIAN_POINT('',(4.899582350152,-36.42030143076));
#2981 = CARTESIAN_POINT('',(4.894372611802,-36.56811497148));
#2982 = CARTESIAN_POINT('',(4.888330145803,-36.71319495661));
#2983 = CARTESIAN_POINT('',(4.881442101021,-36.85501556409));
#2984 = CARTESIAN_POINT('',(4.873696243779,-36.99297172288));
#2985 = CARTESIAN_POINT('',(4.865073970198,-37.12646336793));
#2986 = CARTESIAN_POINT('',(4.855577605054,-37.25454140924));
#2987 = CARTESIAN_POINT('',(4.845129796202,-37.37718648498));
#2988 = CARTESIAN_POINT('',(4.83362619212,-37.49402591217));
#2989 = CARTESIAN_POINT('',(4.821141563037,-37.60271785899));
#2990 = CARTESIAN_POINT('',(4.807721692435,-37.70158345702));
#2991 = CARTESIAN_POINT('',(4.793436231049,-37.78892247807));
#2992 = CARTESIAN_POINT('',(4.778362329715,-37.86319794691));
#2993 = CARTESIAN_POINT('',(4.762590517895,-37.92298798276));
#2994 = CARTESIAN_POINT('',(4.746211512278,-37.96699903281));
#2995 = CARTESIAN_POINT('',(4.729357863002,-37.99406577907));
#2996 = CARTESIAN_POINT('',(4.712046206984,-38.00314265616));
#2997 = CARTESIAN_POINT('',(4.694763805899,-37.99334218871));
#2998 = CARTESIAN_POINT('',(4.677947465555,-37.96564916429));
#2999 = CARTESIAN_POINT('',(4.661620445628,-37.92112782238));
#3000 = CARTESIAN_POINT('',(4.645906637862,-37.86095728676));
#3001 = CARTESIAN_POINT('',(4.630892328438,-37.78642183808));
#3002 = CARTESIAN_POINT('',(4.616662594155,-37.69891327278));
#3003 = CARTESIAN_POINT('',(4.603290597737,-37.59992934769));
#3004 = CARTESIAN_POINT('',(4.590839732017,-37.49107491914));
#3005 = CARTESIAN_POINT('',(4.579360637985,-37.37405519333));
#3006 = CARTESIAN_POINT('',(4.568895160045,-37.25069666528));
#3007 = CARTESIAN_POINT('',(4.55945709124,-37.1228638717));
#3008 = CARTESIAN_POINT('',(4.550877561869,-36.98956340512));
#3009 = CARTESIAN_POINT('',(4.543172534887,-36.85186635295));
#3010 = CARTESIAN_POINT('',(4.5363197939,-36.71032916439));
#3011 = CARTESIAN_POINT('',(4.530308198233,-36.56555953033));
#3012 = CARTESIAN_POINT('',(4.52512478203,-36.41807522827));
#3013 = CARTESIAN_POINT('',(4.520758495022,-36.26835172044));
#3014 = CARTESIAN_POINT('',(4.517199480982,-36.11681846922));
#3015 = CARTESIAN_POINT('',(4.514439518061,-35.96386855032));
#3016 = CARTESIAN_POINT('',(4.512472234449,-35.80986350352));
#3017 = CARTESIAN_POINT('',(4.511293028098,-35.6551413063));
#3018 = CARTESIAN_POINT('',(4.511031255716,-35.55172324533));
#3019 = CARTESIAN_POINT('',(4.511031059595,-35.5));
#3020 = ( GEOMETRIC_REPRESENTATION_CONTEXT(2) 
PARAMETRIC_REPRESENTATION_CONTEXT() REPRESENTATION_CONTEXT('2D SPACE',''
  ) );
#3021 = ORIENTED_EDGE('',*,*,#2820,.T.);
#3022 = ADVANCED_FACE('',(#3023),#2446,.T.);
#3023 = FACE_BOUND('',#3024,.T.);
#3024 = EDGE_LOOP('',(#3025,#3026,#3046,#3047));
#3025 = ORIENTED_EDGE('',*,*,#2868,.F.);
#3026 = ORIENTED_EDGE('',*,*,#3027,.T.);
#3027 = EDGE_CURVE('',#2869,#2569,#3028,.T.);
#3028 = SURFACE_CURVE('',#3029,(#3033,#3040),.PCURVE_S1.);
#3029 = LINE('',#3030,#3031);
#3030 = CARTESIAN_POINT('',(-2.5,12.247448713916,23.));
#3031 = VECTOR('',#3032,1.);
#3032 = DIRECTION('',(-0.,-0.,-1.));
#3033 = PCURVE('',#2446,#3034);
#3034 = DEFINITIONAL_REPRESENTATION('',(#3035),#3039);
#3035 = LINE('',#3036,#3037);
#3036 = CARTESIAN_POINT('',(1.,-12.24744871391));
#3037 = VECTOR('',#3038,1.);
#3038 = DIRECTION('',(-1.,0.));
#3039 = ( GEOMETRIC_REPRESENTATION_CONTEXT(2) 
PARAMETRIC_REPRESENTATION_CONTEXT() REPRESENTATION_CONTEXT('2D SPACE',''
  ) );
#3040 = PCURVE('',#2504,#3041);
#3041 = DEFINITIONAL_REPRESENTATION('',(#3042),#3045);
#3042 = B_SPLINE_CURVE_WITH_KNOTS('',1,(#3043,#3044),.UNSPECIFIED.,.F.,
  .F.,(2,2),(-39.15,6.E-07),.PIECEWISE_BEZIER_KNOTS.);
#3043 = CARTESIAN_POINT('',(4.511031059595,-39.15));
#3044 = CARTESIAN_POINT('',(4.511031059595,6.E-07));
#3045 = ( GEOMETRIC_REPRESENTATION_CONTEXT(2) 
PARAMETRIC_REPRESENTATION_CONTEXT() REPRESENTATION_CONTEXT('2D SPACE',''
  ) );
#3046 = ORIENTED_EDGE('',*,*,#2592,.T.);
#3047 = ORIENTED_EDGE('',*,*,#2431,.F.);
#3048 = ADVANCED_FACE('',(#3049),#2504,.F.);
#3049 = FACE_BOUND('',#3050,.F.);
#3050 = EDGE_LOOP('',(#3051,#3052,#3073,#3074,#3075,#3076,#3077,#3078,
    #3079,#3080,#3081,#3082));
#3051 = ORIENTED_EDGE('',*,*,#2487,.F.);
#3052 = ORIENTED_EDGE('',*,*,#3053,.F.);
#3053 = EDGE_CURVE('',#2545,#2488,#3054,.T.);
#3054 = SEAM_CURVE('',#3055,(#3059,#3066),.PCURVE_S1.);
#3055 = LINE('',#3056,#3057);
#3056 = CARTESIAN_POINT('',(12.5,3.947459643112E-16,23.));
#3057 = VECTOR('',#3058,1.);
#3058 = DIRECTION('',(0.,0.,1.));
#3059 = PCURVE('',#2504,#3060);
#3060 = DEFINITIONAL_REPRESENTATION('',(#3061),#3065);
#3061 = LINE('',#3062,#3063);
#3062 = CARTESIAN_POINT('',(6.283185307179,0.));
#3063 = VECTOR('',#3064,1.);
#3064 = DIRECTION('',(-0.,-1.));
#3065 = ( GEOMETRIC_REPRESENTATION_CONTEXT(2) 
PARAMETRIC_REPRESENTATION_CONTEXT() REPRESENTATION_CONTEXT('2D SPACE',''
  ) );
#3066 = PCURVE('',#2504,#3067);
#3067 = DEFINITIONAL_REPRESENTATION('',(#3068),#3072);
#3068 = LINE('',#3069,#3070);
#3069 = CARTESIAN_POINT('',(-0.,0.));
#3070 = VECTOR('',#3071,1.);
#3071 = DIRECTION('',(-0.,-1.));
#3072 = ( GEOMETRIC_REPRESENTATION_CONTEXT(2) 
PARAMETRIC_REPRESENTATION_CONTEXT() REPRESENTATION_CONTEXT('2D SPACE',''
  ) );
#3073 = ORIENTED_EDGE('',*,*,#2544,.T.);
#3074 = ORIENTED_EDGE('',*,*,#2639,.F.);
#3075 = ORIENTED_EDGE('',*,*,#2689,.T.);
#3076 = ORIENTED_EDGE('',*,*,#2718,.F.);
#3077 = ORIENTED_EDGE('',*,*,#2791,.F.);
#3078 = ORIENTED_EDGE('',*,*,#2842,.F.);
#3079 = ORIENTED_EDGE('',*,*,#2890,.T.);
#3080 = ORIENTED_EDGE('',*,*,#3027,.T.);
#3081 = ORIENTED_EDGE('',*,*,#2568,.T.);
#3082 = ORIENTED_EDGE('',*,*,#3053,.T.);
#3083 = ( GEOMETRIC_REPRESENTATION_CONTEXT(3) 
GLOBAL_UNCERTAINTY_ASSIGNED_CONTEXT((#3087)) 
GLOBAL_UNIT_ASSIGNED_CONTEXT((#3084,#3085,#3086)) REPRESENTATION_CONTEXT
('Context #1','3D Context with UNIT and UNCERTAINTY') );
#3084 = ( LENGTH_UNIT() NAMED_UNIT(*) SI_UNIT(.MILLI.,.METRE.) );
#3085 = ( NAMED_UNIT(*) PLANE_ANGLE_UNIT() SI_UNIT($,.RADIAN.) );
#3086 = ( NAMED_UNIT(*) SI_UNIT($,.STERADIAN.) SOLID_ANGLE_UNIT() );
#3087 = UNCERTAINTY_MEASURE_WITH_UNIT(LENGTH_MEASURE(1.E-07),#3084,
  'distance_accuracy_value','confusion accuracy');
#3088 = CONTEXT_DEPENDENT_SHAPE_REPRESENTATION(#3089,#3091);
#3089 = ( REPRESENTATION_RELATIONSHIP('','',#2052,#10) 
REPRESENTATION_RELATIONSHIP_WITH_TRANSFORMATION(#3090) 
SHAPE_REPRESENTATION_RELATIONSHIP() );
#3090 = ITEM_DEFINED_TRANSFORMATION('','',#11,#35);
#3091 = PRODUCT_DEFINITION_SHAPE('Placement','Placement of an item',
  #3092);
#3092 = NEXT_ASSEMBLY_USAGE_OCCURRENCE('18','','',#5,#2047,$);
#3093 = PRODUCT_RELATED_PRODUCT_CATEGORY('part',$,(#2049));
ENDSEC;
END-ISO-10303-21;
