ISO-10303-21;
HEADER;
FILE_DESCRIPTION(('Open CASCADE Model'),'2;1');
FILE_NAME('Open CASCADE Shape Model','2026-09-28T15:31:20',('Author'),(
    'Open CASCADE'),'Open CASCADE STEP processor 7.8','Open CASCADE 7.8'
  ,'Unknown');
FILE_SCHEMA(('AUTOMOTIVE_DESIGN { 1 0 10303 214 1 1 1 1 }'));
ENDSEC;
DATA;
#1 = APPLICATION_PROTOCOL_DEFINITION('international standard',
  'automotive_design',2000,#2);
#2 = APPLICATION_CONTEXT(
  'core data for automotive mechanical design processes');
#3 = SHAPE_DEFINITION_REPRESENTATION(#4,#10);
#4 = PRODUCT_DEFINITION_SHAPE('','',#5);
#5 = PRODUCT_DEFINITION('design','',#6,#9);
#6 = PRODUCT_DEFINITION_FORMATION('','',#7);
#7 = PRODUCT('Open CASCADE STEP translator 7.8 6',
  'Open CASCADE STEP translator 7.8 6','',(#8));
#8 = PRODUCT_CONTEXT('',#2,'mechanical');
#9 = PRODUCT_DEFINITION_CONTEXT('part definition',#2,'design');
#10 = SHAPE_REPRESENTATION('',(#11,#15,#19,#23,#27,#31),#35);
#11 = AXIS2_PLACEMENT_3D('',#12,#13,#14);
#12 = CARTESIAN_POINT('',(0.,0.,0.));
#13 = DIRECTION('',(0.,0.,1.));
#14 = DIRECTION('',(1.,0.,-0.));
#15 = AXIS2_PLACEMENT_3D('',#16,#17,#18);
#16 = CARTESIAN_POINT('',(0.,0.,0.));
#17 = DIRECTION('',(0.,0.,1.));
#18 = DIRECTION('',(1.,0.,-0.));
#19 = AXIS2_PLACEMENT_3D('',#20,#21,#22);
#20 = CARTESIAN_POINT('',(0.,0.,0.));
#21 = DIRECTION('',(0.,0.,1.));
#22 = DIRECTION('',(1.,0.,-0.));
#23 = AXIS2_PLACEMENT_3D('',#24,#25,#26);
#24 = CARTESIAN_POINT('',(0.,0.,0.));
#25 = DIRECTION('',(0.,0.,1.));
#26 = DIRECTION('',(1.,0.,-0.));
#27 = AXIS2_PLACEMENT_3D('',#28,#29,#30);
#28 = CARTESIAN_POINT('',(0.,0.,0.));
#29 = DIRECTION('',(0.,0.,1.));
#30 = DIRECTION('',(1.,0.,-0.));
#31 = AXIS2_PLACEMENT_3D('',#32,#33,#34);
#32 = CARTESIAN_POINT('',(0.,0.,0.));
#33 = DIRECTION('',(0.,0.,1.));
#34 = DIRECTION('',(1.,0.,-0.));
#35 = ( GEOMETRIC_REPRESENTATION_CONTEXT(3) 
GLOBAL_UNCERTAINTY_ASSIGNED_CONTEXT((#39)) GLOBAL_UNIT_ASSIGNED_CONTEXT(
(#36,#37,#38)) REPRESENTATION_CONTEXT('Context #1',
  '3D Context with UNIT and UNCERTAINTY') );
#36 = ( LENGTH_UNIT() NAMED_UNIT(*) SI_UNIT(.MILLI.,.METRE.) );
#37 = ( NAMED_UNIT(*) PLANE_ANGLE_UNIT() SI_UNIT($,.RADIAN.) );
#38 = ( NAMED_UNIT(*) SI_UNIT($,.STERADIAN.) SOLID_ANGLE_UNIT() );
#39 = UNCERTAINTY_MEASURE_WITH_UNIT(LENGTH_MEASURE(1.E-07),#36,
  'distance_accuracy_value','confusion accuracy');
#40 = PRODUCT_RELATED_PRODUCT_CATEGORY('part',$,(#7));
#41 = SHAPE_DEFINITION_REPRESENTATION(#42,#48);
#42 = PRODUCT_DEFINITION_SHAPE('','',#43);
#43 = PRODUCT_DEFINITION('design','',#44,#47);
#44 = PRODUCT_DEFINITION_FORMATION('','',#45);
#45 = PRODUCT('Open CASCADE STEP translator 7.8 6.1',
  'Open CASCADE STEP translator 7.8 6.1','',(#46));
#46 = PRODUCT_CONTEXT('',#2,'mechanical');
#47 = PRODUCT_DEFINITION_CONTEXT('part definition',#2,'design');
#48 = ADVANCED_BREP_SHAPE_REPRESENTATION('',(#11,#49),#518);
#49 = MANIFOLD_SOLID_BREP('',#50);
#50 = CLOSED_SHELL('',(#51,#171,#247,#327,#376,#434,#441,#491));
#51 = ADVANCED_FACE('',(#52),#66,.F.);
#52 = FACE_BOUND('',#53,.F.);
#53 = EDGE_LOOP('',(#54,#89,#117,#145));
#54 = ORIENTED_EDGE('',*,*,#55,.F.);
#55 = EDGE_CURVE('',#56,#58,#60,.T.);
#56 = VERTEX_POINT('',#57);
#57 = CARTESIAN_POINT('',(-75.,-75.,0.));
#58 = VERTEX_POINT('',#59);
#59 = CARTESIAN_POINT('',(-75.,-75.,5.));
#60 = SURFACE_CURVE('',#61,(#65,#77),.PCURVE_S1.);
#61 = LINE('',#62,#63);
#62 = CARTESIAN_POINT('',(-75.,-75.,0.));
#63 = VECTOR('',#64,1.);
#64 = DIRECTION('',(0.,0.,1.));
#65 = PCURVE('',#66,#71);
#66 = PLANE('',#67);
#67 = AXIS2_PLACEMENT_3D('',#68,#69,#70);
#68 = CARTESIAN_POINT('',(-75.,-75.,0.));
#69 = DIRECTION('',(1.,0.,-0.));
#70 = DIRECTION('',(0.,0.,1.));
#71 = DEFINITIONAL_REPRESENTATION('',(#72),#76);
#72 = LINE('',#73,#74);
#73 = CARTESIAN_POINT('',(0.,0.));
#74 = VECTOR('',#75,1.);
#75 = DIRECTION('',(1.,0.));
#76 = ( GEOMETRIC_REPRESENTATION_CONTEXT(2) 
PARAMETRIC_REPRESENTATION_CONTEXT() REPRESENTATION_CONTEXT('2D SPACE',''
  ) );
#77 = PCURVE('',#78,#83);
#78 = PLANE('',#79);
#79 = AXIS2_PLACEMENT_3D('',#80,#81,#82);
#80 = CARTESIAN_POINT('',(-75.,-75.,0.));
#81 = DIRECTION('',(-0.,1.,0.));
#82 = DIRECTION('',(0.,0.,1.));
#83 = DEFINITIONAL_REPRESENTATION('',(#84),#88);
#84 = LINE('',#85,#86);
#85 = CARTESIAN_POINT('',(0.,0.));
#86 = VECTOR('',#87,1.);
#87 = DIRECTION('',(1.,0.));
#88 = ( GEOMETRIC_REPRESENTATION_CONTEXT(2) 
PARAMETRIC_REPRESENTATION_CONTEXT() REPRESENTATION_CONTEXT('2D SPACE',''
  ) );
#89 = ORIENTED_EDGE('',*,*,#90,.T.);
#90 = EDGE_CURVE('',#56,#91,#93,.T.);
#91 = VERTEX_POINT('',#92);
#92 = CARTESIAN_POINT('',(-75.,75.,0.));
#93 = SURFACE_CURVE('',#94,(#98,#105),.PCURVE_S1.);
#94 = LINE('',#95,#96);
#95 = CARTESIAN_POINT('',(-75.,-75.,0.));
#96 = VECTOR('',#97,1.);
#97 = DIRECTION('',(-0.,1.,0.));
#98 = PCURVE('',#66,#99);
#99 = DEFINITIONAL_REPRESENTATION('',(#100),#104);
#100 = LINE('',#101,#102);
#101 = CARTESIAN_POINT('',(0.,0.));
#102 = VECTOR('',#103,1.);
#103 = DIRECTION('',(0.,-1.));
#104 = ( GEOMETRIC_REPRESENTATION_CONTEXT(2) 
PARAMETRIC_REPRESENTATION_CONTEXT() REPRESENTATION_CONTEXT('2D SPACE',''
  ) );
#105 = PCURVE('',#106,#111);
#106 = PLANE('',#107);
#107 = AXIS2_PLACEMENT_3D('',#108,#109,#110);
#108 = CARTESIAN_POINT('',(-75.,-75.,0.));
#109 = DIRECTION('',(0.,0.,1.));
#110 = DIRECTION('',(1.,0.,-0.));
#111 = DEFINITIONAL_REPRESENTATION('',(#112),#116);
#112 = LINE('',#113,#114);
#113 = CARTESIAN_POINT('',(0.,0.));
#114 = VECTOR('',#115,1.);
#115 = DIRECTION('',(0.,1.));
#116 = ( GEOMETRIC_REPRESENTATION_CONTEXT(2) 
PARAMETRIC_REPRESENTATION_CONTEXT() REPRESENTATION_CONTEXT('2D SPACE',''
  ) );
#117 = ORIENTED_EDGE('',*,*,#118,.T.);
#118 = EDGE_CURVE('',#91,#119,#121,.T.);
#119 = VERTEX_POINT('',#120);
#120 = CARTESIAN_POINT('',(-75.,75.,5.));
#121 = SURFACE_CURVE('',#122,(#126,#133),.PCURVE_S1.);
#122 = LINE('',#123,#124);
#123 = CARTESIAN_POINT('',(-75.,75.,0.));
#124 = VECTOR('',#125,1.);
#125 = DIRECTION('',(0.,0.,1.));
#126 = PCURVE('',#66,#127);
#127 = DEFINITIONAL_REPRESENTATION('',(#128),#132);
#128 = LINE('',#129,#130);
#129 = CARTESIAN_POINT('',(0.,-150.));
#130 = VECTOR('',#131,1.);
#131 = DIRECTION('',(1.,0.));
#132 = ( GEOMETRIC_REPRESENTATION_CONTEXT(2) 
PARAMETRIC_REPRESENTATION_CONTEXT() REPRESENTATION_CONTEXT('2D SPACE',''
  ) );
#133 = PCURVE('',#134,#139);
#134 = PLANE('',#135);
#135 = AXIS2_PLACEMENT_3D('',#136,#137,#138);
#136 = CARTESIAN_POINT('',(-75.,75.,0.));
#137 = DIRECTION('',(-0.,1.,0.));
#138 = DIRECTION('',(0.,0.,1.));
#139 = DEFINITIONAL_REPRESENTATION('',(#140),#144);
#140 = LINE('',#141,#142);
#141 = CARTESIAN_POINT('',(0.,0.));
#142 = VECTOR('',#143,1.);
#143 = DIRECTION('',(1.,0.));
#144 = ( GEOMETRIC_REPRESENTATION_CONTEXT(2) 
PARAMETRIC_REPRESENTATION_CONTEXT() REPRESENTATION_CONTEXT('2D SPACE',''
  ) );
#145 = ORIENTED_EDGE('',*,*,#146,.F.);
#146 = EDGE_CURVE('',#58,#119,#147,.T.);
#147 = SURFACE_CURVE('',#148,(#152,#159),.PCURVE_S1.);
#148 = LINE('',#149,#150);
#149 = CARTESIAN_POINT('',(-75.,-75.,5.));
#150 = VECTOR('',#151,1.);
#151 = DIRECTION('',(-0.,1.,0.));
#152 = PCURVE('',#66,#153);
#153 = DEFINITIONAL_REPRESENTATION('',(#154),#158);
#154 = LINE('',#155,#156);
#155 = CARTESIAN_POINT('',(5.,0.));
#156 = VECTOR('',#157,1.);
#157 = DIRECTION('',(0.,-1.));
#158 = ( GEOMETRIC_REPRESENTATION_CONTEXT(2) 
PARAMETRIC_REPRESENTATION_CONTEXT() REPRESENTATION_CONTEXT('2D SPACE',''
  ) );
#159 = PCURVE('',#160,#165);
#160 = PLANE('',#161);
#161 = AXIS2_PLACEMENT_3D('',#162,#163,#164);
#162 = CARTESIAN_POINT('',(-75.,-75.,5.));
#163 = DIRECTION('',(0.,0.,1.));
#164 = DIRECTION('',(1.,0.,-0.));
#165 = DEFINITIONAL_REPRESENTATION('',(#166),#170);
#166 = LINE('',#167,#168);
#167 = CARTESIAN_POINT('',(0.,0.));
#168 = VECTOR('',#169,1.);
#169 = DIRECTION('',(0.,1.));
#170 = ( GEOMETRIC_REPRESENTATION_CONTEXT(2) 
PARAMETRIC_REPRESENTATION_CONTEXT() REPRESENTATION_CONTEXT('2D SPACE',''
  ) );
#171 = ADVANCED_FACE('',(#172),#78,.F.);
#172 = FACE_BOUND('',#173,.F.);
#173 = EDGE_LOOP('',(#174,#197,#198,#221));
#174 = ORIENTED_EDGE('',*,*,#175,.F.);
#175 = EDGE_CURVE('',#56,#176,#178,.T.);
#176 = VERTEX_POINT('',#177);
#177 = CARTESIAN_POINT('',(75.,-75.,0.));
#178 = SURFACE_CURVE('',#179,(#183,#190),.PCURVE_S1.);
#179 = LINE('',#180,#181);
#180 = CARTESIAN_POINT('',(-75.,-75.,0.));
#181 = VECTOR('',#182,1.);
#182 = DIRECTION('',(1.,0.,-0.));
#183 = PCURVE('',#78,#184);
#184 = DEFINITIONAL_REPRESENTATION('',(#185),#189);
#185 = LINE('',#186,#187);
#186 = CARTESIAN_POINT('',(0.,0.));
#187 = VECTOR('',#188,1.);
#188 = DIRECTION('',(0.,1.));
#189 = ( GEOMETRIC_REPRESENTATION_CONTEXT(2) 
PARAMETRIC_REPRESENTATION_CONTEXT() REPRESENTATION_CONTEXT('2D SPACE',''
  ) );
#190 = PCURVE('',#106,#191);
#191 = DEFINITIONAL_REPRESENTATION('',(#192),#196);
#192 = LINE('',#193,#194);
#193 = CARTESIAN_POINT('',(0.,0.));
#194 = VECTOR('',#195,1.);
#195 = DIRECTION('',(1.,0.));
#196 = ( GEOMETRIC_REPRESENTATION_CONTEXT(2) 
PARAMETRIC_REPRESENTATION_CONTEXT() REPRESENTATION_CONTEXT('2D SPACE',''
  ) );
#197 = ORIENTED_EDGE('',*,*,#55,.T.);
#198 = ORIENTED_EDGE('',*,*,#199,.T.);
#199 = EDGE_CURVE('',#58,#200,#202,.T.);
#200 = VERTEX_POINT('',#201);
#201 = CARTESIAN_POINT('',(75.,-75.,5.));
#202 = SURFACE_CURVE('',#203,(#207,#214),.PCURVE_S1.);
#203 = LINE('',#204,#205);
#204 = CARTESIAN_POINT('',(-75.,-75.,5.));
#205 = VECTOR('',#206,1.);
#206 = DIRECTION('',(1.,0.,-0.));
#207 = PCURVE('',#78,#208);
#208 = DEFINITIONAL_REPRESENTATION('',(#209),#213);
#209 = LINE('',#210,#211);
#210 = CARTESIAN_POINT('',(5.,0.));
#211 = VECTOR('',#212,1.);
#212 = DIRECTION('',(0.,1.));
#213 = ( GEOMETRIC_REPRESENTATION_CONTEXT(2) 
PARAMETRIC_REPRESENTATION_CONTEXT() REPRESENTATION_CONTEXT('2D SPACE',''
  ) );
#214 = PCURVE('',#160,#215);
#215 = DEFINITIONAL_REPRESENTATION('',(#216),#220);
#216 = LINE('',#217,#218);
#217 = CARTESIAN_POINT('',(0.,0.));
#218 = VECTOR('',#219,1.);
#219 = DIRECTION('',(1.,0.));
#220 = ( GEOMETRIC_REPRESENTATION_CONTEXT(2) 
PARAMETRIC_REPRESENTATION_CONTEXT() REPRESENTATION_CONTEXT('2D SPACE',''
  ) );
#221 = ORIENTED_EDGE('',*,*,#222,.F.);
#222 = EDGE_CURVE('',#176,#200,#223,.T.);
#223 = SURFACE_CURVE('',#224,(#228,#235),.PCURVE_S1.);
#224 = LINE('',#225,#226);
#225 = CARTESIAN_POINT('',(75.,-75.,0.));
#226 = VECTOR('',#227,1.);
#227 = DIRECTION('',(0.,0.,1.));
#228 = PCURVE('',#78,#229);
#229 = DEFINITIONAL_REPRESENTATION('',(#230),#234);
#230 = LINE('',#231,#232);
#231 = CARTESIAN_POINT('',(0.,150.));
#232 = VECTOR('',#233,1.);
#233 = DIRECTION('',(1.,0.));
#234 = ( GEOMETRIC_REPRESENTATION_CONTEXT(2) 
PARAMETRIC_REPRESENTATION_CONTEXT() REPRESENTATION_CONTEXT('2D SPACE',''
  ) );
#235 = PCURVE('',#236,#241);
#236 = PLANE('',#237);
#237 = AXIS2_PLACEMENT_3D('',#238,#239,#240);
#238 = CARTESIAN_POINT('',(75.,-75.,0.));
#239 = DIRECTION('',(1.,0.,-0.));
#240 = DIRECTION('',(0.,0.,1.));
#241 = DEFINITIONAL_REPRESENTATION('',(#242),#246);
#242 = LINE('',#243,#244);
#243 = CARTESIAN_POINT('',(0.,0.));
#244 = VECTOR('',#245,1.);
#245 = DIRECTION('',(1.,0.));
#246 = ( GEOMETRIC_REPRESENTATION_CONTEXT(2) 
PARAMETRIC_REPRESENTATION_CONTEXT() REPRESENTATION_CONTEXT('2D SPACE',''
  ) );
#247 = ADVANCED_FACE('',(#248,#296),#160,.T.);
#248 = FACE_BOUND('',#249,.T.);
#249 = EDGE_LOOP('',(#250,#251,#252,#275));
#250 = ORIENTED_EDGE('',*,*,#146,.F.);
#251 = ORIENTED_EDGE('',*,*,#199,.T.);
#252 = ORIENTED_EDGE('',*,*,#253,.T.);
#253 = EDGE_CURVE('',#200,#254,#256,.T.);
#254 = VERTEX_POINT('',#255);
#255 = CARTESIAN_POINT('',(75.,75.,5.));
#256 = SURFACE_CURVE('',#257,(#261,#268),.PCURVE_S1.);
#257 = LINE('',#258,#259);
#258 = CARTESIAN_POINT('',(75.,-75.,5.));
#259 = VECTOR('',#260,1.);
#260 = DIRECTION('',(-0.,1.,0.));
#261 = PCURVE('',#160,#262);
#262 = DEFINITIONAL_REPRESENTATION('',(#263),#267);
#263 = LINE('',#264,#265);
#264 = CARTESIAN_POINT('',(150.,0.));
#265 = VECTOR('',#266,1.);
#266 = DIRECTION('',(0.,1.));
#267 = ( GEOMETRIC_REPRESENTATION_CONTEXT(2) 
PARAMETRIC_REPRESENTATION_CONTEXT() REPRESENTATION_CONTEXT('2D SPACE',''
  ) );
#268 = PCURVE('',#236,#269);
#269 = DEFINITIONAL_REPRESENTATION('',(#270),#274);
#270 = LINE('',#271,#272);
#271 = CARTESIAN_POINT('',(5.,0.));
#272 = VECTOR('',#273,1.);
#273 = DIRECTION('',(0.,-1.));
#274 = ( GEOMETRIC_REPRESENTATION_CONTEXT(2) 
PARAMETRIC_REPRESENTATION_CONTEXT() REPRESENTATION_CONTEXT('2D SPACE',''
  ) );
#275 = ORIENTED_EDGE('',*,*,#276,.F.);
#276 = EDGE_CURVE('',#119,#254,#277,.T.);
#277 = SURFACE_CURVE('',#278,(#282,#289),.PCURVE_S1.);
#278 = LINE('',#279,#280);
#279 = CARTESIAN_POINT('',(-75.,75.,5.));
#280 = VECTOR('',#281,1.);
#281 = DIRECTION('',(1.,0.,-0.));
#282 = PCURVE('',#160,#283);
#283 = DEFINITIONAL_REPRESENTATION('',(#284),#288);
#284 = LINE('',#285,#286);
#285 = CARTESIAN_POINT('',(0.,150.));
#286 = VECTOR('',#287,1.);
#287 = DIRECTION('',(1.,0.));
#288 = ( GEOMETRIC_REPRESENTATION_CONTEXT(2) 
PARAMETRIC_REPRESENTATION_CONTEXT() REPRESENTATION_CONTEXT('2D SPACE',''
  ) );
#289 = PCURVE('',#134,#290);
#290 = DEFINITIONAL_REPRESENTATION('',(#291),#295);
#291 = LINE('',#292,#293);
#292 = CARTESIAN_POINT('',(5.,0.));
#293 = VECTOR('',#294,1.);
#294 = DIRECTION('',(0.,1.));
#295 = ( GEOMETRIC_REPRESENTATION_CONTEXT(2) 
PARAMETRIC_REPRESENTATION_CONTEXT() REPRESENTATION_CONTEXT('2D SPACE',''
  ) );
#296 = FACE_BOUND('',#297,.T.);
#297 = EDGE_LOOP('',(#298));
#298 = ORIENTED_EDGE('',*,*,#299,.F.);
#299 = EDGE_CURVE('',#300,#300,#302,.T.);
#300 = VERTEX_POINT('',#301);
#301 = CARTESIAN_POINT('',(4.5,-1.102182119233E-15,5.));
#302 = SURFACE_CURVE('',#303,(#308,#315),.PCURVE_S1.);
#303 = CIRCLE('',#304,4.5);
#304 = AXIS2_PLACEMENT_3D('',#305,#306,#307);
#305 = CARTESIAN_POINT('',(0.,0.,5.));
#306 = DIRECTION('',(0.,0.,1.));
#307 = DIRECTION('',(1.,0.,-0.));
#308 = PCURVE('',#160,#309);
#309 = DEFINITIONAL_REPRESENTATION('',(#310),#314);
#310 = CIRCLE('',#311,4.5);
#311 = AXIS2_PLACEMENT_2D('',#312,#313);
#312 = CARTESIAN_POINT('',(75.,75.));
#313 = DIRECTION('',(1.,0.));
#314 = ( GEOMETRIC_REPRESENTATION_CONTEXT(2) 
PARAMETRIC_REPRESENTATION_CONTEXT() REPRESENTATION_CONTEXT('2D SPACE',''
  ) );
#315 = PCURVE('',#316,#321);
#316 = CYLINDRICAL_SURFACE('',#317,4.5);
#317 = AXIS2_PLACEMENT_3D('',#318,#319,#320);
#318 = CARTESIAN_POINT('',(0.,0.,0.));
#319 = DIRECTION('',(0.,0.,1.));
#320 = DIRECTION('',(1.,0.,-0.));
#321 = DEFINITIONAL_REPRESENTATION('',(#322),#326);
#322 = LINE('',#323,#324);
#323 = CARTESIAN_POINT('',(0.,5.));
#324 = VECTOR('',#325,1.);
#325 = DIRECTION('',(1.,0.));
#326 = ( GEOMETRIC_REPRESENTATION_CONTEXT(2) 
PARAMETRIC_REPRESENTATION_CONTEXT() REPRESENTATION_CONTEXT('2D SPACE',''
  ) );
#327 = ADVANCED_FACE('',(#328),#134,.T.);
#328 = FACE_BOUND('',#329,.T.);
#329 = EDGE_LOOP('',(#330,#353,#354,#355));
#330 = ORIENTED_EDGE('',*,*,#331,.F.);
#331 = EDGE_CURVE('',#91,#332,#334,.T.);
#332 = VERTEX_POINT('',#333);
#333 = CARTESIAN_POINT('',(75.,75.,0.));
#334 = SURFACE_CURVE('',#335,(#339,#346),.PCURVE_S1.);
#335 = LINE('',#336,#337);
#336 = CARTESIAN_POINT('',(-75.,75.,0.));
#337 = VECTOR('',#338,1.);
#338 = DIRECTION('',(1.,0.,-0.));
#339 = PCURVE('',#134,#340);
#340 = DEFINITIONAL_REPRESENTATION('',(#341),#345);
#341 = LINE('',#342,#343);
#342 = CARTESIAN_POINT('',(0.,0.));
#343 = VECTOR('',#344,1.);
#344 = DIRECTION('',(0.,1.));
#345 = ( GEOMETRIC_REPRESENTATION_CONTEXT(2) 
PARAMETRIC_REPRESENTATION_CONTEXT() REPRESENTATION_CONTEXT('2D SPACE',''
  ) );
#346 = PCURVE('',#106,#347);
#347 = DEFINITIONAL_REPRESENTATION('',(#348),#352);
#348 = LINE('',#349,#350);
#349 = CARTESIAN_POINT('',(0.,150.));
#350 = VECTOR('',#351,1.);
#351 = DIRECTION('',(1.,0.));
#352 = ( GEOMETRIC_REPRESENTATION_CONTEXT(2) 
PARAMETRIC_REPRESENTATION_CONTEXT() REPRESENTATION_CONTEXT('2D SPACE',''
  ) );
#353 = ORIENTED_EDGE('',*,*,#118,.T.);
#354 = ORIENTED_EDGE('',*,*,#276,.T.);
#355 = ORIENTED_EDGE('',*,*,#356,.F.);
#356 = EDGE_CURVE('',#332,#254,#357,.T.);
#357 = SURFACE_CURVE('',#358,(#362,#369),.PCURVE_S1.);
#358 = LINE('',#359,#360);
#359 = CARTESIAN_POINT('',(75.,75.,0.));
#360 = VECTOR('',#361,1.);
#361 = DIRECTION('',(0.,0.,1.));
#362 = PCURVE('',#134,#363);
#363 = DEFINITIONAL_REPRESENTATION('',(#364),#368);
#364 = LINE('',#365,#366);
#365 = CARTESIAN_POINT('',(0.,150.));
#366 = VECTOR('',#367,1.);
#367 = DIRECTION('',(1.,0.));
#368 = ( GEOMETRIC_REPRESENTATION_CONTEXT(2) 
PARAMETRIC_REPRESENTATION_CONTEXT() REPRESENTATION_CONTEXT('2D SPACE',''
  ) );
#369 = PCURVE('',#236,#370);
#370 = DEFINITIONAL_REPRESENTATION('',(#371),#375);
#371 = LINE('',#372,#373);
#372 = CARTESIAN_POINT('',(0.,-150.));
#373 = VECTOR('',#374,1.);
#374 = DIRECTION('',(1.,0.));
#375 = ( GEOMETRIC_REPRESENTATION_CONTEXT(2) 
PARAMETRIC_REPRESENTATION_CONTEXT() REPRESENTATION_CONTEXT('2D SPACE',''
  ) );
#376 = ADVANCED_FACE('',(#377,#403),#106,.F.);
#377 = FACE_BOUND('',#378,.F.);
#378 = EDGE_LOOP('',(#379,#380,#381,#402));
#379 = ORIENTED_EDGE('',*,*,#90,.F.);
#380 = ORIENTED_EDGE('',*,*,#175,.T.);
#381 = ORIENTED_EDGE('',*,*,#382,.T.);
#382 = EDGE_CURVE('',#176,#332,#383,.T.);
#383 = SURFACE_CURVE('',#384,(#388,#395),.PCURVE_S1.);
#384 = LINE('',#385,#386);
#385 = CARTESIAN_POINT('',(75.,-75.,0.));
#386 = VECTOR('',#387,1.);
#387 = DIRECTION('',(-0.,1.,0.));
#388 = PCURVE('',#106,#389);
#389 = DEFINITIONAL_REPRESENTATION('',(#390),#394);
#390 = LINE('',#391,#392);
#391 = CARTESIAN_POINT('',(150.,0.));
#392 = VECTOR('',#393,1.);
#393 = DIRECTION('',(0.,1.));
#394 = ( GEOMETRIC_REPRESENTATION_CONTEXT(2) 
PARAMETRIC_REPRESENTATION_CONTEXT() REPRESENTATION_CONTEXT('2D SPACE',''
  ) );
#395 = PCURVE('',#236,#396);
#396 = DEFINITIONAL_REPRESENTATION('',(#397),#401);
#397 = LINE('',#398,#399);
#398 = CARTESIAN_POINT('',(0.,0.));
#399 = VECTOR('',#400,1.);
#400 = DIRECTION('',(0.,-1.));
#401 = ( GEOMETRIC_REPRESENTATION_CONTEXT(2) 
PARAMETRIC_REPRESENTATION_CONTEXT() REPRESENTATION_CONTEXT('2D SPACE',''
  ) );
#402 = ORIENTED_EDGE('',*,*,#331,.F.);
#403 = FACE_BOUND('',#404,.F.);
#404 = EDGE_LOOP('',(#405));
#405 = ORIENTED_EDGE('',*,*,#406,.F.);
#406 = EDGE_CURVE('',#407,#407,#409,.T.);
#407 = VERTEX_POINT('',#408);
#408 = CARTESIAN_POINT('',(8.2,-2.008420750602E-15,0.));
#409 = SURFACE_CURVE('',#410,(#415,#422),.PCURVE_S1.);
#410 = CIRCLE('',#411,8.2);
#411 = AXIS2_PLACEMENT_3D('',#412,#413,#414);
#412 = CARTESIAN_POINT('',(0.,0.,0.));
#413 = DIRECTION('',(0.,0.,1.));
#414 = DIRECTION('',(1.,0.,-0.));
#415 = PCURVE('',#106,#416);
#416 = DEFINITIONAL_REPRESENTATION('',(#417),#421);
#417 = CIRCLE('',#418,8.2);
#418 = AXIS2_PLACEMENT_2D('',#419,#420);
#419 = CARTESIAN_POINT('',(75.,75.));
#420 = DIRECTION('',(1.,0.));
#421 = ( GEOMETRIC_REPRESENTATION_CONTEXT(2) 
PARAMETRIC_REPRESENTATION_CONTEXT() REPRESENTATION_CONTEXT('2D SPACE',''
  ) );
#422 = PCURVE('',#423,#428);
#423 = CONICAL_SURFACE('',#424,8.2,0.785398163397);
#424 = AXIS2_PLACEMENT_3D('',#425,#426,#427);
#425 = CARTESIAN_POINT('',(0.,0.,0.));
#426 = DIRECTION('',(-0.,-0.,-1.));
#427 = DIRECTION('',(1.,0.,-0.));
#428 = DEFINITIONAL_REPRESENTATION('',(#429),#433);
#429 = LINE('',#430,#431);
#430 = CARTESIAN_POINT('',(-0.,-0.));
#431 = VECTOR('',#432,1.);
#432 = DIRECTION('',(-1.,-0.));
#433 = ( GEOMETRIC_REPRESENTATION_CONTEXT(2) 
PARAMETRIC_REPRESENTATION_CONTEXT() REPRESENTATION_CONTEXT('2D SPACE',''
  ) );
#434 = ADVANCED_FACE('',(#435),#236,.T.);
#435 = FACE_BOUND('',#436,.T.);
#436 = EDGE_LOOP('',(#437,#438,#439,#440));
#437 = ORIENTED_EDGE('',*,*,#222,.F.);
#438 = ORIENTED_EDGE('',*,*,#382,.T.);
#439 = ORIENTED_EDGE('',*,*,#356,.T.);
#440 = ORIENTED_EDGE('',*,*,#253,.F.);
#441 = ADVANCED_FACE('',(#442),#316,.F.);
#442 = FACE_BOUND('',#443,.F.);
#443 = EDGE_LOOP('',(#444,#467,#468,#469));
#444 = ORIENTED_EDGE('',*,*,#445,.T.);
#445 = EDGE_CURVE('',#446,#300,#448,.T.);
#446 = VERTEX_POINT('',#447);
#447 = CARTESIAN_POINT('',(4.5,-1.102182119233E-15,3.7));
#448 = SEAM_CURVE('',#449,(#453,#460),.PCURVE_S1.);
#449 = LINE('',#450,#451);
#450 = CARTESIAN_POINT('',(4.5,-1.102182119233E-15,0.));
#451 = VECTOR('',#452,1.);
#452 = DIRECTION('',(0.,0.,1.));
#453 = PCURVE('',#316,#454);
#454 = DEFINITIONAL_REPRESENTATION('',(#455),#459);
#455 = LINE('',#456,#457);
#456 = CARTESIAN_POINT('',(6.28318530718,-0.));
#457 = VECTOR('',#458,1.);
#458 = DIRECTION('',(0.,1.));
#459 = ( GEOMETRIC_REPRESENTATION_CONTEXT(2) 
PARAMETRIC_REPRESENTATION_CONTEXT() REPRESENTATION_CONTEXT('2D SPACE',''
  ) );
#460 = PCURVE('',#316,#461);
#461 = DEFINITIONAL_REPRESENTATION('',(#462),#466);
#462 = LINE('',#463,#464);
#463 = CARTESIAN_POINT('',(0.,-0.));
#464 = VECTOR('',#465,1.);
#465 = DIRECTION('',(0.,1.));
#466 = ( GEOMETRIC_REPRESENTATION_CONTEXT(2) 
PARAMETRIC_REPRESENTATION_CONTEXT() REPRESENTATION_CONTEXT('2D SPACE',''
  ) );
#467 = ORIENTED_EDGE('',*,*,#299,.F.);
#468 = ORIENTED_EDGE('',*,*,#445,.F.);
#469 = ORIENTED_EDGE('',*,*,#470,.T.);
#470 = EDGE_CURVE('',#446,#446,#471,.T.);
#471 = SURFACE_CURVE('',#472,(#477,#484),.PCURVE_S1.);
#472 = CIRCLE('',#473,4.5);
#473 = AXIS2_PLACEMENT_3D('',#474,#475,#476);
#474 = CARTESIAN_POINT('',(0.,0.,3.7));
#475 = DIRECTION('',(0.,0.,1.));
#476 = DIRECTION('',(1.,0.,-0.));
#477 = PCURVE('',#316,#478);
#478 = DEFINITIONAL_REPRESENTATION('',(#479),#483);
#479 = LINE('',#480,#481);
#480 = CARTESIAN_POINT('',(0.,3.7));
#481 = VECTOR('',#482,1.);
#482 = DIRECTION('',(1.,0.));
#483 = ( GEOMETRIC_REPRESENTATION_CONTEXT(2) 
PARAMETRIC_REPRESENTATION_CONTEXT() REPRESENTATION_CONTEXT('2D SPACE',''
  ) );
#484 = PCURVE('',#423,#485);
#485 = DEFINITIONAL_REPRESENTATION('',(#486),#490);
#486 = LINE('',#487,#488);
#487 = CARTESIAN_POINT('',(-0.,-3.7));
#488 = VECTOR('',#489,1.);
#489 = DIRECTION('',(-1.,-0.));
#490 = ( GEOMETRIC_REPRESENTATION_CONTEXT(2) 
PARAMETRIC_REPRESENTATION_CONTEXT() REPRESENTATION_CONTEXT('2D SPACE',''
  ) );
#491 = ADVANCED_FACE('',(#492),#423,.F.);
#492 = FACE_BOUND('',#493,.F.);
#493 = EDGE_LOOP('',(#494,#495,#516,#517));
#494 = ORIENTED_EDGE('',*,*,#470,.F.);
#495 = ORIENTED_EDGE('',*,*,#496,.F.);
#496 = EDGE_CURVE('',#407,#446,#497,.T.);
#497 = SEAM_CURVE('',#498,(#502,#509),.PCURVE_S1.);
#498 = LINE('',#499,#500);
#499 = CARTESIAN_POINT('',(8.2,-2.008420750602E-15,0.));
#500 = VECTOR('',#501,1.);
#501 = DIRECTION('',(-0.707106781187,1.731912112471E-16,0.707106781187)
  );
#502 = PCURVE('',#423,#503);
#503 = DEFINITIONAL_REPRESENTATION('',(#504),#508);
#504 = LINE('',#505,#506);
#505 = CARTESIAN_POINT('',(-6.28318530718,0.));
#506 = VECTOR('',#507,1.);
#507 = DIRECTION('',(-0.,-1.));
#508 = ( GEOMETRIC_REPRESENTATION_CONTEXT(2) 
PARAMETRIC_REPRESENTATION_CONTEXT() REPRESENTATION_CONTEXT('2D SPACE',''
  ) );
#509 = PCURVE('',#423,#510);
#510 = DEFINITIONAL_REPRESENTATION('',(#511),#515);
#511 = LINE('',#512,#513);
#512 = CARTESIAN_POINT('',(0.,-0.));
#513 = VECTOR('',#514,1.);
#514 = DIRECTION('',(-0.,-1.));
#515 = ( GEOMETRIC_REPRESENTATION_CONTEXT(2) 
PARAMETRIC_REPRESENTATION_CONTEXT() REPRESENTATION_CONTEXT('2D SPACE',''
  ) );
#516 = ORIENTED_EDGE('',*,*,#406,.T.);
#517 = ORIENTED_EDGE('',*,*,#496,.T.);
#518 = ( GEOMETRIC_REPRESENTATION_CONTEXT(3) 
GLOBAL_UNCERTAINTY_ASSIGNED_CONTEXT((#522)) GLOBAL_UNIT_ASSIGNED_CONTEXT
((#519,#520,#521)) REPRESENTATION_CONTEXT('Context #1',
  '3D Context with UNIT and UNCERTAINTY') );
#519 = ( LENGTH_UNIT() NAMED_UNIT(*) SI_UNIT(.MILLI.,.METRE.) );
#520 = ( NAMED_UNIT(*) PLANE_ANGLE_UNIT() SI_UNIT($,.RADIAN.) );
#521 = ( NAMED_UNIT(*) SI_UNIT($,.STERADIAN.) SOLID_ANGLE_UNIT() );
#522 = UNCERTAINTY_MEASURE_WITH_UNIT(LENGTH_MEASURE(1.E-07),#519,
  'distance_accuracy_value','confusion accuracy');
#523 = CONTEXT_DEPENDENT_SHAPE_REPRESENTATION(#524,#526);
#524 = ( REPRESENTATION_RELATIONSHIP('','',#48,#10) 
REPRESENTATION_RELATIONSHIP_WITH_TRANSFORMATION(#525) 
SHAPE_REPRESENTATION_RELATIONSHIP() );
#525 = ITEM_DEFINED_TRANSFORMATION('','',#11,#15);
#526 = PRODUCT_DEFINITION_SHAPE('Placement','Placement of an item',#527
  );
#527 = NEXT_ASSEMBLY_USAGE_OCCURRENCE('1','','',#5,#43,$);
#528 = PRODUCT_RELATED_PRODUCT_CATEGORY('part',$,(#45));
#529 = SHAPE_DEFINITION_REPRESENTATION(#530,#536);
#530 = PRODUCT_DEFINITION_SHAPE('','',#531);
#531 = PRODUCT_DEFINITION('design','',#532,#535);
#532 = PRODUCT_DEFINITION_FORMATION('','',#533);
#533 = PRODUCT('Open CASCADE STEP translator 7.8 6.2',
  'Open CASCADE STEP translator 7.8 6.2','',(#534));
#534 = PRODUCT_CONTEXT('',#2,'mechanical');
#535 = PRODUCT_DEFINITION_CONTEXT('part definition',#2,'design');
#536 = ADVANCED_BREP_SHAPE_REPRESENTATION('',(#11,#537),#1002);
#537 = MANIFOLD_SOLID_BREP('',#538);
#538 = CLOSED_SHELL('',(#539,#822,#857,#861,#916,#970,#974));
#539 = ADVANCED_FACE('',(#540,#627),#554,.T.);
#540 = FACE_BOUND('',#541,.T.);
#541 = EDGE_LOOP('',(#542,#572,#599,#600));
#542 = ORIENTED_EDGE('',*,*,#543,.T.);
#543 = EDGE_CURVE('',#544,#546,#548,.T.);
#544 = VERTEX_POINT('',#545);
#545 = CARTESIAN_POINT('',(12.,-2.939152317954E-15,5.));
#546 = VERTEX_POINT('',#547);
#547 = CARTESIAN_POINT('',(12.,-2.939152317954E-15,55.));
#548 = SEAM_CURVE('',#549,(#553,#565),.PCURVE_S1.);
#549 = LINE('',#550,#551);
#550 = CARTESIAN_POINT('',(12.,-2.939152317954E-15,5.));
#551 = VECTOR('',#552,1.);
#552 = DIRECTION('',(0.,0.,1.));
#553 = PCURVE('',#554,#559);
#554 = CYLINDRICAL_SURFACE('',#555,12.);
#555 = AXIS2_PLACEMENT_3D('',#556,#557,#558);
#556 = CARTESIAN_POINT('',(0.,0.,5.));
#557 = DIRECTION('',(0.,0.,1.));
#558 = DIRECTION('',(1.,0.,-0.));
#559 = DEFINITIONAL_REPRESENTATION('',(#560),#564);
#560 = LINE('',#561,#562);
#561 = CARTESIAN_POINT('',(6.28318530718,-0.));
#562 = VECTOR('',#563,1.);
#563 = DIRECTION('',(0.,1.));
#564 = ( GEOMETRIC_REPRESENTATION_CONTEXT(2) 
PARAMETRIC_REPRESENTATION_CONTEXT() REPRESENTATION_CONTEXT('2D SPACE',''
  ) );
#565 = PCURVE('',#554,#566);
#566 = DEFINITIONAL_REPRESENTATION('',(#567),#571);
#567 = LINE('',#568,#569);
#568 = CARTESIAN_POINT('',(0.,-0.));
#569 = VECTOR('',#570,1.);
#570 = DIRECTION('',(0.,1.));
#571 = ( GEOMETRIC_REPRESENTATION_CONTEXT(2) 
PARAMETRIC_REPRESENTATION_CONTEXT() REPRESENTATION_CONTEXT('2D SPACE',''
  ) );
#572 = ORIENTED_EDGE('',*,*,#573,.F.);
#573 = EDGE_CURVE('',#546,#546,#574,.T.);
#574 = SURFACE_CURVE('',#575,(#580,#587),.PCURVE_S1.);
#575 = CIRCLE('',#576,12.);
#576 = AXIS2_PLACEMENT_3D('',#577,#578,#579);
#577 = CARTESIAN_POINT('',(0.,0.,55.));
#578 = DIRECTION('',(0.,0.,1.));
#579 = DIRECTION('',(1.,0.,-0.));
#580 = PCURVE('',#554,#581);
#581 = DEFINITIONAL_REPRESENTATION('',(#582),#586);
#582 = LINE('',#583,#584);
#583 = CARTESIAN_POINT('',(0.,50.));
#584 = VECTOR('',#585,1.);
#585 = DIRECTION('',(1.,0.));
#586 = ( GEOMETRIC_REPRESENTATION_CONTEXT(2) 
PARAMETRIC_REPRESENTATION_CONTEXT() REPRESENTATION_CONTEXT('2D SPACE',''
  ) );
#587 = PCURVE('',#588,#593);
#588 = PLANE('',#589);
#589 = AXIS2_PLACEMENT_3D('',#590,#591,#592);
#590 = CARTESIAN_POINT('',(0.,0.,55.));
#591 = DIRECTION('',(0.,0.,1.));
#592 = DIRECTION('',(1.,0.,-0.));
#593 = DEFINITIONAL_REPRESENTATION('',(#594),#598);
#594 = CIRCLE('',#595,12.);
#595 = AXIS2_PLACEMENT_2D('',#596,#597);
#596 = CARTESIAN_POINT('',(0.,0.));
#597 = DIRECTION('',(1.,0.));
#598 = ( GEOMETRIC_REPRESENTATION_CONTEXT(2) 
PARAMETRIC_REPRESENTATION_CONTEXT() REPRESENTATION_CONTEXT('2D SPACE',''
  ) );
#599 = ORIENTED_EDGE('',*,*,#543,.F.);
#600 = ORIENTED_EDGE('',*,*,#601,.T.);
#601 = EDGE_CURVE('',#544,#544,#602,.T.);
#602 = SURFACE_CURVE('',#603,(#608,#615),.PCURVE_S1.);
#603 = CIRCLE('',#604,12.);
#604 = AXIS2_PLACEMENT_3D('',#605,#606,#607);
#605 = CARTESIAN_POINT('',(0.,0.,5.));
#606 = DIRECTION('',(0.,0.,1.));
#607 = DIRECTION('',(1.,0.,-0.));
#608 = PCURVE('',#554,#609);
#609 = DEFINITIONAL_REPRESENTATION('',(#610),#614);
#610 = LINE('',#611,#612);
#611 = CARTESIAN_POINT('',(0.,0.));
#612 = VECTOR('',#613,1.);
#613 = DIRECTION('',(1.,0.));
#614 = ( GEOMETRIC_REPRESENTATION_CONTEXT(2) 
PARAMETRIC_REPRESENTATION_CONTEXT() REPRESENTATION_CONTEXT('2D SPACE',''
  ) );
#615 = PCURVE('',#616,#621);
#616 = PLANE('',#617);
#617 = AXIS2_PLACEMENT_3D('',#618,#619,#620);
#618 = CARTESIAN_POINT('',(0.,0.,5.));
#619 = DIRECTION('',(0.,0.,1.));
#620 = DIRECTION('',(1.,0.,-0.));
#621 = DEFINITIONAL_REPRESENTATION('',(#622),#626);
#622 = CIRCLE('',#623,12.);
#623 = AXIS2_PLACEMENT_2D('',#624,#625);
#624 = CARTESIAN_POINT('',(0.,0.));
#625 = DIRECTION('',(1.,0.));
#626 = ( GEOMETRIC_REPRESENTATION_CONTEXT(2) 
PARAMETRIC_REPRESENTATION_CONTEXT() REPRESENTATION_CONTEXT('2D SPACE',''
  ) );
#627 = FACE_BOUND('',#628,.T.);
#628 = EDGE_LOOP('',(#629));
#629 = ORIENTED_EDGE('',*,*,#630,.F.);
#630 = EDGE_CURVE('',#631,#631,#633,.T.);
#631 = VERTEX_POINT('',#632);
#632 = CARTESIAN_POINT('',(-4.898587196589E-16,12.,42.));
#633 = SURFACE_CURVE('',#634,(#693,#755),.PCURVE_S1.);
#634 = B_SPLINE_CURVE_WITH_KNOTS('',8,(#635,#636,#637,#638,#639,#640,
    #641,#642,#643,#644,#645,#646,#647,#648,#649,#650,#651,#652,#653,
    #654,#655,#656,#657,#658,#659,#660,#661,#662,#663,#664,#665,#666,
    #667,#668,#669,#670,#671,#672,#673,#674,#675,#676,#677,#678,#679,
    #680,#681,#682,#683,#684,#685,#686,#687,#688,#689,#690,#691,#692),
  .UNSPECIFIED.,.T.,.F.,(9,7,7,7,7,7,7,7,9),(0.,0.137118178814,
    0.278854740786,0.448780275839,0.594995830122,0.68950800093,
    0.793466095162,0.898464098108,1.),.UNSPECIFIED.);
#635 = CARTESIAN_POINT('',(2.22044604925E-16,12.,42.));
#636 = CARTESIAN_POINT('',(0.232378774723,12.,42.));
#637 = CARTESIAN_POINT('',(0.45935025379,11.994857007614,41.969143251645
    ));
#638 = CARTESIAN_POINT('',(0.676331217561,11.9849907715,41.909940824187)
  );
#639 = CARTESIAN_POINT('',(0.879364806489,11.971359701061,
    41.825571271738));
#640 = CARTESIAN_POINT('',(1.065187346054,11.955296410646,
    41.719871166799));
#641 = CARTESIAN_POINT('',(1.231361462413,11.938237304236,41.59731978071
    ));
#642 = CARTESIAN_POINT('',(1.376452110866,11.921448814579,
    41.463013270373));
#643 = CARTESIAN_POINT('',(1.628160961463,11.889731709292,
    41.177505622534));
#644 = CARTESIAN_POINT('',(1.736249063961,11.874515646268,
    41.022563780153));
#645 = CARTESIAN_POINT('',(1.825137417376,11.860981032286,
    40.860425164708));
#646 = CARTESIAN_POINT('',(1.895476161052,11.849679812601,
    40.693097884221));
#647 = CARTESIAN_POINT('',(1.947825755029,11.840978676273,
    40.522164853183));
#648 = CARTESIAN_POINT('',(1.982596362236,11.835101301025,
    40.348927729915));
#649 = CARTESIAN_POINT('',(2.,11.832159566199,40.174518990732));
#650 = CARTESIAN_POINT('',(2.,11.832159566199,39.790772172936));
#651 = CARTESIAN_POINT('',(1.974984757949,11.83638770354,39.581834909171
    ));
#652 = CARTESIAN_POINT('',(1.925077323477,11.844824399351,
    39.374881721087));
#653 = CARTESIAN_POINT('',(1.849776490011,11.857246818758,
    39.171783386935));
#654 = CARTESIAN_POINT('',(1.748195082322,11.873206242515,
    38.974931450896));
#655 = CARTESIAN_POINT('',(1.619210123301,11.891915679475,
    38.787456164135));
#656 = CARTESIAN_POINT('',(1.461675528823,11.912128593333,
    38.613530704741));
#657 = CARTESIAN_POINT('',(1.114088775935,11.949265447299,
    38.325981935284));
#658 = CARTESIAN_POINT('',(0.925710560835,11.966888622493,
    38.202423936482));
#659 = CARTESIAN_POINT('',(0.712532630062,11.98316665573,38.098908169789
    ));
#660 = CARTESIAN_POINT('',(0.479745870288,11.995956856868,
    38.023316091228));
#661 = CARTESIAN_POINT('',(0.234389959139,12.00332252947,37.980840815502
    ));
#662 = CARTESIAN_POINT('',(-1.557656599869E-02,12.004384426686,
    37.973971048612));
#663 = CARTESIAN_POINT('',(-0.261992593285,11.999452585733,
    38.00239652186));
#664 = CARTESIAN_POINT('',(-0.649531531165,11.983375934464,
    38.101899609051));
#665 = CARTESIAN_POINT('',(-0.798171746105,11.974999339247,
    38.154622615457));
#666 = CARTESIAN_POINT('',(-0.941863742524,11.964791255207,
    38.220629586608));
#667 = CARTESIAN_POINT('',(-1.079236187833,11.953092516753,
    38.299375963213));
#668 = CARTESIAN_POINT('',(-1.208989520385,11.940332049457,
    38.390148879017));
#669 = CARTESIAN_POINT('',(-1.329912223933,11.926998757452,
    38.492074318654));
#670 = CARTESIAN_POINT('',(-1.440906949625,11.913604793028,
    38.604128291348));
#671 = CARTESIAN_POINT('',(-1.651152367344,11.886379891552,
    38.858271343996));
#672 = CARTESIAN_POINT('',(-1.748163346934,11.872633987355,
    39.002295600678));
#673 = CARTESIAN_POINT('',(-1.830764402998,11.86005650966,
    39.155682256122));
#674 = CARTESIAN_POINT('',(-1.897912513231,11.849273863003,
    39.316725925351));
#675 = CARTESIAN_POINT('',(-1.948815914729,11.840811727984,
    39.483603203973));
#676 = CARTESIAN_POINT('',(-1.982937164486,11.835043397831,
    39.654411291636));
#677 = CARTESIAN_POINT('',(-2.,11.832159566199,39.827200407829));
#678 = CARTESIAN_POINT('',(-2.,11.832159566199,40.174528132916));
#679 = CARTESIAN_POINT('',(-1.982594568535,11.835101601962,
    40.348936845405));
#680 = CARTESIAN_POINT('',(-1.94782344602,11.840979070599,40.52216982876
    ));
#681 = CARTESIAN_POINT('',(-1.895475054232,11.849679967778,
    40.693098481157));
#682 = CARTESIAN_POINT('',(-1.825138025755,11.860980906038,
    40.86042343836));
#683 = CARTESIAN_POINT('',(-1.736250309385,11.874515482716,
    41.022562185359));
#684 = CARTESIAN_POINT('',(-1.62816126223,11.889731671393,41.17750528138
    ));
#685 = CARTESIAN_POINT('',(-1.376501555313,11.921442584227,
    41.462957186656));
#686 = CARTESIAN_POINT('',(-1.231414913209,11.938231760346,
    41.597283368067));
#687 = CARTESIAN_POINT('',(-1.065203244973,11.95529642405,41.71987853775
    ));
#688 = CARTESIAN_POINT('',(-0.879318550135,11.97136576028,
    41.825612526823));
#689 = CARTESIAN_POINT('',(-0.67622387439,11.984998840307,
    41.909989174141));
#690 = CARTESIAN_POINT('',(-0.459212809538,11.994861787778,
    41.969171944465));
#691 = CARTESIAN_POINT('',(-0.23227071985,12.,42.));
#692 = CARTESIAN_POINT('',(2.22044604925E-16,12.,42.));
#693 = PCURVE('',#554,#694);
#694 = DEFINITIONAL_REPRESENTATION('',(#695),#754);
#695 = B_SPLINE_CURVE_WITH_KNOTS('',8,(#696,#697,#698,#699,#700,#701,
    #702,#703,#704,#705,#706,#707,#708,#709,#710,#711,#712,#713,#714,
    #715,#716,#717,#718,#719,#720,#721,#722,#723,#724,#725,#726,#727,
    #728,#729,#730,#731,#732,#733,#734,#735,#736,#737,#738,#739,#740,
    #741,#742,#743,#744,#745,#746,#747,#748,#749,#750,#751,#752,#753),
  .UNSPECIFIED.,.T.,.F.,(9,7,7,7,7,7,7,7,9),(0.,0.137118178814,
    0.278854740786,0.448780275839,0.594995830122,0.68950800093,
    0.793466095162,0.898464098108,1.),.UNSPECIFIED.);
#696 = CARTESIAN_POINT('',(1.570796326795,37.));
#697 = CARTESIAN_POINT('',(1.551431428901,37.));
#698 = CARTESIAN_POINT('',(1.532517124961,36.969143251645));
#699 = CARTESIAN_POINT('',(1.514424372623,36.909940824187));
#700 = CARTESIAN_POINT('',(1.497473758344,36.825571271738));
#701 = CARTESIAN_POINT('',(1.481935171419,36.719871166799));
#702 = CARTESIAN_POINT('',(1.468016488886,36.59731978071));
#703 = CARTESIAN_POINT('',(1.455845567334,36.463013270373));
#704 = CARTESIAN_POINT('',(1.434703961396,36.177505622534));
#705 = CARTESIAN_POINT('',(1.425608762946,36.022563780153));
#706 = CARTESIAN_POINT('',(1.418116619268,35.860425164708));
#707 = CARTESIAN_POINT('',(1.412180072384,35.693097884221));
#708 = CARTESIAN_POINT('',(1.407757778572,35.522164853183));
#709 = CARTESIAN_POINT('',(1.404819122722,35.348927729915));
#710 = CARTESIAN_POINT('',(1.403348247575,35.174518990732));
#711 = CARTESIAN_POINT('',(1.403348247575,34.790772172936));
#712 = CARTESIAN_POINT('',(1.40546242005,34.581834909171));
#713 = CARTESIAN_POINT('',(1.409680374702,34.374881721087));
#714 = CARTESIAN_POINT('',(1.416040210254,34.171783386935));
#715 = CARTESIAN_POINT('',(1.424608610704,33.974931450896));
#716 = CARTESIAN_POINT('',(1.435468028682,33.787456164135));
#717 = CARTESIAN_POINT('',(1.448700562608,33.613530704741));
#718 = CARTESIAN_POINT('',(1.477830980167,33.325981935284));
#719 = CARTESIAN_POINT('',(1.493596339001,33.202423936482));
#720 = CARTESIAN_POINT('',(1.511408505961,33.098908169789));
#721 = CARTESIAN_POINT('',(1.530827263375,33.023316091228));
#722 = CARTESIAN_POINT('',(1.551269440226,32.980840815502));
#723 = CARTESIAN_POINT('',(1.572090000197,32.973971048612));
#724 = CARTESIAN_POINT('',(1.592624048688,33.00239652186));
#725 = CARTESIAN_POINT('',(1.6249467367,33.101899609051));
#726 = CARTESIAN_POINT('',(1.637351711235,33.154622615457));
#727 = CARTESIAN_POINT('',(1.649354122326,33.220629586608));
#728 = CARTESIAN_POINT('',(1.660841156916,33.299375963213));
#729 = CARTESIAN_POINT('',(1.671704499489,33.390148879017));
#730 = CARTESIAN_POINT('',(1.68184154879,33.492074318654));
#731 = CARTESIAN_POINT('',(1.691157860236,33.604128291348));
#732 = CARTESIAN_POINT('',(1.708824591944,33.858271343996));
#733 = CARTESIAN_POINT('',(1.71698898941,34.002295600678));
#734 = CARTESIAN_POINT('',(1.723951265358,34.155682256122));
#735 = CARTESIAN_POINT('',(1.729618400498,34.316725925351));
#736 = CARTESIAN_POINT('',(1.733918534748,34.483603203973));
#737 = CARTESIAN_POINT('',(1.736802351116,34.654411291636));
#738 = CARTESIAN_POINT('',(1.738244406015,34.827200407829));
#739 = CARTESIAN_POINT('',(1.738244406015,35.174528132916));
#740 = CARTESIAN_POINT('',(1.736773379326,35.348936845405));
#741 = CARTESIAN_POINT('',(1.733834679796,35.52216982876));
#742 = CARTESIAN_POINT('',(1.729412488078,35.693098481157));
#743 = CARTESIAN_POINT('',(1.723476086068,35.86042343836));
#744 = CARTESIAN_POINT('',(1.715983995273,36.022562185359));
#745 = CARTESIAN_POINT('',(1.706888717456,36.17750528138));
#746 = CARTESIAN_POINT('',(1.685751239208,36.462957186656));
#747 = CARTESIAN_POINT('',(1.673580642134,36.597283368067));
#748 = CARTESIAN_POINT('',(1.659658797433,36.71987853775));
#749 = CARTESIAN_POINT('',(1.644115013954,36.825612526823));
#750 = CARTESIAN_POINT('',(1.627159319175,36.909989174141));
#751 = CARTESIAN_POINT('',(1.609064075194,36.969171944465));
#752 = CARTESIAN_POINT('',(1.590152220116,37.));
#753 = CARTESIAN_POINT('',(1.570796326795,37.));
#754 = ( GEOMETRIC_REPRESENTATION_CONTEXT(2) 
PARAMETRIC_REPRESENTATION_CONTEXT() REPRESENTATION_CONTEXT('2D SPACE',''
  ) );
#755 = PCURVE('',#756,#761);
#756 = CYLINDRICAL_SURFACE('',#757,2.);
#757 = AXIS2_PLACEMENT_3D('',#758,#759,#760);
#758 = CARTESIAN_POINT('',(0.,8.,40.));
#759 = DIRECTION('',(0.,1.,0.));
#760 = DIRECTION('',(0.,-0.,1.));
#761 = DEFINITIONAL_REPRESENTATION('',(#762),#821);
#762 = B_SPLINE_CURVE_WITH_KNOTS('',8,(#763,#764,#765,#766,#767,#768,
    #769,#770,#771,#772,#773,#774,#775,#776,#777,#778,#779,#780,#781,
    #782,#783,#784,#785,#786,#787,#788,#789,#790,#791,#792,#793,#794,
    #795,#796,#797,#798,#799,#800,#801,#802,#803,#804,#805,#806,#807,
    #808,#809,#810,#811,#812,#813,#814,#815,#816,#817,#818,#819,#820),
  .UNSPECIFIED.,.F.,.F.,(9,7,7,7,7,7,7,7,9),(0.,0.137118178814,
    0.278854740786,0.448780275839,0.594995830122,0.68950800093,
    0.793466095162,0.898464098108,1.),.UNSPECIFIED.);
#763 = CARTESIAN_POINT('',(0.,4.));
#764 = CARTESIAN_POINT('',(0.116189387361,4.));
#765 = CARTESIAN_POINT('',(0.229675062921,3.994857007614));
#766 = CARTESIAN_POINT('',(0.340555863799,3.9849907715));
#767 = CARTESIAN_POINT('',(0.448776266838,3.971359701061));
#768 = CARTESIAN_POINT('',(0.55414487859,3.955296410646));
#769 = CARTESIAN_POINT('',(0.65630332153,3.938237304236));
#770 = CARTESIAN_POINT('',(0.75465084839,3.921448814579));
#771 = CARTESIAN_POINT('',(0.944961096698,3.889731709292));
#772 = CARTESIAN_POINT('',(1.038812954523,3.874515646268));
#773 = CARTESIAN_POINT('',(1.130394134431,3.860981032286));
#774 = CARTESIAN_POINT('',(1.220203142224,3.849679812601));
#775 = CARTESIAN_POINT('',(1.308701178282,3.840978676273));
#776 = CARTESIAN_POINT('',(1.396332568262,3.835101301025));
#777 = CARTESIAN_POINT('',(1.483536831429,3.832159566199));
#778 = CARTESIAN_POINT('',(1.675410240327,3.832159566199));
#779 = CARTESIAN_POINT('',(1.77987854472,3.83638770354));
#780 = CARTESIAN_POINT('',(1.885100920226,3.844824399351));
#781 = CARTESIAN_POINT('',(1.99186222205,3.857246818758));
#782 = CARTESIAN_POINT('',(2.100927108766,3.873206242515));
#783 = CARTESIAN_POINT('',(2.213082502333,3.891915679475));
#784 = CARTESIAN_POINT('',(2.329206488924,3.912128593333));
#785 = CARTESIAN_POINT('',(2.554761828918,3.949265447299));
#786 = CARTESIAN_POINT('',(2.66671541262,3.966888622493));
#787 = CARTESIAN_POINT('',(2.783563825404,3.98316665573));
#788 = CARTESIAN_POINT('',(2.903597199177,3.995956856868));
#789 = CARTESIAN_POINT('',(3.025602080711,4.00332252947));
#790 = CARTESIAN_POINT('',(3.148536940304,4.004384426686));
#791 = CARTESIAN_POINT('',(3.271408981186,3.999452585733));
#792 = CARTESIAN_POINT('',(3.471463531705,3.983375934464));
#793 = CARTESIAN_POINT('',(3.550004533604,3.974999339247));
#794 = CARTESIAN_POINT('',(3.62853949793,3.964791255207));
#795 = CARTESIAN_POINT('',(3.707074113887,3.953092516753));
#796 = CARTESIAN_POINT('',(3.785613979323,3.940332049457));
#797 = CARTESIAN_POINT('',(3.864159366318,3.926998757452));
#798 = CARTESIAN_POINT('',(3.942704106572,3.913604793028));
#799 = CARTESIAN_POINT('',(4.107622136879,3.886379891552));
#800 = CARTESIAN_POINT('',(4.194026767478,3.872633987355));
#801 = CARTESIAN_POINT('',(4.280428793158,3.86005650966));
#802 = CARTESIAN_POINT('',(4.36682124432,3.849273863003));
#803 = CARTESIAN_POINT('',(4.453207438031,3.840811727984));
#804 = CARTESIAN_POINT('',(4.539594833831,3.835043397831));
#805 = CARTESIAN_POINT('',(4.625989184299,3.832159566199));
#806 = CARTESIAN_POINT('',(4.799653046843,3.832159566199));
#807 = CARTESIAN_POINT('',(4.886857285917,3.835101601962));
#808 = CARTESIAN_POINT('',(4.974486783554,3.840979070599));
#809 = CARTESIAN_POINT('',(5.062982669646,3.849679967778));
#810 = CARTESIAN_POINT('',(5.152790299515,3.860980906038));
#811 = CARTESIAN_POINT('',(5.244371347829,3.874515482716));
#812 = CARTESIAN_POINT('',(5.33822398308,3.889731671393));
#813 = CARTESIAN_POINT('',(5.528497075181,3.921442584227));
#814 = CARTESIAN_POINT('',(5.626850665927,3.938231760346));
#815 = CARTESIAN_POINT('',(5.729036402516,3.95529642405));
#816 = CARTESIAN_POINT('',(5.834438329427,3.97136576028));
#817 = CARTESIAN_POINT('',(5.94268640949,3.984998840307));
#818 = CARTESIAN_POINT('',(6.053578976716,3.994861787778));
#819 = CARTESIAN_POINT('',(6.167049947254,4.));
#820 = CARTESIAN_POINT('',(6.28318530718,4.));
#821 = ( GEOMETRIC_REPRESENTATION_CONTEXT(2) 
PARAMETRIC_REPRESENTATION_CONTEXT() REPRESENTATION_CONTEXT('2D SPACE',''
  ) );
#822 = ADVANCED_FACE('',(#823,#826),#616,.F.);
#823 = FACE_BOUND('',#824,.F.);
#824 = EDGE_LOOP('',(#825));
#825 = ORIENTED_EDGE('',*,*,#601,.T.);
#826 = FACE_BOUND('',#827,.F.);
#827 = EDGE_LOOP('',(#828));
#828 = ORIENTED_EDGE('',*,*,#829,.F.);
#829 = EDGE_CURVE('',#830,#830,#832,.T.);
#830 = VERTEX_POINT('',#831);
#831 = CARTESIAN_POINT('',(4.,-9.797174393179E-16,5.));
#832 = SURFACE_CURVE('',#833,(#838,#845),.PCURVE_S1.);
#833 = CIRCLE('',#834,4.);
#834 = AXIS2_PLACEMENT_3D('',#835,#836,#837);
#835 = CARTESIAN_POINT('',(0.,0.,5.));
#836 = DIRECTION('',(0.,0.,1.));
#837 = DIRECTION('',(1.,0.,-0.));
#838 = PCURVE('',#616,#839);
#839 = DEFINITIONAL_REPRESENTATION('',(#840),#844);
#840 = CIRCLE('',#841,4.);
#841 = AXIS2_PLACEMENT_2D('',#842,#843);
#842 = CARTESIAN_POINT('',(0.,0.));
#843 = DIRECTION('',(1.,0.));
#844 = ( GEOMETRIC_REPRESENTATION_CONTEXT(2) 
PARAMETRIC_REPRESENTATION_CONTEXT() REPRESENTATION_CONTEXT('2D SPACE',''
  ) );
#845 = PCURVE('',#846,#851);
#846 = CYLINDRICAL_SURFACE('',#847,4.);
#847 = AXIS2_PLACEMENT_3D('',#848,#849,#850);
#848 = CARTESIAN_POINT('',(0.,0.,5.));
#849 = DIRECTION('',(0.,0.,1.));
#850 = DIRECTION('',(1.,0.,-0.));
#851 = DEFINITIONAL_REPRESENTATION('',(#852),#856);
#852 = LINE('',#853,#854);
#853 = CARTESIAN_POINT('',(0.,0.));
#854 = VECTOR('',#855,1.);
#855 = DIRECTION('',(1.,0.));
#856 = ( GEOMETRIC_REPRESENTATION_CONTEXT(2) 
PARAMETRIC_REPRESENTATION_CONTEXT() REPRESENTATION_CONTEXT('2D SPACE',''
  ) );
#857 = ADVANCED_FACE('',(#858),#588,.T.);
#858 = FACE_BOUND('',#859,.T.);
#859 = EDGE_LOOP('',(#860));
#860 = ORIENTED_EDGE('',*,*,#573,.T.);
#861 = ADVANCED_FACE('',(#862),#756,.F.);
#862 = FACE_BOUND('',#863,.F.);
#863 = EDGE_LOOP('',(#864,#865,#888,#915));
#864 = ORIENTED_EDGE('',*,*,#630,.F.);
#865 = ORIENTED_EDGE('',*,*,#866,.F.);
#866 = EDGE_CURVE('',#867,#631,#869,.T.);
#867 = VERTEX_POINT('',#868);
#868 = CARTESIAN_POINT('',(-4.898587196589E-16,8.,42.));
#869 = SEAM_CURVE('',#870,(#874,#881),.PCURVE_S1.);
#870 = LINE('',#871,#872);
#871 = CARTESIAN_POINT('',(-4.898587196589E-16,8.,42.));
#872 = VECTOR('',#873,1.);
#873 = DIRECTION('',(0.,1.,0.));
#874 = PCURVE('',#756,#875);
#875 = DEFINITIONAL_REPRESENTATION('',(#876),#880);
#876 = LINE('',#877,#878);
#877 = CARTESIAN_POINT('',(6.28318530718,-0.));
#878 = VECTOR('',#879,1.);
#879 = DIRECTION('',(0.,1.));
#880 = ( GEOMETRIC_REPRESENTATION_CONTEXT(2) 
PARAMETRIC_REPRESENTATION_CONTEXT() REPRESENTATION_CONTEXT('2D SPACE',''
  ) );
#881 = PCURVE('',#756,#882);
#882 = DEFINITIONAL_REPRESENTATION('',(#883),#887);
#883 = LINE('',#884,#885);
#884 = CARTESIAN_POINT('',(0.,-0.));
#885 = VECTOR('',#886,1.);
#886 = DIRECTION('',(0.,1.));
#887 = ( GEOMETRIC_REPRESENTATION_CONTEXT(2) 
PARAMETRIC_REPRESENTATION_CONTEXT() REPRESENTATION_CONTEXT('2D SPACE',''
  ) );
#888 = ORIENTED_EDGE('',*,*,#889,.T.);
#889 = EDGE_CURVE('',#867,#867,#890,.T.);
#890 = SURFACE_CURVE('',#891,(#896,#903),.PCURVE_S1.);
#891 = CIRCLE('',#892,2.);
#892 = AXIS2_PLACEMENT_3D('',#893,#894,#895);
#893 = CARTESIAN_POINT('',(0.,8.,40.));
#894 = DIRECTION('',(0.,1.,0.));
#895 = DIRECTION('',(0.,-0.,1.));
#896 = PCURVE('',#756,#897);
#897 = DEFINITIONAL_REPRESENTATION('',(#898),#902);
#898 = LINE('',#899,#900);
#899 = CARTESIAN_POINT('',(0.,0.));
#900 = VECTOR('',#901,1.);
#901 = DIRECTION('',(1.,0.));
#902 = ( GEOMETRIC_REPRESENTATION_CONTEXT(2) 
PARAMETRIC_REPRESENTATION_CONTEXT() REPRESENTATION_CONTEXT('2D SPACE',''
  ) );
#903 = PCURVE('',#904,#909);
#904 = PLANE('',#905);
#905 = AXIS2_PLACEMENT_3D('',#906,#907,#908);
#906 = CARTESIAN_POINT('',(0.,8.,40.));
#907 = DIRECTION('',(0.,1.,0.));
#908 = DIRECTION('',(0.,-0.,1.));
#909 = DEFINITIONAL_REPRESENTATION('',(#910),#914);
#910 = CIRCLE('',#911,2.);
#911 = AXIS2_PLACEMENT_2D('',#912,#913);
#912 = CARTESIAN_POINT('',(0.,0.));
#913 = DIRECTION('',(1.,0.));
#914 = ( GEOMETRIC_REPRESENTATION_CONTEXT(2) 
PARAMETRIC_REPRESENTATION_CONTEXT() REPRESENTATION_CONTEXT('2D SPACE',''
  ) );
#915 = ORIENTED_EDGE('',*,*,#866,.T.);
#916 = ADVANCED_FACE('',(#917),#846,.F.);
#917 = FACE_BOUND('',#918,.F.);
#918 = EDGE_LOOP('',(#919,#947,#968,#969));
#919 = ORIENTED_EDGE('',*,*,#920,.F.);
#920 = EDGE_CURVE('',#921,#921,#923,.T.);
#921 = VERTEX_POINT('',#922);
#922 = CARTESIAN_POINT('',(4.,-9.797174393179E-16,25.));
#923 = SURFACE_CURVE('',#924,(#929,#936),.PCURVE_S1.);
#924 = CIRCLE('',#925,4.);
#925 = AXIS2_PLACEMENT_3D('',#926,#927,#928);
#926 = CARTESIAN_POINT('',(0.,0.,25.));
#927 = DIRECTION('',(0.,0.,1.));
#928 = DIRECTION('',(1.,0.,-0.));
#929 = PCURVE('',#846,#930);
#930 = DEFINITIONAL_REPRESENTATION('',(#931),#935);
#931 = LINE('',#932,#933);
#932 = CARTESIAN_POINT('',(0.,20.));
#933 = VECTOR('',#934,1.);
#934 = DIRECTION('',(1.,0.));
#935 = ( GEOMETRIC_REPRESENTATION_CONTEXT(2) 
PARAMETRIC_REPRESENTATION_CONTEXT() REPRESENTATION_CONTEXT('2D SPACE',''
  ) );
#936 = PCURVE('',#937,#942);
#937 = CONICAL_SURFACE('',#938,4.,1.030376826524);
#938 = AXIS2_PLACEMENT_3D('',#939,#940,#941);
#939 = CARTESIAN_POINT('',(0.,0.,25.));
#940 = DIRECTION('',(-0.,-0.,-1.));
#941 = DIRECTION('',(1.,0.,-0.));
#942 = DEFINITIONAL_REPRESENTATION('',(#943),#946);
#943 = B_SPLINE_CURVE_WITH_KNOTS('',1,(#944,#945),.UNSPECIFIED.,.F.,.F.,
  (2,2),(0.,6.28318530718),.PIECEWISE_BEZIER_KNOTS.);
#944 = CARTESIAN_POINT('',(0.,0.));
#945 = CARTESIAN_POINT('',(-6.28318530718,0.));
#946 = ( GEOMETRIC_REPRESENTATION_CONTEXT(2) 
PARAMETRIC_REPRESENTATION_CONTEXT() REPRESENTATION_CONTEXT('2D SPACE',''
  ) );
#947 = ORIENTED_EDGE('',*,*,#948,.F.);
#948 = EDGE_CURVE('',#830,#921,#949,.T.);
#949 = SEAM_CURVE('',#950,(#954,#961),.PCURVE_S1.);
#950 = LINE('',#951,#952);
#951 = CARTESIAN_POINT('',(4.,-9.797174393179E-16,5.));
#952 = VECTOR('',#953,1.);
#953 = DIRECTION('',(0.,0.,1.));
#954 = PCURVE('',#846,#955);
#955 = DEFINITIONAL_REPRESENTATION('',(#956),#960);
#956 = LINE('',#957,#958);
#957 = CARTESIAN_POINT('',(6.28318530718,-0.));
#958 = VECTOR('',#959,1.);
#959 = DIRECTION('',(0.,1.));
#960 = ( GEOMETRIC_REPRESENTATION_CONTEXT(2) 
PARAMETRIC_REPRESENTATION_CONTEXT() REPRESENTATION_CONTEXT('2D SPACE',''
  ) );
#961 = PCURVE('',#846,#962);
#962 = DEFINITIONAL_REPRESENTATION('',(#963),#967);
#963 = LINE('',#964,#965);
#964 = CARTESIAN_POINT('',(0.,-0.));
#965 = VECTOR('',#966,1.);
#966 = DIRECTION('',(0.,1.));
#967 = ( GEOMETRIC_REPRESENTATION_CONTEXT(2) 
PARAMETRIC_REPRESENTATION_CONTEXT() REPRESENTATION_CONTEXT('2D SPACE',''
  ) );
#968 = ORIENTED_EDGE('',*,*,#829,.T.);
#969 = ORIENTED_EDGE('',*,*,#948,.T.);
#970 = ADVANCED_FACE('',(#971),#904,.T.);
#971 = FACE_BOUND('',#972,.F.);
#972 = EDGE_LOOP('',(#973));
#973 = ORIENTED_EDGE('',*,*,#889,.F.);
#974 = ADVANCED_FACE('',(#975),#937,.F.);
#975 = FACE_BOUND('',#976,.F.);
#976 = EDGE_LOOP('',(#977,#1000,#1001));
#977 = ORIENTED_EDGE('',*,*,#978,.F.);
#978 = EDGE_CURVE('',#921,#979,#981,.T.);
#979 = VERTEX_POINT('',#980);
#980 = CARTESIAN_POINT('',(4.440892098501E-16,-1.087704858758E-31,27.4)
  );
#981 = SEAM_CURVE('',#982,(#986,#993),.PCURVE_S1.);
#982 = LINE('',#983,#984);
#983 = CARTESIAN_POINT('',(4.,-9.797174393179E-16,25.));
#984 = VECTOR('',#985,1.);
#985 = DIRECTION('',(-0.857492925713,2.100251933531E-16,0.514495755428)
  );
#986 = PCURVE('',#937,#987);
#987 = DEFINITIONAL_REPRESENTATION('',(#988),#992);
#988 = LINE('',#989,#990);
#989 = CARTESIAN_POINT('',(-6.28318530718,0.));
#990 = VECTOR('',#991,1.);
#991 = DIRECTION('',(-0.,-1.));
#992 = ( GEOMETRIC_REPRESENTATION_CONTEXT(2) 
PARAMETRIC_REPRESENTATION_CONTEXT() REPRESENTATION_CONTEXT('2D SPACE',''
  ) );
#993 = PCURVE('',#937,#994);
#994 = DEFINITIONAL_REPRESENTATION('',(#995),#999);
#995 = LINE('',#996,#997);
#996 = CARTESIAN_POINT('',(0.,-0.));
#997 = VECTOR('',#998,1.);
#998 = DIRECTION('',(-0.,-1.));
#999 = ( GEOMETRIC_REPRESENTATION_CONTEXT(2) 
PARAMETRIC_REPRESENTATION_CONTEXT() REPRESENTATION_CONTEXT('2D SPACE',''
  ) );
#1000 = ORIENTED_EDGE('',*,*,#920,.T.);
#1001 = ORIENTED_EDGE('',*,*,#978,.T.);
#1002 = ( GEOMETRIC_REPRESENTATION_CONTEXT(3) 
GLOBAL_UNCERTAINTY_ASSIGNED_CONTEXT((#1006)) 
GLOBAL_UNIT_ASSIGNED_CONTEXT((#1003,#1004,#1005)) REPRESENTATION_CONTEXT
('Context #1','3D Context with UNIT and UNCERTAINTY') );
#1003 = ( LENGTH_UNIT() NAMED_UNIT(*) SI_UNIT(.MILLI.,.METRE.) );
#1004 = ( NAMED_UNIT(*) PLANE_ANGLE_UNIT() SI_UNIT($,.RADIAN.) );
#1005 = ( NAMED_UNIT(*) SI_UNIT($,.STERADIAN.) SOLID_ANGLE_UNIT() );
#1006 = UNCERTAINTY_MEASURE_WITH_UNIT(LENGTH_MEASURE(1.E-07),#1003,
  'distance_accuracy_value','confusion accuracy');
#1007 = CONTEXT_DEPENDENT_SHAPE_REPRESENTATION(#1008,#1010);
#1008 = ( REPRESENTATION_RELATIONSHIP('','',#536,#10) 
REPRESENTATION_RELATIONSHIP_WITH_TRANSFORMATION(#1009) 
SHAPE_REPRESENTATION_RELATIONSHIP() );
#1009 = ITEM_DEFINED_TRANSFORMATION('','',#11,#19);
#1010 = PRODUCT_DEFINITION_SHAPE('Placement','Placement of an item',
  #1011);
#1011 = NEXT_ASSEMBLY_USAGE_OCCURRENCE('2','','',#5,#531,$);
#1012 = PRODUCT_RELATED_PRODUCT_CATEGORY('part',$,(#533));
#1013 = SHAPE_DEFINITION_REPRESENTATION(#1014,#1020);
#1014 = PRODUCT_DEFINITION_SHAPE('','',#1015);
#1015 = PRODUCT_DEFINITION('design','',#1016,#1019);
#1016 = PRODUCT_DEFINITION_FORMATION('','',#1017);
#1017 = PRODUCT('Open CASCADE STEP translator 7.8 6.3',
  'Open CASCADE STEP translator 7.8 6.3','',(#1018));
#1018 = PRODUCT_CONTEXT('',#2,'mechanical');
#1019 = PRODUCT_DEFINITION_CONTEXT('part definition',#2,'design');
#1020 = ADVANCED_BREP_SHAPE_REPRESENTATION('',(#11,#1021),#1119);
#1021 = MANIFOLD_SOLID_BREP('',#1022);
#1022 = CLOSED_SHELL('',(#1023,#1111,#1115));
#1023 = ADVANCED_FACE('',(#1024),#1037,.T.);
#1024 = FACE_BOUND('',#1025,.T.);
#1025 = EDGE_LOOP('',(#1026,#1060,#1083,#1110));
#1026 = ORIENTED_EDGE('',*,*,#1027,.F.);
#1027 = EDGE_CURVE('',#1028,#1028,#1030,.T.);
#1028 = VERTEX_POINT('',#1029);
#1029 = CARTESIAN_POINT('',(-4.898587196589E-16,29.,42.));
#1030 = SURFACE_CURVE('',#1031,(#1036,#1048),.PCURVE_S1.);
#1031 = CIRCLE('',#1032,2.);
#1032 = AXIS2_PLACEMENT_3D('',#1033,#1034,#1035);
#1033 = CARTESIAN_POINT('',(0.,29.,40.));
#1034 = DIRECTION('',(0.,1.,0.));
#1035 = DIRECTION('',(0.,-0.,1.));
#1036 = PCURVE('',#1037,#1042);
#1037 = CYLINDRICAL_SURFACE('',#1038,2.);
#1038 = AXIS2_PLACEMENT_3D('',#1039,#1040,#1041);
#1039 = CARTESIAN_POINT('',(0.,8.,40.));
#1040 = DIRECTION('',(0.,1.,0.));
#1041 = DIRECTION('',(0.,-0.,1.));
#1042 = DEFINITIONAL_REPRESENTATION('',(#1043),#1047);
#1043 = LINE('',#1044,#1045);
#1044 = CARTESIAN_POINT('',(0.,21.));
#1045 = VECTOR('',#1046,1.);
#1046 = DIRECTION('',(1.,0.));
#1047 = ( GEOMETRIC_REPRESENTATION_CONTEXT(2) 
PARAMETRIC_REPRESENTATION_CONTEXT() REPRESENTATION_CONTEXT('2D SPACE',''
  ) );
#1048 = PCURVE('',#1049,#1054);
#1049 = PLANE('',#1050);
#1050 = AXIS2_PLACEMENT_3D('',#1051,#1052,#1053);
#1051 = CARTESIAN_POINT('',(0.,29.,40.));
#1052 = DIRECTION('',(0.,1.,0.));
#1053 = DIRECTION('',(0.,-0.,1.));
#1054 = DEFINITIONAL_REPRESENTATION('',(#1055),#1059);
#1055 = CIRCLE('',#1056,2.);
#1056 = AXIS2_PLACEMENT_2D('',#1057,#1058);
#1057 = CARTESIAN_POINT('',(0.,0.));
#1058 = DIRECTION('',(1.,0.));
#1059 = ( GEOMETRIC_REPRESENTATION_CONTEXT(2) 
PARAMETRIC_REPRESENTATION_CONTEXT() REPRESENTATION_CONTEXT('2D SPACE',''
  ) );
#1060 = ORIENTED_EDGE('',*,*,#1061,.F.);
#1061 = EDGE_CURVE('',#1062,#1028,#1064,.T.);
#1062 = VERTEX_POINT('',#1063);
#1063 = CARTESIAN_POINT('',(-4.898587196589E-16,8.,42.));
#1064 = SEAM_CURVE('',#1065,(#1069,#1076),.PCURVE_S1.);
#1065 = LINE('',#1066,#1067);
#1066 = CARTESIAN_POINT('',(-4.898587196589E-16,8.,42.));
#1067 = VECTOR('',#1068,1.);
#1068 = DIRECTION('',(0.,1.,0.));
#1069 = PCURVE('',#1037,#1070);
#1070 = DEFINITIONAL_REPRESENTATION('',(#1071),#1075);
#1071 = LINE('',#1072,#1073);
#1072 = CARTESIAN_POINT('',(6.28318530718,-0.));
#1073 = VECTOR('',#1074,1.);
#1074 = DIRECTION('',(0.,1.));
#1075 = ( GEOMETRIC_REPRESENTATION_CONTEXT(2) 
PARAMETRIC_REPRESENTATION_CONTEXT() REPRESENTATION_CONTEXT('2D SPACE',''
  ) );
#1076 = PCURVE('',#1037,#1077);
#1077 = DEFINITIONAL_REPRESENTATION('',(#1078),#1082);
#1078 = LINE('',#1079,#1080);
#1079 = CARTESIAN_POINT('',(0.,-0.));
#1080 = VECTOR('',#1081,1.);
#1081 = DIRECTION('',(0.,1.));
#1082 = ( GEOMETRIC_REPRESENTATION_CONTEXT(2) 
PARAMETRIC_REPRESENTATION_CONTEXT() REPRESENTATION_CONTEXT('2D SPACE',''
  ) );
#1083 = ORIENTED_EDGE('',*,*,#1084,.T.);
#1084 = EDGE_CURVE('',#1062,#1062,#1085,.T.);
#1085 = SURFACE_CURVE('',#1086,(#1091,#1098),.PCURVE_S1.);
#1086 = CIRCLE('',#1087,2.);
#1087 = AXIS2_PLACEMENT_3D('',#1088,#1089,#1090);
#1088 = CARTESIAN_POINT('',(0.,8.,40.));
#1089 = DIRECTION('',(0.,1.,0.));
#1090 = DIRECTION('',(0.,-0.,1.));
#1091 = PCURVE('',#1037,#1092);
#1092 = DEFINITIONAL_REPRESENTATION('',(#1093),#1097);
#1093 = LINE('',#1094,#1095);
#1094 = CARTESIAN_POINT('',(0.,0.));
#1095 = VECTOR('',#1096,1.);
#1096 = DIRECTION('',(1.,0.));
#1097 = ( GEOMETRIC_REPRESENTATION_CONTEXT(2) 
PARAMETRIC_REPRESENTATION_CONTEXT() REPRESENTATION_CONTEXT('2D SPACE',''
  ) );
#1098 = PCURVE('',#1099,#1104);
#1099 = PLANE('',#1100);
#1100 = AXIS2_PLACEMENT_3D('',#1101,#1102,#1103);
#1101 = CARTESIAN_POINT('',(0.,8.,40.));
#1102 = DIRECTION('',(0.,1.,0.));
#1103 = DIRECTION('',(0.,-0.,1.));
#1104 = DEFINITIONAL_REPRESENTATION('',(#1105),#1109);
#1105 = CIRCLE('',#1106,2.);
#1106 = AXIS2_PLACEMENT_2D('',#1107,#1108);
#1107 = CARTESIAN_POINT('',(0.,0.));
#1108 = DIRECTION('',(1.,0.));
#1109 = ( GEOMETRIC_REPRESENTATION_CONTEXT(2) 
PARAMETRIC_REPRESENTATION_CONTEXT() REPRESENTATION_CONTEXT('2D SPACE',''
  ) );
#1110 = ORIENTED_EDGE('',*,*,#1061,.T.);
#1111 = ADVANCED_FACE('',(#1112),#1049,.T.);
#1112 = FACE_BOUND('',#1113,.T.);
#1113 = EDGE_LOOP('',(#1114));
#1114 = ORIENTED_EDGE('',*,*,#1027,.T.);
#1115 = ADVANCED_FACE('',(#1116),#1099,.F.);
#1116 = FACE_BOUND('',#1117,.T.);
#1117 = EDGE_LOOP('',(#1118));
#1118 = ORIENTED_EDGE('',*,*,#1084,.F.);
#1119 = ( GEOMETRIC_REPRESENTATION_CONTEXT(3) 
GLOBAL_UNCERTAINTY_ASSIGNED_CONTEXT((#1123)) 
GLOBAL_UNIT_ASSIGNED_CONTEXT((#1120,#1121,#1122)) REPRESENTATION_CONTEXT
('Context #1','3D Context with UNIT and UNCERTAINTY') );
#1120 = ( LENGTH_UNIT() NAMED_UNIT(*) SI_UNIT(.MILLI.,.METRE.) );
#1121 = ( NAMED_UNIT(*) PLANE_ANGLE_UNIT() SI_UNIT($,.RADIAN.) );
#1122 = ( NAMED_UNIT(*) SI_UNIT($,.STERADIAN.) SOLID_ANGLE_UNIT() );
#1123 = UNCERTAINTY_MEASURE_WITH_UNIT(LENGTH_MEASURE(1.E-07),#1120,
  'distance_accuracy_value','confusion accuracy');
#1124 = CONTEXT_DEPENDENT_SHAPE_REPRESENTATION(#1125,#1127);
#1125 = ( REPRESENTATION_RELATIONSHIP('','',#1020,#10) 
REPRESENTATION_RELATIONSHIP_WITH_TRANSFORMATION(#1126) 
SHAPE_REPRESENTATION_RELATIONSHIP() );
#1126 = ITEM_DEFINED_TRANSFORMATION('','',#11,#23);
#1127 = PRODUCT_DEFINITION_SHAPE('Placement','Placement of an item',
  #1128);
#1128 = NEXT_ASSEMBLY_USAGE_OCCURRENCE('3','','',#5,#1015,$);
#1129 = PRODUCT_RELATED_PRODUCT_CATEGORY('part',$,(#1017));
#1130 = SHAPE_DEFINITION_REPRESENTATION(#1131,#1137);
#1131 = PRODUCT_DEFINITION_SHAPE('','',#1132);
#1132 = PRODUCT_DEFINITION('design','',#1133,#1136);
#1133 = PRODUCT_DEFINITION_FORMATION('','',#1134);
#1134 = PRODUCT('Open CASCADE STEP translator 7.8 6.4',
  'Open CASCADE STEP translator 7.8 6.4','',(#1135));
#1135 = PRODUCT_CONTEXT('',#2,'mechanical');
#1136 = PRODUCT_DEFINITION_CONTEXT('part definition',#2,'design');
#1137 = ADVANCED_BREP_SHAPE_REPRESENTATION('',(#11,#1138),#1768);
#1138 = MANIFOLD_SOLID_BREP('',#1139);
#1139 = CLOSED_SHELL('',(#1140,#1227,#1282,#1456,#1460,#1536,#1585,#1634
    ,#1683,#1732,#1759));
#1140 = ADVANCED_FACE('',(#1141),#1154,.T.);
#1141 = FACE_BOUND('',#1142,.T.);
#1142 = EDGE_LOOP('',(#1143,#1176,#1199,#1226));
#1143 = ORIENTED_EDGE('',*,*,#1144,.F.);
#1144 = EDGE_CURVE('',#1145,#1145,#1147,.T.);
#1145 = VERTEX_POINT('',#1146);
#1146 = CARTESIAN_POINT('',(4.,-9.797174393179E-16,4.2));
#1147 = SURFACE_CURVE('',#1148,(#1153,#1165),.PCURVE_S1.);
#1148 = CIRCLE('',#1149,4.);
#1149 = AXIS2_PLACEMENT_3D('',#1150,#1151,#1152);
#1150 = CARTESIAN_POINT('',(0.,0.,4.2));
#1151 = DIRECTION('',(0.,0.,1.));
#1152 = DIRECTION('',(1.,0.,-0.));
#1153 = PCURVE('',#1154,#1159);
#1154 = CONICAL_SURFACE('',#1155,8.,0.785398163397);
#1155 = AXIS2_PLACEMENT_3D('',#1156,#1157,#1158);
#1156 = CARTESIAN_POINT('',(0.,0.,0.2));
#1157 = DIRECTION('',(-0.,-0.,-1.));
#1158 = DIRECTION('',(1.,0.,-0.));
#1159 = DEFINITIONAL_REPRESENTATION('',(#1160),#1164);
#1160 = LINE('',#1161,#1162);
#1161 = CARTESIAN_POINT('',(-0.,-4.));
#1162 = VECTOR('',#1163,1.);
#1163 = DIRECTION('',(-1.,-0.));
#1164 = ( GEOMETRIC_REPRESENTATION_CONTEXT(2) 
PARAMETRIC_REPRESENTATION_CONTEXT() REPRESENTATION_CONTEXT('2D SPACE',''
  ) );
#1165 = PCURVE('',#1166,#1171);
#1166 = CYLINDRICAL_SURFACE('',#1167,4.);
#1167 = AXIS2_PLACEMENT_3D('',#1168,#1169,#1170);
#1168 = CARTESIAN_POINT('',(0.,0.,4.2));
#1169 = DIRECTION('',(0.,0.,1.));
#1170 = DIRECTION('',(1.,0.,-0.));
#1171 = DEFINITIONAL_REPRESENTATION('',(#1172),#1175);
#1172 = B_SPLINE_CURVE_WITH_KNOTS('',1,(#1173,#1174),.UNSPECIFIED.,.F.,
  .F.,(2,2),(0.,6.28318530718),.PIECEWISE_BEZIER_KNOTS.);
#1173 = CARTESIAN_POINT('',(0.,0.));
#1174 = CARTESIAN_POINT('',(6.28318530718,0.));
#1175 = ( GEOMETRIC_REPRESENTATION_CONTEXT(2) 
PARAMETRIC_REPRESENTATION_CONTEXT() REPRESENTATION_CONTEXT('2D SPACE',''
  ) );
#1176 = ORIENTED_EDGE('',*,*,#1177,.F.);
#1177 = EDGE_CURVE('',#1178,#1145,#1180,.T.);
#1178 = VERTEX_POINT('',#1179);
#1179 = CARTESIAN_POINT('',(8.,-1.959434878636E-15,0.2));
#1180 = SEAM_CURVE('',#1181,(#1185,#1192),.PCURVE_S1.);
#1181 = LINE('',#1182,#1183);
#1182 = CARTESIAN_POINT('',(8.,-1.959434878636E-15,0.2));
#1183 = VECTOR('',#1184,1.);
#1184 = DIRECTION('',(-0.707106781187,1.731912112471E-16,0.707106781187)
  );
#1185 = PCURVE('',#1154,#1186);
#1186 = DEFINITIONAL_REPRESENTATION('',(#1187),#1191);
#1187 = LINE('',#1188,#1189);
#1188 = CARTESIAN_POINT('',(-6.28318530718,0.));
#1189 = VECTOR('',#1190,1.);
#1190 = DIRECTION('',(-0.,-1.));
#1191 = ( GEOMETRIC_REPRESENTATION_CONTEXT(2) 
PARAMETRIC_REPRESENTATION_CONTEXT() REPRESENTATION_CONTEXT('2D SPACE',''
  ) );
#1192 = PCURVE('',#1154,#1193);
#1193 = DEFINITIONAL_REPRESENTATION('',(#1194),#1198);
#1194 = LINE('',#1195,#1196);
#1195 = CARTESIAN_POINT('',(0.,-0.));
#1196 = VECTOR('',#1197,1.);
#1197 = DIRECTION('',(-0.,-1.));
#1198 = ( GEOMETRIC_REPRESENTATION_CONTEXT(2) 
PARAMETRIC_REPRESENTATION_CONTEXT() REPRESENTATION_CONTEXT('2D SPACE',''
  ) );
#1199 = ORIENTED_EDGE('',*,*,#1200,.T.);
#1200 = EDGE_CURVE('',#1178,#1178,#1201,.T.);
#1201 = SURFACE_CURVE('',#1202,(#1207,#1214),.PCURVE_S1.);
#1202 = CIRCLE('',#1203,8.);
#1203 = AXIS2_PLACEMENT_3D('',#1204,#1205,#1206);
#1204 = CARTESIAN_POINT('',(0.,0.,0.2));
#1205 = DIRECTION('',(0.,0.,1.));
#1206 = DIRECTION('',(1.,0.,-0.));
#1207 = PCURVE('',#1154,#1208);
#1208 = DEFINITIONAL_REPRESENTATION('',(#1209),#1213);
#1209 = LINE('',#1210,#1211);
#1210 = CARTESIAN_POINT('',(-0.,-0.));
#1211 = VECTOR('',#1212,1.);
#1212 = DIRECTION('',(-1.,-0.));
#1213 = ( GEOMETRIC_REPRESENTATION_CONTEXT(2) 
PARAMETRIC_REPRESENTATION_CONTEXT() REPRESENTATION_CONTEXT('2D SPACE',''
  ) );
#1214 = PCURVE('',#1215,#1220);
#1215 = PLANE('',#1216);
#1216 = AXIS2_PLACEMENT_3D('',#1217,#1218,#1219);
#1217 = CARTESIAN_POINT('',(0.,0.,0.2));
#1218 = DIRECTION('',(0.,0.,1.));
#1219 = DIRECTION('',(1.,0.,-0.));
#1220 = DEFINITIONAL_REPRESENTATION('',(#1221),#1225);
#1221 = CIRCLE('',#1222,8.);
#1222 = AXIS2_PLACEMENT_2D('',#1223,#1224);
#1223 = CARTESIAN_POINT('',(0.,0.));
#1224 = DIRECTION('',(1.,0.));
#1225 = ( GEOMETRIC_REPRESENTATION_CONTEXT(2) 
PARAMETRIC_REPRESENTATION_CONTEXT() REPRESENTATION_CONTEXT('2D SPACE',''
  ) );
#1226 = ORIENTED_EDGE('',*,*,#1177,.T.);
#1227 = ADVANCED_FACE('',(#1228),#1166,.T.);
#1228 = FACE_BOUND('',#1229,.T.);
#1229 = EDGE_LOOP('',(#1230,#1259,#1280,#1281));
#1230 = ORIENTED_EDGE('',*,*,#1231,.F.);
#1231 = EDGE_CURVE('',#1232,#1232,#1234,.T.);
#1232 = VERTEX_POINT('',#1233);
#1233 = CARTESIAN_POINT('',(4.,-9.797174393179E-16,20.2));
#1234 = SURFACE_CURVE('',#1235,(#1240,#1247),.PCURVE_S1.);
#1235 = CIRCLE('',#1236,4.);
#1236 = AXIS2_PLACEMENT_3D('',#1237,#1238,#1239);
#1237 = CARTESIAN_POINT('',(0.,0.,20.2));
#1238 = DIRECTION('',(0.,0.,1.));
#1239 = DIRECTION('',(1.,0.,-0.));
#1240 = PCURVE('',#1166,#1241);
#1241 = DEFINITIONAL_REPRESENTATION('',(#1242),#1246);
#1242 = LINE('',#1243,#1244);
#1243 = CARTESIAN_POINT('',(0.,16.));
#1244 = VECTOR('',#1245,1.);
#1245 = DIRECTION('',(1.,0.));
#1246 = ( GEOMETRIC_REPRESENTATION_CONTEXT(2) 
PARAMETRIC_REPRESENTATION_CONTEXT() REPRESENTATION_CONTEXT('2D SPACE',''
  ) );
#1247 = PCURVE('',#1248,#1253);
#1248 = PLANE('',#1249);
#1249 = AXIS2_PLACEMENT_3D('',#1250,#1251,#1252);
#1250 = CARTESIAN_POINT('',(0.,0.,20.2));
#1251 = DIRECTION('',(0.,0.,1.));
#1252 = DIRECTION('',(1.,0.,-0.));
#1253 = DEFINITIONAL_REPRESENTATION('',(#1254),#1258);
#1254 = CIRCLE('',#1255,4.);
#1255 = AXIS2_PLACEMENT_2D('',#1256,#1257);
#1256 = CARTESIAN_POINT('',(0.,0.));
#1257 = DIRECTION('',(1.,0.));
#1258 = ( GEOMETRIC_REPRESENTATION_CONTEXT(2) 
PARAMETRIC_REPRESENTATION_CONTEXT() REPRESENTATION_CONTEXT('2D SPACE',''
  ) );
#1259 = ORIENTED_EDGE('',*,*,#1260,.F.);
#1260 = EDGE_CURVE('',#1145,#1232,#1261,.T.);
#1261 = SEAM_CURVE('',#1262,(#1266,#1273),.PCURVE_S1.);
#1262 = LINE('',#1263,#1264);
#1263 = CARTESIAN_POINT('',(4.,-9.797174393179E-16,4.2));
#1264 = VECTOR('',#1265,1.);
#1265 = DIRECTION('',(0.,0.,1.));
#1266 = PCURVE('',#1166,#1267);
#1267 = DEFINITIONAL_REPRESENTATION('',(#1268),#1272);
#1268 = LINE('',#1269,#1270);
#1269 = CARTESIAN_POINT('',(6.28318530718,-0.));
#1270 = VECTOR('',#1271,1.);
#1271 = DIRECTION('',(0.,1.));
#1272 = ( GEOMETRIC_REPRESENTATION_CONTEXT(2) 
PARAMETRIC_REPRESENTATION_CONTEXT() REPRESENTATION_CONTEXT('2D SPACE',''
  ) );
#1273 = PCURVE('',#1166,#1274);
#1274 = DEFINITIONAL_REPRESENTATION('',(#1275),#1279);
#1275 = LINE('',#1276,#1277);
#1276 = CARTESIAN_POINT('',(0.,-0.));
#1277 = VECTOR('',#1278,1.);
#1278 = DIRECTION('',(0.,1.));
#1279 = ( GEOMETRIC_REPRESENTATION_CONTEXT(2) 
PARAMETRIC_REPRESENTATION_CONTEXT() REPRESENTATION_CONTEXT('2D SPACE',''
  ) );
#1280 = ORIENTED_EDGE('',*,*,#1144,.T.);
#1281 = ORIENTED_EDGE('',*,*,#1260,.T.);
#1282 = ADVANCED_FACE('',(#1283,#1286),#1215,.F.);
#1283 = FACE_BOUND('',#1284,.F.);
#1284 = EDGE_LOOP('',(#1285));
#1285 = ORIENTED_EDGE('',*,*,#1200,.T.);
#1286 = FACE_BOUND('',#1287,.F.);
#1287 = EDGE_LOOP('',(#1288,#1318,#1346,#1374,#1402,#1430));
#1288 = ORIENTED_EDGE('',*,*,#1289,.F.);
#1289 = EDGE_CURVE('',#1290,#1292,#1294,.T.);
#1290 = VERTEX_POINT('',#1291);
#1291 = CARTESIAN_POINT('',(2.886751345896,0.,0.2));
#1292 = VERTEX_POINT('',#1293);
#1293 = CARTESIAN_POINT('',(1.443375672948,2.499999999955,0.2));
#1294 = SURFACE_CURVE('',#1295,(#1299,#1306),.PCURVE_S1.);
#1295 = LINE('',#1296,#1297);
#1296 = CARTESIAN_POINT('',(2.886751345896,0.,0.2));
#1297 = VECTOR('',#1298,1.);
#1298 = DIRECTION('',(-0.5,0.866025403784,0.));
#1299 = PCURVE('',#1215,#1300);
#1300 = DEFINITIONAL_REPRESENTATION('',(#1301),#1305);
#1301 = LINE('',#1302,#1303);
#1302 = CARTESIAN_POINT('',(2.886751345896,0.));
#1303 = VECTOR('',#1304,1.);
#1304 = DIRECTION('',(-0.5,0.866025403784));
#1305 = ( GEOMETRIC_REPRESENTATION_CONTEXT(2) 
PARAMETRIC_REPRESENTATION_CONTEXT() REPRESENTATION_CONTEXT('2D SPACE',''
  ) );
#1306 = PCURVE('',#1307,#1312);
#1307 = PLANE('',#1308);
#1308 = AXIS2_PLACEMENT_3D('',#1309,#1310,#1311);
#1309 = CARTESIAN_POINT('',(2.886751345896,0.,0.2));
#1310 = DIRECTION('',(-0.866025403784,-0.5,0.));
#1311 = DIRECTION('',(-0.5,0.866025403784,0.));
#1312 = DEFINITIONAL_REPRESENTATION('',(#1313),#1317);
#1313 = LINE('',#1314,#1315);
#1314 = CARTESIAN_POINT('',(0.,0.));
#1315 = VECTOR('',#1316,1.);
#1316 = DIRECTION('',(1.,0.));
#1317 = ( GEOMETRIC_REPRESENTATION_CONTEXT(2) 
PARAMETRIC_REPRESENTATION_CONTEXT() REPRESENTATION_CONTEXT('2D SPACE',''
  ) );
#1318 = ORIENTED_EDGE('',*,*,#1319,.F.);
#1319 = EDGE_CURVE('',#1320,#1290,#1322,.T.);
#1320 = VERTEX_POINT('',#1321);
#1321 = CARTESIAN_POINT('',(1.443375672948,-2.499999999955,0.2));
#1322 = SURFACE_CURVE('',#1323,(#1327,#1334),.PCURVE_S1.);
#1323 = LINE('',#1324,#1325);
#1324 = CARTESIAN_POINT('',(1.443375672948,-2.499999999955,0.2));
#1325 = VECTOR('',#1326,1.);
#1326 = DIRECTION('',(0.5,0.866025403784,0.));
#1327 = PCURVE('',#1215,#1328);
#1328 = DEFINITIONAL_REPRESENTATION('',(#1329),#1333);
#1329 = LINE('',#1330,#1331);
#1330 = CARTESIAN_POINT('',(1.443375672948,-2.499999999955));
#1331 = VECTOR('',#1332,1.);
#1332 = DIRECTION('',(0.5,0.866025403784));
#1333 = ( GEOMETRIC_REPRESENTATION_CONTEXT(2) 
PARAMETRIC_REPRESENTATION_CONTEXT() REPRESENTATION_CONTEXT('2D SPACE',''
  ) );
#1334 = PCURVE('',#1335,#1340);
#1335 = PLANE('',#1336);
#1336 = AXIS2_PLACEMENT_3D('',#1337,#1338,#1339);
#1337 = CARTESIAN_POINT('',(1.443375672948,-2.499999999955,0.2));
#1338 = DIRECTION('',(-0.866025403784,0.5,0.));
#1339 = DIRECTION('',(0.5,0.866025403784,0.));
#1340 = DEFINITIONAL_REPRESENTATION('',(#1341),#1345);
#1341 = LINE('',#1342,#1343);
#1342 = CARTESIAN_POINT('',(0.,0.));
#1343 = VECTOR('',#1344,1.);
#1344 = DIRECTION('',(1.,0.));
#1345 = ( GEOMETRIC_REPRESENTATION_CONTEXT(2) 
PARAMETRIC_REPRESENTATION_CONTEXT() REPRESENTATION_CONTEXT('2D SPACE',''
  ) );
#1346 = ORIENTED_EDGE('',*,*,#1347,.F.);
#1347 = EDGE_CURVE('',#1348,#1320,#1350,.T.);
#1348 = VERTEX_POINT('',#1349);
#1349 = CARTESIAN_POINT('',(-1.443375672948,-2.499999999955,0.2));
#1350 = SURFACE_CURVE('',#1351,(#1355,#1362),.PCURVE_S1.);
#1351 = LINE('',#1352,#1353);
#1352 = CARTESIAN_POINT('',(-1.443375672948,-2.499999999955,0.2));
#1353 = VECTOR('',#1354,1.);
#1354 = DIRECTION('',(1.,-6.153480596538E-16,0.));
#1355 = PCURVE('',#1215,#1356);
#1356 = DEFINITIONAL_REPRESENTATION('',(#1357),#1361);
#1357 = LINE('',#1358,#1359);
#1358 = CARTESIAN_POINT('',(-1.443375672948,-2.499999999955));
#1359 = VECTOR('',#1360,1.);
#1360 = DIRECTION('',(1.,-6.153480596538E-16));
#1361 = ( GEOMETRIC_REPRESENTATION_CONTEXT(2) 
PARAMETRIC_REPRESENTATION_CONTEXT() REPRESENTATION_CONTEXT('2D SPACE',''
  ) );
#1362 = PCURVE('',#1363,#1368);
#1363 = PLANE('',#1364);
#1364 = AXIS2_PLACEMENT_3D('',#1365,#1366,#1367);
#1365 = CARTESIAN_POINT('',(-1.443375672948,-2.499999999955,0.2));
#1366 = DIRECTION('',(6.153480596538E-16,1.,-0.));
#1367 = DIRECTION('',(1.,-6.153480596538E-16,0.));
#1368 = DEFINITIONAL_REPRESENTATION('',(#1369),#1373);
#1369 = LINE('',#1370,#1371);
#1370 = CARTESIAN_POINT('',(0.,0.));
#1371 = VECTOR('',#1372,1.);
#1372 = DIRECTION('',(1.,0.));
#1373 = ( GEOMETRIC_REPRESENTATION_CONTEXT(2) 
PARAMETRIC_REPRESENTATION_CONTEXT() REPRESENTATION_CONTEXT('2D SPACE',''
  ) );
#1374 = ORIENTED_EDGE('',*,*,#1375,.F.);
#1375 = EDGE_CURVE('',#1376,#1348,#1378,.T.);
#1376 = VERTEX_POINT('',#1377);
#1377 = CARTESIAN_POINT('',(-2.886751345896,3.535250795686E-16,0.2));
#1378 = SURFACE_CURVE('',#1379,(#1383,#1390),.PCURVE_S1.);
#1379 = LINE('',#1380,#1381);
#1380 = CARTESIAN_POINT('',(-2.886751345896,3.535250795686E-16,0.2));
#1381 = VECTOR('',#1382,1.);
#1382 = DIRECTION('',(0.5,-0.866025403784,0.));
#1383 = PCURVE('',#1215,#1384);
#1384 = DEFINITIONAL_REPRESENTATION('',(#1385),#1389);
#1385 = LINE('',#1386,#1387);
#1386 = CARTESIAN_POINT('',(-2.886751345896,3.535250795686E-16));
#1387 = VECTOR('',#1388,1.);
#1388 = DIRECTION('',(0.5,-0.866025403784));
#1389 = ( GEOMETRIC_REPRESENTATION_CONTEXT(2) 
PARAMETRIC_REPRESENTATION_CONTEXT() REPRESENTATION_CONTEXT('2D SPACE',''
  ) );
#1390 = PCURVE('',#1391,#1396);
#1391 = PLANE('',#1392);
#1392 = AXIS2_PLACEMENT_3D('',#1393,#1394,#1395);
#1393 = CARTESIAN_POINT('',(-2.886751345896,3.535250795686E-16,0.2));
#1394 = DIRECTION('',(0.866025403784,0.5,-0.));
#1395 = DIRECTION('',(0.5,-0.866025403784,0.));
#1396 = DEFINITIONAL_REPRESENTATION('',(#1397),#1401);
#1397 = LINE('',#1398,#1399);
#1398 = CARTESIAN_POINT('',(0.,0.));
#1399 = VECTOR('',#1400,1.);
#1400 = DIRECTION('',(1.,0.));
#1401 = ( GEOMETRIC_REPRESENTATION_CONTEXT(2) 
PARAMETRIC_REPRESENTATION_CONTEXT() REPRESENTATION_CONTEXT('2D SPACE',''
  ) );
#1402 = ORIENTED_EDGE('',*,*,#1403,.F.);
#1403 = EDGE_CURVE('',#1404,#1376,#1406,.T.);
#1404 = VERTEX_POINT('',#1405);
#1405 = CARTESIAN_POINT('',(-1.443375672948,2.499999999955,0.2));
#1406 = SURFACE_CURVE('',#1407,(#1411,#1418),.PCURVE_S1.);
#1407 = LINE('',#1408,#1409);
#1408 = CARTESIAN_POINT('',(-1.443375672948,2.499999999955,0.2));
#1409 = VECTOR('',#1410,1.);
#1410 = DIRECTION('',(-0.5,-0.866025403784,0.));
#1411 = PCURVE('',#1215,#1412);
#1412 = DEFINITIONAL_REPRESENTATION('',(#1413),#1417);
#1413 = LINE('',#1414,#1415);
#1414 = CARTESIAN_POINT('',(-1.443375672948,2.499999999955));
#1415 = VECTOR('',#1416,1.);
#1416 = DIRECTION('',(-0.5,-0.866025403784));
#1417 = ( GEOMETRIC_REPRESENTATION_CONTEXT(2) 
PARAMETRIC_REPRESENTATION_CONTEXT() REPRESENTATION_CONTEXT('2D SPACE',''
  ) );
#1418 = PCURVE('',#1419,#1424);
#1419 = PLANE('',#1420);
#1420 = AXIS2_PLACEMENT_3D('',#1421,#1422,#1423);
#1421 = CARTESIAN_POINT('',(-1.443375672948,2.499999999955,0.2));
#1422 = DIRECTION('',(0.866025403784,-0.5,0.));
#1423 = DIRECTION('',(-0.5,-0.866025403784,0.));
#1424 = DEFINITIONAL_REPRESENTATION('',(#1425),#1429);
#1425 = LINE('',#1426,#1427);
#1426 = CARTESIAN_POINT('',(0.,0.));
#1427 = VECTOR('',#1428,1.);
#1428 = DIRECTION('',(1.,0.));
#1429 = ( GEOMETRIC_REPRESENTATION_CONTEXT(2) 
PARAMETRIC_REPRESENTATION_CONTEXT() REPRESENTATION_CONTEXT('2D SPACE',''
  ) );
#1430 = ORIENTED_EDGE('',*,*,#1431,.F.);
#1431 = EDGE_CURVE('',#1292,#1404,#1432,.T.);
#1432 = SURFACE_CURVE('',#1433,(#1437,#1444),.PCURVE_S1.);
#1433 = LINE('',#1434,#1435);
#1434 = CARTESIAN_POINT('',(1.443375672948,2.499999999955,0.2));
#1435 = VECTOR('',#1436,1.);
#1436 = DIRECTION('',(-1.,1.538370149134E-16,0.));
#1437 = PCURVE('',#1215,#1438);
#1438 = DEFINITIONAL_REPRESENTATION('',(#1439),#1443);
#1439 = LINE('',#1440,#1441);
#1440 = CARTESIAN_POINT('',(1.443375672948,2.499999999955));
#1441 = VECTOR('',#1442,1.);
#1442 = DIRECTION('',(-1.,1.538370149134E-16));
#1443 = ( GEOMETRIC_REPRESENTATION_CONTEXT(2) 
PARAMETRIC_REPRESENTATION_CONTEXT() REPRESENTATION_CONTEXT('2D SPACE',''
  ) );
#1444 = PCURVE('',#1445,#1450);
#1445 = PLANE('',#1446);
#1446 = AXIS2_PLACEMENT_3D('',#1447,#1448,#1449);
#1447 = CARTESIAN_POINT('',(1.443375672948,2.499999999955,0.2));
#1448 = DIRECTION('',(-1.538370149134E-16,-1.,0.));
#1449 = DIRECTION('',(-1.,1.538370149134E-16,0.));
#1450 = DEFINITIONAL_REPRESENTATION('',(#1451),#1455);
#1451 = LINE('',#1452,#1453);
#1452 = CARTESIAN_POINT('',(0.,0.));
#1453 = VECTOR('',#1454,1.);
#1454 = DIRECTION('',(1.,0.));
#1455 = ( GEOMETRIC_REPRESENTATION_CONTEXT(2) 
PARAMETRIC_REPRESENTATION_CONTEXT() REPRESENTATION_CONTEXT('2D SPACE',''
  ) );
#1456 = ADVANCED_FACE('',(#1457),#1248,.T.);
#1457 = FACE_BOUND('',#1458,.T.);
#1458 = EDGE_LOOP('',(#1459));
#1459 = ORIENTED_EDGE('',*,*,#1231,.T.);
#1460 = ADVANCED_FACE('',(#1461),#1307,.T.);
#1461 = FACE_BOUND('',#1462,.T.);
#1462 = EDGE_LOOP('',(#1463,#1486,#1514,#1535));
#1463 = ORIENTED_EDGE('',*,*,#1464,.T.);
#1464 = EDGE_CURVE('',#1290,#1465,#1467,.T.);
#1465 = VERTEX_POINT('',#1466);
#1466 = CARTESIAN_POINT('',(2.886751345896,0.,2.7));
#1467 = SURFACE_CURVE('',#1468,(#1472,#1479),.PCURVE_S1.);
#1468 = LINE('',#1469,#1470);
#1469 = CARTESIAN_POINT('',(2.886751345896,0.,0.2));
#1470 = VECTOR('',#1471,1.);
#1471 = DIRECTION('',(0.,0.,1.));
#1472 = PCURVE('',#1307,#1473);
#1473 = DEFINITIONAL_REPRESENTATION('',(#1474),#1478);
#1474 = LINE('',#1475,#1476);
#1475 = CARTESIAN_POINT('',(0.,0.));
#1476 = VECTOR('',#1477,1.);
#1477 = DIRECTION('',(0.,-1.));
#1478 = ( GEOMETRIC_REPRESENTATION_CONTEXT(2) 
PARAMETRIC_REPRESENTATION_CONTEXT() REPRESENTATION_CONTEXT('2D SPACE',''
  ) );
#1479 = PCURVE('',#1335,#1480);
#1480 = DEFINITIONAL_REPRESENTATION('',(#1481),#1485);
#1481 = LINE('',#1482,#1483);
#1482 = CARTESIAN_POINT('',(2.886751345896,0.));
#1483 = VECTOR('',#1484,1.);
#1484 = DIRECTION('',(0.,-1.));
#1485 = ( GEOMETRIC_REPRESENTATION_CONTEXT(2) 
PARAMETRIC_REPRESENTATION_CONTEXT() REPRESENTATION_CONTEXT('2D SPACE',''
  ) );
#1486 = ORIENTED_EDGE('',*,*,#1487,.T.);
#1487 = EDGE_CURVE('',#1465,#1488,#1490,.T.);
#1488 = VERTEX_POINT('',#1489);
#1489 = CARTESIAN_POINT('',(1.443375672948,2.499999999955,2.7));
#1490 = SURFACE_CURVE('',#1491,(#1495,#1502),.PCURVE_S1.);
#1491 = LINE('',#1492,#1493);
#1492 = CARTESIAN_POINT('',(2.886751345896,0.,2.7));
#1493 = VECTOR('',#1494,1.);
#1494 = DIRECTION('',(-0.5,0.866025403784,0.));
#1495 = PCURVE('',#1307,#1496);
#1496 = DEFINITIONAL_REPRESENTATION('',(#1497),#1501);
#1497 = LINE('',#1498,#1499);
#1498 = CARTESIAN_POINT('',(0.,-2.5));
#1499 = VECTOR('',#1500,1.);
#1500 = DIRECTION('',(1.,0.));
#1501 = ( GEOMETRIC_REPRESENTATION_CONTEXT(2) 
PARAMETRIC_REPRESENTATION_CONTEXT() REPRESENTATION_CONTEXT('2D SPACE',''
  ) );
#1502 = PCURVE('',#1503,#1508);
#1503 = PLANE('',#1504);
#1504 = AXIS2_PLACEMENT_3D('',#1505,#1506,#1507);
#1505 = CARTESIAN_POINT('',(0.,-1.538370149134E-16,2.7));
#1506 = DIRECTION('',(0.,0.,1.));
#1507 = DIRECTION('',(1.,0.,-0.));
#1508 = DEFINITIONAL_REPRESENTATION('',(#1509),#1513);
#1509 = LINE('',#1510,#1511);
#1510 = CARTESIAN_POINT('',(2.886751345896,1.538370149134E-16));
#1511 = VECTOR('',#1512,1.);
#1512 = DIRECTION('',(-0.5,0.866025403784));
#1513 = ( GEOMETRIC_REPRESENTATION_CONTEXT(2) 
PARAMETRIC_REPRESENTATION_CONTEXT() REPRESENTATION_CONTEXT('2D SPACE',''
  ) );
#1514 = ORIENTED_EDGE('',*,*,#1515,.F.);
#1515 = EDGE_CURVE('',#1292,#1488,#1516,.T.);
#1516 = SURFACE_CURVE('',#1517,(#1521,#1528),.PCURVE_S1.);
#1517 = LINE('',#1518,#1519);
#1518 = CARTESIAN_POINT('',(1.443375672948,2.499999999955,0.2));
#1519 = VECTOR('',#1520,1.);
#1520 = DIRECTION('',(0.,0.,1.));
#1521 = PCURVE('',#1307,#1522);
#1522 = DEFINITIONAL_REPRESENTATION('',(#1523),#1527);
#1523 = LINE('',#1524,#1525);
#1524 = CARTESIAN_POINT('',(2.886751345896,0.));
#1525 = VECTOR('',#1526,1.);
#1526 = DIRECTION('',(0.,-1.));
#1527 = ( GEOMETRIC_REPRESENTATION_CONTEXT(2) 
PARAMETRIC_REPRESENTATION_CONTEXT() REPRESENTATION_CONTEXT('2D SPACE',''
  ) );
#1528 = PCURVE('',#1445,#1529);
#1529 = DEFINITIONAL_REPRESENTATION('',(#1530),#1534);
#1530 = LINE('',#1531,#1532);
#1531 = CARTESIAN_POINT('',(0.,0.));
#1532 = VECTOR('',#1533,1.);
#1533 = DIRECTION('',(0.,-1.));
#1534 = ( GEOMETRIC_REPRESENTATION_CONTEXT(2) 
PARAMETRIC_REPRESENTATION_CONTEXT() REPRESENTATION_CONTEXT('2D SPACE',''
  ) );
#1535 = ORIENTED_EDGE('',*,*,#1289,.F.);
#1536 = ADVANCED_FACE('',(#1537),#1445,.T.);
#1537 = FACE_BOUND('',#1538,.T.);
#1538 = EDGE_LOOP('',(#1539,#1540,#1563,#1584));
#1539 = ORIENTED_EDGE('',*,*,#1515,.T.);
#1540 = ORIENTED_EDGE('',*,*,#1541,.T.);
#1541 = EDGE_CURVE('',#1488,#1542,#1544,.T.);
#1542 = VERTEX_POINT('',#1543);
#1543 = CARTESIAN_POINT('',(-1.443375672948,2.499999999955,2.7));
#1544 = SURFACE_CURVE('',#1545,(#1549,#1556),.PCURVE_S1.);
#1545 = LINE('',#1546,#1547);
#1546 = CARTESIAN_POINT('',(1.443375672948,2.499999999955,2.7));
#1547 = VECTOR('',#1548,1.);
#1548 = DIRECTION('',(-1.,1.538370149134E-16,0.));
#1549 = PCURVE('',#1445,#1550);
#1550 = DEFINITIONAL_REPRESENTATION('',(#1551),#1555);
#1551 = LINE('',#1552,#1553);
#1552 = CARTESIAN_POINT('',(0.,-2.5));
#1553 = VECTOR('',#1554,1.);
#1554 = DIRECTION('',(1.,0.));
#1555 = ( GEOMETRIC_REPRESENTATION_CONTEXT(2) 
PARAMETRIC_REPRESENTATION_CONTEXT() REPRESENTATION_CONTEXT('2D SPACE',''
  ) );
#1556 = PCURVE('',#1503,#1557);
#1557 = DEFINITIONAL_REPRESENTATION('',(#1558),#1562);
#1558 = LINE('',#1559,#1560);
#1559 = CARTESIAN_POINT('',(1.443375672948,2.499999999955));
#1560 = VECTOR('',#1561,1.);
#1561 = DIRECTION('',(-1.,1.538370149134E-16));
#1562 = ( GEOMETRIC_REPRESENTATION_CONTEXT(2) 
PARAMETRIC_REPRESENTATION_CONTEXT() REPRESENTATION_CONTEXT('2D SPACE',''
  ) );
#1563 = ORIENTED_EDGE('',*,*,#1564,.F.);
#1564 = EDGE_CURVE('',#1404,#1542,#1565,.T.);
#1565 = SURFACE_CURVE('',#1566,(#1570,#1577),.PCURVE_S1.);
#1566 = LINE('',#1567,#1568);
#1567 = CARTESIAN_POINT('',(-1.443375672948,2.499999999955,0.2));
#1568 = VECTOR('',#1569,1.);
#1569 = DIRECTION('',(0.,0.,1.));
#1570 = PCURVE('',#1445,#1571);
#1571 = DEFINITIONAL_REPRESENTATION('',(#1572),#1576);
#1572 = LINE('',#1573,#1574);
#1573 = CARTESIAN_POINT('',(2.886751345896,0.));
#1574 = VECTOR('',#1575,1.);
#1575 = DIRECTION('',(0.,-1.));
#1576 = ( GEOMETRIC_REPRESENTATION_CONTEXT(2) 
PARAMETRIC_REPRESENTATION_CONTEXT() REPRESENTATION_CONTEXT('2D SPACE',''
  ) );
#1577 = PCURVE('',#1419,#1578);
#1578 = DEFINITIONAL_REPRESENTATION('',(#1579),#1583);
#1579 = LINE('',#1580,#1581);
#1580 = CARTESIAN_POINT('',(0.,0.));
#1581 = VECTOR('',#1582,1.);
#1582 = DIRECTION('',(0.,-1.));
#1583 = ( GEOMETRIC_REPRESENTATION_CONTEXT(2) 
PARAMETRIC_REPRESENTATION_CONTEXT() REPRESENTATION_CONTEXT('2D SPACE',''
  ) );
#1584 = ORIENTED_EDGE('',*,*,#1431,.F.);
#1585 = ADVANCED_FACE('',(#1586),#1419,.T.);
#1586 = FACE_BOUND('',#1587,.T.);
#1587 = EDGE_LOOP('',(#1588,#1589,#1612,#1633));
#1588 = ORIENTED_EDGE('',*,*,#1564,.T.);
#1589 = ORIENTED_EDGE('',*,*,#1590,.T.);
#1590 = EDGE_CURVE('',#1542,#1591,#1593,.T.);
#1591 = VERTEX_POINT('',#1592);
#1592 = CARTESIAN_POINT('',(-2.886751345896,3.535250795686E-16,2.7));
#1593 = SURFACE_CURVE('',#1594,(#1598,#1605),.PCURVE_S1.);
#1594 = LINE('',#1595,#1596);
#1595 = CARTESIAN_POINT('',(-1.443375672948,2.499999999955,2.7));
#1596 = VECTOR('',#1597,1.);
#1597 = DIRECTION('',(-0.5,-0.866025403784,0.));
#1598 = PCURVE('',#1419,#1599);
#1599 = DEFINITIONAL_REPRESENTATION('',(#1600),#1604);
#1600 = LINE('',#1601,#1602);
#1601 = CARTESIAN_POINT('',(0.,-2.5));
#1602 = VECTOR('',#1603,1.);
#1603 = DIRECTION('',(1.,0.));
#1604 = ( GEOMETRIC_REPRESENTATION_CONTEXT(2) 
PARAMETRIC_REPRESENTATION_CONTEXT() REPRESENTATION_CONTEXT('2D SPACE',''
  ) );
#1605 = PCURVE('',#1503,#1606);
#1606 = DEFINITIONAL_REPRESENTATION('',(#1607),#1611);
#1607 = LINE('',#1608,#1609);
#1608 = CARTESIAN_POINT('',(-1.443375672948,2.499999999955));
#1609 = VECTOR('',#1610,1.);
#1610 = DIRECTION('',(-0.5,-0.866025403784));
#1611 = ( GEOMETRIC_REPRESENTATION_CONTEXT(2) 
PARAMETRIC_REPRESENTATION_CONTEXT() REPRESENTATION_CONTEXT('2D SPACE',''
  ) );
#1612 = ORIENTED_EDGE('',*,*,#1613,.F.);
#1613 = EDGE_CURVE('',#1376,#1591,#1614,.T.);
#1614 = SURFACE_CURVE('',#1615,(#1619,#1626),.PCURVE_S1.);
#1615 = LINE('',#1616,#1617);
#1616 = CARTESIAN_POINT('',(-2.886751345896,3.535250795686E-16,0.2));
#1617 = VECTOR('',#1618,1.);
#1618 = DIRECTION('',(0.,0.,1.));
#1619 = PCURVE('',#1419,#1620);
#1620 = DEFINITIONAL_REPRESENTATION('',(#1621),#1625);
#1621 = LINE('',#1622,#1623);
#1622 = CARTESIAN_POINT('',(2.886751345896,0.));
#1623 = VECTOR('',#1624,1.);
#1624 = DIRECTION('',(0.,-1.));
#1625 = ( GEOMETRIC_REPRESENTATION_CONTEXT(2) 
PARAMETRIC_REPRESENTATION_CONTEXT() REPRESENTATION_CONTEXT('2D SPACE',''
  ) );
#1626 = PCURVE('',#1391,#1627);
#1627 = DEFINITIONAL_REPRESENTATION('',(#1628),#1632);
#1628 = LINE('',#1629,#1630);
#1629 = CARTESIAN_POINT('',(0.,0.));
#1630 = VECTOR('',#1631,1.);
#1631 = DIRECTION('',(0.,-1.));
#1632 = ( GEOMETRIC_REPRESENTATION_CONTEXT(2) 
PARAMETRIC_REPRESENTATION_CONTEXT() REPRESENTATION_CONTEXT('2D SPACE',''
  ) );
#1633 = ORIENTED_EDGE('',*,*,#1403,.F.);
#1634 = ADVANCED_FACE('',(#1635),#1391,.T.);
#1635 = FACE_BOUND('',#1636,.T.);
#1636 = EDGE_LOOP('',(#1637,#1638,#1661,#1682));
#1637 = ORIENTED_EDGE('',*,*,#1613,.T.);
#1638 = ORIENTED_EDGE('',*,*,#1639,.T.);
#1639 = EDGE_CURVE('',#1591,#1640,#1642,.T.);
#1640 = VERTEX_POINT('',#1641);
#1641 = CARTESIAN_POINT('',(-1.443375672948,-2.499999999955,2.7));
#1642 = SURFACE_CURVE('',#1643,(#1647,#1654),.PCURVE_S1.);
#1643 = LINE('',#1644,#1645);
#1644 = CARTESIAN_POINT('',(-2.886751345896,3.535250795686E-16,2.7));
#1645 = VECTOR('',#1646,1.);
#1646 = DIRECTION('',(0.5,-0.866025403784,0.));
#1647 = PCURVE('',#1391,#1648);
#1648 = DEFINITIONAL_REPRESENTATION('',(#1649),#1653);
#1649 = LINE('',#1650,#1651);
#1650 = CARTESIAN_POINT('',(0.,-2.5));
#1651 = VECTOR('',#1652,1.);
#1652 = DIRECTION('',(1.,0.));
#1653 = ( GEOMETRIC_REPRESENTATION_CONTEXT(2) 
PARAMETRIC_REPRESENTATION_CONTEXT() REPRESENTATION_CONTEXT('2D SPACE',''
  ) );
#1654 = PCURVE('',#1503,#1655);
#1655 = DEFINITIONAL_REPRESENTATION('',(#1656),#1660);
#1656 = LINE('',#1657,#1658);
#1657 = CARTESIAN_POINT('',(-2.886751345896,5.073620944821E-16));
#1658 = VECTOR('',#1659,1.);
#1659 = DIRECTION('',(0.5,-0.866025403784));
#1660 = ( GEOMETRIC_REPRESENTATION_CONTEXT(2) 
PARAMETRIC_REPRESENTATION_CONTEXT() REPRESENTATION_CONTEXT('2D SPACE',''
  ) );
#1661 = ORIENTED_EDGE('',*,*,#1662,.F.);
#1662 = EDGE_CURVE('',#1348,#1640,#1663,.T.);
#1663 = SURFACE_CURVE('',#1664,(#1668,#1675),.PCURVE_S1.);
#1664 = LINE('',#1665,#1666);
#1665 = CARTESIAN_POINT('',(-1.443375672948,-2.499999999955,0.2));
#1666 = VECTOR('',#1667,1.);
#1667 = DIRECTION('',(0.,0.,1.));
#1668 = PCURVE('',#1391,#1669);
#1669 = DEFINITIONAL_REPRESENTATION('',(#1670),#1674);
#1670 = LINE('',#1671,#1672);
#1671 = CARTESIAN_POINT('',(2.886751345896,0.));
#1672 = VECTOR('',#1673,1.);
#1673 = DIRECTION('',(0.,-1.));
#1674 = ( GEOMETRIC_REPRESENTATION_CONTEXT(2) 
PARAMETRIC_REPRESENTATION_CONTEXT() REPRESENTATION_CONTEXT('2D SPACE',''
  ) );
#1675 = PCURVE('',#1363,#1676);
#1676 = DEFINITIONAL_REPRESENTATION('',(#1677),#1681);
#1677 = LINE('',#1678,#1679);
#1678 = CARTESIAN_POINT('',(0.,0.));
#1679 = VECTOR('',#1680,1.);
#1680 = DIRECTION('',(0.,-1.));
#1681 = ( GEOMETRIC_REPRESENTATION_CONTEXT(2) 
PARAMETRIC_REPRESENTATION_CONTEXT() REPRESENTATION_CONTEXT('2D SPACE',''
  ) );
#1682 = ORIENTED_EDGE('',*,*,#1375,.F.);
#1683 = ADVANCED_FACE('',(#1684),#1363,.T.);
#1684 = FACE_BOUND('',#1685,.T.);
#1685 = EDGE_LOOP('',(#1686,#1687,#1710,#1731));
#1686 = ORIENTED_EDGE('',*,*,#1662,.T.);
#1687 = ORIENTED_EDGE('',*,*,#1688,.T.);
#1688 = EDGE_CURVE('',#1640,#1689,#1691,.T.);
#1689 = VERTEX_POINT('',#1690);
#1690 = CARTESIAN_POINT('',(1.443375672948,-2.499999999955,2.7));
#1691 = SURFACE_CURVE('',#1692,(#1696,#1703),.PCURVE_S1.);
#1692 = LINE('',#1693,#1694);
#1693 = CARTESIAN_POINT('',(-1.443375672948,-2.499999999955,2.7));
#1694 = VECTOR('',#1695,1.);
#1695 = DIRECTION('',(1.,-6.153480596538E-16,0.));
#1696 = PCURVE('',#1363,#1697);
#1697 = DEFINITIONAL_REPRESENTATION('',(#1698),#1702);
#1698 = LINE('',#1699,#1700);
#1699 = CARTESIAN_POINT('',(0.,-2.5));
#1700 = VECTOR('',#1701,1.);
#1701 = DIRECTION('',(1.,0.));
#1702 = ( GEOMETRIC_REPRESENTATION_CONTEXT(2) 
PARAMETRIC_REPRESENTATION_CONTEXT() REPRESENTATION_CONTEXT('2D SPACE',''
  ) );
#1703 = PCURVE('',#1503,#1704);
#1704 = DEFINITIONAL_REPRESENTATION('',(#1705),#1709);
#1705 = LINE('',#1706,#1707);
#1706 = CARTESIAN_POINT('',(-1.443375672948,-2.499999999955));
#1707 = VECTOR('',#1708,1.);
#1708 = DIRECTION('',(1.,-6.153480596538E-16));
#1709 = ( GEOMETRIC_REPRESENTATION_CONTEXT(2) 
PARAMETRIC_REPRESENTATION_CONTEXT() REPRESENTATION_CONTEXT('2D SPACE',''
  ) );
#1710 = ORIENTED_EDGE('',*,*,#1711,.F.);
#1711 = EDGE_CURVE('',#1320,#1689,#1712,.T.);
#1712 = SURFACE_CURVE('',#1713,(#1717,#1724),.PCURVE_S1.);
#1713 = LINE('',#1714,#1715);
#1714 = CARTESIAN_POINT('',(1.443375672948,-2.499999999955,0.2));
#1715 = VECTOR('',#1716,1.);
#1716 = DIRECTION('',(0.,0.,1.));
#1717 = PCURVE('',#1363,#1718);
#1718 = DEFINITIONAL_REPRESENTATION('',(#1719),#1723);
#1719 = LINE('',#1720,#1721);
#1720 = CARTESIAN_POINT('',(2.886751345896,0.));
#1721 = VECTOR('',#1722,1.);
#1722 = DIRECTION('',(0.,-1.));
#1723 = ( GEOMETRIC_REPRESENTATION_CONTEXT(2) 
PARAMETRIC_REPRESENTATION_CONTEXT() REPRESENTATION_CONTEXT('2D SPACE',''
  ) );
#1724 = PCURVE('',#1335,#1725);
#1725 = DEFINITIONAL_REPRESENTATION('',(#1726),#1730);
#1726 = LINE('',#1727,#1728);
#1727 = CARTESIAN_POINT('',(0.,0.));
#1728 = VECTOR('',#1729,1.);
#1729 = DIRECTION('',(0.,-1.));
#1730 = ( GEOMETRIC_REPRESENTATION_CONTEXT(2) 
PARAMETRIC_REPRESENTATION_CONTEXT() REPRESENTATION_CONTEXT('2D SPACE',''
  ) );
#1731 = ORIENTED_EDGE('',*,*,#1347,.F.);
#1732 = ADVANCED_FACE('',(#1733),#1335,.T.);
#1733 = FACE_BOUND('',#1734,.T.);
#1734 = EDGE_LOOP('',(#1735,#1736,#1757,#1758));
#1735 = ORIENTED_EDGE('',*,*,#1711,.T.);
#1736 = ORIENTED_EDGE('',*,*,#1737,.T.);
#1737 = EDGE_CURVE('',#1689,#1465,#1738,.T.);
#1738 = SURFACE_CURVE('',#1739,(#1743,#1750),.PCURVE_S1.);
#1739 = LINE('',#1740,#1741);
#1740 = CARTESIAN_POINT('',(1.443375672948,-2.499999999955,2.7));
#1741 = VECTOR('',#1742,1.);
#1742 = DIRECTION('',(0.5,0.866025403784,0.));
#1743 = PCURVE('',#1335,#1744);
#1744 = DEFINITIONAL_REPRESENTATION('',(#1745),#1749);
#1745 = LINE('',#1746,#1747);
#1746 = CARTESIAN_POINT('',(0.,-2.5));
#1747 = VECTOR('',#1748,1.);
#1748 = DIRECTION('',(1.,0.));
#1749 = ( GEOMETRIC_REPRESENTATION_CONTEXT(2) 
PARAMETRIC_REPRESENTATION_CONTEXT() REPRESENTATION_CONTEXT('2D SPACE',''
  ) );
#1750 = PCURVE('',#1503,#1751);
#1751 = DEFINITIONAL_REPRESENTATION('',(#1752),#1756);
#1752 = LINE('',#1753,#1754);
#1753 = CARTESIAN_POINT('',(1.443375672948,-2.499999999955));
#1754 = VECTOR('',#1755,1.);
#1755 = DIRECTION('',(0.5,0.866025403784));
#1756 = ( GEOMETRIC_REPRESENTATION_CONTEXT(2) 
PARAMETRIC_REPRESENTATION_CONTEXT() REPRESENTATION_CONTEXT('2D SPACE',''
  ) );
#1757 = ORIENTED_EDGE('',*,*,#1464,.F.);
#1758 = ORIENTED_EDGE('',*,*,#1319,.F.);
#1759 = ADVANCED_FACE('',(#1760),#1503,.F.);
#1760 = FACE_BOUND('',#1761,.F.);
#1761 = EDGE_LOOP('',(#1762,#1763,#1764,#1765,#1766,#1767));
#1762 = ORIENTED_EDGE('',*,*,#1487,.T.);
#1763 = ORIENTED_EDGE('',*,*,#1541,.T.);
#1764 = ORIENTED_EDGE('',*,*,#1590,.T.);
#1765 = ORIENTED_EDGE('',*,*,#1639,.T.);
#1766 = ORIENTED_EDGE('',*,*,#1688,.T.);
#1767 = ORIENTED_EDGE('',*,*,#1737,.T.);
#1768 = ( GEOMETRIC_REPRESENTATION_CONTEXT(3) 
GLOBAL_UNCERTAINTY_ASSIGNED_CONTEXT((#1772)) 
GLOBAL_UNIT_ASSIGNED_CONTEXT((#1769,#1770,#1771)) REPRESENTATION_CONTEXT
('Context #1','3D Context with UNIT and UNCERTAINTY') );
#1769 = ( LENGTH_UNIT() NAMED_UNIT(*) SI_UNIT(.MILLI.,.METRE.) );
#1770 = ( NAMED_UNIT(*) PLANE_ANGLE_UNIT() SI_UNIT($,.RADIAN.) );
#1771 = ( NAMED_UNIT(*) SI_UNIT($,.STERADIAN.) SOLID_ANGLE_UNIT() );
#1772 = UNCERTAINTY_MEASURE_WITH_UNIT(LENGTH_MEASURE(1.E-07),#1769,
  'distance_accuracy_value','confusion accuracy');
#1773 = CONTEXT_DEPENDENT_SHAPE_REPRESENTATION(#1774,#1776);
#1774 = ( REPRESENTATION_RELATIONSHIP('','',#1137,#10) 
REPRESENTATION_RELATIONSHIP_WITH_TRANSFORMATION(#1775) 
SHAPE_REPRESENTATION_RELATIONSHIP() );
#1775 = ITEM_DEFINED_TRANSFORMATION('','',#11,#27);
#1776 = PRODUCT_DEFINITION_SHAPE('Placement','Placement of an item',
  #1777);
#1777 = NEXT_ASSEMBLY_USAGE_OCCURRENCE('4','','',#5,#1132,$);
#1778 = PRODUCT_RELATED_PRODUCT_CATEGORY('part',$,(#1134));
#1779 = SHAPE_DEFINITION_REPRESENTATION(#1780,#1786);
#1780 = PRODUCT_DEFINITION_SHAPE('','',#1781);
#1781 = PRODUCT_DEFINITION('design','',#1782,#1785);
#1782 = PRODUCT_DEFINITION_FORMATION('','',#1783);
#1783 = PRODUCT('Open CASCADE STEP translator 7.8 6.5',
  'Open CASCADE STEP translator 7.8 6.5','',(#1784));
#1784 = PRODUCT_CONTEXT('',#2,'mechanical');
#1785 = PRODUCT_DEFINITION_CONTEXT('part definition',#2,'design');
#1786 = ADVANCED_BREP_SHAPE_REPRESENTATION('',(#11,#1787),#2817);
#1787 = MANIFOLD_SOLID_BREP('',#1788);
#1788 = CLOSED_SHELL('',(#1789,#2214,#2249,#2346,#2394,#2448,#2496,#2550
    ,#2597,#2756,#2782));
#1789 = ADVANCED_FACE('',(#1790),#1803,.T.);
#1790 = FACE_BOUND('',#1791,.T.);
#1791 = EDGE_LOOP('',(#1792,#1826,#1849,#1878,#1905,#1938,#1965,#1998,
    #2025,#2164,#2191,#2213));
#1792 = ORIENTED_EDGE('',*,*,#1793,.F.);
#1793 = EDGE_CURVE('',#1794,#1794,#1796,.T.);
#1794 = VERTEX_POINT('',#1795);
#1795 = CARTESIAN_POINT('',(13.5,0.,199.));
#1796 = SURFACE_CURVE('',#1797,(#1802,#1814),.PCURVE_S1.);
#1797 = CIRCLE('',#1798,13.5);
#1798 = AXIS2_PLACEMENT_3D('',#1799,#1800,#1801);
#1799 = CARTESIAN_POINT('',(0.,0.,199.));
#1800 = DIRECTION('',(0.,0.,1.));
#1801 = DIRECTION('',(1.,0.,-0.));
#1802 = PCURVE('',#1803,#1808);
#1803 = CYLINDRICAL_SURFACE('',#1804,13.5);
#1804 = AXIS2_PLACEMENT_3D('',#1805,#1806,#1807);
#1805 = CARTESIAN_POINT('',(0.,0.,19.));
#1806 = DIRECTION('',(-0.,-0.,-1.));
#1807 = DIRECTION('',(1.,0.,0.));
#1808 = DEFINITIONAL_REPRESENTATION('',(#1809),#1813);
#1809 = LINE('',#1810,#1811);
#1810 = CARTESIAN_POINT('',(6.28318530718,-180.));
#1811 = VECTOR('',#1812,1.);
#1812 = DIRECTION('',(-1.,0.));
#1813 = ( GEOMETRIC_REPRESENTATION_CONTEXT(2) 
PARAMETRIC_REPRESENTATION_CONTEXT() REPRESENTATION_CONTEXT('2D SPACE',''
  ) );
#1814 = PCURVE('',#1815,#1820);
#1815 = PLANE('',#1816);
#1816 = AXIS2_PLACEMENT_3D('',#1817,#1818,#1819);
#1817 = CARTESIAN_POINT('',(-1.215502340035E-15,-5.510910596163E-16,199.
    ));
#1818 = DIRECTION('',(0.,0.,1.));
#1819 = DIRECTION('',(1.,0.,-0.));
#1820 = DEFINITIONAL_REPRESENTATION('',(#1821),#1825);
#1821 = CIRCLE('',#1822,13.5);
#1822 = AXIS2_PLACEMENT_2D('',#1823,#1824);
#1823 = CARTESIAN_POINT('',(1.215502340035E-15,5.510910596163E-16));
#1824 = DIRECTION('',(1.,0.));
#1825 = ( GEOMETRIC_REPRESENTATION_CONTEXT(2) 
PARAMETRIC_REPRESENTATION_CONTEXT() REPRESENTATION_CONTEXT('2D SPACE',''
  ) );
#1826 = ORIENTED_EDGE('',*,*,#1827,.F.);
#1827 = EDGE_CURVE('',#1828,#1794,#1830,.T.);
#1828 = VERTEX_POINT('',#1829);
#1829 = CARTESIAN_POINT('',(13.5,0.,19.));
#1830 = SEAM_CURVE('',#1831,(#1835,#1842),.PCURVE_S1.);
#1831 = LINE('',#1832,#1833);
#1832 = CARTESIAN_POINT('',(13.5,0.,19.));
#1833 = VECTOR('',#1834,1.);
#1834 = DIRECTION('',(0.,0.,1.));
#1835 = PCURVE('',#1803,#1836);
#1836 = DEFINITIONAL_REPRESENTATION('',(#1837),#1841);
#1837 = LINE('',#1838,#1839);
#1838 = CARTESIAN_POINT('',(6.283185307179,0.));
#1839 = VECTOR('',#1840,1.);
#1840 = DIRECTION('',(-0.,-1.));
#1841 = ( GEOMETRIC_REPRESENTATION_CONTEXT(2) 
PARAMETRIC_REPRESENTATION_CONTEXT() REPRESENTATION_CONTEXT('2D SPACE',''
  ) );
#1842 = PCURVE('',#1803,#1843);
#1843 = DEFINITIONAL_REPRESENTATION('',(#1844),#1848);
#1844 = LINE('',#1845,#1846);
#1845 = CARTESIAN_POINT('',(-0.,0.));
#1846 = VECTOR('',#1847,1.);
#1847 = DIRECTION('',(-0.,-1.));
#1848 = ( GEOMETRIC_REPRESENTATION_CONTEXT(2) 
PARAMETRIC_REPRESENTATION_CONTEXT() REPRESENTATION_CONTEXT('2D SPACE',''
  ) );
#1849 = ORIENTED_EDGE('',*,*,#1850,.T.);
#1850 = EDGE_CURVE('',#1828,#1851,#1853,.T.);
#1851 = VERTEX_POINT('',#1852);
#1852 = CARTESIAN_POINT('',(2.5,13.266499161422,19.));
#1853 = SURFACE_CURVE('',#1854,(#1859,#1866),.PCURVE_S1.);
#1854 = CIRCLE('',#1855,13.5);
#1855 = AXIS2_PLACEMENT_3D('',#1856,#1857,#1858);
#1856 = CARTESIAN_POINT('',(0.,0.,19.));
#1857 = DIRECTION('',(0.,0.,1.));
#1858 = DIRECTION('',(1.,0.,-0.));
#1859 = PCURVE('',#1803,#1860);
#1860 = DEFINITIONAL_REPRESENTATION('',(#1861),#1865);
#1861 = LINE('',#1862,#1863);
#1862 = CARTESIAN_POINT('',(6.28318530718,0.));
#1863 = VECTOR('',#1864,1.);
#1864 = DIRECTION('',(-1.,0.));
#1865 = ( GEOMETRIC_REPRESENTATION_CONTEXT(2) 
PARAMETRIC_REPRESENTATION_CONTEXT() REPRESENTATION_CONTEXT('2D SPACE',''
  ) );
#1866 = PCURVE('',#1867,#1872);
#1867 = PLANE('',#1868);
#1868 = AXIS2_PLACEMENT_3D('',#1869,#1870,#1871);
#1869 = CARTESIAN_POINT('',(-1.215502340035E-15,-5.510910596163E-16,19.)
  );
#1870 = DIRECTION('',(0.,0.,1.));
#1871 = DIRECTION('',(1.,0.,-0.));
#1872 = DEFINITIONAL_REPRESENTATION('',(#1873),#1877);
#1873 = CIRCLE('',#1874,13.5);
#1874 = AXIS2_PLACEMENT_2D('',#1875,#1876);
#1875 = CARTESIAN_POINT('',(1.215502340035E-15,5.510910596163E-16));
#1876 = DIRECTION('',(1.,0.));
#1877 = ( GEOMETRIC_REPRESENTATION_CONTEXT(2) 
PARAMETRIC_REPRESENTATION_CONTEXT() REPRESENTATION_CONTEXT('2D SPACE',''
  ) );
#1878 = ORIENTED_EDGE('',*,*,#1879,.F.);
#1879 = EDGE_CURVE('',#1880,#1851,#1882,.T.);
#1880 = VERTEX_POINT('',#1881);
#1881 = CARTESIAN_POINT('',(2.5,13.266499161422,37.));
#1882 = SURFACE_CURVE('',#1883,(#1887,#1893),.PCURVE_S1.);
#1883 = LINE('',#1884,#1885);
#1884 = CARTESIAN_POINT('',(2.5,13.266499161422,19.));
#1885 = VECTOR('',#1886,1.);
#1886 = DIRECTION('',(-0.,-0.,-1.));
#1887 = PCURVE('',#1803,#1888);
#1888 = DEFINITIONAL_REPRESENTATION('',(#1889),#1892);
#1889 = B_SPLINE_CURVE_WITH_KNOTS('',1,(#1890,#1891),.UNSPECIFIED.,.F.,
  .F.,(2,2),(-39.15,6.E-07),.PIECEWISE_BEZIER_KNOTS.);
#1890 = CARTESIAN_POINT('',(4.898649283962,-39.15));
#1891 = CARTESIAN_POINT('',(4.898649283962,6.E-07));
#1892 = ( GEOMETRIC_REPRESENTATION_CONTEXT(2) 
PARAMETRIC_REPRESENTATION_CONTEXT() REPRESENTATION_CONTEXT('2D SPACE',''
  ) );
#1893 = PCURVE('',#1894,#1899);
#1894 = PLANE('',#1895);
#1895 = AXIS2_PLACEMENT_3D('',#1896,#1897,#1898);
#1896 = CARTESIAN_POINT('',(2.5,0.,18.));
#1897 = DIRECTION('',(1.,0.,-0.));
#1898 = DIRECTION('',(0.,0.,1.));
#1899 = DEFINITIONAL_REPRESENTATION('',(#1900),#1904);
#1900 = LINE('',#1901,#1902);
#1901 = CARTESIAN_POINT('',(1.,-13.26649916142));
#1902 = VECTOR('',#1903,1.);
#1903 = DIRECTION('',(-1.,0.));
#1904 = ( GEOMETRIC_REPRESENTATION_CONTEXT(2) 
PARAMETRIC_REPRESENTATION_CONTEXT() REPRESENTATION_CONTEXT('2D SPACE',''
  ) );
#1905 = ORIENTED_EDGE('',*,*,#1906,.T.);
#1906 = EDGE_CURVE('',#1880,#1907,#1909,.T.);
#1907 = VERTEX_POINT('',#1908);
#1908 = CARTESIAN_POINT('',(12.235155124995,5.705346533499,37.));
#1909 = SURFACE_CURVE('',#1910,(#1915,#1922),.PCURVE_S1.);
#1910 = CIRCLE('',#1911,13.5);
#1911 = AXIS2_PLACEMENT_3D('',#1912,#1913,#1914);
#1912 = CARTESIAN_POINT('',(0.,0.,37.));
#1913 = DIRECTION('',(0.,0.,-1.));
#1914 = DIRECTION('',(1.,0.,0.));
#1915 = PCURVE('',#1803,#1916);
#1916 = DEFINITIONAL_REPRESENTATION('',(#1917),#1921);
#1917 = LINE('',#1918,#1919);
#1918 = CARTESIAN_POINT('',(-4.138911435803E-13,-18.));
#1919 = VECTOR('',#1920,1.);
#1920 = DIRECTION('',(1.,-0.));
#1921 = ( GEOMETRIC_REPRESENTATION_CONTEXT(2) 
PARAMETRIC_REPRESENTATION_CONTEXT() REPRESENTATION_CONTEXT('2D SPACE',''
  ) );
#1922 = PCURVE('',#1923,#1928);
#1923 = PLANE('',#1924);
#1924 = AXIS2_PLACEMENT_3D('',#1925,#1926,#1927);
#1925 = CARTESIAN_POINT('',(0.,0.,37.));
#1926 = DIRECTION('',(0.,0.,1.));
#1927 = DIRECTION('',(0.906307787037,0.422618261741,-0.));
#1928 = DEFINITIONAL_REPRESENTATION('',(#1929),#1937);
#1929 = ( BOUNDED_CURVE() B_SPLINE_CURVE(2,(#1930,#1931,#1932,#1933,
#1934,#1935,#1936),.UNSPECIFIED.,.T.,.F.) B_SPLINE_CURVE_WITH_KNOTS((1,2
    ,2,2,2,1),(-2.094395102393,0.,2.094395102393,4.188790204786,
6.28318530718,8.377580409573),.UNSPECIFIED.) CURVE() 
GEOMETRIC_REPRESENTATION_ITEM() RATIONAL_B_SPLINE_CURVE((1.,0.5,1.,0.5,
1.,0.5,1.)) REPRESENTATION_ITEM('') );
#1930 = CARTESIAN_POINT('',(12.235155124994,-5.705346533501));
#1931 = CARTESIAN_POINT('',(2.353205054183,-26.89725684847));
#1932 = CARTESIAN_POINT('',(-11.0585525979,-7.743281890738));
#1933 = CARTESIAN_POINT('',(-24.47031024998,11.410693067002));
#1934 = CARTESIAN_POINT('',(-1.176602527092,13.448628424239));
#1935 = CARTESIAN_POINT('',(22.117105195805,15.486563781476));
#1936 = CARTESIAN_POINT('',(12.235155124994,-5.705346533501));
#1937 = ( GEOMETRIC_REPRESENTATION_CONTEXT(2) 
PARAMETRIC_REPRESENTATION_CONTEXT() REPRESENTATION_CONTEXT('2D SPACE',''
  ) );
#1938 = ORIENTED_EDGE('',*,*,#1939,.F.);
#1939 = EDGE_CURVE('',#1940,#1907,#1942,.T.);
#1940 = VERTEX_POINT('',#1941);
#1941 = CARTESIAN_POINT('',(12.235155124995,5.705346533499,43.));
#1942 = SURFACE_CURVE('',#1943,(#1947,#1953),.PCURVE_S1.);
#1943 = LINE('',#1944,#1945);
#1944 = CARTESIAN_POINT('',(12.235155124995,5.705346533499,19.));
#1945 = VECTOR('',#1946,1.);
#1946 = DIRECTION('',(-0.,-0.,-1.));
#1947 = PCURVE('',#1803,#1948);
#1948 = DEFINITIONAL_REPRESENTATION('',(#1949),#1952);
#1949 = B_SPLINE_CURVE_WITH_KNOTS('',1,(#1950,#1951),.UNSPECIFIED.,.F.,
  .F.,(2,2),(-24.6,-17.4),.PIECEWISE_BEZIER_KNOTS.);
#1950 = CARTESIAN_POINT('',(5.846852994181,-24.6));
#1951 = CARTESIAN_POINT('',(5.846852994181,-17.4));
#1952 = ( GEOMETRIC_REPRESENTATION_CONTEXT(2) 
PARAMETRIC_REPRESENTATION_CONTEXT() REPRESENTATION_CONTEXT('2D SPACE',''
  ) );
#1953 = PCURVE('',#1954,#1959);
#1954 = PLANE('',#1955);
#1955 = AXIS2_PLACEMENT_3D('',#1956,#1957,#1958);
#1956 = CARTESIAN_POINT('',(0.,0.,37.));
#1957 = DIRECTION('',(0.422618261741,-0.906307787037,0.));
#1958 = DIRECTION('',(0.906307787037,0.422618261741,0.));
#1959 = DEFINITIONAL_REPRESENTATION('',(#1960),#1964);
#1960 = LINE('',#1961,#1962);
#1961 = CARTESIAN_POINT('',(13.5,-18.));
#1962 = VECTOR('',#1963,1.);
#1963 = DIRECTION('',(0.,-1.));
#1964 = ( GEOMETRIC_REPRESENTATION_CONTEXT(2) 
PARAMETRIC_REPRESENTATION_CONTEXT() REPRESENTATION_CONTEXT('2D SPACE',''
  ) );
#1965 = ORIENTED_EDGE('',*,*,#1966,.F.);
#1966 = EDGE_CURVE('',#1967,#1940,#1969,.T.);
#1967 = VERTEX_POINT('',#1968);
#1968 = CARTESIAN_POINT('',(2.5,13.266499161422,43.));
#1969 = SURFACE_CURVE('',#1970,(#1975,#1982),.PCURVE_S1.);
#1970 = CIRCLE('',#1971,13.5);
#1971 = AXIS2_PLACEMENT_3D('',#1972,#1973,#1974);
#1972 = CARTESIAN_POINT('',(0.,0.,43.));
#1973 = DIRECTION('',(0.,0.,-1.));
#1974 = DIRECTION('',(1.,0.,0.));
#1975 = PCURVE('',#1803,#1976);
#1976 = DEFINITIONAL_REPRESENTATION('',(#1977),#1981);
#1977 = LINE('',#1978,#1979);
#1978 = CARTESIAN_POINT('',(-4.138911435803E-13,-24.));
#1979 = VECTOR('',#1980,1.);
#1980 = DIRECTION('',(1.,-0.));
#1981 = ( GEOMETRIC_REPRESENTATION_CONTEXT(2) 
PARAMETRIC_REPRESENTATION_CONTEXT() REPRESENTATION_CONTEXT('2D SPACE',''
  ) );
#1982 = PCURVE('',#1983,#1988);
#1983 = PLANE('',#1984);
#1984 = AXIS2_PLACEMENT_3D('',#1985,#1986,#1987);
#1985 = CARTESIAN_POINT('',(0.,0.,43.));
#1986 = DIRECTION('',(0.,0.,1.));
#1987 = DIRECTION('',(0.906307787037,0.422618261741,-0.));
#1988 = DEFINITIONAL_REPRESENTATION('',(#1989),#1997);
#1989 = ( BOUNDED_CURVE() B_SPLINE_CURVE(2,(#1990,#1991,#1992,#1993,
#1994,#1995,#1996),.UNSPECIFIED.,.T.,.F.) B_SPLINE_CURVE_WITH_KNOTS((1,2
    ,2,2,2,1),(-2.094395102393,0.,2.094395102393,4.188790204786,
6.28318530718,8.377580409573),.UNSPECIFIED.) CURVE() 
GEOMETRIC_REPRESENTATION_ITEM() RATIONAL_B_SPLINE_CURVE((1.,0.5,1.,0.5,
1.,0.5,1.)) REPRESENTATION_ITEM('') );
#1990 = CARTESIAN_POINT('',(12.235155124994,-5.705346533501));
#1991 = CARTESIAN_POINT('',(2.353205054183,-26.89725684847));
#1992 = CARTESIAN_POINT('',(-11.0585525979,-7.743281890738));
#1993 = CARTESIAN_POINT('',(-24.47031024998,11.410693067002));
#1994 = CARTESIAN_POINT('',(-1.176602527092,13.448628424239));
#1995 = CARTESIAN_POINT('',(22.117105195805,15.486563781476));
#1996 = CARTESIAN_POINT('',(12.235155124994,-5.705346533501));
#1997 = ( GEOMETRIC_REPRESENTATION_CONTEXT(2) 
PARAMETRIC_REPRESENTATION_CONTEXT() REPRESENTATION_CONTEXT('2D SPACE',''
  ) );
#1998 = ORIENTED_EDGE('',*,*,#1999,.F.);
#1999 = EDGE_CURVE('',#2000,#1967,#2002,.T.);
#2000 = VERTEX_POINT('',#2001);
#2001 = CARTESIAN_POINT('',(2.5,13.266499161422,54.5));
#2002 = SURFACE_CURVE('',#2003,(#2007,#2013),.PCURVE_S1.);
#2003 = LINE('',#2004,#2005);
#2004 = CARTESIAN_POINT('',(2.5,13.266499161422,19.));
#2005 = VECTOR('',#2006,1.);
#2006 = DIRECTION('',(-0.,-0.,-1.));
#2007 = PCURVE('',#1803,#2008);
#2008 = DEFINITIONAL_REPRESENTATION('',(#2009),#2012);
#2009 = B_SPLINE_CURVE_WITH_KNOTS('',1,(#2010,#2011),.UNSPECIFIED.,.F.,
  .F.,(2,2),(-39.15,6.E-07),.PIECEWISE_BEZIER_KNOTS.);
#2010 = CARTESIAN_POINT('',(4.898649283962,-39.15));
#2011 = CARTESIAN_POINT('',(4.898649283962,6.E-07));
#2012 = ( GEOMETRIC_REPRESENTATION_CONTEXT(2) 
PARAMETRIC_REPRESENTATION_CONTEXT() REPRESENTATION_CONTEXT('2D SPACE',''
  ) );
#2013 = PCURVE('',#2014,#2019);
#2014 = PLANE('',#2015);
#2015 = AXIS2_PLACEMENT_3D('',#2016,#2017,#2018);
#2016 = CARTESIAN_POINT('',(2.5,0.,18.));
#2017 = DIRECTION('',(1.,0.,-0.));
#2018 = DIRECTION('',(0.,0.,1.));
#2019 = DEFINITIONAL_REPRESENTATION('',(#2020),#2024);
#2020 = LINE('',#2021,#2022);
#2021 = CARTESIAN_POINT('',(1.,-13.26649916142));
#2022 = VECTOR('',#2023,1.);
#2023 = DIRECTION('',(-1.,0.));
#2024 = ( GEOMETRIC_REPRESENTATION_CONTEXT(2) 
PARAMETRIC_REPRESENTATION_CONTEXT() REPRESENTATION_CONTEXT('2D SPACE',''
  ) );
#2025 = ORIENTED_EDGE('',*,*,#2026,.T.);
#2026 = EDGE_CURVE('',#2000,#2027,#2029,.T.);
#2027 = VERTEX_POINT('',#2028);
#2028 = CARTESIAN_POINT('',(-2.5,13.266499161422,54.5));
#2029 = SURFACE_CURVE('',#2030,(#2057,#2108),.PCURVE_S1.);
#2030 = B_SPLINE_CURVE_WITH_KNOTS('',7,(#2031,#2032,#2033,#2034,#2035,
    #2036,#2037,#2038,#2039,#2040,#2041,#2042,#2043,#2044,#2045,#2046,
    #2047,#2048,#2049,#2050,#2051,#2052,#2053,#2054,#2055,#2056),
  .UNSPECIFIED.,.F.,.F.,(8,6,6,6,8),(0.,0.551167728342,1.,1.469645230679
    ,2.00176083611),.UNSPECIFIED.);
#2031 = CARTESIAN_POINT('',(2.5,13.266499161422,54.5));
#2032 = CARTESIAN_POINT('',(2.5,13.266499161422,54.769090754433));
#2033 = CARTESIAN_POINT('',(2.46620992867,13.272866631709,
    55.037803055167));
#2034 = CARTESIAN_POINT('',(2.39879235004,13.285571557623,
    55.303672388584));
#2035 = CARTESIAN_POINT('',(2.296927421219,13.304204844128,55.5639516699
    ));
#2036 = CARTESIAN_POINT('',(2.159091659923,13.327950396373,
    55.815114801926));
#2037 = CARTESIAN_POINT('',(1.983322331606,13.355287614254,
    56.052211574327));
#2038 = CARTESIAN_POINT('',(1.592233798016,13.40694375921,
    56.443300107917));
#2039 = CARTESIAN_POINT('',(1.386092099385,13.431438660087,
    56.608773142418));
#2040 = CARTESIAN_POINT('',(1.150297266559,13.455422967346,
    56.754653584399));
#2041 = CARTESIAN_POINT('',(0.888086319461,13.47643728115,
    56.872755066067));
#2042 = CARTESIAN_POINT('',(0.604508395277,13.491909015508,
    56.956310125469));
#2043 = CARTESIAN_POINT('',(0.305977145783,13.5,57.));
#2044 = CARTESIAN_POINT('',(-0.320165719552,13.5,57.));
#2045 = CARTESIAN_POINT('',(-0.631617721904,13.491141212081,
    56.952164370799));
#2046 = CARTESIAN_POINT('',(-0.926055881673,13.474293345725,
    56.861176104393));
#2047 = CARTESIAN_POINT('',(-1.196571459451,13.451623765004,
    56.733218733878));
#2048 = CARTESIAN_POINT('',(-1.437855269238,13.426076068684,
    56.575958654626));
#2049 = CARTESIAN_POINT('',(-1.64667826411,13.400369759618,
    56.398515375715));
#2050 = CARTESIAN_POINT('',(-2.021541561126,13.349297900498,
    55.999326509485));
#2051 = CARTESIAN_POINT('',(-2.184069582513,13.323632515744,
    55.768573140796));
#2052 = CARTESIAN_POINT('',(-2.311698891142,13.301500228395,
    55.525436422301));
#2053 = CARTESIAN_POINT('',(-2.406130912045,13.284188504167,
    55.274189066579));
#2054 = CARTESIAN_POINT('',(-2.468666757062,13.272403689153,
    55.017930618625));
#2055 = CARTESIAN_POINT('',(-2.5,13.266499161422,54.759122656446));
#2056 = CARTESIAN_POINT('',(-2.5,13.266499161422,54.5));
#2057 = PCURVE('',#1803,#2058);
#2058 = DEFINITIONAL_REPRESENTATION('',(#2059),#2107);
#2059 = B_SPLINE_CURVE_WITH_KNOTS('',3,(#2060,#2061,#2062,#2063,#2064,
    #2065,#2066,#2067,#2068,#2069,#2070,#2071,#2072,#2073,#2074,#2075,
    #2076,#2077,#2078,#2079,#2080,#2081,#2082,#2083,#2084,#2085,#2086,
    #2087,#2088,#2089,#2090,#2091,#2092,#2093,#2094,#2095,#2096,#2097,
    #2098,#2099,#2100,#2101,#2102,#2103,#2104,#2105,#2106),
  .UNSPECIFIED.,.F.,.F.,(4,1,1,1,1,1,1,1,1,1,1,1,1,1,1,1,1,1,1,1,1,1,1,1
    ,1,1,1,1,1,1,1,1,1,1,1,1,1,1,1,1,1,1,1,1,4),(0.,4.549456445705E-02,
    9.098912891411E-02,0.136483693371,0.181978257828,0.227472822285,
    0.272967386742,0.318461951199,0.363956515656,0.409451080113,
    0.454945644571,0.500440209028,0.545934773485,0.591429337942,
    0.636923902399,0.682418466856,0.727913031313,0.77340759577,
    0.818902160227,0.864396724684,0.909891289141,0.955385853598,
    1.000880418055,1.046374982512,1.091869546969,1.137364111426,
    1.182858675883,1.22835324034,1.273847804797,1.319342369255,
    1.364836933712,1.410331498169,1.455826062626,1.501320627083,
    1.54681519154,1.592309755997,1.637804320454,1.683298884911,
    1.728793449368,1.774288013825,1.819782578282,1.865277142739,
    1.910771707196,1.956266271653,2.00176083611),.UNSPECIFIED.);
#2060 = CARTESIAN_POINT('',(4.898649283962,-35.5));
#2061 = CARTESIAN_POINT('',(4.898649088421,-35.55182501435));
#2062 = CARTESIAN_POINT('',(4.898406497956,-35.65544418409));
#2063 = CARTESIAN_POINT('',(4.897313612323,-35.81046462831));
#2064 = CARTESIAN_POINT('',(4.895490199217,-35.96476889044));
#2065 = CARTESIAN_POINT('',(4.892931671235,-36.11802158253));
#2066 = CARTESIAN_POINT('',(4.889631688919,-36.26986240516));
#2067 = CARTESIAN_POINT('',(4.885582079725,-36.41989798351));
#2068 = CARTESIAN_POINT('',(4.880773096181,-36.56769664694));
#2069 = CARTESIAN_POINT('',(4.875193741227,-36.71277981202));
#2070 = CARTESIAN_POINT('',(4.868831529287,-36.85462137498));
#2071 = CARTESIAN_POINT('',(4.861674488852,-36.99261558746));
#2072 = CARTESIAN_POINT('',(4.853704822597,-37.12615987152));
#2073 = CARTESIAN_POINT('',(4.844923762643,-37.25430603407));
#2074 = CARTESIAN_POINT('',(4.83526006208,-37.3770193418));
#2075 = CARTESIAN_POINT('',(4.824617464508,-37.49391789634));
#2076 = CARTESIAN_POINT('',(4.813064720573,-37.60265992405));
#2077 = CARTESIAN_POINT('',(4.800644211412,-37.70156401777));
#2078 = CARTESIAN_POINT('',(4.787420544413,-37.78892888251));
#2079 = CARTESIAN_POINT('',(4.773465528377,-37.86321731681));
#2080 = CARTESIAN_POINT('',(4.758863554436,-37.9230087013));
#2081 = CARTESIAN_POINT('',(4.743699528402,-37.96701256894));
#2082 = CARTESIAN_POINT('',(4.728096841237,-37.99406888231));
#2083 = CARTESIAN_POINT('',(4.712073358046,-38.00314013666));
#2084 = CARTESIAN_POINT('',(4.69607661582,-37.99334939585));
#2085 = CARTESIAN_POINT('',(4.680508246864,-37.96566988167));
#2086 = CARTESIAN_POINT('',(4.665392050472,-37.92115791429));
#2087 = CARTESIAN_POINT('',(4.650843471062,-37.86098727397));
#2088 = CARTESIAN_POINT('',(4.636943314701,-37.78643926056));
#2089 = CARTESIAN_POINT('',(4.623770953121,-37.69890462863));
#2090 = CARTESIAN_POINT('',(4.611394525754,-37.59988164136));
#2091 = CARTESIAN_POINT('',(4.599872902099,-37.49097696665));
#2092 = CARTESIAN_POINT('',(4.589252921776,-37.37389815307));
#2093 = CARTESIAN_POINT('',(4.579573177197,-37.25047588597));
#2094 = CARTESIAN_POINT('',(4.570845873562,-37.12257435912));
#2095 = CARTESIAN_POINT('',(4.562915546484,-36.98921959617));
#2096 = CARTESIAN_POINT('',(4.55579611906,-36.8514833882));
#2097 = CARTESIAN_POINT('',(4.549466423224,-36.70992423507));
#2098 = CARTESIAN_POINT('',(4.543915499716,-36.56515056579));
#2099 = CARTESIAN_POINT('',(4.539130752131,-36.41768033733));
#2100 = CARTESIAN_POINT('',(4.535101399154,-36.26798847913));
#2101 = CARTESIAN_POINT('',(4.531817823158,-36.11650330447));
#2102 = CARTESIAN_POINT('',(4.529271984441,-35.96361616332));
#2103 = CARTESIAN_POINT('',(4.527457632147,-35.80968634212));
#2104 = CARTESIAN_POINT('',(4.526370225166,-35.65504914067));
#2105 = CARTESIAN_POINT('',(4.526128865833,-35.55169213047));
#2106 = CARTESIAN_POINT('',(4.526128676809,-35.5));
#2107 = ( GEOMETRIC_REPRESENTATION_CONTEXT(2) 
PARAMETRIC_REPRESENTATION_CONTEXT() REPRESENTATION_CONTEXT('2D SPACE',''
  ) );
#2108 = PCURVE('',#2109,#2114);
#2109 = CYLINDRICAL_SURFACE('',#2110,2.5);
#2110 = AXIS2_PLACEMENT_3D('',#2111,#2112,#2113);
#2111 = CARTESIAN_POINT('',(0.,0.,54.5));
#2112 = DIRECTION('',(0.,1.,0.));
#2113 = DIRECTION('',(0.,-0.,1.));
#2114 = DEFINITIONAL_REPRESENTATION('',(#2115),#2163);
#2115 = B_SPLINE_CURVE_WITH_KNOTS('',3,(#2116,#2117,#2118,#2119,#2120,
    #2121,#2122,#2123,#2124,#2125,#2126,#2127,#2128,#2129,#2130,#2131,
    #2132,#2133,#2134,#2135,#2136,#2137,#2138,#2139,#2140,#2141,#2142,
    #2143,#2144,#2145,#2146,#2147,#2148,#2149,#2150,#2151,#2152,#2153,
    #2154,#2155,#2156,#2157,#2158,#2159,#2160,#2161,#2162),
  .UNSPECIFIED.,.F.,.F.,(4,1,1,1,1,1,1,1,1,1,1,1,1,1,1,1,1,1,1,1,1,1,1,1
    ,1,1,1,1,1,1,1,1,1,1,1,1,1,1,1,1,1,1,1,1,4),(0.,4.549456445705E-02,
    9.098912891411E-02,0.136483693371,0.181978257828,0.227472822285,
    0.272967386742,0.318461951199,0.363956515656,0.409451080113,
    0.454945644571,0.500440209028,0.545934773485,0.591429337942,
    0.636923902399,0.682418466856,0.727913031313,0.77340759577,
    0.818902160227,0.864396724684,0.909891289141,0.955385853598,
    1.000880418055,1.046374982512,1.091869546969,1.137364111426,
    1.182858675883,1.22835324034,1.273847804797,1.319342369255,
    1.364836933712,1.410331498169,1.455826062626,1.501320627083,
    1.54681519154,1.592309755997,1.637804320454,1.683298884911,
    1.728793449368,1.774288013825,1.819782578282,1.865277142739,
    1.910771707196,1.956266271653,2.00176083611),.UNSPECIFIED.);
#2116 = CARTESIAN_POINT('',(7.853981633974,13.266499161422));
#2117 = CARTESIAN_POINT('',(7.833251342307,13.266497874417));
#2118 = CARTESIAN_POINT('',(7.791804091619,13.26710753102));
#2119 = CARTESIAN_POINT('',(7.72955527459,13.269830784281));
#2120 = CARTESIAN_POINT('',(7.667109598034,13.274341135594));
#2121 = CARTESIAN_POINT('',(7.604351572015,13.280595028529));
#2122 = CARTESIAN_POINT('',(7.541166252422,13.288533128855));
#2123 = CARTESIAN_POINT('',(7.477438572765,13.298076847577));
#2124 = CARTESIAN_POINT('',(7.413051890401,13.309127171403));
#2125 = CARTESIAN_POINT('',(7.34788791943,13.321562326766));
#2126 = CARTESIAN_POINT('',(7.281821952521,13.335236544298));
#2127 = CARTESIAN_POINT('',(7.214735090524,13.349974594041));
#2128 = CARTESIAN_POINT('',(7.146462107873,13.365581407504));
#2129 = CARTESIAN_POINT('',(7.076978034374,13.381795115873));
#2130 = CARTESIAN_POINT('',(7.005691727988,13.398451135148));
#2131 = CARTESIAN_POINT('',(6.931960422353,13.415347009598));
#2132 = CARTESIAN_POINT('',(6.856253507646,13.431964209897));
#2133 = CARTESIAN_POINT('',(6.778700399163,13.44782736332));
#2134 = CARTESIAN_POINT('',(6.69947592939,13.462432070969));
#2135 = CARTESIAN_POINT('',(6.618699082795,13.475286479025));
#2136 = CARTESIAN_POINT('',(6.536478753538,13.485922642767));
#2137 = CARTESIAN_POINT('',(6.45285402441,13.49391550172));
#2138 = CARTESIAN_POINT('',(6.368005140426,13.498899573971));
#2139 = CARTESIAN_POINT('',(6.281483009183,13.500582539343));
#2140 = CARTESIAN_POINT('',(6.19509289877,13.498766347185));
#2141 = CARTESIAN_POINT('',(6.110396170556,13.493669592943));
#2142 = CARTESIAN_POINT('',(6.026981920213,13.485589672608));
#2143 = CARTESIAN_POINT('',(5.944994063676,13.474895051257));
#2144 = CARTESIAN_POINT('',(5.864455230585,13.462008569926));
#2145 = CARTESIAN_POINT('',(5.78544993839,13.447391962475));
#2146 = CARTESIAN_POINT('',(5.708077845913,13.431529143509));
#2147 = CARTESIAN_POINT('',(5.632471420508,13.414910042589));
#2148 = CARTESIAN_POINT('',(5.558789807166,13.398012514011));
#2149 = CARTESIAN_POINT('',(5.487247237229,13.381292620947));
#2150 = CARTESIAN_POINT('',(5.418030558753,13.365146760727));
#2151 = CARTESIAN_POINT('',(5.349947894508,13.349595903436));
#2152 = CARTESIAN_POINT('',(5.283060425661,13.334919121033));
#2153 = CARTESIAN_POINT('',(5.217180303841,13.321303689716));
#2154 = CARTESIAN_POINT('',(5.152195462755,13.308924326805));
#2155 = CARTESIAN_POINT('',(5.087980396622,13.297924871196));
#2156 = CARTESIAN_POINT('',(5.024418296836,13.288426010543));
#2157 = CARTESIAN_POINT('',(4.961393610338,13.280525830365));
#2158 = CARTESIAN_POINT('',(4.898792694242,13.274302247873));
#2159 = CARTESIAN_POINT('',(4.83650221028,13.269814070991));
#2160 = CARTESIAN_POINT('',(4.774408503677,13.267104424591));
#2161 = CARTESIAN_POINT('',(4.733066117737,13.266497876354));
#2162 = CARTESIAN_POINT('',(4.712388980385,13.266499161422));
#2163 = ( GEOMETRIC_REPRESENTATION_CONTEXT(2) 
PARAMETRIC_REPRESENTATION_CONTEXT() REPRESENTATION_CONTEXT('2D SPACE',''
  ) );
#2164 = ORIENTED_EDGE('',*,*,#2165,.T.);
#2165 = EDGE_CURVE('',#2027,#2166,#2168,.T.);
#2166 = VERTEX_POINT('',#2167);
#2167 = CARTESIAN_POINT('',(-2.5,13.266499161422,19.));
#2168 = SURFACE_CURVE('',#2169,(#2173,#2179),.PCURVE_S1.);
#2169 = LINE('',#2170,#2171);
#2170 = CARTESIAN_POINT('',(-2.5,13.266499161422,19.));
#2171 = VECTOR('',#2172,1.);
#2172 = DIRECTION('',(-0.,-0.,-1.));
#2173 = PCURVE('',#1803,#2174);
#2174 = DEFINITIONAL_REPRESENTATION('',(#2175),#2178);
#2175 = B_SPLINE_CURVE_WITH_KNOTS('',1,(#2176,#2177),.UNSPECIFIED.,.F.,
  .F.,(2,2),(-39.15,6.E-07),.PIECEWISE_BEZIER_KNOTS.);
#2176 = CARTESIAN_POINT('',(4.526128676809,-39.15));
#2177 = CARTESIAN_POINT('',(4.526128676809,6.E-07));
#2178 = ( GEOMETRIC_REPRESENTATION_CONTEXT(2) 
PARAMETRIC_REPRESENTATION_CONTEXT() REPRESENTATION_CONTEXT('2D SPACE',''
  ) );
#2179 = PCURVE('',#2180,#2185);
#2180 = PLANE('',#2181);
#2181 = AXIS2_PLACEMENT_3D('',#2182,#2183,#2184);
#2182 = CARTESIAN_POINT('',(-2.5,0.,18.));
#2183 = DIRECTION('',(1.,0.,-0.));
#2184 = DIRECTION('',(0.,0.,1.));
#2185 = DEFINITIONAL_REPRESENTATION('',(#2186),#2190);
#2186 = LINE('',#2187,#2188);
#2187 = CARTESIAN_POINT('',(1.,-13.26649916142));
#2188 = VECTOR('',#2189,1.);
#2189 = DIRECTION('',(-1.,0.));
#2190 = ( GEOMETRIC_REPRESENTATION_CONTEXT(2) 
PARAMETRIC_REPRESENTATION_CONTEXT() REPRESENTATION_CONTEXT('2D SPACE',''
  ) );
#2191 = ORIENTED_EDGE('',*,*,#2192,.T.);
#2192 = EDGE_CURVE('',#2166,#1828,#2193,.T.);
#2193 = SURFACE_CURVE('',#2194,(#2199,#2206),.PCURVE_S1.);
#2194 = CIRCLE('',#2195,13.5);
#2195 = AXIS2_PLACEMENT_3D('',#2196,#2197,#2198);
#2196 = CARTESIAN_POINT('',(0.,0.,19.));
#2197 = DIRECTION('',(0.,0.,1.));
#2198 = DIRECTION('',(1.,0.,-0.));
#2199 = PCURVE('',#1803,#2200);
#2200 = DEFINITIONAL_REPRESENTATION('',(#2201),#2205);
#2201 = LINE('',#2202,#2203);
#2202 = CARTESIAN_POINT('',(6.28318530718,0.));
#2203 = VECTOR('',#2204,1.);
#2204 = DIRECTION('',(-1.,0.));
#2205 = ( GEOMETRIC_REPRESENTATION_CONTEXT(2) 
PARAMETRIC_REPRESENTATION_CONTEXT() REPRESENTATION_CONTEXT('2D SPACE',''
  ) );
#2206 = PCURVE('',#1867,#2207);
#2207 = DEFINITIONAL_REPRESENTATION('',(#2208),#2212);
#2208 = CIRCLE('',#2209,13.5);
#2209 = AXIS2_PLACEMENT_2D('',#2210,#2211);
#2210 = CARTESIAN_POINT('',(1.215502340035E-15,5.510910596163E-16));
#2211 = DIRECTION('',(1.,0.));
#2212 = ( GEOMETRIC_REPRESENTATION_CONTEXT(2) 
PARAMETRIC_REPRESENTATION_CONTEXT() REPRESENTATION_CONTEXT('2D SPACE',''
  ) );
#2213 = ORIENTED_EDGE('',*,*,#1827,.T.);
#2214 = ADVANCED_FACE('',(#2215,#2218),#1815,.T.);
#2215 = FACE_BOUND('',#2216,.T.);
#2216 = EDGE_LOOP('',(#2217));
#2217 = ORIENTED_EDGE('',*,*,#1793,.T.);
#2218 = FACE_BOUND('',#2219,.T.);
#2219 = EDGE_LOOP('',(#2220));
#2220 = ORIENTED_EDGE('',*,*,#2221,.F.);
#2221 = EDGE_CURVE('',#2222,#2222,#2224,.T.);
#2222 = VERTEX_POINT('',#2223);
#2223 = CARTESIAN_POINT('',(12.5,3.947459643112E-16,199.));
#2224 = SURFACE_CURVE('',#2225,(#2230,#2237),.PCURVE_S1.);
#2225 = CIRCLE('',#2226,12.5);
#2226 = AXIS2_PLACEMENT_3D('',#2227,#2228,#2229);
#2227 = CARTESIAN_POINT('',(6.421201019462E-14,3.947459643112E-16,199.)
  );
#2228 = DIRECTION('',(0.,0.,1.));
#2229 = DIRECTION('',(1.,0.,-0.));
#2230 = PCURVE('',#1815,#2231);
#2231 = DEFINITIONAL_REPRESENTATION('',(#2232),#2236);
#2232 = CIRCLE('',#2233,12.5);
#2233 = AXIS2_PLACEMENT_2D('',#2234,#2235);
#2234 = CARTESIAN_POINT('',(6.542751253466E-14,9.458370239275E-16));
#2235 = DIRECTION('',(1.,0.));
#2236 = ( GEOMETRIC_REPRESENTATION_CONTEXT(2) 
PARAMETRIC_REPRESENTATION_CONTEXT() REPRESENTATION_CONTEXT('2D SPACE',''
  ) );
#2237 = PCURVE('',#2238,#2243);
#2238 = CYLINDRICAL_SURFACE('',#2239,12.5);
#2239 = AXIS2_PLACEMENT_3D('',#2240,#2241,#2242);
#2240 = CARTESIAN_POINT('',(6.421201019462E-14,3.947459643112E-16,19.));
#2241 = DIRECTION('',(-0.,-0.,-1.));
#2242 = DIRECTION('',(1.,0.,0.));
#2243 = DEFINITIONAL_REPRESENTATION('',(#2244),#2248);
#2244 = LINE('',#2245,#2246);
#2245 = CARTESIAN_POINT('',(6.28318530718,-180.));
#2246 = VECTOR('',#2247,1.);
#2247 = DIRECTION('',(-1.,0.));
#2248 = ( GEOMETRIC_REPRESENTATION_CONTEXT(2) 
PARAMETRIC_REPRESENTATION_CONTEXT() REPRESENTATION_CONTEXT('2D SPACE',''
  ) );
#2249 = ADVANCED_FACE('',(#2250),#1867,.F.);
#2250 = FACE_BOUND('',#2251,.F.);
#2251 = EDGE_LOOP('',(#2252,#2253,#2254,#2277,#2301,#2325));
#2252 = ORIENTED_EDGE('',*,*,#2192,.T.);
#2253 = ORIENTED_EDGE('',*,*,#1850,.T.);
#2254 = ORIENTED_EDGE('',*,*,#2255,.F.);
#2255 = EDGE_CURVE('',#2256,#1851,#2258,.T.);
#2256 = VERTEX_POINT('',#2257);
#2257 = CARTESIAN_POINT('',(2.5,12.247448713916,19.));
#2258 = SURFACE_CURVE('',#2259,(#2263,#2270),.PCURVE_S1.);
#2259 = LINE('',#2260,#2261);
#2260 = CARTESIAN_POINT('',(2.5,-2.755455298082E-16,19.));
#2261 = VECTOR('',#2262,1.);
#2262 = DIRECTION('',(-0.,1.,0.));
#2263 = PCURVE('',#1867,#2264);
#2264 = DEFINITIONAL_REPRESENTATION('',(#2265),#2269);
#2265 = LINE('',#2266,#2267);
#2266 = CARTESIAN_POINT('',(2.5,2.755455298081E-16));
#2267 = VECTOR('',#2268,1.);
#2268 = DIRECTION('',(0.,1.));
#2269 = ( GEOMETRIC_REPRESENTATION_CONTEXT(2) 
PARAMETRIC_REPRESENTATION_CONTEXT() REPRESENTATION_CONTEXT('2D SPACE',''
  ) );
#2270 = PCURVE('',#1894,#2271);
#2271 = DEFINITIONAL_REPRESENTATION('',(#2272),#2276);
#2272 = LINE('',#2273,#2274);
#2273 = CARTESIAN_POINT('',(1.,2.755455298082E-16));
#2274 = VECTOR('',#2275,1.);
#2275 = DIRECTION('',(0.,-1.));
#2276 = ( GEOMETRIC_REPRESENTATION_CONTEXT(2) 
PARAMETRIC_REPRESENTATION_CONTEXT() REPRESENTATION_CONTEXT('2D SPACE',''
  ) );
#2277 = ORIENTED_EDGE('',*,*,#2278,.F.);
#2278 = EDGE_CURVE('',#2279,#2256,#2281,.T.);
#2279 = VERTEX_POINT('',#2280);
#2280 = CARTESIAN_POINT('',(12.5,3.947459643112E-16,19.));
#2281 = SURFACE_CURVE('',#2282,(#2287,#2294),.PCURVE_S1.);
#2282 = CIRCLE('',#2283,12.5);
#2283 = AXIS2_PLACEMENT_3D('',#2284,#2285,#2286);
#2284 = CARTESIAN_POINT('',(6.421201019462E-14,3.947459643112E-16,19.));
#2285 = DIRECTION('',(0.,0.,1.));
#2286 = DIRECTION('',(1.,0.,-0.));
#2287 = PCURVE('',#1867,#2288);
#2288 = DEFINITIONAL_REPRESENTATION('',(#2289),#2293);
#2289 = CIRCLE('',#2290,12.5);
#2290 = AXIS2_PLACEMENT_2D('',#2291,#2292);
#2291 = CARTESIAN_POINT('',(6.542751253466E-14,9.458370239275E-16));
#2292 = DIRECTION('',(1.,0.));
#2293 = ( GEOMETRIC_REPRESENTATION_CONTEXT(2) 
PARAMETRIC_REPRESENTATION_CONTEXT() REPRESENTATION_CONTEXT('2D SPACE',''
  ) );
#2294 = PCURVE('',#2238,#2295);
#2295 = DEFINITIONAL_REPRESENTATION('',(#2296),#2300);
#2296 = LINE('',#2297,#2298);
#2297 = CARTESIAN_POINT('',(6.28318530718,0.));
#2298 = VECTOR('',#2299,1.);
#2299 = DIRECTION('',(-1.,0.));
#2300 = ( GEOMETRIC_REPRESENTATION_CONTEXT(2) 
PARAMETRIC_REPRESENTATION_CONTEXT() REPRESENTATION_CONTEXT('2D SPACE',''
  ) );
#2301 = ORIENTED_EDGE('',*,*,#2302,.F.);
#2302 = EDGE_CURVE('',#2303,#2279,#2305,.T.);
#2303 = VERTEX_POINT('',#2304);
#2304 = CARTESIAN_POINT('',(-2.5,12.247448713916,19.));
#2305 = SURFACE_CURVE('',#2306,(#2311,#2318),.PCURVE_S1.);
#2306 = CIRCLE('',#2307,12.5);
#2307 = AXIS2_PLACEMENT_3D('',#2308,#2309,#2310);
#2308 = CARTESIAN_POINT('',(6.421201019462E-14,3.947459643112E-16,19.));
#2309 = DIRECTION('',(0.,0.,1.));
#2310 = DIRECTION('',(1.,0.,-0.));
#2311 = PCURVE('',#1867,#2312);
#2312 = DEFINITIONAL_REPRESENTATION('',(#2313),#2317);
#2313 = CIRCLE('',#2314,12.5);
#2314 = AXIS2_PLACEMENT_2D('',#2315,#2316);
#2315 = CARTESIAN_POINT('',(6.542751253466E-14,9.458370239275E-16));
#2316 = DIRECTION('',(1.,0.));
#2317 = ( GEOMETRIC_REPRESENTATION_CONTEXT(2) 
PARAMETRIC_REPRESENTATION_CONTEXT() REPRESENTATION_CONTEXT('2D SPACE',''
  ) );
#2318 = PCURVE('',#2238,#2319);
#2319 = DEFINITIONAL_REPRESENTATION('',(#2320),#2324);
#2320 = LINE('',#2321,#2322);
#2321 = CARTESIAN_POINT('',(6.28318530718,0.));
#2322 = VECTOR('',#2323,1.);
#2323 = DIRECTION('',(-1.,0.));
#2324 = ( GEOMETRIC_REPRESENTATION_CONTEXT(2) 
PARAMETRIC_REPRESENTATION_CONTEXT() REPRESENTATION_CONTEXT('2D SPACE',''
  ) );
#2325 = ORIENTED_EDGE('',*,*,#2326,.T.);
#2326 = EDGE_CURVE('',#2303,#2166,#2327,.T.);
#2327 = SURFACE_CURVE('',#2328,(#2332,#2339),.PCURVE_S1.);
#2328 = LINE('',#2329,#2330);
#2329 = CARTESIAN_POINT('',(-2.5,-2.755455298082E-16,19.));
#2330 = VECTOR('',#2331,1.);
#2331 = DIRECTION('',(-0.,1.,0.));
#2332 = PCURVE('',#1867,#2333);
#2333 = DEFINITIONAL_REPRESENTATION('',(#2334),#2338);
#2334 = LINE('',#2335,#2336);
#2335 = CARTESIAN_POINT('',(-2.5,2.755455298081E-16));
#2336 = VECTOR('',#2337,1.);
#2337 = DIRECTION('',(0.,1.));
#2338 = ( GEOMETRIC_REPRESENTATION_CONTEXT(2) 
PARAMETRIC_REPRESENTATION_CONTEXT() REPRESENTATION_CONTEXT('2D SPACE',''
  ) );
#2339 = PCURVE('',#2180,#2340);
#2340 = DEFINITIONAL_REPRESENTATION('',(#2341),#2345);
#2341 = LINE('',#2342,#2343);
#2342 = CARTESIAN_POINT('',(1.,2.755455298082E-16));
#2343 = VECTOR('',#2344,1.);
#2344 = DIRECTION('',(0.,-1.));
#2345 = ( GEOMETRIC_REPRESENTATION_CONTEXT(2) 
PARAMETRIC_REPRESENTATION_CONTEXT() REPRESENTATION_CONTEXT('2D SPACE',''
  ) );
#2346 = ADVANCED_FACE('',(#2347),#1894,.F.);
#2347 = FACE_BOUND('',#2348,.F.);
#2348 = EDGE_LOOP('',(#2349,#2372,#2392,#2393));
#2349 = ORIENTED_EDGE('',*,*,#2350,.T.);
#2350 = EDGE_CURVE('',#1880,#2351,#2353,.T.);
#2351 = VERTEX_POINT('',#2352);
#2352 = CARTESIAN_POINT('',(2.5,12.247448713916,37.));
#2353 = SURFACE_CURVE('',#2354,(#2358,#2365),.PCURVE_S1.);
#2354 = LINE('',#2355,#2356);
#2355 = CARTESIAN_POINT('',(2.5,0.,37.));
#2356 = VECTOR('',#2357,1.);
#2357 = DIRECTION('',(0.,-1.,0.));
#2358 = PCURVE('',#1894,#2359);
#2359 = DEFINITIONAL_REPRESENTATION('',(#2360),#2364);
#2360 = LINE('',#2361,#2362);
#2361 = CARTESIAN_POINT('',(19.,0.));
#2362 = VECTOR('',#2363,1.);
#2363 = DIRECTION('',(0.,1.));
#2364 = ( GEOMETRIC_REPRESENTATION_CONTEXT(2) 
PARAMETRIC_REPRESENTATION_CONTEXT() REPRESENTATION_CONTEXT('2D SPACE',''
  ) );
#2365 = PCURVE('',#1923,#2366);
#2366 = DEFINITIONAL_REPRESENTATION('',(#2367),#2371);
#2367 = LINE('',#2368,#2369);
#2368 = CARTESIAN_POINT('',(2.265769467591,-1.056545654352));
#2369 = VECTOR('',#2370,1.);
#2370 = DIRECTION('',(-0.422618261741,-0.906307787037));
#2371 = ( GEOMETRIC_REPRESENTATION_CONTEXT(2) 
PARAMETRIC_REPRESENTATION_CONTEXT() REPRESENTATION_CONTEXT('2D SPACE',''
  ) );
#2372 = ORIENTED_EDGE('',*,*,#2373,.T.);
#2373 = EDGE_CURVE('',#2351,#2256,#2374,.T.);
#2374 = SURFACE_CURVE('',#2375,(#2379,#2386),.PCURVE_S1.);
#2375 = LINE('',#2376,#2377);
#2376 = CARTESIAN_POINT('',(2.5,12.247448713916,19.));
#2377 = VECTOR('',#2378,1.);
#2378 = DIRECTION('',(-0.,-0.,-1.));
#2379 = PCURVE('',#1894,#2380);
#2380 = DEFINITIONAL_REPRESENTATION('',(#2381),#2385);
#2381 = LINE('',#2382,#2383);
#2382 = CARTESIAN_POINT('',(1.,-12.24744871391));
#2383 = VECTOR('',#2384,1.);
#2384 = DIRECTION('',(-1.,0.));
#2385 = ( GEOMETRIC_REPRESENTATION_CONTEXT(2) 
PARAMETRIC_REPRESENTATION_CONTEXT() REPRESENTATION_CONTEXT('2D SPACE',''
  ) );
#2386 = PCURVE('',#2238,#2387);
#2387 = DEFINITIONAL_REPRESENTATION('',(#2388),#2391);
#2388 = B_SPLINE_CURVE_WITH_KNOTS('',1,(#2389,#2390),.UNSPECIFIED.,.F.,
  .F.,(2,2),(-39.15,6.E-07),.PIECEWISE_BEZIER_KNOTS.);
#2389 = CARTESIAN_POINT('',(4.913746901175,-39.15));
#2390 = CARTESIAN_POINT('',(4.913746901175,6.E-07));
#2391 = ( GEOMETRIC_REPRESENTATION_CONTEXT(2) 
PARAMETRIC_REPRESENTATION_CONTEXT() REPRESENTATION_CONTEXT('2D SPACE',''
  ) );
#2392 = ORIENTED_EDGE('',*,*,#2255,.T.);
#2393 = ORIENTED_EDGE('',*,*,#1879,.F.);
#2394 = ADVANCED_FACE('',(#2395),#1923,.T.);
#2395 = FACE_BOUND('',#2396,.T.);
#2396 = EDGE_LOOP('',(#2397,#2420,#2421,#2422));
#2397 = ORIENTED_EDGE('',*,*,#2398,.T.);
#2398 = EDGE_CURVE('',#2399,#1907,#2401,.T.);
#2399 = VERTEX_POINT('',#2400);
#2400 = CARTESIAN_POINT('',(11.328847337958,5.282728271759,37.));
#2401 = SURFACE_CURVE('',#2402,(#2406,#2413),.PCURVE_S1.);
#2402 = LINE('',#2403,#2404);
#2403 = CARTESIAN_POINT('',(0.,0.,37.));
#2404 = VECTOR('',#2405,1.);
#2405 = DIRECTION('',(0.906307787037,0.422618261741,0.));
#2406 = PCURVE('',#1923,#2407);
#2407 = DEFINITIONAL_REPRESENTATION('',(#2408),#2412);
#2408 = LINE('',#2409,#2410);
#2409 = CARTESIAN_POINT('',(0.,0.));
#2410 = VECTOR('',#2411,1.);
#2411 = DIRECTION('',(1.,0.));
#2412 = ( GEOMETRIC_REPRESENTATION_CONTEXT(2) 
PARAMETRIC_REPRESENTATION_CONTEXT() REPRESENTATION_CONTEXT('2D SPACE',''
  ) );
#2413 = PCURVE('',#1954,#2414);
#2414 = DEFINITIONAL_REPRESENTATION('',(#2415),#2419);
#2415 = LINE('',#2416,#2417);
#2416 = CARTESIAN_POINT('',(0.,0.));
#2417 = VECTOR('',#2418,1.);
#2418 = DIRECTION('',(1.,0.));
#2419 = ( GEOMETRIC_REPRESENTATION_CONTEXT(2) 
PARAMETRIC_REPRESENTATION_CONTEXT() REPRESENTATION_CONTEXT('2D SPACE',''
  ) );
#2420 = ORIENTED_EDGE('',*,*,#1906,.F.);
#2421 = ORIENTED_EDGE('',*,*,#2350,.T.);
#2422 = ORIENTED_EDGE('',*,*,#2423,.T.);
#2423 = EDGE_CURVE('',#2351,#2399,#2424,.T.);
#2424 = SURFACE_CURVE('',#2425,(#2430,#2441),.PCURVE_S1.);
#2425 = CIRCLE('',#2426,12.5);
#2426 = AXIS2_PLACEMENT_3D('',#2427,#2428,#2429);
#2427 = CARTESIAN_POINT('',(6.421201019462E-14,3.947459643112E-16,37.));
#2428 = DIRECTION('',(0.,0.,-1.));
#2429 = DIRECTION('',(1.,0.,0.));
#2430 = PCURVE('',#1923,#2431);
#2431 = DEFINITIONAL_REPRESENTATION('',(#2432),#2440);
#2432 = ( BOUNDED_CURVE() B_SPLINE_CURVE(2,(#2433,#2434,#2435,#2436,
#2437,#2438,#2439),.UNSPECIFIED.,.T.,.F.) B_SPLINE_CURVE_WITH_KNOTS((1,2
    ,2,2,2,1),(-2.094395102393,0.,2.094395102393,4.188790204786,
6.28318530718,8.377580409573),.UNSPECIFIED.) CURVE() 
GEOMETRIC_REPRESENTATION_ITEM() RATIONAL_B_SPLINE_CURVE((1.,0.5,1.,0.5,
1.,0.5,1.)) REPRESENTATION_ITEM('') );
#2433 = CARTESIAN_POINT('',(11.328847337958,-5.28272827176));
#2434 = CARTESIAN_POINT('',(2.178893568688,-24.90486745229));
#2435 = CARTESIAN_POINT('',(-10.23940055361,-7.169705454387));
#2436 = CARTESIAN_POINT('',(-22.65769467591,10.56545654352));
#2437 = CARTESIAN_POINT('',(-1.089446784344,12.452433726147));
#2438 = CARTESIAN_POINT('',(20.478801107227,14.339410908774));
#2439 = CARTESIAN_POINT('',(11.328847337958,-5.28272827176));
#2440 = ( GEOMETRIC_REPRESENTATION_CONTEXT(2) 
PARAMETRIC_REPRESENTATION_CONTEXT() REPRESENTATION_CONTEXT('2D SPACE',''
  ) );
#2441 = PCURVE('',#2238,#2442);
#2442 = DEFINITIONAL_REPRESENTATION('',(#2443),#2447);
#2443 = LINE('',#2444,#2445);
#2444 = CARTESIAN_POINT('',(-4.138911435803E-13,-18.));
#2445 = VECTOR('',#2446,1.);
#2446 = DIRECTION('',(1.,-0.));
#2447 = ( GEOMETRIC_REPRESENTATION_CONTEXT(2) 
PARAMETRIC_REPRESENTATION_CONTEXT() REPRESENTATION_CONTEXT('2D SPACE',''
  ) );
#2448 = ADVANCED_FACE('',(#2449),#1954,.F.);
#2449 = FACE_BOUND('',#2450,.F.);
#2450 = EDGE_LOOP('',(#2451,#2473,#2474,#2475));
#2451 = ORIENTED_EDGE('',*,*,#2452,.T.);
#2452 = EDGE_CURVE('',#2453,#2399,#2455,.T.);
#2453 = VERTEX_POINT('',#2454);
#2454 = CARTESIAN_POINT('',(11.328847337958,5.282728271759,43.));
#2455 = SURFACE_CURVE('',#2456,(#2460,#2467),.PCURVE_S1.);
#2456 = LINE('',#2457,#2458);
#2457 = CARTESIAN_POINT('',(11.328847337958,5.282728271759,19.));
#2458 = VECTOR('',#2459,1.);
#2459 = DIRECTION('',(-0.,-0.,-1.));
#2460 = PCURVE('',#1954,#2461);
#2461 = DEFINITIONAL_REPRESENTATION('',(#2462),#2466);
#2462 = LINE('',#2463,#2464);
#2463 = CARTESIAN_POINT('',(12.5,-18.));
#2464 = VECTOR('',#2465,1.);
#2465 = DIRECTION('',(0.,-1.));
#2466 = ( GEOMETRIC_REPRESENTATION_CONTEXT(2) 
PARAMETRIC_REPRESENTATION_CONTEXT() REPRESENTATION_CONTEXT('2D SPACE',''
  ) );
#2467 = PCURVE('',#2238,#2468);
#2468 = DEFINITIONAL_REPRESENTATION('',(#2469),#2472);
#2469 = B_SPLINE_CURVE_WITH_KNOTS('',1,(#2470,#2471),.UNSPECIFIED.,.F.,
  .F.,(2,2),(-24.6,-17.4),.PIECEWISE_BEZIER_KNOTS.);
#2470 = CARTESIAN_POINT('',(5.846852994181,-24.6));
#2471 = CARTESIAN_POINT('',(5.846852994181,-17.4));
#2472 = ( GEOMETRIC_REPRESENTATION_CONTEXT(2) 
PARAMETRIC_REPRESENTATION_CONTEXT() REPRESENTATION_CONTEXT('2D SPACE',''
  ) );
#2473 = ORIENTED_EDGE('',*,*,#2398,.T.);
#2474 = ORIENTED_EDGE('',*,*,#1939,.F.);
#2475 = ORIENTED_EDGE('',*,*,#2476,.F.);
#2476 = EDGE_CURVE('',#2453,#1940,#2477,.T.);
#2477 = SURFACE_CURVE('',#2478,(#2482,#2489),.PCURVE_S1.);
#2478 = LINE('',#2479,#2480);
#2479 = CARTESIAN_POINT('',(0.,0.,43.));
#2480 = VECTOR('',#2481,1.);
#2481 = DIRECTION('',(0.906307787037,0.422618261741,0.));
#2482 = PCURVE('',#1954,#2483);
#2483 = DEFINITIONAL_REPRESENTATION('',(#2484),#2488);
#2484 = LINE('',#2485,#2486);
#2485 = CARTESIAN_POINT('',(0.,6.));
#2486 = VECTOR('',#2487,1.);
#2487 = DIRECTION('',(1.,0.));
#2488 = ( GEOMETRIC_REPRESENTATION_CONTEXT(2) 
PARAMETRIC_REPRESENTATION_CONTEXT() REPRESENTATION_CONTEXT('2D SPACE',''
  ) );
#2489 = PCURVE('',#1983,#2490);
#2490 = DEFINITIONAL_REPRESENTATION('',(#2491),#2495);
#2491 = LINE('',#2492,#2493);
#2492 = CARTESIAN_POINT('',(0.,0.));
#2493 = VECTOR('',#2494,1.);
#2494 = DIRECTION('',(1.,0.));
#2495 = ( GEOMETRIC_REPRESENTATION_CONTEXT(2) 
PARAMETRIC_REPRESENTATION_CONTEXT() REPRESENTATION_CONTEXT('2D SPACE',''
  ) );
#2496 = ADVANCED_FACE('',(#2497),#1983,.F.);
#2497 = FACE_BOUND('',#2498,.F.);
#2498 = EDGE_LOOP('',(#2499,#2500,#2501,#2524));
#2499 = ORIENTED_EDGE('',*,*,#2476,.T.);
#2500 = ORIENTED_EDGE('',*,*,#1966,.F.);
#2501 = ORIENTED_EDGE('',*,*,#2502,.T.);
#2502 = EDGE_CURVE('',#1967,#2503,#2505,.T.);
#2503 = VERTEX_POINT('',#2504);
#2504 = CARTESIAN_POINT('',(2.5,12.247448713916,43.));
#2505 = SURFACE_CURVE('',#2506,(#2510,#2517),.PCURVE_S1.);
#2506 = LINE('',#2507,#2508);
#2507 = CARTESIAN_POINT('',(2.5,0.,43.));
#2508 = VECTOR('',#2509,1.);
#2509 = DIRECTION('',(0.,-1.,0.));
#2510 = PCURVE('',#1983,#2511);
#2511 = DEFINITIONAL_REPRESENTATION('',(#2512),#2516);
#2512 = LINE('',#2513,#2514);
#2513 = CARTESIAN_POINT('',(2.265769467591,-1.056545654352));
#2514 = VECTOR('',#2515,1.);
#2515 = DIRECTION('',(-0.422618261741,-0.906307787037));
#2516 = ( GEOMETRIC_REPRESENTATION_CONTEXT(2) 
PARAMETRIC_REPRESENTATION_CONTEXT() REPRESENTATION_CONTEXT('2D SPACE',''
  ) );
#2517 = PCURVE('',#2014,#2518);
#2518 = DEFINITIONAL_REPRESENTATION('',(#2519),#2523);
#2519 = LINE('',#2520,#2521);
#2520 = CARTESIAN_POINT('',(25.,0.));
#2521 = VECTOR('',#2522,1.);
#2522 = DIRECTION('',(0.,1.));
#2523 = ( GEOMETRIC_REPRESENTATION_CONTEXT(2) 
PARAMETRIC_REPRESENTATION_CONTEXT() REPRESENTATION_CONTEXT('2D SPACE',''
  ) );
#2524 = ORIENTED_EDGE('',*,*,#2525,.T.);
#2525 = EDGE_CURVE('',#2503,#2453,#2526,.T.);
#2526 = SURFACE_CURVE('',#2527,(#2532,#2543),.PCURVE_S1.);
#2527 = CIRCLE('',#2528,12.5);
#2528 = AXIS2_PLACEMENT_3D('',#2529,#2530,#2531);
#2529 = CARTESIAN_POINT('',(6.421201019462E-14,3.947459643112E-16,43.));
#2530 = DIRECTION('',(0.,0.,-1.));
#2531 = DIRECTION('',(1.,0.,0.));
#2532 = PCURVE('',#1983,#2533);
#2533 = DEFINITIONAL_REPRESENTATION('',(#2534),#2542);
#2534 = ( BOUNDED_CURVE() B_SPLINE_CURVE(2,(#2535,#2536,#2537,#2538,
#2539,#2540,#2541),.UNSPECIFIED.,.T.,.F.) B_SPLINE_CURVE_WITH_KNOTS((1,2
    ,2,2,2,1),(-2.094395102393,0.,2.094395102393,4.188790204786,
6.28318530718,8.377580409573),.UNSPECIFIED.) CURVE() 
GEOMETRIC_REPRESENTATION_ITEM() RATIONAL_B_SPLINE_CURVE((1.,0.5,1.,0.5,
1.,0.5,1.)) REPRESENTATION_ITEM('') );
#2535 = CARTESIAN_POINT('',(11.328847337958,-5.28272827176));
#2536 = CARTESIAN_POINT('',(2.178893568688,-24.90486745229));
#2537 = CARTESIAN_POINT('',(-10.23940055361,-7.169705454387));
#2538 = CARTESIAN_POINT('',(-22.65769467591,10.56545654352));
#2539 = CARTESIAN_POINT('',(-1.089446784344,12.452433726147));
#2540 = CARTESIAN_POINT('',(20.478801107227,14.339410908774));
#2541 = CARTESIAN_POINT('',(11.328847337958,-5.28272827176));
#2542 = ( GEOMETRIC_REPRESENTATION_CONTEXT(2) 
PARAMETRIC_REPRESENTATION_CONTEXT() REPRESENTATION_CONTEXT('2D SPACE',''
  ) );
#2543 = PCURVE('',#2238,#2544);
#2544 = DEFINITIONAL_REPRESENTATION('',(#2545),#2549);
#2545 = LINE('',#2546,#2547);
#2546 = CARTESIAN_POINT('',(-4.138911435803E-13,-24.));
#2547 = VECTOR('',#2548,1.);
#2548 = DIRECTION('',(1.,-0.));
#2549 = ( GEOMETRIC_REPRESENTATION_CONTEXT(2) 
PARAMETRIC_REPRESENTATION_CONTEXT() REPRESENTATION_CONTEXT('2D SPACE',''
  ) );
#2550 = ADVANCED_FACE('',(#2551),#2014,.F.);
#2551 = FACE_BOUND('',#2552,.F.);
#2552 = EDGE_LOOP('',(#2553,#2575,#2595,#2596));
#2553 = ORIENTED_EDGE('',*,*,#2554,.F.);
#2554 = EDGE_CURVE('',#2555,#2000,#2557,.T.);
#2555 = VERTEX_POINT('',#2556);
#2556 = CARTESIAN_POINT('',(2.5,12.247448713916,54.5));
#2557 = SURFACE_CURVE('',#2558,(#2562,#2569),.PCURVE_S1.);
#2558 = LINE('',#2559,#2560);
#2559 = CARTESIAN_POINT('',(2.5,0.,54.5));
#2560 = VECTOR('',#2561,1.);
#2561 = DIRECTION('',(-0.,1.,0.));
#2562 = PCURVE('',#2014,#2563);
#2563 = DEFINITIONAL_REPRESENTATION('',(#2564),#2568);
#2564 = LINE('',#2565,#2566);
#2565 = CARTESIAN_POINT('',(36.5,0.));
#2566 = VECTOR('',#2567,1.);
#2567 = DIRECTION('',(0.,-1.));
#2568 = ( GEOMETRIC_REPRESENTATION_CONTEXT(2) 
PARAMETRIC_REPRESENTATION_CONTEXT() REPRESENTATION_CONTEXT('2D SPACE',''
  ) );
#2569 = PCURVE('',#2109,#2570);
#2570 = DEFINITIONAL_REPRESENTATION('',(#2571),#2574);
#2571 = B_SPLINE_CURVE_WITH_KNOTS('',1,(#2572,#2573),.UNSPECIFIED.,.F.,
  .F.,(2,2),(12.247448713916,13.266499161422),.PIECEWISE_BEZIER_KNOTS.);
#2572 = CARTESIAN_POINT('',(7.853981633974,12.247448713916));
#2573 = CARTESIAN_POINT('',(7.853981633974,13.266499161422));
#2574 = ( GEOMETRIC_REPRESENTATION_CONTEXT(2) 
PARAMETRIC_REPRESENTATION_CONTEXT() REPRESENTATION_CONTEXT('2D SPACE',''
  ) );
#2575 = ORIENTED_EDGE('',*,*,#2576,.T.);
#2576 = EDGE_CURVE('',#2555,#2503,#2577,.T.);
#2577 = SURFACE_CURVE('',#2578,(#2582,#2589),.PCURVE_S1.);
#2578 = LINE('',#2579,#2580);
#2579 = CARTESIAN_POINT('',(2.5,12.247448713916,19.));
#2580 = VECTOR('',#2581,1.);
#2581 = DIRECTION('',(-0.,-0.,-1.));
#2582 = PCURVE('',#2014,#2583);
#2583 = DEFINITIONAL_REPRESENTATION('',(#2584),#2588);
#2584 = LINE('',#2585,#2586);
#2585 = CARTESIAN_POINT('',(1.,-12.24744871391));
#2586 = VECTOR('',#2587,1.);
#2587 = DIRECTION('',(-1.,0.));
#2588 = ( GEOMETRIC_REPRESENTATION_CONTEXT(2) 
PARAMETRIC_REPRESENTATION_CONTEXT() REPRESENTATION_CONTEXT('2D SPACE',''
  ) );
#2589 = PCURVE('',#2238,#2590);
#2590 = DEFINITIONAL_REPRESENTATION('',(#2591),#2594);
#2591 = B_SPLINE_CURVE_WITH_KNOTS('',1,(#2592,#2593),.UNSPECIFIED.,.F.,
  .F.,(2,2),(-39.15,6.E-07),.PIECEWISE_BEZIER_KNOTS.);
#2592 = CARTESIAN_POINT('',(4.913746901175,-39.15));
#2593 = CARTESIAN_POINT('',(4.913746901175,6.E-07));
#2594 = ( GEOMETRIC_REPRESENTATION_CONTEXT(2) 
PARAMETRIC_REPRESENTATION_CONTEXT() REPRESENTATION_CONTEXT('2D SPACE',''
  ) );
#2595 = ORIENTED_EDGE('',*,*,#2502,.F.);
#2596 = ORIENTED_EDGE('',*,*,#1999,.F.);
#2597 = ADVANCED_FACE('',(#2598),#2109,.F.);
#2598 = FACE_BOUND('',#2599,.F.);
#2599 = EDGE_LOOP('',(#2600,#2601,#2623,#2755));
#2600 = ORIENTED_EDGE('',*,*,#2026,.T.);
#2601 = ORIENTED_EDGE('',*,*,#2602,.F.);
#2602 = EDGE_CURVE('',#2603,#2027,#2605,.T.);
#2603 = VERTEX_POINT('',#2604);
#2604 = CARTESIAN_POINT('',(-2.5,12.247448713916,54.5));
#2605 = SURFACE_CURVE('',#2606,(#2610,#2616),.PCURVE_S1.);
#2606 = LINE('',#2607,#2608);
#2607 = CARTESIAN_POINT('',(-2.5,0.,54.5));
#2608 = VECTOR('',#2609,1.);
#2609 = DIRECTION('',(-0.,1.,0.));
#2610 = PCURVE('',#2109,#2611);
#2611 = DEFINITIONAL_REPRESENTATION('',(#2612),#2615);
#2612 = B_SPLINE_CURVE_WITH_KNOTS('',1,(#2613,#2614),.UNSPECIFIED.,.F.,
  .F.,(2,2),(12.247448713916,13.266499161422),.PIECEWISE_BEZIER_KNOTS.);
#2613 = CARTESIAN_POINT('',(4.712388980385,12.247448713916));
#2614 = CARTESIAN_POINT('',(4.712388980385,13.266499161422));
#2615 = ( GEOMETRIC_REPRESENTATION_CONTEXT(2) 
PARAMETRIC_REPRESENTATION_CONTEXT() REPRESENTATION_CONTEXT('2D SPACE',''
  ) );
#2616 = PCURVE('',#2180,#2617);
#2617 = DEFINITIONAL_REPRESENTATION('',(#2618),#2622);
#2618 = LINE('',#2619,#2620);
#2619 = CARTESIAN_POINT('',(36.5,0.));
#2620 = VECTOR('',#2621,1.);
#2621 = DIRECTION('',(0.,-1.));
#2622 = ( GEOMETRIC_REPRESENTATION_CONTEXT(2) 
PARAMETRIC_REPRESENTATION_CONTEXT() REPRESENTATION_CONTEXT('2D SPACE',''
  ) );
#2623 = ORIENTED_EDGE('',*,*,#2624,.F.);
#2624 = EDGE_CURVE('',#2555,#2603,#2625,.T.);
#2625 = SURFACE_CURVE('',#2626,(#2653,#2704),.PCURVE_S1.);
#2626 = B_SPLINE_CURVE_WITH_KNOTS('',7,(#2627,#2628,#2629,#2630,#2631,
    #2632,#2633,#2634,#2635,#2636,#2637,#2638,#2639,#2640,#2641,#2642,
    #2643,#2644,#2645,#2646,#2647,#2648,#2649,#2650,#2651,#2652),
  .UNSPECIFIED.,.F.,.F.,(8,6,6,6,8),(0.,0.551087171116,1.,1.469738411111
    ,2.001769749154),.UNSPECIFIED.);
#2627 = CARTESIAN_POINT('',(2.5,12.247448713916,54.5));
#2628 = CARTESIAN_POINT('',(2.5,12.247448713916,54.769215995677));
#2629 = CARTESIAN_POINT('',(2.466178454001,12.254352423269,
    55.038040593395));
#2630 = CARTESIAN_POINT('',(2.398703949301,12.268126041707,
    55.303980916918));
#2631 = CARTESIAN_POINT('',(2.296779141498,12.288317290353,
    55.564268152925));
#2632 = CARTESIAN_POINT('',(2.158914956278,12.314025886148,
    55.815369788279));
#2633 = CARTESIAN_POINT('',(1.983184673906,12.34359471063,
    56.052349232027));
#2634 = CARTESIAN_POINT('',(1.592288764456,12.399436983409,
    56.443245141477));
#2635 = CARTESIAN_POINT('',(1.386210022928,12.425914186146,
    56.608680704816));
#2636 = CARTESIAN_POINT('',(1.150480629754,12.45183160498,
    56.754545258504));
#2637 = CARTESIAN_POINT('',(0.888323326425,12.474533353107,
    56.872659985656));
#2638 = CARTESIAN_POINT('',(0.604757794468,12.491251395696,
    56.956258546976));
#2639 = CARTESIAN_POINT('',(0.306157758585,12.5,57.));
#2640 = CARTESIAN_POINT('',(-0.320360768981,12.5,57.));
#2641 = CARTESIAN_POINT('',(-0.631881841711,12.490420816558,
    56.952106091448));
#2642 = CARTESIAN_POINT('',(-0.926299042473,12.472216096296,
    56.86107174255));
#2643 = CARTESIAN_POINT('',(-1.196751195745,12.447726594666,
    56.733104525186));
#2644 = CARTESIAN_POINT('',(-1.437964082467,12.420118739314,
    56.575866838563));
#2645 = CARTESIAN_POINT('',(-1.646725271354,12.392329703048,
    56.398465318085));
#2646 = CARTESIAN_POINT('',(-2.021417294424,12.337111956037,
    55.999458840082));
#2647 = CARTESIAN_POINT('',(-2.183911496001,12.309348389813,
    55.768813439754));
#2648 = CARTESIAN_POINT('',(-2.311567378045,12.285384915142,
    55.525730547959));
#2649 = CARTESIAN_POINT('',(-2.40605309278,12.266625761316,
    55.274472868324));
#2650 = CARTESIAN_POINT('',(-2.468639264043,12.253850146339,
    55.018147434662));
#2651 = CARTESIAN_POINT('',(-2.5,12.247448713916,54.75923627343));
#2652 = CARTESIAN_POINT('',(-2.5,12.247448713916,54.5));
#2653 = PCURVE('',#2109,#2654);
#2654 = DEFINITIONAL_REPRESENTATION('',(#2655),#2703);
#2655 = B_SPLINE_CURVE_WITH_KNOTS('',3,(#2656,#2657,#2658,#2659,#2660,
    #2661,#2662,#2663,#2664,#2665,#2666,#2667,#2668,#2669,#2670,#2671,
    #2672,#2673,#2674,#2675,#2676,#2677,#2678,#2679,#2680,#2681,#2682,
    #2683,#2684,#2685,#2686,#2687,#2688,#2689,#2690,#2691,#2692,#2693,
    #2694,#2695,#2696,#2697,#2698,#2699,#2700,#2701,#2702),
  .UNSPECIFIED.,.F.,.F.,(4,1,1,1,1,1,1,1,1,1,1,1,1,1,1,1,1,1,1,1,1,1,1,1
    ,1,1,1,1,1,1,1,1,1,1,1,1,1,1,1,1,1,1,1,1,4),(0.,4.549476702622E-02,
    9.098953405244E-02,0.136484301079,0.181979068105,0.227473835131,
    0.272968602157,0.318463369184,0.36395813621,0.409452903236,
    0.454947670262,0.500442437288,0.545937204315,0.591431971341,
    0.636926738367,0.682421505393,0.727916272419,0.773411039446,
    0.818905806472,0.864400573498,0.909895340524,0.955390107551,
    1.000884874577,1.046379641603,1.091874408629,1.137369175655,
    1.182863942682,1.228358709708,1.273853476734,1.31934824376,
    1.364843010787,1.410337777813,1.455832544839,1.501327311865,
    1.546822078891,1.592316845918,1.637811612944,1.68330637997,
    1.728801146996,1.774295914022,1.819790681049,1.865285448075,
    1.910780215101,1.956274982127,2.001769749154),.UNSPECIFIED.);
#2656 = CARTESIAN_POINT('',(7.853981633974,12.247448713916));
#2657 = CARTESIAN_POINT('',(7.833238564374,12.247447295456));
#2658 = CARTESIAN_POINT('',(7.791766276299,12.248108535052));
#2659 = CARTESIAN_POINT('',(7.72948230484,12.251061744709));
#2660 = CARTESIAN_POINT('',(7.667004746403,12.255952305889));
#2661 = CARTESIAN_POINT('',(7.604218895544,12.262732137946));
#2662 = CARTESIAN_POINT('',(7.541010537322,12.271335883334));
#2663 = CARTESIAN_POINT('',(7.477265273859,12.281677168104));
#2664 = CARTESIAN_POINT('',(7.412867070799,12.29364742197));
#2665 = CARTESIAN_POINT('',(7.347698208105,12.30711342778));
#2666 = CARTESIAN_POINT('',(7.281634448924,12.321916091234));
#2667 = CARTESIAN_POINT('',(7.214557490603,12.337864571842));
#2668 = CARTESIAN_POINT('',(7.146302038204,12.354746994541));
#2669 = CARTESIAN_POINT('',(7.076845392272,12.372278997479));
#2670 = CARTESIAN_POINT('',(7.005589875286,12.390284148793));
#2671 = CARTESIAN_POINT('',(6.93188802212,12.408544884071));
#2672 = CARTESIAN_POINT('',(6.856209710435,12.426500881616));
#2673 = CARTESIAN_POINT('',(6.778682866354,12.443639396631));
#2674 = CARTESIAN_POINT('',(6.699481037219,12.459416499974));
#2675 = CARTESIAN_POINT('',(6.61872147385,12.473301974586));
#2676 = CARTESIAN_POINT('',(6.536511243935,12.484791301941));
#2677 = CARTESIAN_POINT('',(6.452886632642,12.493425904965));
#2678 = CARTESIAN_POINT('',(6.368027113744,12.498810927618));
#2679 = CARTESIAN_POINT('',(6.281473503386,12.50062964235));
#2680 = CARTESIAN_POINT('',(6.195053783794,12.498666221301));
#2681 = CARTESIAN_POINT('',(6.110347657956,12.49315888747));
#2682 = CARTESIAN_POINT('',(6.026935205238,12.484429817326));
#2683 = CARTESIAN_POINT('',(5.944959188209,12.47287709737));
#2684 = CARTESIAN_POINT('',(5.864439422678,12.458956884872));
#2685 = CARTESIAN_POINT('',(5.785458436773,12.443166947359));
#2686 = CARTESIAN_POINT('',(5.70811402769,12.426028871151));
#2687 = CARTESIAN_POINT('',(5.632537025575,12.408070823841));
#2688 = CARTESIAN_POINT('',(5.558885315332,12.389808261334));
#2689 = CARTESIAN_POINT('',(5.487371409754,12.371733352744));
#2690 = CARTESIAN_POINT('',(5.418183058593,12.354274859844));
#2691 = CARTESIAN_POINT('',(5.350119155384,12.337453230035));
#2692 = CARTESIAN_POINT('',(5.283242429214,12.321571231006));
#2693 = CARTESIAN_POINT('',(5.217365221393,12.306832370461));
#2694 = CARTESIAN_POINT('',(5.152376055574,12.293426923832));
#2695 = CARTESIAN_POINT('',(5.088149958815,12.281511902901));
#2696 = CARTESIAN_POINT('',(5.024570730174,12.271219347324));
#2697 = CARTESIAN_POINT('',(4.961523470167,12.262656818587));
#2698 = CARTESIAN_POINT('',(4.898895246806,12.255909954706));
#2699 = CARTESIAN_POINT('',(4.836573491783,12.251043531267));
#2700 = CARTESIAN_POINT('',(4.774445373747,12.248105146609));
#2701 = CARTESIAN_POINT('',(4.733078557821,12.247447297328));
#2702 = CARTESIAN_POINT('',(4.712388980385,12.247448713916));
#2703 = ( GEOMETRIC_REPRESENTATION_CONTEXT(2) 
PARAMETRIC_REPRESENTATION_CONTEXT() REPRESENTATION_CONTEXT('2D SPACE',''
  ) );
#2704 = PCURVE('',#2238,#2705);
#2705 = DEFINITIONAL_REPRESENTATION('',(#2706),#2754);
#2706 = B_SPLINE_CURVE_WITH_KNOTS('',3,(#2707,#2708,#2709,#2710,#2711,
    #2712,#2713,#2714,#2715,#2716,#2717,#2718,#2719,#2720,#2721,#2722,
    #2723,#2724,#2725,#2726,#2727,#2728,#2729,#2730,#2731,#2732,#2733,
    #2734,#2735,#2736,#2737,#2738,#2739,#2740,#2741,#2742,#2743,#2744,
    #2745,#2746,#2747,#2748,#2749,#2750,#2751,#2752,#2753),
  .UNSPECIFIED.,.F.,.F.,(4,1,1,1,1,1,1,1,1,1,1,1,1,1,1,1,1,1,1,1,1,1,1,1
    ,1,1,1,1,1,1,1,1,1,1,1,1,1,1,1,1,1,1,1,1,4),(0.,4.549476702622E-02,
    9.098953405244E-02,0.136484301079,0.181979068105,0.227473835131,
    0.272968602157,0.318463369184,0.36395813621,0.409452903236,
    0.454947670262,0.500442437288,0.545937204315,0.591431971341,
    0.636926738367,0.682421505393,0.727916272419,0.773411039446,
    0.818905806472,0.864400573498,0.909895340524,0.955390107551,
    1.000884874577,1.046379641603,1.091874408629,1.137369175655,
    1.182863942682,1.228358709708,1.273853476734,1.31934824376,
    1.364843010787,1.410337777813,1.455832544839,1.501327311865,
    1.546822078891,1.592316845918,1.637811612944,1.68330637997,
    1.728801146996,1.774295914022,1.819790681049,1.865285448075,
    1.910780215101,1.956274982127,2.001769749154),.UNSPECIFIED.);
#2707 = CARTESIAN_POINT('',(4.913746901175,-35.5));
#2708 = CARTESIAN_POINT('',(4.913746697893,-35.55185697455));
#2709 = CARTESIAN_POINT('',(4.913483582714,-35.65553871218));
#2710 = CARTESIAN_POINT('',(4.912298407185,-35.81064597955));
#2711 = CARTESIAN_POINT('',(4.910321260096,-35.96502691401));
#2712 = CARTESIAN_POINT('',(4.907547494227,-36.11834353381));
#2713 = CARTESIAN_POINT('',(4.903970645444,-36.2702333757));
#2714 = CARTESIAN_POINT('',(4.899582350152,-36.42030143076));
#2715 = CARTESIAN_POINT('',(4.894372611802,-36.56811497148));
#2716 = CARTESIAN_POINT('',(4.888330145803,-36.71319495661));
#2717 = CARTESIAN_POINT('',(4.881442101021,-36.85501556409));
#2718 = CARTESIAN_POINT('',(4.873696243779,-36.99297172288));
#2719 = CARTESIAN_POINT('',(4.865073970198,-37.12646336793));
#2720 = CARTESIAN_POINT('',(4.855577605054,-37.25454140924));
#2721 = CARTESIAN_POINT('',(4.845129796202,-37.37718648498));
#2722 = CARTESIAN_POINT('',(4.83362619212,-37.49402591217));
#2723 = CARTESIAN_POINT('',(4.821141563037,-37.60271785899));
#2724 = CARTESIAN_POINT('',(4.807721692435,-37.70158345702));
#2725 = CARTESIAN_POINT('',(4.793436231049,-37.78892247807));
#2726 = CARTESIAN_POINT('',(4.778362329715,-37.86319794691));
#2727 = CARTESIAN_POINT('',(4.762590517895,-37.92298798276));
#2728 = CARTESIAN_POINT('',(4.746211512278,-37.96699903281));
#2729 = CARTESIAN_POINT('',(4.729357863002,-37.99406577907));
#2730 = CARTESIAN_POINT('',(4.712046206984,-38.00314265616));
#2731 = CARTESIAN_POINT('',(4.694763805899,-37.99334218871));
#2732 = CARTESIAN_POINT('',(4.677947465555,-37.96564916429));
#2733 = CARTESIAN_POINT('',(4.661620445628,-37.92112782238));
#2734 = CARTESIAN_POINT('',(4.645906637862,-37.86095728676));
#2735 = CARTESIAN_POINT('',(4.630892328438,-37.78642183808));
#2736 = CARTESIAN_POINT('',(4.616662594155,-37.69891327278));
#2737 = CARTESIAN_POINT('',(4.603290597737,-37.59992934769));
#2738 = CARTESIAN_POINT('',(4.590839732017,-37.49107491914));
#2739 = CARTESIAN_POINT('',(4.579360637985,-37.37405519333));
#2740 = CARTESIAN_POINT('',(4.568895160045,-37.25069666528));
#2741 = CARTESIAN_POINT('',(4.55945709124,-37.1228638717));
#2742 = CARTESIAN_POINT('',(4.550877561869,-36.98956340512));
#2743 = CARTESIAN_POINT('',(4.543172534887,-36.85186635295));
#2744 = CARTESIAN_POINT('',(4.5363197939,-36.71032916439));
#2745 = CARTESIAN_POINT('',(4.530308198233,-36.56555953033));
#2746 = CARTESIAN_POINT('',(4.52512478203,-36.41807522827));
#2747 = CARTESIAN_POINT('',(4.520758495022,-36.26835172044));
#2748 = CARTESIAN_POINT('',(4.517199480982,-36.11681846922));
#2749 = CARTESIAN_POINT('',(4.514439518061,-35.96386855032));
#2750 = CARTESIAN_POINT('',(4.512472234449,-35.80986350352));
#2751 = CARTESIAN_POINT('',(4.511293028098,-35.6551413063));
#2752 = CARTESIAN_POINT('',(4.511031255716,-35.55172324533));
#2753 = CARTESIAN_POINT('',(4.511031059595,-35.5));
#2754 = ( GEOMETRIC_REPRESENTATION_CONTEXT(2) 
PARAMETRIC_REPRESENTATION_CONTEXT() REPRESENTATION_CONTEXT('2D SPACE',''
  ) );
#2755 = ORIENTED_EDGE('',*,*,#2554,.T.);
#2756 = ADVANCED_FACE('',(#2757),#2180,.T.);
#2757 = FACE_BOUND('',#2758,.T.);
#2758 = EDGE_LOOP('',(#2759,#2760,#2780,#2781));
#2759 = ORIENTED_EDGE('',*,*,#2602,.F.);
#2760 = ORIENTED_EDGE('',*,*,#2761,.T.);
#2761 = EDGE_CURVE('',#2603,#2303,#2762,.T.);
#2762 = SURFACE_CURVE('',#2763,(#2767,#2774),.PCURVE_S1.);
#2763 = LINE('',#2764,#2765);
#2764 = CARTESIAN_POINT('',(-2.5,12.247448713916,19.));
#2765 = VECTOR('',#2766,1.);
#2766 = DIRECTION('',(-0.,-0.,-1.));
#2767 = PCURVE('',#2180,#2768);
#2768 = DEFINITIONAL_REPRESENTATION('',(#2769),#2773);
#2769 = LINE('',#2770,#2771);
#2770 = CARTESIAN_POINT('',(1.,-12.24744871391));
#2771 = VECTOR('',#2772,1.);
#2772 = DIRECTION('',(-1.,0.));
#2773 = ( GEOMETRIC_REPRESENTATION_CONTEXT(2) 
PARAMETRIC_REPRESENTATION_CONTEXT() REPRESENTATION_CONTEXT('2D SPACE',''
  ) );
#2774 = PCURVE('',#2238,#2775);
#2775 = DEFINITIONAL_REPRESENTATION('',(#2776),#2779);
#2776 = B_SPLINE_CURVE_WITH_KNOTS('',1,(#2777,#2778),.UNSPECIFIED.,.F.,
  .F.,(2,2),(-39.15,6.E-07),.PIECEWISE_BEZIER_KNOTS.);
#2777 = CARTESIAN_POINT('',(4.511031059595,-39.15));
#2778 = CARTESIAN_POINT('',(4.511031059595,6.E-07));
#2779 = ( GEOMETRIC_REPRESENTATION_CONTEXT(2) 
PARAMETRIC_REPRESENTATION_CONTEXT() REPRESENTATION_CONTEXT('2D SPACE',''
  ) );
#2780 = ORIENTED_EDGE('',*,*,#2326,.T.);
#2781 = ORIENTED_EDGE('',*,*,#2165,.F.);
#2782 = ADVANCED_FACE('',(#2783),#2238,.F.);
#2783 = FACE_BOUND('',#2784,.F.);
#2784 = EDGE_LOOP('',(#2785,#2786,#2807,#2808,#2809,#2810,#2811,#2812,
    #2813,#2814,#2815,#2816));
#2785 = ORIENTED_EDGE('',*,*,#2221,.F.);
#2786 = ORIENTED_EDGE('',*,*,#2787,.F.);
#2787 = EDGE_CURVE('',#2279,#2222,#2788,.T.);
#2788 = SEAM_CURVE('',#2789,(#2793,#2800),.PCURVE_S1.);
#2789 = LINE('',#2790,#2791);
#2790 = CARTESIAN_POINT('',(12.5,3.947459643112E-16,19.));
#2791 = VECTOR('',#2792,1.);
#2792 = DIRECTION('',(0.,0.,1.));
#2793 = PCURVE('',#2238,#2794);
#2794 = DEFINITIONAL_REPRESENTATION('',(#2795),#2799);
#2795 = LINE('',#2796,#2797);
#2796 = CARTESIAN_POINT('',(6.283185307179,0.));
#2797 = VECTOR('',#2798,1.);
#2798 = DIRECTION('',(-0.,-1.));
#2799 = ( GEOMETRIC_REPRESENTATION_CONTEXT(2) 
PARAMETRIC_REPRESENTATION_CONTEXT() REPRESENTATION_CONTEXT('2D SPACE',''
  ) );
#2800 = PCURVE('',#2238,#2801);
#2801 = DEFINITIONAL_REPRESENTATION('',(#2802),#2806);
#2802 = LINE('',#2803,#2804);
#2803 = CARTESIAN_POINT('',(-0.,0.));
#2804 = VECTOR('',#2805,1.);
#2805 = DIRECTION('',(-0.,-1.));
#2806 = ( GEOMETRIC_REPRESENTATION_CONTEXT(2) 
PARAMETRIC_REPRESENTATION_CONTEXT() REPRESENTATION_CONTEXT('2D SPACE',''
  ) );
#2807 = ORIENTED_EDGE('',*,*,#2278,.T.);
#2808 = ORIENTED_EDGE('',*,*,#2373,.F.);
#2809 = ORIENTED_EDGE('',*,*,#2423,.T.);
#2810 = ORIENTED_EDGE('',*,*,#2452,.F.);
#2811 = ORIENTED_EDGE('',*,*,#2525,.F.);
#2812 = ORIENTED_EDGE('',*,*,#2576,.F.);
#2813 = ORIENTED_EDGE('',*,*,#2624,.T.);
#2814 = ORIENTED_EDGE('',*,*,#2761,.T.);
#2815 = ORIENTED_EDGE('',*,*,#2302,.T.);
#2816 = ORIENTED_EDGE('',*,*,#2787,.T.);
#2817 = ( GEOMETRIC_REPRESENTATION_CONTEXT(3) 
GLOBAL_UNCERTAINTY_ASSIGNED_CONTEXT((#2821)) 
GLOBAL_UNIT_ASSIGNED_CONTEXT((#2818,#2819,#2820)) REPRESENTATION_CONTEXT
('Context #1','3D Context with UNIT and UNCERTAINTY') );
#2818 = ( LENGTH_UNIT() NAMED_UNIT(*) SI_UNIT(.MILLI.,.METRE.) );
#2819 = ( NAMED_UNIT(*) PLANE_ANGLE_UNIT() SI_UNIT($,.RADIAN.) );
#2820 = ( NAMED_UNIT(*) SI_UNIT($,.STERADIAN.) SOLID_ANGLE_UNIT() );
#2821 = UNCERTAINTY_MEASURE_WITH_UNIT(LENGTH_MEASURE(1.E-07),#2818,
  'distance_accuracy_value','confusion accuracy');
#2822 = CONTEXT_DEPENDENT_SHAPE_REPRESENTATION(#2823,#2825);
#2823 = ( REPRESENTATION_RELATIONSHIP('','',#1786,#10) 
REPRESENTATION_RELATIONSHIP_WITH_TRANSFORMATION(#2824) 
SHAPE_REPRESENTATION_RELATIONSHIP() );
#2824 = ITEM_DEFINED_TRANSFORMATION('','',#11,#31);
#2825 = PRODUCT_DEFINITION_SHAPE('Placement','Placement of an item',
  #2826);
#2826 = NEXT_ASSEMBLY_USAGE_OCCURRENCE('5','','',#5,#1781,$);
#2827 = PRODUCT_RELATED_PRODUCT_CATEGORY('part',$,(#1783));
ENDSEC;
END-ISO-10303-21;
