ISO-10303-21;
HEADER;
FILE_DESCRIPTION(('Open CASCADE Model'),'2;1');
FILE_NAME('Open CASCADE Shape Model','2026-09-28T14:58:56',('Author'),(
    'Open CASCADE'),'Open CASCADE STEP processor 7.8','Open CASCADE 7.8'
  ,'Unknown');
FILE_SCHEMA(('AUTOMOTIVE_DESIGN { 1 0 10303 214 1 1 1 1 }'));
ENDSEC;
DATA;
#1 = APPLICATION_PROTOCOL_DEFINITION('international standard',
  'automotive_design',2000,#2);
#2 = APPLICATION_CONTEXT(
  'core data for automotive mechanical design processes');
#3 = SHAPE_DEFINITION_REPRESENTATION(#4,#10);
#4 = PRODUCT_DEFINITION_SHAPE('','',#5);
#5 = PRODUCT_DEFINITION('design','',#6,#9);
#6 = PRODUCT_DEFINITION_FORMATION('','',#7);
#7 = PRODUCT('Open CASCADE STEP translator 7.8 2',
  'Open CASCADE STEP translator 7.8 2','',(#8));
#8 = PRODUCT_CONTEXT('',#2,'mechanical');
#9 = PRODUCT_DEFINITION_CONTEXT('part definition',#2,'design');
#10 = SHAPE_REPRESENTATION('',(#11,#15,#19,#23,#27,#31),#35);
#11 = AXIS2_PLACEMENT_3D('',#12,#13,#14);
#12 = CARTESIAN_POINT('',(0.,0.,0.));
#13 = DIRECTION('',(0.,0.,1.));
#14 = DIRECTION('',(1.,0.,-0.));
#15 = AXIS2_PLACEMENT_3D('',#16,#17,#18);
#16 = CARTESIAN_POINT('',(0.,0.,0.));
#17 = DIRECTION('',(0.,0.,1.));
#18 = DIRECTION('',(1.,0.,-0.));
#19 = AXIS2_PLACEMENT_3D('',#20,#21,#22);
#20 = CARTESIAN_POINT('',(0.,0.,0.));
#21 = DIRECTION('',(0.,0.,1.));
#22 = DIRECTION('',(1.,0.,-0.));
#23 = AXIS2_PLACEMENT_3D('',#24,#25,#26);
#24 = CARTESIAN_POINT('',(0.,0.,0.));
#25 = DIRECTION('',(0.,0.,1.));
#26 = DIRECTION('',(1.,0.,-0.));
#27 = AXIS2_PLACEMENT_3D('',#28,#29,#30);
#28 = CARTESIAN_POINT('',(0.,0.,0.));
#29 = DIRECTION('',(0.,0.,1.));
#30 = DIRECTION('',(1.,0.,-0.));
#31 = AXIS2_PLACEMENT_3D('',#32,#33,#34);
#32 = CARTESIAN_POINT('',(0.,0.,0.));
#33 = DIRECTION('',(0.,0.,1.));
#34 = DIRECTION('',(1.,0.,-0.));
#35 = ( GEOMETRIC_REPRESENTATION_CONTEXT(3) 
GLOBAL_UNCERTAINTY_ASSIGNED_CONTEXT((#39)) GLOBAL_UNIT_ASSIGNED_CONTEXT(
(#36,#37,#38)) REPRESENTATION_CONTEXT('Context #1',
  '3D Context with UNIT and UNCERTAINTY') );
#36 = ( LENGTH_UNIT() NAMED_UNIT(*) SI_UNIT(.MILLI.,.METRE.) );
#37 = ( NAMED_UNIT(*) PLANE_ANGLE_UNIT() SI_UNIT($,.RADIAN.) );
#38 = ( NAMED_UNIT(*) SI_UNIT($,.STERADIAN.) SOLID_ANGLE_UNIT() );
#39 = UNCERTAINTY_MEASURE_WITH_UNIT(LENGTH_MEASURE(1.E-07),#36,
  'distance_accuracy_value','confusion accuracy');
#40 = PRODUCT_RELATED_PRODUCT_CATEGORY('part',$,(#7));
#41 = SHAPE_DEFINITION_REPRESENTATION(#42,#48);
#42 = PRODUCT_DEFINITION_SHAPE('','',#43);
#43 = PRODUCT_DEFINITION('design','',#44,#47);
#44 = PRODUCT_DEFINITION_FORMATION('','',#45);
#45 = PRODUCT('Open CASCADE STEP translator 7.8 2.1',
  'Open CASCADE STEP translator 7.8 2.1','',(#46));
#46 = PRODUCT_CONTEXT('',#2,'mechanical');
#47 = PRODUCT_DEFINITION_CONTEXT('part definition',#2,'design');
#48 = ADVANCED_BREP_SHAPE_REPRESENTATION('',(#11,#49),#715);
#49 = MANIFOLD_SOLID_BREP('',#50);
#50 = CLOSED_SHELL('',(#51,#139,#174,#348,#403,#479,#528,#577,#626,#675,
    #702,#706));
#51 = ADVANCED_FACE('',(#52),#65,.T.);
#52 = FACE_BOUND('',#53,.T.);
#53 = EDGE_LOOP('',(#54,#88,#111,#138));
#54 = ORIENTED_EDGE('',*,*,#55,.F.);
#55 = EDGE_CURVE('',#56,#56,#58,.T.);
#56 = VERTEX_POINT('',#57);
#57 = CARTESIAN_POINT('',(6.5,-1.592040838892E-15,7.));
#58 = SURFACE_CURVE('',#59,(#64,#76),.PCURVE_S1.);
#59 = CIRCLE('',#60,6.5);
#60 = AXIS2_PLACEMENT_3D('',#61,#62,#63);
#61 = CARTESIAN_POINT('',(0.,0.,7.));
#62 = DIRECTION('',(0.,0.,1.));
#63 = DIRECTION('',(1.,0.,-0.));
#64 = PCURVE('',#65,#70);
#65 = CYLINDRICAL_SURFACE('',#66,6.5);
#66 = AXIS2_PLACEMENT_3D('',#67,#68,#69);
#67 = CARTESIAN_POINT('',(0.,0.,-1.));
#68 = DIRECTION('',(0.,0.,1.));
#69 = DIRECTION('',(1.,0.,-0.));
#70 = DEFINITIONAL_REPRESENTATION('',(#71),#75);
#71 = LINE('',#72,#73);
#72 = CARTESIAN_POINT('',(0.,8.));
#73 = VECTOR('',#74,1.);
#74 = DIRECTION('',(1.,0.));
#75 = ( GEOMETRIC_REPRESENTATION_CONTEXT(2) 
PARAMETRIC_REPRESENTATION_CONTEXT() REPRESENTATION_CONTEXT('2D SPACE',''
  ) );
#76 = PCURVE('',#77,#82);
#77 = PLANE('',#78);
#78 = AXIS2_PLACEMENT_3D('',#79,#80,#81);
#79 = CARTESIAN_POINT('',(0.,0.,7.));
#80 = DIRECTION('',(0.,0.,1.));
#81 = DIRECTION('',(1.,0.,-0.));
#82 = DEFINITIONAL_REPRESENTATION('',(#83),#87);
#83 = CIRCLE('',#84,6.5);
#84 = AXIS2_PLACEMENT_2D('',#85,#86);
#85 = CARTESIAN_POINT('',(0.,0.));
#86 = DIRECTION('',(1.,0.));
#87 = ( GEOMETRIC_REPRESENTATION_CONTEXT(2) 
PARAMETRIC_REPRESENTATION_CONTEXT() REPRESENTATION_CONTEXT('2D SPACE',''
  ) );
#88 = ORIENTED_EDGE('',*,*,#89,.F.);
#89 = EDGE_CURVE('',#90,#56,#92,.T.);
#90 = VERTEX_POINT('',#91);
#91 = CARTESIAN_POINT('',(6.5,-1.592040838892E-15,-1.));
#92 = SEAM_CURVE('',#93,(#97,#104),.PCURVE_S1.);
#93 = LINE('',#94,#95);
#94 = CARTESIAN_POINT('',(6.5,-1.592040838892E-15,-1.));
#95 = VECTOR('',#96,1.);
#96 = DIRECTION('',(0.,0.,1.));
#97 = PCURVE('',#65,#98);
#98 = DEFINITIONAL_REPRESENTATION('',(#99),#103);
#99 = LINE('',#100,#101);
#100 = CARTESIAN_POINT('',(6.28318530718,-0.));
#101 = VECTOR('',#102,1.);
#102 = DIRECTION('',(0.,1.));
#103 = ( GEOMETRIC_REPRESENTATION_CONTEXT(2) 
PARAMETRIC_REPRESENTATION_CONTEXT() REPRESENTATION_CONTEXT('2D SPACE',''
  ) );
#104 = PCURVE('',#65,#105);
#105 = DEFINITIONAL_REPRESENTATION('',(#106),#110);
#106 = LINE('',#107,#108);
#107 = CARTESIAN_POINT('',(0.,-0.));
#108 = VECTOR('',#109,1.);
#109 = DIRECTION('',(0.,1.));
#110 = ( GEOMETRIC_REPRESENTATION_CONTEXT(2) 
PARAMETRIC_REPRESENTATION_CONTEXT() REPRESENTATION_CONTEXT('2D SPACE',''
  ) );
#111 = ORIENTED_EDGE('',*,*,#112,.T.);
#112 = EDGE_CURVE('',#90,#90,#113,.T.);
#113 = SURFACE_CURVE('',#114,(#119,#126),.PCURVE_S1.);
#114 = CIRCLE('',#115,6.5);
#115 = AXIS2_PLACEMENT_3D('',#116,#117,#118);
#116 = CARTESIAN_POINT('',(0.,0.,-1.));
#117 = DIRECTION('',(0.,0.,1.));
#118 = DIRECTION('',(1.,0.,-0.));
#119 = PCURVE('',#65,#120);
#120 = DEFINITIONAL_REPRESENTATION('',(#121),#125);
#121 = LINE('',#122,#123);
#122 = CARTESIAN_POINT('',(0.,0.));
#123 = VECTOR('',#124,1.);
#124 = DIRECTION('',(1.,0.));
#125 = ( GEOMETRIC_REPRESENTATION_CONTEXT(2) 
PARAMETRIC_REPRESENTATION_CONTEXT() REPRESENTATION_CONTEXT('2D SPACE',''
  ) );
#126 = PCURVE('',#127,#132);
#127 = PLANE('',#128);
#128 = AXIS2_PLACEMENT_3D('',#129,#130,#131);
#129 = CARTESIAN_POINT('',(0.,0.,-1.));
#130 = DIRECTION('',(0.,0.,1.));
#131 = DIRECTION('',(1.,0.,-0.));
#132 = DEFINITIONAL_REPRESENTATION('',(#133),#137);
#133 = CIRCLE('',#134,6.5);
#134 = AXIS2_PLACEMENT_2D('',#135,#136);
#135 = CARTESIAN_POINT('',(0.,0.));
#136 = DIRECTION('',(1.,0.));
#137 = ( GEOMETRIC_REPRESENTATION_CONTEXT(2) 
PARAMETRIC_REPRESENTATION_CONTEXT() REPRESENTATION_CONTEXT('2D SPACE',''
  ) );
#138 = ORIENTED_EDGE('',*,*,#89,.T.);
#139 = ADVANCED_FACE('',(#140,#143),#77,.T.);
#140 = FACE_BOUND('',#141,.T.);
#141 = EDGE_LOOP('',(#142));
#142 = ORIENTED_EDGE('',*,*,#55,.T.);
#143 = FACE_BOUND('',#144,.T.);
#144 = EDGE_LOOP('',(#145));
#145 = ORIENTED_EDGE('',*,*,#146,.F.);
#146 = EDGE_CURVE('',#147,#147,#149,.T.);
#147 = VERTEX_POINT('',#148);
#148 = CARTESIAN_POINT('',(4.,-9.797174393179E-16,7.));
#149 = SURFACE_CURVE('',#150,(#155,#162),.PCURVE_S1.);
#150 = CIRCLE('',#151,4.);
#151 = AXIS2_PLACEMENT_3D('',#152,#153,#154);
#152 = CARTESIAN_POINT('',(0.,0.,7.));
#153 = DIRECTION('',(0.,0.,1.));
#154 = DIRECTION('',(1.,0.,-0.));
#155 = PCURVE('',#77,#156);
#156 = DEFINITIONAL_REPRESENTATION('',(#157),#161);
#157 = CIRCLE('',#158,4.);
#158 = AXIS2_PLACEMENT_2D('',#159,#160);
#159 = CARTESIAN_POINT('',(0.,0.));
#160 = DIRECTION('',(1.,0.));
#161 = ( GEOMETRIC_REPRESENTATION_CONTEXT(2) 
PARAMETRIC_REPRESENTATION_CONTEXT() REPRESENTATION_CONTEXT('2D SPACE',''
  ) );
#162 = PCURVE('',#163,#168);
#163 = CYLINDRICAL_SURFACE('',#164,4.);
#164 = AXIS2_PLACEMENT_3D('',#165,#166,#167);
#165 = CARTESIAN_POINT('',(0.,0.,7.));
#166 = DIRECTION('',(0.,0.,1.));
#167 = DIRECTION('',(1.,0.,-0.));
#168 = DEFINITIONAL_REPRESENTATION('',(#169),#173);
#169 = LINE('',#170,#171);
#170 = CARTESIAN_POINT('',(0.,0.));
#171 = VECTOR('',#172,1.);
#172 = DIRECTION('',(1.,0.));
#173 = ( GEOMETRIC_REPRESENTATION_CONTEXT(2) 
PARAMETRIC_REPRESENTATION_CONTEXT() REPRESENTATION_CONTEXT('2D SPACE',''
  ) );
#174 = ADVANCED_FACE('',(#175,#178),#127,.F.);
#175 = FACE_BOUND('',#176,.F.);
#176 = EDGE_LOOP('',(#177));
#177 = ORIENTED_EDGE('',*,*,#112,.T.);
#178 = FACE_BOUND('',#179,.F.);
#179 = EDGE_LOOP('',(#180,#210,#238,#266,#294,#322));
#180 = ORIENTED_EDGE('',*,*,#181,.F.);
#181 = EDGE_CURVE('',#182,#184,#186,.T.);
#182 = VERTEX_POINT('',#183);
#183 = CARTESIAN_POINT('',(3.25,0.,-1.));
#184 = VERTEX_POINT('',#185);
#185 = CARTESIAN_POINT('',(1.625,2.814582562299,-1.));
#186 = SURFACE_CURVE('',#187,(#191,#198),.PCURVE_S1.);
#187 = LINE('',#188,#189);
#188 = CARTESIAN_POINT('',(3.25,0.,-1.));
#189 = VECTOR('',#190,1.);
#190 = DIRECTION('',(-0.5,0.866025403784,0.));
#191 = PCURVE('',#127,#192);
#192 = DEFINITIONAL_REPRESENTATION('',(#193),#197);
#193 = LINE('',#194,#195);
#194 = CARTESIAN_POINT('',(3.25,0.));
#195 = VECTOR('',#196,1.);
#196 = DIRECTION('',(-0.5,0.866025403784));
#197 = ( GEOMETRIC_REPRESENTATION_CONTEXT(2) 
PARAMETRIC_REPRESENTATION_CONTEXT() REPRESENTATION_CONTEXT('2D SPACE',''
  ) );
#198 = PCURVE('',#199,#204);
#199 = PLANE('',#200);
#200 = AXIS2_PLACEMENT_3D('',#201,#202,#203);
#201 = CARTESIAN_POINT('',(3.25,0.,-1.));
#202 = DIRECTION('',(-0.866025403784,-0.5,0.));
#203 = DIRECTION('',(-0.5,0.866025403784,0.));
#204 = DEFINITIONAL_REPRESENTATION('',(#205),#209);
#205 = LINE('',#206,#207);
#206 = CARTESIAN_POINT('',(0.,0.));
#207 = VECTOR('',#208,1.);
#208 = DIRECTION('',(1.,0.));
#209 = ( GEOMETRIC_REPRESENTATION_CONTEXT(2) 
PARAMETRIC_REPRESENTATION_CONTEXT() REPRESENTATION_CONTEXT('2D SPACE',''
  ) );
#210 = ORIENTED_EDGE('',*,*,#211,.F.);
#211 = EDGE_CURVE('',#212,#182,#214,.T.);
#212 = VERTEX_POINT('',#213);
#213 = CARTESIAN_POINT('',(1.625,-2.814582562299,-1.));
#214 = SURFACE_CURVE('',#215,(#219,#226),.PCURVE_S1.);
#215 = LINE('',#216,#217);
#216 = CARTESIAN_POINT('',(1.625,-2.814582562299,-1.));
#217 = VECTOR('',#218,1.);
#218 = DIRECTION('',(0.5,0.866025403784,0.));
#219 = PCURVE('',#127,#220);
#220 = DEFINITIONAL_REPRESENTATION('',(#221),#225);
#221 = LINE('',#222,#223);
#222 = CARTESIAN_POINT('',(1.625,-2.814582562299));
#223 = VECTOR('',#224,1.);
#224 = DIRECTION('',(0.5,0.866025403784));
#225 = ( GEOMETRIC_REPRESENTATION_CONTEXT(2) 
PARAMETRIC_REPRESENTATION_CONTEXT() REPRESENTATION_CONTEXT('2D SPACE',''
  ) );
#226 = PCURVE('',#227,#232);
#227 = PLANE('',#228);
#228 = AXIS2_PLACEMENT_3D('',#229,#230,#231);
#229 = CARTESIAN_POINT('',(1.625,-2.814582562299,-1.));
#230 = DIRECTION('',(-0.866025403784,0.5,0.));
#231 = DIRECTION('',(0.5,0.866025403784,0.));
#232 = DEFINITIONAL_REPRESENTATION('',(#233),#237);
#233 = LINE('',#234,#235);
#234 = CARTESIAN_POINT('',(0.,0.));
#235 = VECTOR('',#236,1.);
#236 = DIRECTION('',(1.,0.));
#237 = ( GEOMETRIC_REPRESENTATION_CONTEXT(2) 
PARAMETRIC_REPRESENTATION_CONTEXT() REPRESENTATION_CONTEXT('2D SPACE',''
  ) );
#238 = ORIENTED_EDGE('',*,*,#239,.F.);
#239 = EDGE_CURVE('',#240,#212,#242,.T.);
#240 = VERTEX_POINT('',#241);
#241 = CARTESIAN_POINT('',(-1.625,-2.814582562299,-1.));
#242 = SURFACE_CURVE('',#243,(#247,#254),.PCURVE_S1.);
#243 = LINE('',#244,#245);
#244 = CARTESIAN_POINT('',(-1.625,-2.814582562299,-1.));
#245 = VECTOR('',#246,1.);
#246 = DIRECTION('',(1.,-6.832141690001E-16,0.));
#247 = PCURVE('',#127,#248);
#248 = DEFINITIONAL_REPRESENTATION('',(#249),#253);
#249 = LINE('',#250,#251);
#250 = CARTESIAN_POINT('',(-1.625,-2.814582562299));
#251 = VECTOR('',#252,1.);
#252 = DIRECTION('',(1.,-6.832141690001E-16));
#253 = ( GEOMETRIC_REPRESENTATION_CONTEXT(2) 
PARAMETRIC_REPRESENTATION_CONTEXT() REPRESENTATION_CONTEXT('2D SPACE',''
  ) );
#254 = PCURVE('',#255,#260);
#255 = PLANE('',#256);
#256 = AXIS2_PLACEMENT_3D('',#257,#258,#259);
#257 = CARTESIAN_POINT('',(-1.625,-2.814582562299,-1.));
#258 = DIRECTION('',(6.832141690001E-16,1.,-0.));
#259 = DIRECTION('',(1.,-6.832141690001E-16,0.));
#260 = DEFINITIONAL_REPRESENTATION('',(#261),#265);
#261 = LINE('',#262,#263);
#262 = CARTESIAN_POINT('',(0.,0.));
#263 = VECTOR('',#264,1.);
#264 = DIRECTION('',(1.,0.));
#265 = ( GEOMETRIC_REPRESENTATION_CONTEXT(2) 
PARAMETRIC_REPRESENTATION_CONTEXT() REPRESENTATION_CONTEXT('2D SPACE',''
  ) );
#266 = ORIENTED_EDGE('',*,*,#267,.F.);
#267 = EDGE_CURVE('',#268,#240,#270,.T.);
#268 = VERTEX_POINT('',#269);
#269 = CARTESIAN_POINT('',(-3.25,3.980102097229E-16,-1.));
#270 = SURFACE_CURVE('',#271,(#275,#282),.PCURVE_S1.);
#271 = LINE('',#272,#273);
#272 = CARTESIAN_POINT('',(-3.25,3.980102097229E-16,-1.));
#273 = VECTOR('',#274,1.);
#274 = DIRECTION('',(0.5,-0.866025403784,0.));
#275 = PCURVE('',#127,#276);
#276 = DEFINITIONAL_REPRESENTATION('',(#277),#281);
#277 = LINE('',#278,#279);
#278 = CARTESIAN_POINT('',(-3.25,3.980102097229E-16));
#279 = VECTOR('',#280,1.);
#280 = DIRECTION('',(0.5,-0.866025403784));
#281 = ( GEOMETRIC_REPRESENTATION_CONTEXT(2) 
PARAMETRIC_REPRESENTATION_CONTEXT() REPRESENTATION_CONTEXT('2D SPACE',''
  ) );
#282 = PCURVE('',#283,#288);
#283 = PLANE('',#284);
#284 = AXIS2_PLACEMENT_3D('',#285,#286,#287);
#285 = CARTESIAN_POINT('',(-3.25,3.980102097229E-16,-1.));
#286 = DIRECTION('',(0.866025403784,0.5,-0.));
#287 = DIRECTION('',(0.5,-0.866025403784,0.));
#288 = DEFINITIONAL_REPRESENTATION('',(#289),#293);
#289 = LINE('',#290,#291);
#290 = CARTESIAN_POINT('',(0.,0.));
#291 = VECTOR('',#292,1.);
#292 = DIRECTION('',(1.,0.));
#293 = ( GEOMETRIC_REPRESENTATION_CONTEXT(2) 
PARAMETRIC_REPRESENTATION_CONTEXT() REPRESENTATION_CONTEXT('2D SPACE',''
  ) );
#294 = ORIENTED_EDGE('',*,*,#295,.F.);
#295 = EDGE_CURVE('',#296,#268,#298,.T.);
#296 = VERTEX_POINT('',#297);
#297 = CARTESIAN_POINT('',(-1.625,2.814582562299,-1.));
#298 = SURFACE_CURVE('',#299,(#303,#310),.PCURVE_S1.);
#299 = LINE('',#300,#301);
#300 = CARTESIAN_POINT('',(-1.625,2.814582562299,-1.));
#301 = VECTOR('',#302,1.);
#302 = DIRECTION('',(-0.5,-0.866025403784,0.));
#303 = PCURVE('',#127,#304);
#304 = DEFINITIONAL_REPRESENTATION('',(#305),#309);
#305 = LINE('',#306,#307);
#306 = CARTESIAN_POINT('',(-1.625,2.814582562299));
#307 = VECTOR('',#308,1.);
#308 = DIRECTION('',(-0.5,-0.866025403784));
#309 = ( GEOMETRIC_REPRESENTATION_CONTEXT(2) 
PARAMETRIC_REPRESENTATION_CONTEXT() REPRESENTATION_CONTEXT('2D SPACE',''
  ) );
#310 = PCURVE('',#311,#316);
#311 = PLANE('',#312);
#312 = AXIS2_PLACEMENT_3D('',#313,#314,#315);
#313 = CARTESIAN_POINT('',(-1.625,2.814582562299,-1.));
#314 = DIRECTION('',(0.866025403784,-0.5,0.));
#315 = DIRECTION('',(-0.5,-0.866025403784,0.));
#316 = DEFINITIONAL_REPRESENTATION('',(#317),#321);
#317 = LINE('',#318,#319);
#318 = CARTESIAN_POINT('',(0.,0.));
#319 = VECTOR('',#320,1.);
#320 = DIRECTION('',(1.,0.));
#321 = ( GEOMETRIC_REPRESENTATION_CONTEXT(2) 
PARAMETRIC_REPRESENTATION_CONTEXT() REPRESENTATION_CONTEXT('2D SPACE',''
  ) );
#322 = ORIENTED_EDGE('',*,*,#323,.F.);
#323 = EDGE_CURVE('',#184,#296,#324,.T.);
#324 = SURFACE_CURVE('',#325,(#329,#336),.PCURVE_S1.);
#325 = LINE('',#326,#327);
#326 = CARTESIAN_POINT('',(1.625,2.814582562299,-1.));
#327 = VECTOR('',#328,1.);
#328 = DIRECTION('',(-1.,1.366428338E-16,0.));
#329 = PCURVE('',#127,#330);
#330 = DEFINITIONAL_REPRESENTATION('',(#331),#335);
#331 = LINE('',#332,#333);
#332 = CARTESIAN_POINT('',(1.625,2.814582562299));
#333 = VECTOR('',#334,1.);
#334 = DIRECTION('',(-1.,1.366428338E-16));
#335 = ( GEOMETRIC_REPRESENTATION_CONTEXT(2) 
PARAMETRIC_REPRESENTATION_CONTEXT() REPRESENTATION_CONTEXT('2D SPACE',''
  ) );
#336 = PCURVE('',#337,#342);
#337 = PLANE('',#338);
#338 = AXIS2_PLACEMENT_3D('',#339,#340,#341);
#339 = CARTESIAN_POINT('',(1.625,2.814582562299,-1.));
#340 = DIRECTION('',(-1.366428338E-16,-1.,0.));
#341 = DIRECTION('',(-1.,1.366428338E-16,0.));
#342 = DEFINITIONAL_REPRESENTATION('',(#343),#347);
#343 = LINE('',#344,#345);
#344 = CARTESIAN_POINT('',(0.,0.));
#345 = VECTOR('',#346,1.);
#346 = DIRECTION('',(1.,0.));
#347 = ( GEOMETRIC_REPRESENTATION_CONTEXT(2) 
PARAMETRIC_REPRESENTATION_CONTEXT() REPRESENTATION_CONTEXT('2D SPACE',''
  ) );
#348 = ADVANCED_FACE('',(#349),#163,.T.);
#349 = FACE_BOUND('',#350,.T.);
#350 = EDGE_LOOP('',(#351,#380,#401,#402));
#351 = ORIENTED_EDGE('',*,*,#352,.F.);
#352 = EDGE_CURVE('',#353,#353,#355,.T.);
#353 = VERTEX_POINT('',#354);
#354 = CARTESIAN_POINT('',(4.,-9.797174393179E-16,27.));
#355 = SURFACE_CURVE('',#356,(#361,#368),.PCURVE_S1.);
#356 = CIRCLE('',#357,4.);
#357 = AXIS2_PLACEMENT_3D('',#358,#359,#360);
#358 = CARTESIAN_POINT('',(0.,0.,27.));
#359 = DIRECTION('',(0.,0.,1.));
#360 = DIRECTION('',(1.,0.,-0.));
#361 = PCURVE('',#163,#362);
#362 = DEFINITIONAL_REPRESENTATION('',(#363),#367);
#363 = LINE('',#364,#365);
#364 = CARTESIAN_POINT('',(0.,20.));
#365 = VECTOR('',#366,1.);
#366 = DIRECTION('',(1.,0.));
#367 = ( GEOMETRIC_REPRESENTATION_CONTEXT(2) 
PARAMETRIC_REPRESENTATION_CONTEXT() REPRESENTATION_CONTEXT('2D SPACE',''
  ) );
#368 = PCURVE('',#369,#374);
#369 = PLANE('',#370);
#370 = AXIS2_PLACEMENT_3D('',#371,#372,#373);
#371 = CARTESIAN_POINT('',(0.,0.,27.));
#372 = DIRECTION('',(0.,0.,1.));
#373 = DIRECTION('',(1.,0.,-0.));
#374 = DEFINITIONAL_REPRESENTATION('',(#375),#379);
#375 = CIRCLE('',#376,4.);
#376 = AXIS2_PLACEMENT_2D('',#377,#378);
#377 = CARTESIAN_POINT('',(0.,0.));
#378 = DIRECTION('',(1.,0.));
#379 = ( GEOMETRIC_REPRESENTATION_CONTEXT(2) 
PARAMETRIC_REPRESENTATION_CONTEXT() REPRESENTATION_CONTEXT('2D SPACE',''
  ) );
#380 = ORIENTED_EDGE('',*,*,#381,.F.);
#381 = EDGE_CURVE('',#147,#353,#382,.T.);
#382 = SEAM_CURVE('',#383,(#387,#394),.PCURVE_S1.);
#383 = LINE('',#384,#385);
#384 = CARTESIAN_POINT('',(4.,-9.797174393179E-16,7.));
#385 = VECTOR('',#386,1.);
#386 = DIRECTION('',(0.,0.,1.));
#387 = PCURVE('',#163,#388);
#388 = DEFINITIONAL_REPRESENTATION('',(#389),#393);
#389 = LINE('',#390,#391);
#390 = CARTESIAN_POINT('',(6.28318530718,-0.));
#391 = VECTOR('',#392,1.);
#392 = DIRECTION('',(0.,1.));
#393 = ( GEOMETRIC_REPRESENTATION_CONTEXT(2) 
PARAMETRIC_REPRESENTATION_CONTEXT() REPRESENTATION_CONTEXT('2D SPACE',''
  ) );
#394 = PCURVE('',#163,#395);
#395 = DEFINITIONAL_REPRESENTATION('',(#396),#400);
#396 = LINE('',#397,#398);
#397 = CARTESIAN_POINT('',(0.,-0.));
#398 = VECTOR('',#399,1.);
#399 = DIRECTION('',(0.,1.));
#400 = ( GEOMETRIC_REPRESENTATION_CONTEXT(2) 
PARAMETRIC_REPRESENTATION_CONTEXT() REPRESENTATION_CONTEXT('2D SPACE',''
  ) );
#401 = ORIENTED_EDGE('',*,*,#146,.T.);
#402 = ORIENTED_EDGE('',*,*,#381,.T.);
#403 = ADVANCED_FACE('',(#404),#199,.T.);
#404 = FACE_BOUND('',#405,.T.);
#405 = EDGE_LOOP('',(#406,#429,#457,#478));
#406 = ORIENTED_EDGE('',*,*,#407,.T.);
#407 = EDGE_CURVE('',#182,#408,#410,.T.);
#408 = VERTEX_POINT('',#409);
#409 = CARTESIAN_POINT('',(3.25,0.,4.2));
#410 = SURFACE_CURVE('',#411,(#415,#422),.PCURVE_S1.);
#411 = LINE('',#412,#413);
#412 = CARTESIAN_POINT('',(3.25,0.,-1.));
#413 = VECTOR('',#414,1.);
#414 = DIRECTION('',(0.,0.,1.));
#415 = PCURVE('',#199,#416);
#416 = DEFINITIONAL_REPRESENTATION('',(#417),#421);
#417 = LINE('',#418,#419);
#418 = CARTESIAN_POINT('',(0.,0.));
#419 = VECTOR('',#420,1.);
#420 = DIRECTION('',(0.,-1.));
#421 = ( GEOMETRIC_REPRESENTATION_CONTEXT(2) 
PARAMETRIC_REPRESENTATION_CONTEXT() REPRESENTATION_CONTEXT('2D SPACE',''
  ) );
#422 = PCURVE('',#227,#423);
#423 = DEFINITIONAL_REPRESENTATION('',(#424),#428);
#424 = LINE('',#425,#426);
#425 = CARTESIAN_POINT('',(3.25,0.));
#426 = VECTOR('',#427,1.);
#427 = DIRECTION('',(0.,-1.));
#428 = ( GEOMETRIC_REPRESENTATION_CONTEXT(2) 
PARAMETRIC_REPRESENTATION_CONTEXT() REPRESENTATION_CONTEXT('2D SPACE',''
  ) );
#429 = ORIENTED_EDGE('',*,*,#430,.T.);
#430 = EDGE_CURVE('',#408,#431,#433,.T.);
#431 = VERTEX_POINT('',#432);
#432 = CARTESIAN_POINT('',(1.625,2.814582562299,4.2));
#433 = SURFACE_CURVE('',#434,(#438,#445),.PCURVE_S1.);
#434 = LINE('',#435,#436);
#435 = CARTESIAN_POINT('',(3.25,0.,4.2));
#436 = VECTOR('',#437,1.);
#437 = DIRECTION('',(-0.5,0.866025403784,0.));
#438 = PCURVE('',#199,#439);
#439 = DEFINITIONAL_REPRESENTATION('',(#440),#444);
#440 = LINE('',#441,#442);
#441 = CARTESIAN_POINT('',(0.,-5.2));
#442 = VECTOR('',#443,1.);
#443 = DIRECTION('',(1.,0.));
#444 = ( GEOMETRIC_REPRESENTATION_CONTEXT(2) 
PARAMETRIC_REPRESENTATION_CONTEXT() REPRESENTATION_CONTEXT('2D SPACE',''
  ) );
#445 = PCURVE('',#446,#451);
#446 = PLANE('',#447);
#447 = AXIS2_PLACEMENT_3D('',#448,#449,#450);
#448 = CARTESIAN_POINT('',(-1.366428338E-16,4.554761126667E-17,4.2));
#449 = DIRECTION('',(0.,0.,1.));
#450 = DIRECTION('',(1.,0.,-0.));
#451 = DEFINITIONAL_REPRESENTATION('',(#452),#456);
#452 = LINE('',#453,#454);
#453 = CARTESIAN_POINT('',(3.25,-4.554761126667E-17));
#454 = VECTOR('',#455,1.);
#455 = DIRECTION('',(-0.5,0.866025403784));
#456 = ( GEOMETRIC_REPRESENTATION_CONTEXT(2) 
PARAMETRIC_REPRESENTATION_CONTEXT() REPRESENTATION_CONTEXT('2D SPACE',''
  ) );
#457 = ORIENTED_EDGE('',*,*,#458,.F.);
#458 = EDGE_CURVE('',#184,#431,#459,.T.);
#459 = SURFACE_CURVE('',#460,(#464,#471),.PCURVE_S1.);
#460 = LINE('',#461,#462);
#461 = CARTESIAN_POINT('',(1.625,2.814582562299,-1.));
#462 = VECTOR('',#463,1.);
#463 = DIRECTION('',(0.,0.,1.));
#464 = PCURVE('',#199,#465);
#465 = DEFINITIONAL_REPRESENTATION('',(#466),#470);
#466 = LINE('',#467,#468);
#467 = CARTESIAN_POINT('',(3.25,0.));
#468 = VECTOR('',#469,1.);
#469 = DIRECTION('',(0.,-1.));
#470 = ( GEOMETRIC_REPRESENTATION_CONTEXT(2) 
PARAMETRIC_REPRESENTATION_CONTEXT() REPRESENTATION_CONTEXT('2D SPACE',''
  ) );
#471 = PCURVE('',#337,#472);
#472 = DEFINITIONAL_REPRESENTATION('',(#473),#477);
#473 = LINE('',#474,#475);
#474 = CARTESIAN_POINT('',(0.,0.));
#475 = VECTOR('',#476,1.);
#476 = DIRECTION('',(0.,-1.));
#477 = ( GEOMETRIC_REPRESENTATION_CONTEXT(2) 
PARAMETRIC_REPRESENTATION_CONTEXT() REPRESENTATION_CONTEXT('2D SPACE',''
  ) );
#478 = ORIENTED_EDGE('',*,*,#181,.F.);
#479 = ADVANCED_FACE('',(#480),#337,.T.);
#480 = FACE_BOUND('',#481,.T.);
#481 = EDGE_LOOP('',(#482,#483,#506,#527));
#482 = ORIENTED_EDGE('',*,*,#458,.T.);
#483 = ORIENTED_EDGE('',*,*,#484,.T.);
#484 = EDGE_CURVE('',#431,#485,#487,.T.);
#485 = VERTEX_POINT('',#486);
#486 = CARTESIAN_POINT('',(-1.625,2.814582562299,4.2));
#487 = SURFACE_CURVE('',#488,(#492,#499),.PCURVE_S1.);
#488 = LINE('',#489,#490);
#489 = CARTESIAN_POINT('',(1.625,2.814582562299,4.2));
#490 = VECTOR('',#491,1.);
#491 = DIRECTION('',(-1.,1.366428338E-16,0.));
#492 = PCURVE('',#337,#493);
#493 = DEFINITIONAL_REPRESENTATION('',(#494),#498);
#494 = LINE('',#495,#496);
#495 = CARTESIAN_POINT('',(0.,-5.2));
#496 = VECTOR('',#497,1.);
#497 = DIRECTION('',(1.,0.));
#498 = ( GEOMETRIC_REPRESENTATION_CONTEXT(2) 
PARAMETRIC_REPRESENTATION_CONTEXT() REPRESENTATION_CONTEXT('2D SPACE',''
  ) );
#499 = PCURVE('',#446,#500);
#500 = DEFINITIONAL_REPRESENTATION('',(#501),#505);
#501 = LINE('',#502,#503);
#502 = CARTESIAN_POINT('',(1.625,2.814582562299));
#503 = VECTOR('',#504,1.);
#504 = DIRECTION('',(-1.,1.366428338E-16));
#505 = ( GEOMETRIC_REPRESENTATION_CONTEXT(2) 
PARAMETRIC_REPRESENTATION_CONTEXT() REPRESENTATION_CONTEXT('2D SPACE',''
  ) );
#506 = ORIENTED_EDGE('',*,*,#507,.F.);
#507 = EDGE_CURVE('',#296,#485,#508,.T.);
#508 = SURFACE_CURVE('',#509,(#513,#520),.PCURVE_S1.);
#509 = LINE('',#510,#511);
#510 = CARTESIAN_POINT('',(-1.625,2.814582562299,-1.));
#511 = VECTOR('',#512,1.);
#512 = DIRECTION('',(0.,0.,1.));
#513 = PCURVE('',#337,#514);
#514 = DEFINITIONAL_REPRESENTATION('',(#515),#519);
#515 = LINE('',#516,#517);
#516 = CARTESIAN_POINT('',(3.25,0.));
#517 = VECTOR('',#518,1.);
#518 = DIRECTION('',(0.,-1.));
#519 = ( GEOMETRIC_REPRESENTATION_CONTEXT(2) 
PARAMETRIC_REPRESENTATION_CONTEXT() REPRESENTATION_CONTEXT('2D SPACE',''
  ) );
#520 = PCURVE('',#311,#521);
#521 = DEFINITIONAL_REPRESENTATION('',(#522),#526);
#522 = LINE('',#523,#524);
#523 = CARTESIAN_POINT('',(0.,0.));
#524 = VECTOR('',#525,1.);
#525 = DIRECTION('',(0.,-1.));
#526 = ( GEOMETRIC_REPRESENTATION_CONTEXT(2) 
PARAMETRIC_REPRESENTATION_CONTEXT() REPRESENTATION_CONTEXT('2D SPACE',''
  ) );
#527 = ORIENTED_EDGE('',*,*,#323,.F.);
#528 = ADVANCED_FACE('',(#529),#311,.T.);
#529 = FACE_BOUND('',#530,.T.);
#530 = EDGE_LOOP('',(#531,#532,#555,#576));
#531 = ORIENTED_EDGE('',*,*,#507,.T.);
#532 = ORIENTED_EDGE('',*,*,#533,.T.);
#533 = EDGE_CURVE('',#485,#534,#536,.T.);
#534 = VERTEX_POINT('',#535);
#535 = CARTESIAN_POINT('',(-3.25,3.980102097229E-16,4.2));
#536 = SURFACE_CURVE('',#537,(#541,#548),.PCURVE_S1.);
#537 = LINE('',#538,#539);
#538 = CARTESIAN_POINT('',(-1.625,2.814582562299,4.2));
#539 = VECTOR('',#540,1.);
#540 = DIRECTION('',(-0.5,-0.866025403784,0.));
#541 = PCURVE('',#311,#542);
#542 = DEFINITIONAL_REPRESENTATION('',(#543),#547);
#543 = LINE('',#544,#545);
#544 = CARTESIAN_POINT('',(0.,-5.2));
#545 = VECTOR('',#546,1.);
#546 = DIRECTION('',(1.,0.));
#547 = ( GEOMETRIC_REPRESENTATION_CONTEXT(2) 
PARAMETRIC_REPRESENTATION_CONTEXT() REPRESENTATION_CONTEXT('2D SPACE',''
  ) );
#548 = PCURVE('',#446,#549);
#549 = DEFINITIONAL_REPRESENTATION('',(#550),#554);
#550 = LINE('',#551,#552);
#551 = CARTESIAN_POINT('',(-1.625,2.814582562299));
#552 = VECTOR('',#553,1.);
#553 = DIRECTION('',(-0.5,-0.866025403784));
#554 = ( GEOMETRIC_REPRESENTATION_CONTEXT(2) 
PARAMETRIC_REPRESENTATION_CONTEXT() REPRESENTATION_CONTEXT('2D SPACE',''
  ) );
#555 = ORIENTED_EDGE('',*,*,#556,.F.);
#556 = EDGE_CURVE('',#268,#534,#557,.T.);
#557 = SURFACE_CURVE('',#558,(#562,#569),.PCURVE_S1.);
#558 = LINE('',#559,#560);
#559 = CARTESIAN_POINT('',(-3.25,3.980102097229E-16,-1.));
#560 = VECTOR('',#561,1.);
#561 = DIRECTION('',(0.,0.,1.));
#562 = PCURVE('',#311,#563);
#563 = DEFINITIONAL_REPRESENTATION('',(#564),#568);
#564 = LINE('',#565,#566);
#565 = CARTESIAN_POINT('',(3.25,0.));
#566 = VECTOR('',#567,1.);
#567 = DIRECTION('',(0.,-1.));
#568 = ( GEOMETRIC_REPRESENTATION_CONTEXT(2) 
PARAMETRIC_REPRESENTATION_CONTEXT() REPRESENTATION_CONTEXT('2D SPACE',''
  ) );
#569 = PCURVE('',#283,#570);
#570 = DEFINITIONAL_REPRESENTATION('',(#571),#575);
#571 = LINE('',#572,#573);
#572 = CARTESIAN_POINT('',(0.,0.));
#573 = VECTOR('',#574,1.);
#574 = DIRECTION('',(0.,-1.));
#575 = ( GEOMETRIC_REPRESENTATION_CONTEXT(2) 
PARAMETRIC_REPRESENTATION_CONTEXT() REPRESENTATION_CONTEXT('2D SPACE',''
  ) );
#576 = ORIENTED_EDGE('',*,*,#295,.F.);
#577 = ADVANCED_FACE('',(#578),#283,.T.);
#578 = FACE_BOUND('',#579,.T.);
#579 = EDGE_LOOP('',(#580,#581,#604,#625));
#580 = ORIENTED_EDGE('',*,*,#556,.T.);
#581 = ORIENTED_EDGE('',*,*,#582,.T.);
#582 = EDGE_CURVE('',#534,#583,#585,.T.);
#583 = VERTEX_POINT('',#584);
#584 = CARTESIAN_POINT('',(-1.625,-2.814582562299,4.2));
#585 = SURFACE_CURVE('',#586,(#590,#597),.PCURVE_S1.);
#586 = LINE('',#587,#588);
#587 = CARTESIAN_POINT('',(-3.25,3.980102097229E-16,4.2));
#588 = VECTOR('',#589,1.);
#589 = DIRECTION('',(0.5,-0.866025403784,0.));
#590 = PCURVE('',#283,#591);
#591 = DEFINITIONAL_REPRESENTATION('',(#592),#596);
#592 = LINE('',#593,#594);
#593 = CARTESIAN_POINT('',(0.,-5.2));
#594 = VECTOR('',#595,1.);
#595 = DIRECTION('',(1.,0.));
#596 = ( GEOMETRIC_REPRESENTATION_CONTEXT(2) 
PARAMETRIC_REPRESENTATION_CONTEXT() REPRESENTATION_CONTEXT('2D SPACE',''
  ) );
#597 = PCURVE('',#446,#598);
#598 = DEFINITIONAL_REPRESENTATION('',(#599),#603);
#599 = LINE('',#600,#601);
#600 = CARTESIAN_POINT('',(-3.25,3.524625984562E-16));
#601 = VECTOR('',#602,1.);
#602 = DIRECTION('',(0.5,-0.866025403784));
#603 = ( GEOMETRIC_REPRESENTATION_CONTEXT(2) 
PARAMETRIC_REPRESENTATION_CONTEXT() REPRESENTATION_CONTEXT('2D SPACE',''
  ) );
#604 = ORIENTED_EDGE('',*,*,#605,.F.);
#605 = EDGE_CURVE('',#240,#583,#606,.T.);
#606 = SURFACE_CURVE('',#607,(#611,#618),.PCURVE_S1.);
#607 = LINE('',#608,#609);
#608 = CARTESIAN_POINT('',(-1.625,-2.814582562299,-1.));
#609 = VECTOR('',#610,1.);
#610 = DIRECTION('',(0.,0.,1.));
#611 = PCURVE('',#283,#612);
#612 = DEFINITIONAL_REPRESENTATION('',(#613),#617);
#613 = LINE('',#614,#615);
#614 = CARTESIAN_POINT('',(3.25,0.));
#615 = VECTOR('',#616,1.);
#616 = DIRECTION('',(0.,-1.));
#617 = ( GEOMETRIC_REPRESENTATION_CONTEXT(2) 
PARAMETRIC_REPRESENTATION_CONTEXT() REPRESENTATION_CONTEXT('2D SPACE',''
  ) );
#618 = PCURVE('',#255,#619);
#619 = DEFINITIONAL_REPRESENTATION('',(#620),#624);
#620 = LINE('',#621,#622);
#621 = CARTESIAN_POINT('',(0.,0.));
#622 = VECTOR('',#623,1.);
#623 = DIRECTION('',(0.,-1.));
#624 = ( GEOMETRIC_REPRESENTATION_CONTEXT(2) 
PARAMETRIC_REPRESENTATION_CONTEXT() REPRESENTATION_CONTEXT('2D SPACE',''
  ) );
#625 = ORIENTED_EDGE('',*,*,#267,.F.);
#626 = ADVANCED_FACE('',(#627),#255,.T.);
#627 = FACE_BOUND('',#628,.T.);
#628 = EDGE_LOOP('',(#629,#630,#653,#674));
#629 = ORIENTED_EDGE('',*,*,#605,.T.);
#630 = ORIENTED_EDGE('',*,*,#631,.T.);
#631 = EDGE_CURVE('',#583,#632,#634,.T.);
#632 = VERTEX_POINT('',#633);
#633 = CARTESIAN_POINT('',(1.625,-2.814582562299,4.2));
#634 = SURFACE_CURVE('',#635,(#639,#646),.PCURVE_S1.);
#635 = LINE('',#636,#637);
#636 = CARTESIAN_POINT('',(-1.625,-2.814582562299,4.2));
#637 = VECTOR('',#638,1.);
#638 = DIRECTION('',(1.,-6.832141690001E-16,0.));
#639 = PCURVE('',#255,#640);
#640 = DEFINITIONAL_REPRESENTATION('',(#641),#645);
#641 = LINE('',#642,#643);
#642 = CARTESIAN_POINT('',(0.,-5.2));
#643 = VECTOR('',#644,1.);
#644 = DIRECTION('',(1.,0.));
#645 = ( GEOMETRIC_REPRESENTATION_CONTEXT(2) 
PARAMETRIC_REPRESENTATION_CONTEXT() REPRESENTATION_CONTEXT('2D SPACE',''
  ) );
#646 = PCURVE('',#446,#647);
#647 = DEFINITIONAL_REPRESENTATION('',(#648),#652);
#648 = LINE('',#649,#650);
#649 = CARTESIAN_POINT('',(-1.625,-2.814582562299));
#650 = VECTOR('',#651,1.);
#651 = DIRECTION('',(1.,-6.832141690001E-16));
#652 = ( GEOMETRIC_REPRESENTATION_CONTEXT(2) 
PARAMETRIC_REPRESENTATION_CONTEXT() REPRESENTATION_CONTEXT('2D SPACE',''
  ) );
#653 = ORIENTED_EDGE('',*,*,#654,.F.);
#654 = EDGE_CURVE('',#212,#632,#655,.T.);
#655 = SURFACE_CURVE('',#656,(#660,#667),.PCURVE_S1.);
#656 = LINE('',#657,#658);
#657 = CARTESIAN_POINT('',(1.625,-2.814582562299,-1.));
#658 = VECTOR('',#659,1.);
#659 = DIRECTION('',(0.,0.,1.));
#660 = PCURVE('',#255,#661);
#661 = DEFINITIONAL_REPRESENTATION('',(#662),#666);
#662 = LINE('',#663,#664);
#663 = CARTESIAN_POINT('',(3.25,0.));
#664 = VECTOR('',#665,1.);
#665 = DIRECTION('',(0.,-1.));
#666 = ( GEOMETRIC_REPRESENTATION_CONTEXT(2) 
PARAMETRIC_REPRESENTATION_CONTEXT() REPRESENTATION_CONTEXT('2D SPACE',''
  ) );
#667 = PCURVE('',#227,#668);
#668 = DEFINITIONAL_REPRESENTATION('',(#669),#673);
#669 = LINE('',#670,#671);
#670 = CARTESIAN_POINT('',(0.,0.));
#671 = VECTOR('',#672,1.);
#672 = DIRECTION('',(0.,-1.));
#673 = ( GEOMETRIC_REPRESENTATION_CONTEXT(2) 
PARAMETRIC_REPRESENTATION_CONTEXT() REPRESENTATION_CONTEXT('2D SPACE',''
  ) );
#674 = ORIENTED_EDGE('',*,*,#239,.F.);
#675 = ADVANCED_FACE('',(#676),#227,.T.);
#676 = FACE_BOUND('',#677,.T.);
#677 = EDGE_LOOP('',(#678,#679,#700,#701));
#678 = ORIENTED_EDGE('',*,*,#654,.T.);
#679 = ORIENTED_EDGE('',*,*,#680,.T.);
#680 = EDGE_CURVE('',#632,#408,#681,.T.);
#681 = SURFACE_CURVE('',#682,(#686,#693),.PCURVE_S1.);
#682 = LINE('',#683,#684);
#683 = CARTESIAN_POINT('',(1.625,-2.814582562299,4.2));
#684 = VECTOR('',#685,1.);
#685 = DIRECTION('',(0.5,0.866025403784,0.));
#686 = PCURVE('',#227,#687);
#687 = DEFINITIONAL_REPRESENTATION('',(#688),#692);
#688 = LINE('',#689,#690);
#689 = CARTESIAN_POINT('',(0.,-5.2));
#690 = VECTOR('',#691,1.);
#691 = DIRECTION('',(1.,0.));
#692 = ( GEOMETRIC_REPRESENTATION_CONTEXT(2) 
PARAMETRIC_REPRESENTATION_CONTEXT() REPRESENTATION_CONTEXT('2D SPACE',''
  ) );
#693 = PCURVE('',#446,#694);
#694 = DEFINITIONAL_REPRESENTATION('',(#695),#699);
#695 = LINE('',#696,#697);
#696 = CARTESIAN_POINT('',(1.625,-2.814582562299));
#697 = VECTOR('',#698,1.);
#698 = DIRECTION('',(0.5,0.866025403784));
#699 = ( GEOMETRIC_REPRESENTATION_CONTEXT(2) 
PARAMETRIC_REPRESENTATION_CONTEXT() REPRESENTATION_CONTEXT('2D SPACE',''
  ) );
#700 = ORIENTED_EDGE('',*,*,#407,.F.);
#701 = ORIENTED_EDGE('',*,*,#211,.F.);
#702 = ADVANCED_FACE('',(#703),#369,.T.);
#703 = FACE_BOUND('',#704,.T.);
#704 = EDGE_LOOP('',(#705));
#705 = ORIENTED_EDGE('',*,*,#352,.T.);
#706 = ADVANCED_FACE('',(#707),#446,.F.);
#707 = FACE_BOUND('',#708,.F.);
#708 = EDGE_LOOP('',(#709,#710,#711,#712,#713,#714));
#709 = ORIENTED_EDGE('',*,*,#430,.T.);
#710 = ORIENTED_EDGE('',*,*,#484,.T.);
#711 = ORIENTED_EDGE('',*,*,#533,.T.);
#712 = ORIENTED_EDGE('',*,*,#582,.T.);
#713 = ORIENTED_EDGE('',*,*,#631,.T.);
#714 = ORIENTED_EDGE('',*,*,#680,.T.);
#715 = ( GEOMETRIC_REPRESENTATION_CONTEXT(3) 
GLOBAL_UNCERTAINTY_ASSIGNED_CONTEXT((#719)) GLOBAL_UNIT_ASSIGNED_CONTEXT
((#716,#717,#718)) REPRESENTATION_CONTEXT('Context #1',
  '3D Context with UNIT and UNCERTAINTY') );
#716 = ( LENGTH_UNIT() NAMED_UNIT(*) SI_UNIT(.MILLI.,.METRE.) );
#717 = ( NAMED_UNIT(*) PLANE_ANGLE_UNIT() SI_UNIT($,.RADIAN.) );
#718 = ( NAMED_UNIT(*) SI_UNIT($,.STERADIAN.) SOLID_ANGLE_UNIT() );
#719 = UNCERTAINTY_MEASURE_WITH_UNIT(LENGTH_MEASURE(1.E-07),#716,
  'distance_accuracy_value','confusion accuracy');
#720 = CONTEXT_DEPENDENT_SHAPE_REPRESENTATION(#721,#723);
#721 = ( REPRESENTATION_RELATIONSHIP('','',#48,#10) 
REPRESENTATION_RELATIONSHIP_WITH_TRANSFORMATION(#722) 
SHAPE_REPRESENTATION_RELATIONSHIP() );
#722 = ITEM_DEFINED_TRANSFORMATION('','',#11,#15);
#723 = PRODUCT_DEFINITION_SHAPE('Placement','Placement of an item',#724
  );
#724 = NEXT_ASSEMBLY_USAGE_OCCURRENCE('5','','',#5,#43,$);
#725 = PRODUCT_RELATED_PRODUCT_CATEGORY('part',$,(#45));
#726 = SHAPE_DEFINITION_REPRESENTATION(#727,#733);
#727 = PRODUCT_DEFINITION_SHAPE('','',#728);
#728 = PRODUCT_DEFINITION('design','',#729,#732);
#729 = PRODUCT_DEFINITION_FORMATION('','',#730);
#730 = PRODUCT('Open CASCADE STEP translator 7.8 2.2',
  'Open CASCADE STEP translator 7.8 2.2','',(#731));
#731 = PRODUCT_CONTEXT('',#2,'mechanical');
#732 = PRODUCT_DEFINITION_CONTEXT('part definition',#2,'design');
#733 = ADVANCED_BREP_SHAPE_REPRESENTATION('',(#11,#734),#832);
#734 = MANIFOLD_SOLID_BREP('',#735);
#735 = CLOSED_SHELL('',(#736,#824,#828));
#736 = ADVANCED_FACE('',(#737),#750,.T.);
#737 = FACE_BOUND('',#738,.T.);
#738 = EDGE_LOOP('',(#739,#773,#796,#823));
#739 = ORIENTED_EDGE('',*,*,#740,.F.);
#740 = EDGE_CURVE('',#741,#741,#743,.T.);
#741 = VERTEX_POINT('',#742);
#742 = CARTESIAN_POINT('',(18.,-4.898587196589E-16,16.));
#743 = SURFACE_CURVE('',#744,(#749,#761),.PCURVE_S1.);
#744 = CIRCLE('',#745,2.);
#745 = AXIS2_PLACEMENT_3D('',#746,#747,#748);
#746 = CARTESIAN_POINT('',(16.,0.,16.));
#747 = DIRECTION('',(0.,0.,1.));
#748 = DIRECTION('',(1.,0.,-0.));
#749 = PCURVE('',#750,#755);
#750 = CYLINDRICAL_SURFACE('',#751,2.);
#751 = AXIS2_PLACEMENT_3D('',#752,#753,#754);
#752 = CARTESIAN_POINT('',(16.,0.,8.));
#753 = DIRECTION('',(0.,0.,1.));
#754 = DIRECTION('',(1.,0.,-0.));
#755 = DEFINITIONAL_REPRESENTATION('',(#756),#760);
#756 = LINE('',#757,#758);
#757 = CARTESIAN_POINT('',(0.,8.));
#758 = VECTOR('',#759,1.);
#759 = DIRECTION('',(1.,0.));
#760 = ( GEOMETRIC_REPRESENTATION_CONTEXT(2) 
PARAMETRIC_REPRESENTATION_CONTEXT() REPRESENTATION_CONTEXT('2D SPACE',''
  ) );
#761 = PCURVE('',#762,#767);
#762 = PLANE('',#763);
#763 = AXIS2_PLACEMENT_3D('',#764,#765,#766);
#764 = CARTESIAN_POINT('',(16.,0.,16.));
#765 = DIRECTION('',(0.,0.,1.));
#766 = DIRECTION('',(1.,0.,-0.));
#767 = DEFINITIONAL_REPRESENTATION('',(#768),#772);
#768 = CIRCLE('',#769,2.);
#769 = AXIS2_PLACEMENT_2D('',#770,#771);
#770 = CARTESIAN_POINT('',(0.,0.));
#771 = DIRECTION('',(1.,0.));
#772 = ( GEOMETRIC_REPRESENTATION_CONTEXT(2) 
PARAMETRIC_REPRESENTATION_CONTEXT() REPRESENTATION_CONTEXT('2D SPACE',''
  ) );
#773 = ORIENTED_EDGE('',*,*,#774,.F.);
#774 = EDGE_CURVE('',#775,#741,#777,.T.);
#775 = VERTEX_POINT('',#776);
#776 = CARTESIAN_POINT('',(18.,-4.898587196589E-16,8.));
#777 = SEAM_CURVE('',#778,(#782,#789),.PCURVE_S1.);
#778 = LINE('',#779,#780);
#779 = CARTESIAN_POINT('',(18.,-4.898587196589E-16,8.));
#780 = VECTOR('',#781,1.);
#781 = DIRECTION('',(0.,0.,1.));
#782 = PCURVE('',#750,#783);
#783 = DEFINITIONAL_REPRESENTATION('',(#784),#788);
#784 = LINE('',#785,#786);
#785 = CARTESIAN_POINT('',(6.28318530718,-0.));
#786 = VECTOR('',#787,1.);
#787 = DIRECTION('',(0.,1.));
#788 = ( GEOMETRIC_REPRESENTATION_CONTEXT(2) 
PARAMETRIC_REPRESENTATION_CONTEXT() REPRESENTATION_CONTEXT('2D SPACE',''
  ) );
#789 = PCURVE('',#750,#790);
#790 = DEFINITIONAL_REPRESENTATION('',(#791),#795);
#791 = LINE('',#792,#793);
#792 = CARTESIAN_POINT('',(0.,-0.));
#793 = VECTOR('',#794,1.);
#794 = DIRECTION('',(0.,1.));
#795 = ( GEOMETRIC_REPRESENTATION_CONTEXT(2) 
PARAMETRIC_REPRESENTATION_CONTEXT() REPRESENTATION_CONTEXT('2D SPACE',''
  ) );
#796 = ORIENTED_EDGE('',*,*,#797,.T.);
#797 = EDGE_CURVE('',#775,#775,#798,.T.);
#798 = SURFACE_CURVE('',#799,(#804,#811),.PCURVE_S1.);
#799 = CIRCLE('',#800,2.);
#800 = AXIS2_PLACEMENT_3D('',#801,#802,#803);
#801 = CARTESIAN_POINT('',(16.,0.,8.));
#802 = DIRECTION('',(0.,0.,1.));
#803 = DIRECTION('',(1.,0.,-0.));
#804 = PCURVE('',#750,#805);
#805 = DEFINITIONAL_REPRESENTATION('',(#806),#810);
#806 = LINE('',#807,#808);
#807 = CARTESIAN_POINT('',(0.,0.));
#808 = VECTOR('',#809,1.);
#809 = DIRECTION('',(1.,0.));
#810 = ( GEOMETRIC_REPRESENTATION_CONTEXT(2) 
PARAMETRIC_REPRESENTATION_CONTEXT() REPRESENTATION_CONTEXT('2D SPACE',''
  ) );
#811 = PCURVE('',#812,#817);
#812 = PLANE('',#813);
#813 = AXIS2_PLACEMENT_3D('',#814,#815,#816);
#814 = CARTESIAN_POINT('',(16.,0.,8.));
#815 = DIRECTION('',(0.,0.,1.));
#816 = DIRECTION('',(1.,0.,-0.));
#817 = DEFINITIONAL_REPRESENTATION('',(#818),#822);
#818 = CIRCLE('',#819,2.);
#819 = AXIS2_PLACEMENT_2D('',#820,#821);
#820 = CARTESIAN_POINT('',(0.,0.));
#821 = DIRECTION('',(1.,0.));
#822 = ( GEOMETRIC_REPRESENTATION_CONTEXT(2) 
PARAMETRIC_REPRESENTATION_CONTEXT() REPRESENTATION_CONTEXT('2D SPACE',''
  ) );
#823 = ORIENTED_EDGE('',*,*,#774,.T.);
#824 = ADVANCED_FACE('',(#825),#762,.T.);
#825 = FACE_BOUND('',#826,.T.);
#826 = EDGE_LOOP('',(#827));
#827 = ORIENTED_EDGE('',*,*,#740,.T.);
#828 = ADVANCED_FACE('',(#829),#812,.F.);
#829 = FACE_BOUND('',#830,.T.);
#830 = EDGE_LOOP('',(#831));
#831 = ORIENTED_EDGE('',*,*,#797,.F.);
#832 = ( GEOMETRIC_REPRESENTATION_CONTEXT(3) 
GLOBAL_UNCERTAINTY_ASSIGNED_CONTEXT((#836)) GLOBAL_UNIT_ASSIGNED_CONTEXT
((#833,#834,#835)) REPRESENTATION_CONTEXT('Context #1',
  '3D Context with UNIT and UNCERTAINTY') );
#833 = ( LENGTH_UNIT() NAMED_UNIT(*) SI_UNIT(.MILLI.,.METRE.) );
#834 = ( NAMED_UNIT(*) PLANE_ANGLE_UNIT() SI_UNIT($,.RADIAN.) );
#835 = ( NAMED_UNIT(*) SI_UNIT($,.STERADIAN.) SOLID_ANGLE_UNIT() );
#836 = UNCERTAINTY_MEASURE_WITH_UNIT(LENGTH_MEASURE(1.E-07),#833,
  'distance_accuracy_value','confusion accuracy');
#837 = CONTEXT_DEPENDENT_SHAPE_REPRESENTATION(#838,#840);
#838 = ( REPRESENTATION_RELATIONSHIP('','',#733,#10) 
REPRESENTATION_RELATIONSHIP_WITH_TRANSFORMATION(#839) 
SHAPE_REPRESENTATION_RELATIONSHIP() );
#839 = ITEM_DEFINED_TRANSFORMATION('','',#11,#19);
#840 = PRODUCT_DEFINITION_SHAPE('Placement','Placement of an item',#841
  );
#841 = NEXT_ASSEMBLY_USAGE_OCCURRENCE('6','','',#5,#728,$);
#842 = PRODUCT_RELATED_PRODUCT_CATEGORY('part',$,(#730));
#843 = SHAPE_DEFINITION_REPRESENTATION(#844,#850);
#844 = PRODUCT_DEFINITION_SHAPE('','',#845);
#845 = PRODUCT_DEFINITION('design','',#846,#849);
#846 = PRODUCT_DEFINITION_FORMATION('','',#847);
#847 = PRODUCT('Open CASCADE STEP translator 7.8 2.3',
  'Open CASCADE STEP translator 7.8 2.3','',(#848));
#848 = PRODUCT_CONTEXT('',#2,'mechanical');
#849 = PRODUCT_DEFINITION_CONTEXT('part definition',#2,'design');
#850 = ADVANCED_BREP_SHAPE_REPRESENTATION('',(#11,#851),#1355);
#851 = MANIFOLD_SOLID_BREP('',#852);
#852 = CLOSED_SHELL('',(#853,#973,#1049,#1160,#1209,#1262,#1269,#1296,
    #1351));
#853 = ADVANCED_FACE('',(#854),#868,.F.);
#854 = FACE_BOUND('',#855,.F.);
#855 = EDGE_LOOP('',(#856,#891,#919,#947));
#856 = ORIENTED_EDGE('',*,*,#857,.F.);
#857 = EDGE_CURVE('',#858,#860,#862,.T.);
#858 = VERTEX_POINT('',#859);
#859 = CARTESIAN_POINT('',(-75.,-75.,7.));
#860 = VERTEX_POINT('',#861);
#861 = CARTESIAN_POINT('',(-75.,-75.,12.));
#862 = SURFACE_CURVE('',#863,(#867,#879),.PCURVE_S1.);
#863 = LINE('',#864,#865);
#864 = CARTESIAN_POINT('',(-75.,-75.,7.));
#865 = VECTOR('',#866,1.);
#866 = DIRECTION('',(0.,0.,1.));
#867 = PCURVE('',#868,#873);
#868 = PLANE('',#869);
#869 = AXIS2_PLACEMENT_3D('',#870,#871,#872);
#870 = CARTESIAN_POINT('',(-75.,-75.,7.));
#871 = DIRECTION('',(1.,0.,-0.));
#872 = DIRECTION('',(0.,0.,1.));
#873 = DEFINITIONAL_REPRESENTATION('',(#874),#878);
#874 = LINE('',#875,#876);
#875 = CARTESIAN_POINT('',(0.,0.));
#876 = VECTOR('',#877,1.);
#877 = DIRECTION('',(1.,0.));
#878 = ( GEOMETRIC_REPRESENTATION_CONTEXT(2) 
PARAMETRIC_REPRESENTATION_CONTEXT() REPRESENTATION_CONTEXT('2D SPACE',''
  ) );
#879 = PCURVE('',#880,#885);
#880 = PLANE('',#881);
#881 = AXIS2_PLACEMENT_3D('',#882,#883,#884);
#882 = CARTESIAN_POINT('',(-75.,-75.,7.));
#883 = DIRECTION('',(-0.,1.,0.));
#884 = DIRECTION('',(0.,0.,1.));
#885 = DEFINITIONAL_REPRESENTATION('',(#886),#890);
#886 = LINE('',#887,#888);
#887 = CARTESIAN_POINT('',(0.,0.));
#888 = VECTOR('',#889,1.);
#889 = DIRECTION('',(1.,0.));
#890 = ( GEOMETRIC_REPRESENTATION_CONTEXT(2) 
PARAMETRIC_REPRESENTATION_CONTEXT() REPRESENTATION_CONTEXT('2D SPACE',''
  ) );
#891 = ORIENTED_EDGE('',*,*,#892,.T.);
#892 = EDGE_CURVE('',#858,#893,#895,.T.);
#893 = VERTEX_POINT('',#894);
#894 = CARTESIAN_POINT('',(-75.,75.,7.));
#895 = SURFACE_CURVE('',#896,(#900,#907),.PCURVE_S1.);
#896 = LINE('',#897,#898);
#897 = CARTESIAN_POINT('',(-75.,-75.,7.));
#898 = VECTOR('',#899,1.);
#899 = DIRECTION('',(-0.,1.,0.));
#900 = PCURVE('',#868,#901);
#901 = DEFINITIONAL_REPRESENTATION('',(#902),#906);
#902 = LINE('',#903,#904);
#903 = CARTESIAN_POINT('',(0.,0.));
#904 = VECTOR('',#905,1.);
#905 = DIRECTION('',(0.,-1.));
#906 = ( GEOMETRIC_REPRESENTATION_CONTEXT(2) 
PARAMETRIC_REPRESENTATION_CONTEXT() REPRESENTATION_CONTEXT('2D SPACE',''
  ) );
#907 = PCURVE('',#908,#913);
#908 = PLANE('',#909);
#909 = AXIS2_PLACEMENT_3D('',#910,#911,#912);
#910 = CARTESIAN_POINT('',(-75.,-75.,7.));
#911 = DIRECTION('',(0.,0.,1.));
#912 = DIRECTION('',(1.,0.,-0.));
#913 = DEFINITIONAL_REPRESENTATION('',(#914),#918);
#914 = LINE('',#915,#916);
#915 = CARTESIAN_POINT('',(0.,0.));
#916 = VECTOR('',#917,1.);
#917 = DIRECTION('',(0.,1.));
#918 = ( GEOMETRIC_REPRESENTATION_CONTEXT(2) 
PARAMETRIC_REPRESENTATION_CONTEXT() REPRESENTATION_CONTEXT('2D SPACE',''
  ) );
#919 = ORIENTED_EDGE('',*,*,#920,.T.);
#920 = EDGE_CURVE('',#893,#921,#923,.T.);
#921 = VERTEX_POINT('',#922);
#922 = CARTESIAN_POINT('',(-75.,75.,12.));
#923 = SURFACE_CURVE('',#924,(#928,#935),.PCURVE_S1.);
#924 = LINE('',#925,#926);
#925 = CARTESIAN_POINT('',(-75.,75.,7.));
#926 = VECTOR('',#927,1.);
#927 = DIRECTION('',(0.,0.,1.));
#928 = PCURVE('',#868,#929);
#929 = DEFINITIONAL_REPRESENTATION('',(#930),#934);
#930 = LINE('',#931,#932);
#931 = CARTESIAN_POINT('',(0.,-150.));
#932 = VECTOR('',#933,1.);
#933 = DIRECTION('',(1.,0.));
#934 = ( GEOMETRIC_REPRESENTATION_CONTEXT(2) 
PARAMETRIC_REPRESENTATION_CONTEXT() REPRESENTATION_CONTEXT('2D SPACE',''
  ) );
#935 = PCURVE('',#936,#941);
#936 = PLANE('',#937);
#937 = AXIS2_PLACEMENT_3D('',#938,#939,#940);
#938 = CARTESIAN_POINT('',(-75.,75.,7.));
#939 = DIRECTION('',(-0.,1.,0.));
#940 = DIRECTION('',(0.,0.,1.));
#941 = DEFINITIONAL_REPRESENTATION('',(#942),#946);
#942 = LINE('',#943,#944);
#943 = CARTESIAN_POINT('',(0.,0.));
#944 = VECTOR('',#945,1.);
#945 = DIRECTION('',(1.,0.));
#946 = ( GEOMETRIC_REPRESENTATION_CONTEXT(2) 
PARAMETRIC_REPRESENTATION_CONTEXT() REPRESENTATION_CONTEXT('2D SPACE',''
  ) );
#947 = ORIENTED_EDGE('',*,*,#948,.F.);
#948 = EDGE_CURVE('',#860,#921,#949,.T.);
#949 = SURFACE_CURVE('',#950,(#954,#961),.PCURVE_S1.);
#950 = LINE('',#951,#952);
#951 = CARTESIAN_POINT('',(-75.,-75.,12.));
#952 = VECTOR('',#953,1.);
#953 = DIRECTION('',(-0.,1.,0.));
#954 = PCURVE('',#868,#955);
#955 = DEFINITIONAL_REPRESENTATION('',(#956),#960);
#956 = LINE('',#957,#958);
#957 = CARTESIAN_POINT('',(5.,0.));
#958 = VECTOR('',#959,1.);
#959 = DIRECTION('',(0.,-1.));
#960 = ( GEOMETRIC_REPRESENTATION_CONTEXT(2) 
PARAMETRIC_REPRESENTATION_CONTEXT() REPRESENTATION_CONTEXT('2D SPACE',''
  ) );
#961 = PCURVE('',#962,#967);
#962 = PLANE('',#963);
#963 = AXIS2_PLACEMENT_3D('',#964,#965,#966);
#964 = CARTESIAN_POINT('',(-75.,-75.,12.));
#965 = DIRECTION('',(0.,0.,1.));
#966 = DIRECTION('',(1.,0.,-0.));
#967 = DEFINITIONAL_REPRESENTATION('',(#968),#972);
#968 = LINE('',#969,#970);
#969 = CARTESIAN_POINT('',(0.,0.));
#970 = VECTOR('',#971,1.);
#971 = DIRECTION('',(0.,1.));
#972 = ( GEOMETRIC_REPRESENTATION_CONTEXT(2) 
PARAMETRIC_REPRESENTATION_CONTEXT() REPRESENTATION_CONTEXT('2D SPACE',''
  ) );
#973 = ADVANCED_FACE('',(#974),#880,.F.);
#974 = FACE_BOUND('',#975,.F.);
#975 = EDGE_LOOP('',(#976,#999,#1000,#1023));
#976 = ORIENTED_EDGE('',*,*,#977,.F.);
#977 = EDGE_CURVE('',#858,#978,#980,.T.);
#978 = VERTEX_POINT('',#979);
#979 = CARTESIAN_POINT('',(75.,-75.,7.));
#980 = SURFACE_CURVE('',#981,(#985,#992),.PCURVE_S1.);
#981 = LINE('',#982,#983);
#982 = CARTESIAN_POINT('',(-75.,-75.,7.));
#983 = VECTOR('',#984,1.);
#984 = DIRECTION('',(1.,0.,-0.));
#985 = PCURVE('',#880,#986);
#986 = DEFINITIONAL_REPRESENTATION('',(#987),#991);
#987 = LINE('',#988,#989);
#988 = CARTESIAN_POINT('',(0.,0.));
#989 = VECTOR('',#990,1.);
#990 = DIRECTION('',(0.,1.));
#991 = ( GEOMETRIC_REPRESENTATION_CONTEXT(2) 
PARAMETRIC_REPRESENTATION_CONTEXT() REPRESENTATION_CONTEXT('2D SPACE',''
  ) );
#992 = PCURVE('',#908,#993);
#993 = DEFINITIONAL_REPRESENTATION('',(#994),#998);
#994 = LINE('',#995,#996);
#995 = CARTESIAN_POINT('',(0.,0.));
#996 = VECTOR('',#997,1.);
#997 = DIRECTION('',(1.,0.));
#998 = ( GEOMETRIC_REPRESENTATION_CONTEXT(2) 
PARAMETRIC_REPRESENTATION_CONTEXT() REPRESENTATION_CONTEXT('2D SPACE',''
  ) );
#999 = ORIENTED_EDGE('',*,*,#857,.T.);
#1000 = ORIENTED_EDGE('',*,*,#1001,.T.);
#1001 = EDGE_CURVE('',#860,#1002,#1004,.T.);
#1002 = VERTEX_POINT('',#1003);
#1003 = CARTESIAN_POINT('',(75.,-75.,12.));
#1004 = SURFACE_CURVE('',#1005,(#1009,#1016),.PCURVE_S1.);
#1005 = LINE('',#1006,#1007);
#1006 = CARTESIAN_POINT('',(-75.,-75.,12.));
#1007 = VECTOR('',#1008,1.);
#1008 = DIRECTION('',(1.,0.,-0.));
#1009 = PCURVE('',#880,#1010);
#1010 = DEFINITIONAL_REPRESENTATION('',(#1011),#1015);
#1011 = LINE('',#1012,#1013);
#1012 = CARTESIAN_POINT('',(5.,0.));
#1013 = VECTOR('',#1014,1.);
#1014 = DIRECTION('',(0.,1.));
#1015 = ( GEOMETRIC_REPRESENTATION_CONTEXT(2) 
PARAMETRIC_REPRESENTATION_CONTEXT() REPRESENTATION_CONTEXT('2D SPACE',''
  ) );
#1016 = PCURVE('',#962,#1017);
#1017 = DEFINITIONAL_REPRESENTATION('',(#1018),#1022);
#1018 = LINE('',#1019,#1020);
#1019 = CARTESIAN_POINT('',(0.,0.));
#1020 = VECTOR('',#1021,1.);
#1021 = DIRECTION('',(1.,0.));
#1022 = ( GEOMETRIC_REPRESENTATION_CONTEXT(2) 
PARAMETRIC_REPRESENTATION_CONTEXT() REPRESENTATION_CONTEXT('2D SPACE',''
  ) );
#1023 = ORIENTED_EDGE('',*,*,#1024,.F.);
#1024 = EDGE_CURVE('',#978,#1002,#1025,.T.);
#1025 = SURFACE_CURVE('',#1026,(#1030,#1037),.PCURVE_S1.);
#1026 = LINE('',#1027,#1028);
#1027 = CARTESIAN_POINT('',(75.,-75.,7.));
#1028 = VECTOR('',#1029,1.);
#1029 = DIRECTION('',(0.,0.,1.));
#1030 = PCURVE('',#880,#1031);
#1031 = DEFINITIONAL_REPRESENTATION('',(#1032),#1036);
#1032 = LINE('',#1033,#1034);
#1033 = CARTESIAN_POINT('',(0.,150.));
#1034 = VECTOR('',#1035,1.);
#1035 = DIRECTION('',(1.,0.));
#1036 = ( GEOMETRIC_REPRESENTATION_CONTEXT(2) 
PARAMETRIC_REPRESENTATION_CONTEXT() REPRESENTATION_CONTEXT('2D SPACE',''
  ) );
#1037 = PCURVE('',#1038,#1043);
#1038 = PLANE('',#1039);
#1039 = AXIS2_PLACEMENT_3D('',#1040,#1041,#1042);
#1040 = CARTESIAN_POINT('',(75.,-75.,7.));
#1041 = DIRECTION('',(1.,0.,-0.));
#1042 = DIRECTION('',(0.,0.,1.));
#1043 = DEFINITIONAL_REPRESENTATION('',(#1044),#1048);
#1044 = LINE('',#1045,#1046);
#1045 = CARTESIAN_POINT('',(0.,0.));
#1046 = VECTOR('',#1047,1.);
#1047 = DIRECTION('',(1.,0.));
#1048 = ( GEOMETRIC_REPRESENTATION_CONTEXT(2) 
PARAMETRIC_REPRESENTATION_CONTEXT() REPRESENTATION_CONTEXT('2D SPACE',''
  ) );
#1049 = ADVANCED_FACE('',(#1050,#1098,#1129),#962,.T.);
#1050 = FACE_BOUND('',#1051,.T.);
#1051 = EDGE_LOOP('',(#1052,#1053,#1054,#1077));
#1052 = ORIENTED_EDGE('',*,*,#948,.F.);
#1053 = ORIENTED_EDGE('',*,*,#1001,.T.);
#1054 = ORIENTED_EDGE('',*,*,#1055,.T.);
#1055 = EDGE_CURVE('',#1002,#1056,#1058,.T.);
#1056 = VERTEX_POINT('',#1057);
#1057 = CARTESIAN_POINT('',(75.,75.,12.));
#1058 = SURFACE_CURVE('',#1059,(#1063,#1070),.PCURVE_S1.);
#1059 = LINE('',#1060,#1061);
#1060 = CARTESIAN_POINT('',(75.,-75.,12.));
#1061 = VECTOR('',#1062,1.);
#1062 = DIRECTION('',(-0.,1.,0.));
#1063 = PCURVE('',#962,#1064);
#1064 = DEFINITIONAL_REPRESENTATION('',(#1065),#1069);
#1065 = LINE('',#1066,#1067);
#1066 = CARTESIAN_POINT('',(150.,0.));
#1067 = VECTOR('',#1068,1.);
#1068 = DIRECTION('',(0.,1.));
#1069 = ( GEOMETRIC_REPRESENTATION_CONTEXT(2) 
PARAMETRIC_REPRESENTATION_CONTEXT() REPRESENTATION_CONTEXT('2D SPACE',''
  ) );
#1070 = PCURVE('',#1038,#1071);
#1071 = DEFINITIONAL_REPRESENTATION('',(#1072),#1076);
#1072 = LINE('',#1073,#1074);
#1073 = CARTESIAN_POINT('',(5.,0.));
#1074 = VECTOR('',#1075,1.);
#1075 = DIRECTION('',(0.,-1.));
#1076 = ( GEOMETRIC_REPRESENTATION_CONTEXT(2) 
PARAMETRIC_REPRESENTATION_CONTEXT() REPRESENTATION_CONTEXT('2D SPACE',''
  ) );
#1077 = ORIENTED_EDGE('',*,*,#1078,.F.);
#1078 = EDGE_CURVE('',#921,#1056,#1079,.T.);
#1079 = SURFACE_CURVE('',#1080,(#1084,#1091),.PCURVE_S1.);
#1080 = LINE('',#1081,#1082);
#1081 = CARTESIAN_POINT('',(-75.,75.,12.));
#1082 = VECTOR('',#1083,1.);
#1083 = DIRECTION('',(1.,0.,-0.));
#1084 = PCURVE('',#962,#1085);
#1085 = DEFINITIONAL_REPRESENTATION('',(#1086),#1090);
#1086 = LINE('',#1087,#1088);
#1087 = CARTESIAN_POINT('',(0.,150.));
#1088 = VECTOR('',#1089,1.);
#1089 = DIRECTION('',(1.,0.));
#1090 = ( GEOMETRIC_REPRESENTATION_CONTEXT(2) 
PARAMETRIC_REPRESENTATION_CONTEXT() REPRESENTATION_CONTEXT('2D SPACE',''
  ) );
#1091 = PCURVE('',#936,#1092);
#1092 = DEFINITIONAL_REPRESENTATION('',(#1093),#1097);
#1093 = LINE('',#1094,#1095);
#1094 = CARTESIAN_POINT('',(5.,0.));
#1095 = VECTOR('',#1096,1.);
#1096 = DIRECTION('',(0.,1.));
#1097 = ( GEOMETRIC_REPRESENTATION_CONTEXT(2) 
PARAMETRIC_REPRESENTATION_CONTEXT() REPRESENTATION_CONTEXT('2D SPACE',''
  ) );
#1098 = FACE_BOUND('',#1099,.T.);
#1099 = EDGE_LOOP('',(#1100));
#1100 = ORIENTED_EDGE('',*,*,#1101,.F.);
#1101 = EDGE_CURVE('',#1102,#1102,#1104,.T.);
#1102 = VERTEX_POINT('',#1103);
#1103 = CARTESIAN_POINT('',(4.5,-1.102182119233E-15,12.));
#1104 = SURFACE_CURVE('',#1105,(#1110,#1117),.PCURVE_S1.);
#1105 = CIRCLE('',#1106,4.5);
#1106 = AXIS2_PLACEMENT_3D('',#1107,#1108,#1109);
#1107 = CARTESIAN_POINT('',(0.,0.,12.));
#1108 = DIRECTION('',(0.,0.,1.));
#1109 = DIRECTION('',(1.,0.,-0.));
#1110 = PCURVE('',#962,#1111);
#1111 = DEFINITIONAL_REPRESENTATION('',(#1112),#1116);
#1112 = CIRCLE('',#1113,4.5);
#1113 = AXIS2_PLACEMENT_2D('',#1114,#1115);
#1114 = CARTESIAN_POINT('',(75.,75.));
#1115 = DIRECTION('',(1.,0.));
#1116 = ( GEOMETRIC_REPRESENTATION_CONTEXT(2) 
PARAMETRIC_REPRESENTATION_CONTEXT() REPRESENTATION_CONTEXT('2D SPACE',''
  ) );
#1117 = PCURVE('',#1118,#1123);
#1118 = CYLINDRICAL_SURFACE('',#1119,4.5);
#1119 = AXIS2_PLACEMENT_3D('',#1120,#1121,#1122);
#1120 = CARTESIAN_POINT('',(0.,0.,7.));
#1121 = DIRECTION('',(0.,0.,1.));
#1122 = DIRECTION('',(1.,0.,-0.));
#1123 = DEFINITIONAL_REPRESENTATION('',(#1124),#1128);
#1124 = LINE('',#1125,#1126);
#1125 = CARTESIAN_POINT('',(0.,5.));
#1126 = VECTOR('',#1127,1.);
#1127 = DIRECTION('',(1.,0.));
#1128 = ( GEOMETRIC_REPRESENTATION_CONTEXT(2) 
PARAMETRIC_REPRESENTATION_CONTEXT() REPRESENTATION_CONTEXT('2D SPACE',''
  ) );
#1129 = FACE_BOUND('',#1130,.T.);
#1130 = EDGE_LOOP('',(#1131));
#1131 = ORIENTED_EDGE('',*,*,#1132,.F.);
#1132 = EDGE_CURVE('',#1133,#1133,#1135,.T.);
#1133 = VERTEX_POINT('',#1134);
#1134 = CARTESIAN_POINT('',(18.1,-5.143516556419E-16,12.));
#1135 = SURFACE_CURVE('',#1136,(#1141,#1148),.PCURVE_S1.);
#1136 = CIRCLE('',#1137,2.1);
#1137 = AXIS2_PLACEMENT_3D('',#1138,#1139,#1140);
#1138 = CARTESIAN_POINT('',(16.,0.,12.));
#1139 = DIRECTION('',(0.,0.,1.));
#1140 = DIRECTION('',(1.,0.,-0.));
#1141 = PCURVE('',#962,#1142);
#1142 = DEFINITIONAL_REPRESENTATION('',(#1143),#1147);
#1143 = CIRCLE('',#1144,2.1);
#1144 = AXIS2_PLACEMENT_2D('',#1145,#1146);
#1145 = CARTESIAN_POINT('',(91.,75.));
#1146 = DIRECTION('',(1.,0.));
#1147 = ( GEOMETRIC_REPRESENTATION_CONTEXT(2) 
PARAMETRIC_REPRESENTATION_CONTEXT() REPRESENTATION_CONTEXT('2D SPACE',''
  ) );
#1148 = PCURVE('',#1149,#1154);
#1149 = CYLINDRICAL_SURFACE('',#1150,2.1);
#1150 = AXIS2_PLACEMENT_3D('',#1151,#1152,#1153);
#1151 = CARTESIAN_POINT('',(16.,0.,8.));
#1152 = DIRECTION('',(0.,0.,1.));
#1153 = DIRECTION('',(1.,0.,-0.));
#1154 = DEFINITIONAL_REPRESENTATION('',(#1155),#1159);
#1155 = LINE('',#1156,#1157);
#1156 = CARTESIAN_POINT('',(0.,4.));
#1157 = VECTOR('',#1158,1.);
#1158 = DIRECTION('',(1.,0.));
#1159 = ( GEOMETRIC_REPRESENTATION_CONTEXT(2) 
PARAMETRIC_REPRESENTATION_CONTEXT() REPRESENTATION_CONTEXT('2D SPACE',''
  ) );
#1160 = ADVANCED_FACE('',(#1161),#936,.T.);
#1161 = FACE_BOUND('',#1162,.T.);
#1162 = EDGE_LOOP('',(#1163,#1186,#1187,#1188));
#1163 = ORIENTED_EDGE('',*,*,#1164,.F.);
#1164 = EDGE_CURVE('',#893,#1165,#1167,.T.);
#1165 = VERTEX_POINT('',#1166);
#1166 = CARTESIAN_POINT('',(75.,75.,7.));
#1167 = SURFACE_CURVE('',#1168,(#1172,#1179),.PCURVE_S1.);
#1168 = LINE('',#1169,#1170);
#1169 = CARTESIAN_POINT('',(-75.,75.,7.));
#1170 = VECTOR('',#1171,1.);
#1171 = DIRECTION('',(1.,0.,-0.));
#1172 = PCURVE('',#936,#1173);
#1173 = DEFINITIONAL_REPRESENTATION('',(#1174),#1178);
#1174 = LINE('',#1175,#1176);
#1175 = CARTESIAN_POINT('',(0.,0.));
#1176 = VECTOR('',#1177,1.);
#1177 = DIRECTION('',(0.,1.));
#1178 = ( GEOMETRIC_REPRESENTATION_CONTEXT(2) 
PARAMETRIC_REPRESENTATION_CONTEXT() REPRESENTATION_CONTEXT('2D SPACE',''
  ) );
#1179 = PCURVE('',#908,#1180);
#1180 = DEFINITIONAL_REPRESENTATION('',(#1181),#1185);
#1181 = LINE('',#1182,#1183);
#1182 = CARTESIAN_POINT('',(0.,150.));
#1183 = VECTOR('',#1184,1.);
#1184 = DIRECTION('',(1.,0.));
#1185 = ( GEOMETRIC_REPRESENTATION_CONTEXT(2) 
PARAMETRIC_REPRESENTATION_CONTEXT() REPRESENTATION_CONTEXT('2D SPACE',''
  ) );
#1186 = ORIENTED_EDGE('',*,*,#920,.T.);
#1187 = ORIENTED_EDGE('',*,*,#1078,.T.);
#1188 = ORIENTED_EDGE('',*,*,#1189,.F.);
#1189 = EDGE_CURVE('',#1165,#1056,#1190,.T.);
#1190 = SURFACE_CURVE('',#1191,(#1195,#1202),.PCURVE_S1.);
#1191 = LINE('',#1192,#1193);
#1192 = CARTESIAN_POINT('',(75.,75.,7.));
#1193 = VECTOR('',#1194,1.);
#1194 = DIRECTION('',(0.,0.,1.));
#1195 = PCURVE('',#936,#1196);
#1196 = DEFINITIONAL_REPRESENTATION('',(#1197),#1201);
#1197 = LINE('',#1198,#1199);
#1198 = CARTESIAN_POINT('',(0.,150.));
#1199 = VECTOR('',#1200,1.);
#1200 = DIRECTION('',(1.,0.));
#1201 = ( GEOMETRIC_REPRESENTATION_CONTEXT(2) 
PARAMETRIC_REPRESENTATION_CONTEXT() REPRESENTATION_CONTEXT('2D SPACE',''
  ) );
#1202 = PCURVE('',#1038,#1203);
#1203 = DEFINITIONAL_REPRESENTATION('',(#1204),#1208);
#1204 = LINE('',#1205,#1206);
#1205 = CARTESIAN_POINT('',(0.,-150.));
#1206 = VECTOR('',#1207,1.);
#1207 = DIRECTION('',(1.,0.));
#1208 = ( GEOMETRIC_REPRESENTATION_CONTEXT(2) 
PARAMETRIC_REPRESENTATION_CONTEXT() REPRESENTATION_CONTEXT('2D SPACE',''
  ) );
#1209 = ADVANCED_FACE('',(#1210,#1236),#908,.F.);
#1210 = FACE_BOUND('',#1211,.F.);
#1211 = EDGE_LOOP('',(#1212,#1213,#1214,#1235));
#1212 = ORIENTED_EDGE('',*,*,#892,.F.);
#1213 = ORIENTED_EDGE('',*,*,#977,.T.);
#1214 = ORIENTED_EDGE('',*,*,#1215,.T.);
#1215 = EDGE_CURVE('',#978,#1165,#1216,.T.);
#1216 = SURFACE_CURVE('',#1217,(#1221,#1228),.PCURVE_S1.);
#1217 = LINE('',#1218,#1219);
#1218 = CARTESIAN_POINT('',(75.,-75.,7.));
#1219 = VECTOR('',#1220,1.);
#1220 = DIRECTION('',(-0.,1.,0.));
#1221 = PCURVE('',#908,#1222);
#1222 = DEFINITIONAL_REPRESENTATION('',(#1223),#1227);
#1223 = LINE('',#1224,#1225);
#1224 = CARTESIAN_POINT('',(150.,0.));
#1225 = VECTOR('',#1226,1.);
#1226 = DIRECTION('',(0.,1.));
#1227 = ( GEOMETRIC_REPRESENTATION_CONTEXT(2) 
PARAMETRIC_REPRESENTATION_CONTEXT() REPRESENTATION_CONTEXT('2D SPACE',''
  ) );
#1228 = PCURVE('',#1038,#1229);
#1229 = DEFINITIONAL_REPRESENTATION('',(#1230),#1234);
#1230 = LINE('',#1231,#1232);
#1231 = CARTESIAN_POINT('',(0.,0.));
#1232 = VECTOR('',#1233,1.);
#1233 = DIRECTION('',(0.,-1.));
#1234 = ( GEOMETRIC_REPRESENTATION_CONTEXT(2) 
PARAMETRIC_REPRESENTATION_CONTEXT() REPRESENTATION_CONTEXT('2D SPACE',''
  ) );
#1235 = ORIENTED_EDGE('',*,*,#1164,.F.);
#1236 = FACE_BOUND('',#1237,.F.);
#1237 = EDGE_LOOP('',(#1238));
#1238 = ORIENTED_EDGE('',*,*,#1239,.F.);
#1239 = EDGE_CURVE('',#1240,#1240,#1242,.T.);
#1240 = VERTEX_POINT('',#1241);
#1241 = CARTESIAN_POINT('',(4.5,-1.102182119233E-15,7.));
#1242 = SURFACE_CURVE('',#1243,(#1248,#1255),.PCURVE_S1.);
#1243 = CIRCLE('',#1244,4.5);
#1244 = AXIS2_PLACEMENT_3D('',#1245,#1246,#1247);
#1245 = CARTESIAN_POINT('',(0.,0.,7.));
#1246 = DIRECTION('',(0.,0.,1.));
#1247 = DIRECTION('',(1.,0.,-0.));
#1248 = PCURVE('',#908,#1249);
#1249 = DEFINITIONAL_REPRESENTATION('',(#1250),#1254);
#1250 = CIRCLE('',#1251,4.5);
#1251 = AXIS2_PLACEMENT_2D('',#1252,#1253);
#1252 = CARTESIAN_POINT('',(75.,75.));
#1253 = DIRECTION('',(1.,0.));
#1254 = ( GEOMETRIC_REPRESENTATION_CONTEXT(2) 
PARAMETRIC_REPRESENTATION_CONTEXT() REPRESENTATION_CONTEXT('2D SPACE',''
  ) );
#1255 = PCURVE('',#1118,#1256);
#1256 = DEFINITIONAL_REPRESENTATION('',(#1257),#1261);
#1257 = LINE('',#1258,#1259);
#1258 = CARTESIAN_POINT('',(0.,0.));
#1259 = VECTOR('',#1260,1.);
#1260 = DIRECTION('',(1.,0.));
#1261 = ( GEOMETRIC_REPRESENTATION_CONTEXT(2) 
PARAMETRIC_REPRESENTATION_CONTEXT() REPRESENTATION_CONTEXT('2D SPACE',''
  ) );
#1262 = ADVANCED_FACE('',(#1263),#1038,.T.);
#1263 = FACE_BOUND('',#1264,.T.);
#1264 = EDGE_LOOP('',(#1265,#1266,#1267,#1268));
#1265 = ORIENTED_EDGE('',*,*,#1024,.F.);
#1266 = ORIENTED_EDGE('',*,*,#1215,.T.);
#1267 = ORIENTED_EDGE('',*,*,#1189,.T.);
#1268 = ORIENTED_EDGE('',*,*,#1055,.F.);
#1269 = ADVANCED_FACE('',(#1270),#1118,.F.);
#1270 = FACE_BOUND('',#1271,.F.);
#1271 = EDGE_LOOP('',(#1272,#1273,#1294,#1295));
#1272 = ORIENTED_EDGE('',*,*,#1101,.F.);
#1273 = ORIENTED_EDGE('',*,*,#1274,.F.);
#1274 = EDGE_CURVE('',#1240,#1102,#1275,.T.);
#1275 = SEAM_CURVE('',#1276,(#1280,#1287),.PCURVE_S1.);
#1276 = LINE('',#1277,#1278);
#1277 = CARTESIAN_POINT('',(4.5,-1.102182119233E-15,7.));
#1278 = VECTOR('',#1279,1.);
#1279 = DIRECTION('',(0.,0.,1.));
#1280 = PCURVE('',#1118,#1281);
#1281 = DEFINITIONAL_REPRESENTATION('',(#1282),#1286);
#1282 = LINE('',#1283,#1284);
#1283 = CARTESIAN_POINT('',(6.28318530718,-0.));
#1284 = VECTOR('',#1285,1.);
#1285 = DIRECTION('',(0.,1.));
#1286 = ( GEOMETRIC_REPRESENTATION_CONTEXT(2) 
PARAMETRIC_REPRESENTATION_CONTEXT() REPRESENTATION_CONTEXT('2D SPACE',''
  ) );
#1287 = PCURVE('',#1118,#1288);
#1288 = DEFINITIONAL_REPRESENTATION('',(#1289),#1293);
#1289 = LINE('',#1290,#1291);
#1290 = CARTESIAN_POINT('',(0.,-0.));
#1291 = VECTOR('',#1292,1.);
#1292 = DIRECTION('',(0.,1.));
#1293 = ( GEOMETRIC_REPRESENTATION_CONTEXT(2) 
PARAMETRIC_REPRESENTATION_CONTEXT() REPRESENTATION_CONTEXT('2D SPACE',''
  ) );
#1294 = ORIENTED_EDGE('',*,*,#1239,.T.);
#1295 = ORIENTED_EDGE('',*,*,#1274,.T.);
#1296 = ADVANCED_FACE('',(#1297),#1149,.F.);
#1297 = FACE_BOUND('',#1298,.F.);
#1298 = EDGE_LOOP('',(#1299,#1300,#1323,#1350));
#1299 = ORIENTED_EDGE('',*,*,#1132,.F.);
#1300 = ORIENTED_EDGE('',*,*,#1301,.F.);
#1301 = EDGE_CURVE('',#1302,#1133,#1304,.T.);
#1302 = VERTEX_POINT('',#1303);
#1303 = CARTESIAN_POINT('',(18.1,-5.143516556419E-16,8.));
#1304 = SEAM_CURVE('',#1305,(#1309,#1316),.PCURVE_S1.);
#1305 = LINE('',#1306,#1307);
#1306 = CARTESIAN_POINT('',(18.1,-5.143516556419E-16,8.));
#1307 = VECTOR('',#1308,1.);
#1308 = DIRECTION('',(0.,0.,1.));
#1309 = PCURVE('',#1149,#1310);
#1310 = DEFINITIONAL_REPRESENTATION('',(#1311),#1315);
#1311 = LINE('',#1312,#1313);
#1312 = CARTESIAN_POINT('',(6.28318530718,-0.));
#1313 = VECTOR('',#1314,1.);
#1314 = DIRECTION('',(0.,1.));
#1315 = ( GEOMETRIC_REPRESENTATION_CONTEXT(2) 
PARAMETRIC_REPRESENTATION_CONTEXT() REPRESENTATION_CONTEXT('2D SPACE',''
  ) );
#1316 = PCURVE('',#1149,#1317);
#1317 = DEFINITIONAL_REPRESENTATION('',(#1318),#1322);
#1318 = LINE('',#1319,#1320);
#1319 = CARTESIAN_POINT('',(0.,-0.));
#1320 = VECTOR('',#1321,1.);
#1321 = DIRECTION('',(0.,1.));
#1322 = ( GEOMETRIC_REPRESENTATION_CONTEXT(2) 
PARAMETRIC_REPRESENTATION_CONTEXT() REPRESENTATION_CONTEXT('2D SPACE',''
  ) );
#1323 = ORIENTED_EDGE('',*,*,#1324,.T.);
#1324 = EDGE_CURVE('',#1302,#1302,#1325,.T.);
#1325 = SURFACE_CURVE('',#1326,(#1331,#1338),.PCURVE_S1.);
#1326 = CIRCLE('',#1327,2.1);
#1327 = AXIS2_PLACEMENT_3D('',#1328,#1329,#1330);
#1328 = CARTESIAN_POINT('',(16.,0.,8.));
#1329 = DIRECTION('',(0.,0.,1.));
#1330 = DIRECTION('',(1.,0.,-0.));
#1331 = PCURVE('',#1149,#1332);
#1332 = DEFINITIONAL_REPRESENTATION('',(#1333),#1337);
#1333 = LINE('',#1334,#1335);
#1334 = CARTESIAN_POINT('',(0.,0.));
#1335 = VECTOR('',#1336,1.);
#1336 = DIRECTION('',(1.,0.));
#1337 = ( GEOMETRIC_REPRESENTATION_CONTEXT(2) 
PARAMETRIC_REPRESENTATION_CONTEXT() REPRESENTATION_CONTEXT('2D SPACE',''
  ) );
#1338 = PCURVE('',#1339,#1344);
#1339 = PLANE('',#1340);
#1340 = AXIS2_PLACEMENT_3D('',#1341,#1342,#1343);
#1341 = CARTESIAN_POINT('',(16.,0.,8.));
#1342 = DIRECTION('',(0.,0.,1.));
#1343 = DIRECTION('',(1.,0.,-0.));
#1344 = DEFINITIONAL_REPRESENTATION('',(#1345),#1349);
#1345 = CIRCLE('',#1346,2.1);
#1346 = AXIS2_PLACEMENT_2D('',#1347,#1348);
#1347 = CARTESIAN_POINT('',(0.,0.));
#1348 = DIRECTION('',(1.,0.));
#1349 = ( GEOMETRIC_REPRESENTATION_CONTEXT(2) 
PARAMETRIC_REPRESENTATION_CONTEXT() REPRESENTATION_CONTEXT('2D SPACE',''
  ) );
#1350 = ORIENTED_EDGE('',*,*,#1301,.T.);
#1351 = ADVANCED_FACE('',(#1352),#1339,.T.);
#1352 = FACE_BOUND('',#1353,.F.);
#1353 = EDGE_LOOP('',(#1354));
#1354 = ORIENTED_EDGE('',*,*,#1324,.F.);
#1355 = ( GEOMETRIC_REPRESENTATION_CONTEXT(3) 
GLOBAL_UNCERTAINTY_ASSIGNED_CONTEXT((#1359)) 
GLOBAL_UNIT_ASSIGNED_CONTEXT((#1356,#1357,#1358)) REPRESENTATION_CONTEXT
('Context #1','3D Context with UNIT and UNCERTAINTY') );
#1356 = ( LENGTH_UNIT() NAMED_UNIT(*) SI_UNIT(.MILLI.,.METRE.) );
#1357 = ( NAMED_UNIT(*) PLANE_ANGLE_UNIT() SI_UNIT($,.RADIAN.) );
#1358 = ( NAMED_UNIT(*) SI_UNIT($,.STERADIAN.) SOLID_ANGLE_UNIT() );
#1359 = UNCERTAINTY_MEASURE_WITH_UNIT(LENGTH_MEASURE(1.E-07),#1356,
  'distance_accuracy_value','confusion accuracy');
#1360 = CONTEXT_DEPENDENT_SHAPE_REPRESENTATION(#1361,#1363);
#1361 = ( REPRESENTATION_RELATIONSHIP('','',#850,#10) 
REPRESENTATION_RELATIONSHIP_WITH_TRANSFORMATION(#1362) 
SHAPE_REPRESENTATION_RELATIONSHIP() );
#1362 = ITEM_DEFINED_TRANSFORMATION('','',#11,#23);
#1363 = PRODUCT_DEFINITION_SHAPE('Placement','Placement of an item',
  #1364);
#1364 = NEXT_ASSEMBLY_USAGE_OCCURRENCE('7','','',#5,#845,$);
#1365 = PRODUCT_RELATED_PRODUCT_CATEGORY('part',$,(#847));
#1366 = SHAPE_DEFINITION_REPRESENTATION(#1367,#1373);
#1367 = PRODUCT_DEFINITION_SHAPE('','',#1368);
#1368 = PRODUCT_DEFINITION('design','',#1369,#1372);
#1369 = PRODUCT_DEFINITION_FORMATION('','',#1370);
#1370 = PRODUCT('Open CASCADE STEP translator 7.8 2.4',
  'Open CASCADE STEP translator 7.8 2.4','',(#1371));
#1371 = PRODUCT_CONTEXT('',#2,'mechanical');
#1372 = PRODUCT_DEFINITION_CONTEXT('part definition',#2,'design');
#1373 = ADVANCED_BREP_SHAPE_REPRESENTATION('',(#11,#1374),#2086);
#1374 = MANIFOLD_SOLID_BREP('',#1375);
#1375 = CLOSED_SHELL('',(#1376,#1659,#1694,#1698,#1753,#1808,#1812,#1847
    ,#1902,#1968,#2023,#2078,#2082));
#1376 = ADVANCED_FACE('',(#1377,#1464),#1391,.T.);
#1377 = FACE_BOUND('',#1378,.T.);
#1378 = EDGE_LOOP('',(#1379,#1409,#1436,#1437));
#1379 = ORIENTED_EDGE('',*,*,#1380,.T.);
#1380 = EDGE_CURVE('',#1381,#1383,#1385,.T.);
#1381 = VERTEX_POINT('',#1382);
#1382 = CARTESIAN_POINT('',(12.,-2.939152317954E-15,32.));
#1383 = VERTEX_POINT('',#1384);
#1384 = CARTESIAN_POINT('',(12.,-2.939152317954E-15,62.));
#1385 = SEAM_CURVE('',#1386,(#1390,#1402),.PCURVE_S1.);
#1386 = LINE('',#1387,#1388);
#1387 = CARTESIAN_POINT('',(12.,-2.939152317954E-15,32.));
#1388 = VECTOR('',#1389,1.);
#1389 = DIRECTION('',(0.,0.,1.));
#1390 = PCURVE('',#1391,#1396);
#1391 = CYLINDRICAL_SURFACE('',#1392,12.);
#1392 = AXIS2_PLACEMENT_3D('',#1393,#1394,#1395);
#1393 = CARTESIAN_POINT('',(0.,0.,32.));
#1394 = DIRECTION('',(0.,0.,1.));
#1395 = DIRECTION('',(1.,0.,-0.));
#1396 = DEFINITIONAL_REPRESENTATION('',(#1397),#1401);
#1397 = LINE('',#1398,#1399);
#1398 = CARTESIAN_POINT('',(6.28318530718,-0.));
#1399 = VECTOR('',#1400,1.);
#1400 = DIRECTION('',(0.,1.));
#1401 = ( GEOMETRIC_REPRESENTATION_CONTEXT(2) 
PARAMETRIC_REPRESENTATION_CONTEXT() REPRESENTATION_CONTEXT('2D SPACE',''
  ) );
#1402 = PCURVE('',#1391,#1403);
#1403 = DEFINITIONAL_REPRESENTATION('',(#1404),#1408);
#1404 = LINE('',#1405,#1406);
#1405 = CARTESIAN_POINT('',(0.,-0.));
#1406 = VECTOR('',#1407,1.);
#1407 = DIRECTION('',(0.,1.));
#1408 = ( GEOMETRIC_REPRESENTATION_CONTEXT(2) 
PARAMETRIC_REPRESENTATION_CONTEXT() REPRESENTATION_CONTEXT('2D SPACE',''
  ) );
#1409 = ORIENTED_EDGE('',*,*,#1410,.F.);
#1410 = EDGE_CURVE('',#1383,#1383,#1411,.T.);
#1411 = SURFACE_CURVE('',#1412,(#1417,#1424),.PCURVE_S1.);
#1412 = CIRCLE('',#1413,12.);
#1413 = AXIS2_PLACEMENT_3D('',#1414,#1415,#1416);
#1414 = CARTESIAN_POINT('',(0.,0.,62.));
#1415 = DIRECTION('',(0.,0.,1.));
#1416 = DIRECTION('',(1.,0.,-0.));
#1417 = PCURVE('',#1391,#1418);
#1418 = DEFINITIONAL_REPRESENTATION('',(#1419),#1423);
#1419 = LINE('',#1420,#1421);
#1420 = CARTESIAN_POINT('',(0.,30.));
#1421 = VECTOR('',#1422,1.);
#1422 = DIRECTION('',(1.,0.));
#1423 = ( GEOMETRIC_REPRESENTATION_CONTEXT(2) 
PARAMETRIC_REPRESENTATION_CONTEXT() REPRESENTATION_CONTEXT('2D SPACE',''
  ) );
#1424 = PCURVE('',#1425,#1430);
#1425 = PLANE('',#1426);
#1426 = AXIS2_PLACEMENT_3D('',#1427,#1428,#1429);
#1427 = CARTESIAN_POINT('',(0.,0.,62.));
#1428 = DIRECTION('',(0.,0.,1.));
#1429 = DIRECTION('',(1.,0.,-0.));
#1430 = DEFINITIONAL_REPRESENTATION('',(#1431),#1435);
#1431 = CIRCLE('',#1432,12.);
#1432 = AXIS2_PLACEMENT_2D('',#1433,#1434);
#1433 = CARTESIAN_POINT('',(0.,0.));
#1434 = DIRECTION('',(1.,0.));
#1435 = ( GEOMETRIC_REPRESENTATION_CONTEXT(2) 
PARAMETRIC_REPRESENTATION_CONTEXT() REPRESENTATION_CONTEXT('2D SPACE',''
  ) );
#1436 = ORIENTED_EDGE('',*,*,#1380,.F.);
#1437 = ORIENTED_EDGE('',*,*,#1438,.T.);
#1438 = EDGE_CURVE('',#1381,#1381,#1439,.T.);
#1439 = SURFACE_CURVE('',#1440,(#1445,#1452),.PCURVE_S1.);
#1440 = CIRCLE('',#1441,12.);
#1441 = AXIS2_PLACEMENT_3D('',#1442,#1443,#1444);
#1442 = CARTESIAN_POINT('',(0.,0.,32.));
#1443 = DIRECTION('',(0.,0.,1.));
#1444 = DIRECTION('',(1.,0.,-0.));
#1445 = PCURVE('',#1391,#1446);
#1446 = DEFINITIONAL_REPRESENTATION('',(#1447),#1451);
#1447 = LINE('',#1448,#1449);
#1448 = CARTESIAN_POINT('',(0.,0.));
#1449 = VECTOR('',#1450,1.);
#1450 = DIRECTION('',(1.,0.));
#1451 = ( GEOMETRIC_REPRESENTATION_CONTEXT(2) 
PARAMETRIC_REPRESENTATION_CONTEXT() REPRESENTATION_CONTEXT('2D SPACE',''
  ) );
#1452 = PCURVE('',#1453,#1458);
#1453 = PLANE('',#1454);
#1454 = AXIS2_PLACEMENT_3D('',#1455,#1456,#1457);
#1455 = CARTESIAN_POINT('',(0.,0.,32.));
#1456 = DIRECTION('',(0.,0.,1.));
#1457 = DIRECTION('',(1.,0.,-0.));
#1458 = DEFINITIONAL_REPRESENTATION('',(#1459),#1463);
#1459 = CIRCLE('',#1460,12.);
#1460 = AXIS2_PLACEMENT_2D('',#1461,#1462);
#1461 = CARTESIAN_POINT('',(0.,0.));
#1462 = DIRECTION('',(1.,0.));
#1463 = ( GEOMETRIC_REPRESENTATION_CONTEXT(2) 
PARAMETRIC_REPRESENTATION_CONTEXT() REPRESENTATION_CONTEXT('2D SPACE',''
  ) );
#1464 = FACE_BOUND('',#1465,.T.);
#1465 = EDGE_LOOP('',(#1466));
#1466 = ORIENTED_EDGE('',*,*,#1467,.F.);
#1467 = EDGE_CURVE('',#1468,#1468,#1470,.T.);
#1468 = VERTEX_POINT('',#1469);
#1469 = CARTESIAN_POINT('',(-4.898587196589E-16,12.,49.));
#1470 = SURFACE_CURVE('',#1471,(#1530,#1592),.PCURVE_S1.);
#1471 = B_SPLINE_CURVE_WITH_KNOTS('',8,(#1472,#1473,#1474,#1475,#1476,
    #1477,#1478,#1479,#1480,#1481,#1482,#1483,#1484,#1485,#1486,#1487,
    #1488,#1489,#1490,#1491,#1492,#1493,#1494,#1495,#1496,#1497,#1498,
    #1499,#1500,#1501,#1502,#1503,#1504,#1505,#1506,#1507,#1508,#1509,
    #1510,#1511,#1512,#1513,#1514,#1515,#1516,#1517,#1518,#1519,#1520,
    #1521,#1522,#1523,#1524,#1525,#1526,#1527,#1528,#1529),
  .UNSPECIFIED.,.T.,.F.,(9,7,7,7,7,7,7,7,9),(0.,0.137118171612,
    0.278854731082,0.448780268412,0.594995824655,0.68950799673,
    0.793466092355,0.898464096709,1.),.UNSPECIFIED.);
#1472 = CARTESIAN_POINT('',(2.22044604925E-16,12.,49.));
#1473 = CARTESIAN_POINT('',(0.232378774723,12.,49.));
#1474 = CARTESIAN_POINT('',(0.45935025379,11.994857007614,
    48.969143251645));
#1475 = CARTESIAN_POINT('',(0.676331217561,11.9849907715,48.909940824187
    ));
#1476 = CARTESIAN_POINT('',(0.879364806489,11.971359701061,
    48.825571271738));
#1477 = CARTESIAN_POINT('',(1.065187346054,11.955296410646,48.7198711668
    ));
#1478 = CARTESIAN_POINT('',(1.231361462413,11.938237304236,
    48.597319780709));
#1479 = CARTESIAN_POINT('',(1.376452110865,11.921448814579,
    48.463013270373));
#1480 = CARTESIAN_POINT('',(1.628160965924,11.889731708729,
    48.177505617473));
#1481 = CARTESIAN_POINT('',(1.736249055369,11.874515647367,
    48.022563788183));
#1482 = CARTESIAN_POINT('',(1.825137421361,11.860981031788,
    47.860425166206));
#1483 = CARTESIAN_POINT('',(1.895476164518,11.849679812142,
    47.693097875809));
#1484 = CARTESIAN_POINT('',(1.947825751021,11.840978676765,
    47.522164851578));
#1485 = CARTESIAN_POINT('',(1.982596363389,11.835101300898,
    47.348927739709));
#1486 = CARTESIAN_POINT('',(2.,11.832159566199,47.174518985312));
#1487 = CARTESIAN_POINT('',(2.,11.832159566199,46.790772172936));
#1488 = CARTESIAN_POINT('',(1.974984757949,11.83638770354,
    46.581834909171));
#1489 = CARTESIAN_POINT('',(1.925077323477,11.844824399351,
    46.374881721087));
#1490 = CARTESIAN_POINT('',(1.849776490011,11.857246818758,
    46.171783386935));
#1491 = CARTESIAN_POINT('',(1.748195082322,11.873206242515,
    45.974931450896));
#1492 = CARTESIAN_POINT('',(1.619210123301,11.891915679475,
    45.787456164135));
#1493 = CARTESIAN_POINT('',(1.461675528823,11.912128593333,
    45.613530704741));
#1494 = CARTESIAN_POINT('',(1.114088775935,11.949265447299,
    45.325981935284));
#1495 = CARTESIAN_POINT('',(0.925710560835,11.966888622493,
    45.202423936483));
#1496 = CARTESIAN_POINT('',(0.712532630061,11.98316665573,
    45.098908169788));
#1497 = CARTESIAN_POINT('',(0.47974587029,11.995956856868,
    45.023316091229));
#1498 = CARTESIAN_POINT('',(0.234389959137,12.00332252947,
    44.980840815502));
#1499 = CARTESIAN_POINT('',(-1.557656599812E-02,12.004384426686,
    44.973971048612));
#1500 = CARTESIAN_POINT('',(-0.261992593285,11.999452585733,
    45.00239652186));
#1501 = CARTESIAN_POINT('',(-0.649531531165,11.983375934464,
    45.101899609051));
#1502 = CARTESIAN_POINT('',(-0.798171746105,11.974999339247,
    45.154622615457));
#1503 = CARTESIAN_POINT('',(-0.941863742524,11.964791255207,
    45.220629586608));
#1504 = CARTESIAN_POINT('',(-1.079236187833,11.953092516753,
    45.299375963213));
#1505 = CARTESIAN_POINT('',(-1.208989520385,11.940332049457,
    45.390148879017));
#1506 = CARTESIAN_POINT('',(-1.329912223934,11.926998757452,
    45.492074318654));
#1507 = CARTESIAN_POINT('',(-1.440906949625,11.913604793028,
    45.604128291348));
#1508 = CARTESIAN_POINT('',(-1.651152367344,11.886379891552,
    45.858271343996));
#1509 = CARTESIAN_POINT('',(-1.748163346934,11.872633987355,
    46.002295600678));
#1510 = CARTESIAN_POINT('',(-1.830764402998,11.86005650966,
    46.155682256122));
#1511 = CARTESIAN_POINT('',(-1.897912513231,11.849273863003,
    46.316725925351));
#1512 = CARTESIAN_POINT('',(-1.948815914729,11.840811727984,
    46.483603203973));
#1513 = CARTESIAN_POINT('',(-1.982937164486,11.835043397831,
    46.654411291636));
#1514 = CARTESIAN_POINT('',(-2.,11.832159566199,46.827200407829));
#1515 = CARTESIAN_POINT('',(-2.,11.832159566199,47.174528132916));
#1516 = CARTESIAN_POINT('',(-1.982594568536,11.835101601962,
    47.348936845405));
#1517 = CARTESIAN_POINT('',(-1.94782344602,11.840979070599,
    47.52216982876));
#1518 = CARTESIAN_POINT('',(-1.895475054232,11.849679967778,
    47.693098481157));
#1519 = CARTESIAN_POINT('',(-1.825138025755,11.860980906038,
    47.860423438359));
#1520 = CARTESIAN_POINT('',(-1.736250309385,11.874515482716,
    48.022562185359));
#1521 = CARTESIAN_POINT('',(-1.628161262229,11.889731671393,
    48.177505281381));
#1522 = CARTESIAN_POINT('',(-1.376501555266,11.921442584233,
    48.462957186709));
#1523 = CARTESIAN_POINT('',(-1.231414913186,11.938231760348,
    48.597283368071));
#1524 = CARTESIAN_POINT('',(-1.065203245002,11.955296424046,
    48.719878537717));
#1525 = CARTESIAN_POINT('',(-0.879318550194,11.971365760275,
    48.825612526796));
#1526 = CARTESIAN_POINT('',(-0.676223874425,11.984998840307,
    48.909989174144));
#1527 = CARTESIAN_POINT('',(-0.459212809512,11.994861787781,
    48.969171944483));
#1528 = CARTESIAN_POINT('',(-0.232270719785,12.,49.));
#1529 = CARTESIAN_POINT('',(2.22044604925E-16,12.,49.));
#1530 = PCURVE('',#1391,#1531);
#1531 = DEFINITIONAL_REPRESENTATION('',(#1532),#1591);
#1532 = B_SPLINE_CURVE_WITH_KNOTS('',8,(#1533,#1534,#1535,#1536,#1537,
    #1538,#1539,#1540,#1541,#1542,#1543,#1544,#1545,#1546,#1547,#1548,
    #1549,#1550,#1551,#1552,#1553,#1554,#1555,#1556,#1557,#1558,#1559,
    #1560,#1561,#1562,#1563,#1564,#1565,#1566,#1567,#1568,#1569,#1570,
    #1571,#1572,#1573,#1574,#1575,#1576,#1577,#1578,#1579,#1580,#1581,
    #1582,#1583,#1584,#1585,#1586,#1587,#1588,#1589,#1590),
  .UNSPECIFIED.,.T.,.F.,(9,7,7,7,7,7,7,7,9),(0.,0.137118171612,
    0.278854731082,0.448780268412,0.594995824655,0.68950799673,
    0.793466092355,0.898464096709,1.),.UNSPECIFIED.);
#1533 = CARTESIAN_POINT('',(1.570796326795,17.));
#1534 = CARTESIAN_POINT('',(1.551431428901,17.));
#1535 = CARTESIAN_POINT('',(1.532517124961,16.969143251645));
#1536 = CARTESIAN_POINT('',(1.514424372623,16.909940824187));
#1537 = CARTESIAN_POINT('',(1.497473758344,16.825571271738));
#1538 = CARTESIAN_POINT('',(1.481935171419,16.7198711668));
#1539 = CARTESIAN_POINT('',(1.468016488886,16.597319780709));
#1540 = CARTESIAN_POINT('',(1.455845567334,16.463013270373));
#1541 = CARTESIAN_POINT('',(1.434703961022,16.177505617473));
#1542 = CARTESIAN_POINT('',(1.425608763667,16.022563788183));
#1543 = CARTESIAN_POINT('',(1.418116618933,15.860425166206));
#1544 = CARTESIAN_POINT('',(1.412180072092,15.693097875809));
#1545 = CARTESIAN_POINT('',(1.407757778909,15.522164851578));
#1546 = CARTESIAN_POINT('',(1.404819122626,15.348927739709));
#1547 = CARTESIAN_POINT('',(1.403348247575,15.174518985312));
#1548 = CARTESIAN_POINT('',(1.403348247575,14.790772172936));
#1549 = CARTESIAN_POINT('',(1.40546242005,14.581834909171));
#1550 = CARTESIAN_POINT('',(1.409680374702,14.374881721087));
#1551 = CARTESIAN_POINT('',(1.416040210254,14.171783386935));
#1552 = CARTESIAN_POINT('',(1.424608610704,13.974931450896));
#1553 = CARTESIAN_POINT('',(1.435468028682,13.787456164135));
#1554 = CARTESIAN_POINT('',(1.448700562608,13.613530704741));
#1555 = CARTESIAN_POINT('',(1.477830980167,13.325981935284));
#1556 = CARTESIAN_POINT('',(1.493596339001,13.202423936483));
#1557 = CARTESIAN_POINT('',(1.511408505961,13.098908169789));
#1558 = CARTESIAN_POINT('',(1.530827263374,13.023316091229));
#1559 = CARTESIAN_POINT('',(1.551269440226,12.980840815502));
#1560 = CARTESIAN_POINT('',(1.572090000197,12.973971048612));
#1561 = CARTESIAN_POINT('',(1.592624048688,13.00239652186));
#1562 = CARTESIAN_POINT('',(1.6249467367,13.101899609051));
#1563 = CARTESIAN_POINT('',(1.637351711235,13.154622615457));
#1564 = CARTESIAN_POINT('',(1.649354122326,13.220629586608));
#1565 = CARTESIAN_POINT('',(1.660841156916,13.299375963213));
#1566 = CARTESIAN_POINT('',(1.671704499489,13.390148879017));
#1567 = CARTESIAN_POINT('',(1.68184154879,13.492074318654));
#1568 = CARTESIAN_POINT('',(1.691157860236,13.604128291348));
#1569 = CARTESIAN_POINT('',(1.708824591944,13.858271343996));
#1570 = CARTESIAN_POINT('',(1.71698898941,14.002295600678));
#1571 = CARTESIAN_POINT('',(1.723951265358,14.155682256122));
#1572 = CARTESIAN_POINT('',(1.729618400498,14.316725925351));
#1573 = CARTESIAN_POINT('',(1.733918534748,14.483603203973));
#1574 = CARTESIAN_POINT('',(1.736802351116,14.654411291636));
#1575 = CARTESIAN_POINT('',(1.738244406015,14.827200407829));
#1576 = CARTESIAN_POINT('',(1.738244406015,15.174528132916));
#1577 = CARTESIAN_POINT('',(1.736773379326,15.348936845405));
#1578 = CARTESIAN_POINT('',(1.733834679796,15.522169828761));
#1579 = CARTESIAN_POINT('',(1.729412488078,15.693098481157));
#1580 = CARTESIAN_POINT('',(1.723476086068,15.860423438359));
#1581 = CARTESIAN_POINT('',(1.715983995273,16.022562185359));
#1582 = CARTESIAN_POINT('',(1.706888717456,16.177505281381));
#1583 = CARTESIAN_POINT('',(1.685751239204,16.462957186709));
#1584 = CARTESIAN_POINT('',(1.673580642132,16.597283368071));
#1585 = CARTESIAN_POINT('',(1.659658797436,16.719878537717));
#1586 = CARTESIAN_POINT('',(1.644115013959,16.825612526796));
#1587 = CARTESIAN_POINT('',(1.627159319178,16.909989174144));
#1588 = CARTESIAN_POINT('',(1.609064075191,16.969171944483));
#1589 = CARTESIAN_POINT('',(1.59015222011,17.));
#1590 = CARTESIAN_POINT('',(1.570796326795,17.));
#1591 = ( GEOMETRIC_REPRESENTATION_CONTEXT(2) 
PARAMETRIC_REPRESENTATION_CONTEXT() REPRESENTATION_CONTEXT('2D SPACE',''
  ) );
#1592 = PCURVE('',#1593,#1598);
#1593 = CYLINDRICAL_SURFACE('',#1594,2.);
#1594 = AXIS2_PLACEMENT_3D('',#1595,#1596,#1597);
#1595 = CARTESIAN_POINT('',(0.,0.,47.));
#1596 = DIRECTION('',(0.,1.,0.));
#1597 = DIRECTION('',(0.,-0.,1.));
#1598 = DEFINITIONAL_REPRESENTATION('',(#1599),#1658);
#1599 = B_SPLINE_CURVE_WITH_KNOTS('',8,(#1600,#1601,#1602,#1603,#1604,
    #1605,#1606,#1607,#1608,#1609,#1610,#1611,#1612,#1613,#1614,#1615,
    #1616,#1617,#1618,#1619,#1620,#1621,#1622,#1623,#1624,#1625,#1626,
    #1627,#1628,#1629,#1630,#1631,#1632,#1633,#1634,#1635,#1636,#1637,
    #1638,#1639,#1640,#1641,#1642,#1643,#1644,#1645,#1646,#1647,#1648,
    #1649,#1650,#1651,#1652,#1653,#1654,#1655,#1656,#1657),
  .UNSPECIFIED.,.F.,.F.,(9,7,7,7,7,7,7,7,9),(0.,0.137118171612,
    0.278854731082,0.448780268412,0.594995824655,0.68950799673,
    0.793466092355,0.898464096709,1.),.UNSPECIFIED.);
#1600 = CARTESIAN_POINT('',(0.,12.));
#1601 = CARTESIAN_POINT('',(0.116189387361,12.));
#1602 = CARTESIAN_POINT('',(0.229675062921,11.994857007614));
#1603 = CARTESIAN_POINT('',(0.340555863799,11.9849907715));
#1604 = CARTESIAN_POINT('',(0.448776266838,11.971359701061));
#1605 = CARTESIAN_POINT('',(0.55414487859,11.955296410646));
#1606 = CARTESIAN_POINT('',(0.65630332153,11.938237304236));
#1607 = CARTESIAN_POINT('',(0.75465084839,11.921448814579));
#1608 = CARTESIAN_POINT('',(0.944961100071,11.889731708729));
#1609 = CARTESIAN_POINT('',(1.03881294894,11.874515647367));
#1610 = CARTESIAN_POINT('',(1.130394134437,11.860981031788));
#1611 = CARTESIAN_POINT('',(1.220203147019,11.849679812142));
#1612 = CARTESIAN_POINT('',(1.308701178296,11.840978676765));
#1613 = CARTESIAN_POINT('',(1.396332563637,11.835101300898));
#1614 = CARTESIAN_POINT('',(1.483536834139,11.832159566199));
#1615 = CARTESIAN_POINT('',(1.675410240327,11.832159566199));
#1616 = CARTESIAN_POINT('',(1.77987854472,11.83638770354));
#1617 = CARTESIAN_POINT('',(1.885100920226,11.844824399351));
#1618 = CARTESIAN_POINT('',(1.99186222205,11.857246818758));
#1619 = CARTESIAN_POINT('',(2.100927108766,11.873206242515));
#1620 = CARTESIAN_POINT('',(2.213082502333,11.891915679475));
#1621 = CARTESIAN_POINT('',(2.329206488924,11.912128593333));
#1622 = CARTESIAN_POINT('',(2.554761828919,11.949265447299));
#1623 = CARTESIAN_POINT('',(2.666715412619,11.966888622493));
#1624 = CARTESIAN_POINT('',(2.783563825406,11.98316665573));
#1625 = CARTESIAN_POINT('',(2.903597199175,11.995956856868));
#1626 = CARTESIAN_POINT('',(3.025602080713,12.00332252947));
#1627 = CARTESIAN_POINT('',(3.148536940304,12.004384426686));
#1628 = CARTESIAN_POINT('',(3.271408981186,11.999452585733));
#1629 = CARTESIAN_POINT('',(3.471463531705,11.983375934464));
#1630 = CARTESIAN_POINT('',(3.550004533604,11.974999339247));
#1631 = CARTESIAN_POINT('',(3.62853949793,11.964791255207));
#1632 = CARTESIAN_POINT('',(3.707074113887,11.953092516753));
#1633 = CARTESIAN_POINT('',(3.785613979323,11.940332049457));
#1634 = CARTESIAN_POINT('',(3.864159366318,11.926998757452));
#1635 = CARTESIAN_POINT('',(3.942704106572,11.913604793028));
#1636 = CARTESIAN_POINT('',(4.107622136879,11.886379891552));
#1637 = CARTESIAN_POINT('',(4.194026767478,11.872633987355));
#1638 = CARTESIAN_POINT('',(4.280428793159,11.86005650966));
#1639 = CARTESIAN_POINT('',(4.36682124432,11.849273863003));
#1640 = CARTESIAN_POINT('',(4.453207438031,11.840811727984));
#1641 = CARTESIAN_POINT('',(4.539594833831,11.835043397831));
#1642 = CARTESIAN_POINT('',(4.625989184299,11.832159566199));
#1643 = CARTESIAN_POINT('',(4.799653046843,11.832159566199));
#1644 = CARTESIAN_POINT('',(4.886857285917,11.835101601962));
#1645 = CARTESIAN_POINT('',(4.974486783554,11.840979070599));
#1646 = CARTESIAN_POINT('',(5.062982669646,11.849679967778));
#1647 = CARTESIAN_POINT('',(5.152790299515,11.860980906038));
#1648 = CARTESIAN_POINT('',(5.244371347829,11.874515482716));
#1649 = CARTESIAN_POINT('',(5.33822398308,11.889731671393));
#1650 = CARTESIAN_POINT('',(5.528497075217,11.921442584233));
#1651 = CARTESIAN_POINT('',(5.626850665936,11.938231760348));
#1652 = CARTESIAN_POINT('',(5.729036402495,11.955296424046));
#1653 = CARTESIAN_POINT('',(5.834438329397,11.971365760275));
#1654 = CARTESIAN_POINT('',(5.942686409474,11.984998840307));
#1655 = CARTESIAN_POINT('',(6.053578976728,11.994861787781));
#1656 = CARTESIAN_POINT('',(6.167049947287,12.));
#1657 = CARTESIAN_POINT('',(6.28318530718,12.));
#1658 = ( GEOMETRIC_REPRESENTATION_CONTEXT(2) 
PARAMETRIC_REPRESENTATION_CONTEXT() REPRESENTATION_CONTEXT('2D SPACE',''
  ) );
#1659 = ADVANCED_FACE('',(#1660,#1663),#1453,.F.);
#1660 = FACE_BOUND('',#1661,.F.);
#1661 = EDGE_LOOP('',(#1662));
#1662 = ORIENTED_EDGE('',*,*,#1438,.T.);
#1663 = FACE_BOUND('',#1664,.F.);
#1664 = EDGE_LOOP('',(#1665));
#1665 = ORIENTED_EDGE('',*,*,#1666,.F.);
#1666 = EDGE_CURVE('',#1667,#1667,#1669,.T.);
#1667 = VERTEX_POINT('',#1668);
#1668 = CARTESIAN_POINT('',(6.,-1.469576158977E-15,32.));
#1669 = SURFACE_CURVE('',#1670,(#1675,#1682),.PCURVE_S1.);
#1670 = CIRCLE('',#1671,6.);
#1671 = AXIS2_PLACEMENT_3D('',#1672,#1673,#1674);
#1672 = CARTESIAN_POINT('',(0.,0.,32.));
#1673 = DIRECTION('',(0.,0.,1.));
#1674 = DIRECTION('',(1.,0.,-0.));
#1675 = PCURVE('',#1453,#1676);
#1676 = DEFINITIONAL_REPRESENTATION('',(#1677),#1681);
#1677 = CIRCLE('',#1678,6.);
#1678 = AXIS2_PLACEMENT_2D('',#1679,#1680);
#1679 = CARTESIAN_POINT('',(0.,0.));
#1680 = DIRECTION('',(1.,0.));
#1681 = ( GEOMETRIC_REPRESENTATION_CONTEXT(2) 
PARAMETRIC_REPRESENTATION_CONTEXT() REPRESENTATION_CONTEXT('2D SPACE',''
  ) );
#1682 = PCURVE('',#1683,#1688);
#1683 = CYLINDRICAL_SURFACE('',#1684,6.);
#1684 = AXIS2_PLACEMENT_3D('',#1685,#1686,#1687);
#1685 = CARTESIAN_POINT('',(0.,0.,20.));
#1686 = DIRECTION('',(0.,0.,1.));
#1687 = DIRECTION('',(1.,0.,-0.));
#1688 = DEFINITIONAL_REPRESENTATION('',(#1689),#1693);
#1689 = LINE('',#1690,#1691);
#1690 = CARTESIAN_POINT('',(0.,12.));
#1691 = VECTOR('',#1692,1.);
#1692 = DIRECTION('',(1.,0.));
#1693 = ( GEOMETRIC_REPRESENTATION_CONTEXT(2) 
PARAMETRIC_REPRESENTATION_CONTEXT() REPRESENTATION_CONTEXT('2D SPACE',''
  ) );
#1694 = ADVANCED_FACE('',(#1695),#1425,.T.);
#1695 = FACE_BOUND('',#1696,.T.);
#1696 = EDGE_LOOP('',(#1697));
#1697 = ORIENTED_EDGE('',*,*,#1410,.T.);
#1698 = ADVANCED_FACE('',(#1699),#1593,.T.);
#1699 = FACE_BOUND('',#1700,.T.);
#1700 = EDGE_LOOP('',(#1701,#1724,#1751,#1752));
#1701 = ORIENTED_EDGE('',*,*,#1702,.T.);
#1702 = EDGE_CURVE('',#1468,#1703,#1705,.T.);
#1703 = VERTEX_POINT('',#1704);
#1704 = CARTESIAN_POINT('',(-4.898587196589E-16,29.,49.));
#1705 = SEAM_CURVE('',#1706,(#1710,#1717),.PCURVE_S1.);
#1706 = LINE('',#1707,#1708);
#1707 = CARTESIAN_POINT('',(-4.898587196589E-16,0.,49.));
#1708 = VECTOR('',#1709,1.);
#1709 = DIRECTION('',(0.,1.,0.));
#1710 = PCURVE('',#1593,#1711);
#1711 = DEFINITIONAL_REPRESENTATION('',(#1712),#1716);
#1712 = LINE('',#1713,#1714);
#1713 = CARTESIAN_POINT('',(6.28318530718,-0.));
#1714 = VECTOR('',#1715,1.);
#1715 = DIRECTION('',(0.,1.));
#1716 = ( GEOMETRIC_REPRESENTATION_CONTEXT(2) 
PARAMETRIC_REPRESENTATION_CONTEXT() REPRESENTATION_CONTEXT('2D SPACE',''
  ) );
#1717 = PCURVE('',#1593,#1718);
#1718 = DEFINITIONAL_REPRESENTATION('',(#1719),#1723);
#1719 = LINE('',#1720,#1721);
#1720 = CARTESIAN_POINT('',(0.,-0.));
#1721 = VECTOR('',#1722,1.);
#1722 = DIRECTION('',(0.,1.));
#1723 = ( GEOMETRIC_REPRESENTATION_CONTEXT(2) 
PARAMETRIC_REPRESENTATION_CONTEXT() REPRESENTATION_CONTEXT('2D SPACE',''
  ) );
#1724 = ORIENTED_EDGE('',*,*,#1725,.F.);
#1725 = EDGE_CURVE('',#1703,#1703,#1726,.T.);
#1726 = SURFACE_CURVE('',#1727,(#1732,#1739),.PCURVE_S1.);
#1727 = CIRCLE('',#1728,2.);
#1728 = AXIS2_PLACEMENT_3D('',#1729,#1730,#1731);
#1729 = CARTESIAN_POINT('',(0.,29.,47.));
#1730 = DIRECTION('',(0.,1.,0.));
#1731 = DIRECTION('',(0.,-0.,1.));
#1732 = PCURVE('',#1593,#1733);
#1733 = DEFINITIONAL_REPRESENTATION('',(#1734),#1738);
#1734 = LINE('',#1735,#1736);
#1735 = CARTESIAN_POINT('',(0.,29.));
#1736 = VECTOR('',#1737,1.);
#1737 = DIRECTION('',(1.,0.));
#1738 = ( GEOMETRIC_REPRESENTATION_CONTEXT(2) 
PARAMETRIC_REPRESENTATION_CONTEXT() REPRESENTATION_CONTEXT('2D SPACE',''
  ) );
#1739 = PCURVE('',#1740,#1745);
#1740 = PLANE('',#1741);
#1741 = AXIS2_PLACEMENT_3D('',#1742,#1743,#1744);
#1742 = CARTESIAN_POINT('',(0.,29.,47.));
#1743 = DIRECTION('',(0.,1.,0.));
#1744 = DIRECTION('',(0.,-0.,1.));
#1745 = DEFINITIONAL_REPRESENTATION('',(#1746),#1750);
#1746 = CIRCLE('',#1747,2.);
#1747 = AXIS2_PLACEMENT_2D('',#1748,#1749);
#1748 = CARTESIAN_POINT('',(0.,0.));
#1749 = DIRECTION('',(1.,0.));
#1750 = ( GEOMETRIC_REPRESENTATION_CONTEXT(2) 
PARAMETRIC_REPRESENTATION_CONTEXT() REPRESENTATION_CONTEXT('2D SPACE',''
  ) );
#1751 = ORIENTED_EDGE('',*,*,#1702,.F.);
#1752 = ORIENTED_EDGE('',*,*,#1467,.T.);
#1753 = ADVANCED_FACE('',(#1754),#1683,.T.);
#1754 = FACE_BOUND('',#1755,.T.);
#1755 = EDGE_LOOP('',(#1756,#1757,#1780,#1807));
#1756 = ORIENTED_EDGE('',*,*,#1666,.F.);
#1757 = ORIENTED_EDGE('',*,*,#1758,.F.);
#1758 = EDGE_CURVE('',#1759,#1667,#1761,.T.);
#1759 = VERTEX_POINT('',#1760);
#1760 = CARTESIAN_POINT('',(6.,-1.469576158977E-15,20.));
#1761 = SEAM_CURVE('',#1762,(#1766,#1773),.PCURVE_S1.);
#1762 = LINE('',#1763,#1764);
#1763 = CARTESIAN_POINT('',(6.,-1.469576158977E-15,20.));
#1764 = VECTOR('',#1765,1.);
#1765 = DIRECTION('',(0.,0.,1.));
#1766 = PCURVE('',#1683,#1767);
#1767 = DEFINITIONAL_REPRESENTATION('',(#1768),#1772);
#1768 = LINE('',#1769,#1770);
#1769 = CARTESIAN_POINT('',(6.28318530718,-0.));
#1770 = VECTOR('',#1771,1.);
#1771 = DIRECTION('',(0.,1.));
#1772 = ( GEOMETRIC_REPRESENTATION_CONTEXT(2) 
PARAMETRIC_REPRESENTATION_CONTEXT() REPRESENTATION_CONTEXT('2D SPACE',''
  ) );
#1773 = PCURVE('',#1683,#1774);
#1774 = DEFINITIONAL_REPRESENTATION('',(#1775),#1779);
#1775 = LINE('',#1776,#1777);
#1776 = CARTESIAN_POINT('',(0.,-0.));
#1777 = VECTOR('',#1778,1.);
#1778 = DIRECTION('',(0.,1.));
#1779 = ( GEOMETRIC_REPRESENTATION_CONTEXT(2) 
PARAMETRIC_REPRESENTATION_CONTEXT() REPRESENTATION_CONTEXT('2D SPACE',''
  ) );
#1780 = ORIENTED_EDGE('',*,*,#1781,.T.);
#1781 = EDGE_CURVE('',#1759,#1759,#1782,.T.);
#1782 = SURFACE_CURVE('',#1783,(#1788,#1795),.PCURVE_S1.);
#1783 = CIRCLE('',#1784,6.);
#1784 = AXIS2_PLACEMENT_3D('',#1785,#1786,#1787);
#1785 = CARTESIAN_POINT('',(0.,0.,20.));
#1786 = DIRECTION('',(0.,0.,1.));
#1787 = DIRECTION('',(1.,0.,-0.));
#1788 = PCURVE('',#1683,#1789);
#1789 = DEFINITIONAL_REPRESENTATION('',(#1790),#1794);
#1790 = LINE('',#1791,#1792);
#1791 = CARTESIAN_POINT('',(0.,0.));
#1792 = VECTOR('',#1793,1.);
#1793 = DIRECTION('',(1.,0.));
#1794 = ( GEOMETRIC_REPRESENTATION_CONTEXT(2) 
PARAMETRIC_REPRESENTATION_CONTEXT() REPRESENTATION_CONTEXT('2D SPACE',''
  ) );
#1795 = PCURVE('',#1796,#1801);
#1796 = PLANE('',#1797);
#1797 = AXIS2_PLACEMENT_3D('',#1798,#1799,#1800);
#1798 = CARTESIAN_POINT('',(0.,0.,20.));
#1799 = DIRECTION('',(0.,0.,1.));
#1800 = DIRECTION('',(1.,0.,-0.));
#1801 = DEFINITIONAL_REPRESENTATION('',(#1802),#1806);
#1802 = CIRCLE('',#1803,6.);
#1803 = AXIS2_PLACEMENT_2D('',#1804,#1805);
#1804 = CARTESIAN_POINT('',(0.,0.));
#1805 = DIRECTION('',(1.,0.));
#1806 = ( GEOMETRIC_REPRESENTATION_CONTEXT(2) 
PARAMETRIC_REPRESENTATION_CONTEXT() REPRESENTATION_CONTEXT('2D SPACE',''
  ) );
#1807 = ORIENTED_EDGE('',*,*,#1758,.T.);
#1808 = ADVANCED_FACE('',(#1809),#1740,.T.);
#1809 = FACE_BOUND('',#1810,.T.);
#1810 = EDGE_LOOP('',(#1811));
#1811 = ORIENTED_EDGE('',*,*,#1725,.T.);
#1812 = ADVANCED_FACE('',(#1813,#1844),#1796,.T.);
#1813 = FACE_BOUND('',#1814,.T.);
#1814 = EDGE_LOOP('',(#1815));
#1815 = ORIENTED_EDGE('',*,*,#1816,.T.);
#1816 = EDGE_CURVE('',#1817,#1817,#1819,.T.);
#1817 = VERTEX_POINT('',#1818);
#1818 = CARTESIAN_POINT('',(22.,-5.388445916248E-15,20.));
#1819 = SURFACE_CURVE('',#1820,(#1825,#1832),.PCURVE_S1.);
#1820 = CIRCLE('',#1821,22.);
#1821 = AXIS2_PLACEMENT_3D('',#1822,#1823,#1824);
#1822 = CARTESIAN_POINT('',(0.,0.,20.));
#1823 = DIRECTION('',(0.,0.,1.));
#1824 = DIRECTION('',(1.,0.,-0.));
#1825 = PCURVE('',#1796,#1826);
#1826 = DEFINITIONAL_REPRESENTATION('',(#1827),#1831);
#1827 = CIRCLE('',#1828,22.);
#1828 = AXIS2_PLACEMENT_2D('',#1829,#1830);
#1829 = CARTESIAN_POINT('',(0.,0.));
#1830 = DIRECTION('',(1.,0.));
#1831 = ( GEOMETRIC_REPRESENTATION_CONTEXT(2) 
PARAMETRIC_REPRESENTATION_CONTEXT() REPRESENTATION_CONTEXT('2D SPACE',''
  ) );
#1832 = PCURVE('',#1833,#1838);
#1833 = CYLINDRICAL_SURFACE('',#1834,22.);
#1834 = AXIS2_PLACEMENT_3D('',#1835,#1836,#1837);
#1835 = CARTESIAN_POINT('',(0.,0.,12.));
#1836 = DIRECTION('',(0.,0.,1.));
#1837 = DIRECTION('',(1.,0.,-0.));
#1838 = DEFINITIONAL_REPRESENTATION('',(#1839),#1843);
#1839 = LINE('',#1840,#1841);
#1840 = CARTESIAN_POINT('',(0.,8.));
#1841 = VECTOR('',#1842,1.);
#1842 = DIRECTION('',(1.,0.));
#1843 = ( GEOMETRIC_REPRESENTATION_CONTEXT(2) 
PARAMETRIC_REPRESENTATION_CONTEXT() REPRESENTATION_CONTEXT('2D SPACE',''
  ) );
#1844 = FACE_BOUND('',#1845,.T.);
#1845 = EDGE_LOOP('',(#1846));
#1846 = ORIENTED_EDGE('',*,*,#1781,.F.);
#1847 = ADVANCED_FACE('',(#1848),#1833,.T.);
#1848 = FACE_BOUND('',#1849,.T.);
#1849 = EDGE_LOOP('',(#1850,#1851,#1874,#1901));
#1850 = ORIENTED_EDGE('',*,*,#1816,.F.);
#1851 = ORIENTED_EDGE('',*,*,#1852,.F.);
#1852 = EDGE_CURVE('',#1853,#1817,#1855,.T.);
#1853 = VERTEX_POINT('',#1854);
#1854 = CARTESIAN_POINT('',(22.,-5.388445916248E-15,12.));
#1855 = SEAM_CURVE('',#1856,(#1860,#1867),.PCURVE_S1.);
#1856 = LINE('',#1857,#1858);
#1857 = CARTESIAN_POINT('',(22.,-5.388445916248E-15,12.));
#1858 = VECTOR('',#1859,1.);
#1859 = DIRECTION('',(0.,0.,1.));
#1860 = PCURVE('',#1833,#1861);
#1861 = DEFINITIONAL_REPRESENTATION('',(#1862),#1866);
#1862 = LINE('',#1863,#1864);
#1863 = CARTESIAN_POINT('',(6.28318530718,-0.));
#1864 = VECTOR('',#1865,1.);
#1865 = DIRECTION('',(0.,1.));
#1866 = ( GEOMETRIC_REPRESENTATION_CONTEXT(2) 
PARAMETRIC_REPRESENTATION_CONTEXT() REPRESENTATION_CONTEXT('2D SPACE',''
  ) );
#1867 = PCURVE('',#1833,#1868);
#1868 = DEFINITIONAL_REPRESENTATION('',(#1869),#1873);
#1869 = LINE('',#1870,#1871);
#1870 = CARTESIAN_POINT('',(0.,-0.));
#1871 = VECTOR('',#1872,1.);
#1872 = DIRECTION('',(0.,1.));
#1873 = ( GEOMETRIC_REPRESENTATION_CONTEXT(2) 
PARAMETRIC_REPRESENTATION_CONTEXT() REPRESENTATION_CONTEXT('2D SPACE',''
  ) );
#1874 = ORIENTED_EDGE('',*,*,#1875,.T.);
#1875 = EDGE_CURVE('',#1853,#1853,#1876,.T.);
#1876 = SURFACE_CURVE('',#1877,(#1882,#1889),.PCURVE_S1.);
#1877 = CIRCLE('',#1878,22.);
#1878 = AXIS2_PLACEMENT_3D('',#1879,#1880,#1881);
#1879 = CARTESIAN_POINT('',(0.,0.,12.));
#1880 = DIRECTION('',(0.,0.,1.));
#1881 = DIRECTION('',(1.,0.,-0.));
#1882 = PCURVE('',#1833,#1883);
#1883 = DEFINITIONAL_REPRESENTATION('',(#1884),#1888);
#1884 = LINE('',#1885,#1886);
#1885 = CARTESIAN_POINT('',(0.,0.));
#1886 = VECTOR('',#1887,1.);
#1887 = DIRECTION('',(1.,0.));
#1888 = ( GEOMETRIC_REPRESENTATION_CONTEXT(2) 
PARAMETRIC_REPRESENTATION_CONTEXT() REPRESENTATION_CONTEXT('2D SPACE',''
  ) );
#1889 = PCURVE('',#1890,#1895);
#1890 = PLANE('',#1891);
#1891 = AXIS2_PLACEMENT_3D('',#1892,#1893,#1894);
#1892 = CARTESIAN_POINT('',(0.,0.,12.));
#1893 = DIRECTION('',(0.,0.,1.));
#1894 = DIRECTION('',(1.,0.,-0.));
#1895 = DEFINITIONAL_REPRESENTATION('',(#1896),#1900);
#1896 = CIRCLE('',#1897,22.);
#1897 = AXIS2_PLACEMENT_2D('',#1898,#1899);
#1898 = CARTESIAN_POINT('',(0.,0.));
#1899 = DIRECTION('',(1.,0.));
#1900 = ( GEOMETRIC_REPRESENTATION_CONTEXT(2) 
PARAMETRIC_REPRESENTATION_CONTEXT() REPRESENTATION_CONTEXT('2D SPACE',''
  ) );
#1901 = ORIENTED_EDGE('',*,*,#1852,.T.);
#1902 = ADVANCED_FACE('',(#1903,#1906,#1937),#1890,.F.);
#1903 = FACE_BOUND('',#1904,.F.);
#1904 = EDGE_LOOP('',(#1905));
#1905 = ORIENTED_EDGE('',*,*,#1875,.T.);
#1906 = FACE_BOUND('',#1907,.F.);
#1907 = EDGE_LOOP('',(#1908));
#1908 = ORIENTED_EDGE('',*,*,#1909,.F.);
#1909 = EDGE_CURVE('',#1910,#1910,#1912,.T.);
#1910 = VERTEX_POINT('',#1911);
#1911 = CARTESIAN_POINT('',(4.,-9.797174393179E-16,12.));
#1912 = SURFACE_CURVE('',#1913,(#1918,#1925),.PCURVE_S1.);
#1913 = CIRCLE('',#1914,4.);
#1914 = AXIS2_PLACEMENT_3D('',#1915,#1916,#1917);
#1915 = CARTESIAN_POINT('',(0.,0.,12.));
#1916 = DIRECTION('',(0.,0.,1.));
#1917 = DIRECTION('',(1.,0.,-0.));
#1918 = PCURVE('',#1890,#1919);
#1919 = DEFINITIONAL_REPRESENTATION('',(#1920),#1924);
#1920 = CIRCLE('',#1921,4.);
#1921 = AXIS2_PLACEMENT_2D('',#1922,#1923);
#1922 = CARTESIAN_POINT('',(0.,0.));
#1923 = DIRECTION('',(1.,0.));
#1924 = ( GEOMETRIC_REPRESENTATION_CONTEXT(2) 
PARAMETRIC_REPRESENTATION_CONTEXT() REPRESENTATION_CONTEXT('2D SPACE',''
  ) );
#1925 = PCURVE('',#1926,#1931);
#1926 = CYLINDRICAL_SURFACE('',#1927,4.);
#1927 = AXIS2_PLACEMENT_3D('',#1928,#1929,#1930);
#1928 = CARTESIAN_POINT('',(0.,0.,12.));
#1929 = DIRECTION('',(0.,0.,1.));
#1930 = DIRECTION('',(1.,0.,-0.));
#1931 = DEFINITIONAL_REPRESENTATION('',(#1932),#1936);
#1932 = LINE('',#1933,#1934);
#1933 = CARTESIAN_POINT('',(0.,0.));
#1934 = VECTOR('',#1935,1.);
#1935 = DIRECTION('',(1.,0.));
#1936 = ( GEOMETRIC_REPRESENTATION_CONTEXT(2) 
PARAMETRIC_REPRESENTATION_CONTEXT() REPRESENTATION_CONTEXT('2D SPACE',''
  ) );
#1937 = FACE_BOUND('',#1938,.F.);
#1938 = EDGE_LOOP('',(#1939));
#1939 = ORIENTED_EDGE('',*,*,#1940,.F.);
#1940 = EDGE_CURVE('',#1941,#1941,#1943,.T.);
#1941 = VERTEX_POINT('',#1942);
#1942 = CARTESIAN_POINT('',(18.1,-5.143516556419E-16,12.));
#1943 = SURFACE_CURVE('',#1944,(#1949,#1956),.PCURVE_S1.);
#1944 = CIRCLE('',#1945,2.1);
#1945 = AXIS2_PLACEMENT_3D('',#1946,#1947,#1948);
#1946 = CARTESIAN_POINT('',(16.,0.,12.));
#1947 = DIRECTION('',(0.,0.,1.));
#1948 = DIRECTION('',(1.,0.,-0.));
#1949 = PCURVE('',#1890,#1950);
#1950 = DEFINITIONAL_REPRESENTATION('',(#1951),#1955);
#1951 = CIRCLE('',#1952,2.1);
#1952 = AXIS2_PLACEMENT_2D('',#1953,#1954);
#1953 = CARTESIAN_POINT('',(16.,0.));
#1954 = DIRECTION('',(1.,0.));
#1955 = ( GEOMETRIC_REPRESENTATION_CONTEXT(2) 
PARAMETRIC_REPRESENTATION_CONTEXT() REPRESENTATION_CONTEXT('2D SPACE',''
  ) );
#1956 = PCURVE('',#1957,#1962);
#1957 = CYLINDRICAL_SURFACE('',#1958,2.1);
#1958 = AXIS2_PLACEMENT_3D('',#1959,#1960,#1961);
#1959 = CARTESIAN_POINT('',(16.,0.,12.));
#1960 = DIRECTION('',(0.,0.,1.));
#1961 = DIRECTION('',(1.,0.,-0.));
#1962 = DEFINITIONAL_REPRESENTATION('',(#1963),#1967);
#1963 = LINE('',#1964,#1965);
#1964 = CARTESIAN_POINT('',(0.,0.));
#1965 = VECTOR('',#1966,1.);
#1966 = DIRECTION('',(1.,0.));
#1967 = ( GEOMETRIC_REPRESENTATION_CONTEXT(2) 
PARAMETRIC_REPRESENTATION_CONTEXT() REPRESENTATION_CONTEXT('2D SPACE',''
  ) );
#1968 = ADVANCED_FACE('',(#1969),#1926,.F.);
#1969 = FACE_BOUND('',#1970,.F.);
#1970 = EDGE_LOOP('',(#1971,#2000,#2021,#2022));
#1971 = ORIENTED_EDGE('',*,*,#1972,.F.);
#1972 = EDGE_CURVE('',#1973,#1973,#1975,.T.);
#1973 = VERTEX_POINT('',#1974);
#1974 = CARTESIAN_POINT('',(4.,-9.797174393179E-16,32.));
#1975 = SURFACE_CURVE('',#1976,(#1981,#1988),.PCURVE_S1.);
#1976 = CIRCLE('',#1977,4.);
#1977 = AXIS2_PLACEMENT_3D('',#1978,#1979,#1980);
#1978 = CARTESIAN_POINT('',(0.,0.,32.));
#1979 = DIRECTION('',(0.,0.,1.));
#1980 = DIRECTION('',(1.,0.,-0.));
#1981 = PCURVE('',#1926,#1982);
#1982 = DEFINITIONAL_REPRESENTATION('',(#1983),#1987);
#1983 = LINE('',#1984,#1985);
#1984 = CARTESIAN_POINT('',(0.,20.));
#1985 = VECTOR('',#1986,1.);
#1986 = DIRECTION('',(1.,0.));
#1987 = ( GEOMETRIC_REPRESENTATION_CONTEXT(2) 
PARAMETRIC_REPRESENTATION_CONTEXT() REPRESENTATION_CONTEXT('2D SPACE',''
  ) );
#1988 = PCURVE('',#1989,#1994);
#1989 = PLANE('',#1990);
#1990 = AXIS2_PLACEMENT_3D('',#1991,#1992,#1993);
#1991 = CARTESIAN_POINT('',(0.,0.,32.));
#1992 = DIRECTION('',(0.,0.,1.));
#1993 = DIRECTION('',(1.,0.,-0.));
#1994 = DEFINITIONAL_REPRESENTATION('',(#1995),#1999);
#1995 = CIRCLE('',#1996,4.);
#1996 = AXIS2_PLACEMENT_2D('',#1997,#1998);
#1997 = CARTESIAN_POINT('',(0.,0.));
#1998 = DIRECTION('',(1.,0.));
#1999 = ( GEOMETRIC_REPRESENTATION_CONTEXT(2) 
PARAMETRIC_REPRESENTATION_CONTEXT() REPRESENTATION_CONTEXT('2D SPACE',''
  ) );
#2000 = ORIENTED_EDGE('',*,*,#2001,.F.);
#2001 = EDGE_CURVE('',#1910,#1973,#2002,.T.);
#2002 = SEAM_CURVE('',#2003,(#2007,#2014),.PCURVE_S1.);
#2003 = LINE('',#2004,#2005);
#2004 = CARTESIAN_POINT('',(4.,-9.797174393179E-16,12.));
#2005 = VECTOR('',#2006,1.);
#2006 = DIRECTION('',(0.,0.,1.));
#2007 = PCURVE('',#1926,#2008);
#2008 = DEFINITIONAL_REPRESENTATION('',(#2009),#2013);
#2009 = LINE('',#2010,#2011);
#2010 = CARTESIAN_POINT('',(6.28318530718,-0.));
#2011 = VECTOR('',#2012,1.);
#2012 = DIRECTION('',(0.,1.));
#2013 = ( GEOMETRIC_REPRESENTATION_CONTEXT(2) 
PARAMETRIC_REPRESENTATION_CONTEXT() REPRESENTATION_CONTEXT('2D SPACE',''
  ) );
#2014 = PCURVE('',#1926,#2015);
#2015 = DEFINITIONAL_REPRESENTATION('',(#2016),#2020);
#2016 = LINE('',#2017,#2018);
#2017 = CARTESIAN_POINT('',(0.,-0.));
#2018 = VECTOR('',#2019,1.);
#2019 = DIRECTION('',(0.,1.));
#2020 = ( GEOMETRIC_REPRESENTATION_CONTEXT(2) 
PARAMETRIC_REPRESENTATION_CONTEXT() REPRESENTATION_CONTEXT('2D SPACE',''
  ) );
#2021 = ORIENTED_EDGE('',*,*,#1909,.T.);
#2022 = ORIENTED_EDGE('',*,*,#2001,.T.);
#2023 = ADVANCED_FACE('',(#2024),#1957,.F.);
#2024 = FACE_BOUND('',#2025,.F.);
#2025 = EDGE_LOOP('',(#2026,#2055,#2076,#2077));
#2026 = ORIENTED_EDGE('',*,*,#2027,.F.);
#2027 = EDGE_CURVE('',#2028,#2028,#2030,.T.);
#2028 = VERTEX_POINT('',#2029);
#2029 = CARTESIAN_POINT('',(18.1,-5.143516556419E-16,16.));
#2030 = SURFACE_CURVE('',#2031,(#2036,#2043),.PCURVE_S1.);
#2031 = CIRCLE('',#2032,2.1);
#2032 = AXIS2_PLACEMENT_3D('',#2033,#2034,#2035);
#2033 = CARTESIAN_POINT('',(16.,0.,16.));
#2034 = DIRECTION('',(0.,0.,1.));
#2035 = DIRECTION('',(1.,0.,-0.));
#2036 = PCURVE('',#1957,#2037);
#2037 = DEFINITIONAL_REPRESENTATION('',(#2038),#2042);
#2038 = LINE('',#2039,#2040);
#2039 = CARTESIAN_POINT('',(0.,4.));
#2040 = VECTOR('',#2041,1.);
#2041 = DIRECTION('',(1.,0.));
#2042 = ( GEOMETRIC_REPRESENTATION_CONTEXT(2) 
PARAMETRIC_REPRESENTATION_CONTEXT() REPRESENTATION_CONTEXT('2D SPACE',''
  ) );
#2043 = PCURVE('',#2044,#2049);
#2044 = PLANE('',#2045);
#2045 = AXIS2_PLACEMENT_3D('',#2046,#2047,#2048);
#2046 = CARTESIAN_POINT('',(16.,0.,16.));
#2047 = DIRECTION('',(0.,0.,1.));
#2048 = DIRECTION('',(1.,0.,-0.));
#2049 = DEFINITIONAL_REPRESENTATION('',(#2050),#2054);
#2050 = CIRCLE('',#2051,2.1);
#2051 = AXIS2_PLACEMENT_2D('',#2052,#2053);
#2052 = CARTESIAN_POINT('',(0.,0.));
#2053 = DIRECTION('',(1.,0.));
#2054 = ( GEOMETRIC_REPRESENTATION_CONTEXT(2) 
PARAMETRIC_REPRESENTATION_CONTEXT() REPRESENTATION_CONTEXT('2D SPACE',''
  ) );
#2055 = ORIENTED_EDGE('',*,*,#2056,.F.);
#2056 = EDGE_CURVE('',#1941,#2028,#2057,.T.);
#2057 = SEAM_CURVE('',#2058,(#2062,#2069),.PCURVE_S1.);
#2058 = LINE('',#2059,#2060);
#2059 = CARTESIAN_POINT('',(18.1,-5.143516556419E-16,12.));
#2060 = VECTOR('',#2061,1.);
#2061 = DIRECTION('',(0.,0.,1.));
#2062 = PCURVE('',#1957,#2063);
#2063 = DEFINITIONAL_REPRESENTATION('',(#2064),#2068);
#2064 = LINE('',#2065,#2066);
#2065 = CARTESIAN_POINT('',(6.28318530718,-0.));
#2066 = VECTOR('',#2067,1.);
#2067 = DIRECTION('',(0.,1.));
#2068 = ( GEOMETRIC_REPRESENTATION_CONTEXT(2) 
PARAMETRIC_REPRESENTATION_CONTEXT() REPRESENTATION_CONTEXT('2D SPACE',''
  ) );
#2069 = PCURVE('',#1957,#2070);
#2070 = DEFINITIONAL_REPRESENTATION('',(#2071),#2075);
#2071 = LINE('',#2072,#2073);
#2072 = CARTESIAN_POINT('',(0.,-0.));
#2073 = VECTOR('',#2074,1.);
#2074 = DIRECTION('',(0.,1.));
#2075 = ( GEOMETRIC_REPRESENTATION_CONTEXT(2) 
PARAMETRIC_REPRESENTATION_CONTEXT() REPRESENTATION_CONTEXT('2D SPACE',''
  ) );
#2076 = ORIENTED_EDGE('',*,*,#1940,.T.);
#2077 = ORIENTED_EDGE('',*,*,#2056,.T.);
#2078 = ADVANCED_FACE('',(#2079),#1989,.F.);
#2079 = FACE_BOUND('',#2080,.F.);
#2080 = EDGE_LOOP('',(#2081));
#2081 = ORIENTED_EDGE('',*,*,#1972,.T.);
#2082 = ADVANCED_FACE('',(#2083),#2044,.F.);
#2083 = FACE_BOUND('',#2084,.F.);
#2084 = EDGE_LOOP('',(#2085));
#2085 = ORIENTED_EDGE('',*,*,#2027,.T.);
#2086 = ( GEOMETRIC_REPRESENTATION_CONTEXT(3) 
GLOBAL_UNCERTAINTY_ASSIGNED_CONTEXT((#2090)) 
GLOBAL_UNIT_ASSIGNED_CONTEXT((#2087,#2088,#2089)) REPRESENTATION_CONTEXT
('Context #1','3D Context with UNIT and UNCERTAINTY') );
#2087 = ( LENGTH_UNIT() NAMED_UNIT(*) SI_UNIT(.MILLI.,.METRE.) );
#2088 = ( NAMED_UNIT(*) PLANE_ANGLE_UNIT() SI_UNIT($,.RADIAN.) );
#2089 = ( NAMED_UNIT(*) SI_UNIT($,.STERADIAN.) SOLID_ANGLE_UNIT() );
#2090 = UNCERTAINTY_MEASURE_WITH_UNIT(LENGTH_MEASURE(1.E-07),#2087,
  'distance_accuracy_value','confusion accuracy');
#2091 = CONTEXT_DEPENDENT_SHAPE_REPRESENTATION(#2092,#2094);
#2092 = ( REPRESENTATION_RELATIONSHIP('','',#1373,#10) 
REPRESENTATION_RELATIONSHIP_WITH_TRANSFORMATION(#2093) 
SHAPE_REPRESENTATION_RELATIONSHIP() );
#2093 = ITEM_DEFINED_TRANSFORMATION('','',#11,#27);
#2094 = PRODUCT_DEFINITION_SHAPE('Placement','Placement of an item',
  #2095);
#2095 = NEXT_ASSEMBLY_USAGE_OCCURRENCE('8','','',#5,#1368,$);
#2096 = PRODUCT_RELATED_PRODUCT_CATEGORY('part',$,(#1370));
#2097 = SHAPE_DEFINITION_REPRESENTATION(#2098,#2104);
#2098 = PRODUCT_DEFINITION_SHAPE('','',#2099);
#2099 = PRODUCT_DEFINITION('design','',#2100,#2103);
#2100 = PRODUCT_DEFINITION_FORMATION('','',#2101);
#2101 = PRODUCT('Open CASCADE STEP translator 7.8 2.5',
  'Open CASCADE STEP translator 7.8 2.5','',(#2102));
#2102 = PRODUCT_CONTEXT('',#2,'mechanical');
#2103 = PRODUCT_DEFINITION_CONTEXT('part definition',#2,'design');
#2104 = ADVANCED_BREP_SHAPE_REPRESENTATION('',(#11,#2105),#3135);
#2105 = MANIFOLD_SOLID_BREP('',#2106);
#2106 = CLOSED_SHELL('',(#2107,#2532,#2567,#2664,#2712,#2766,#2814,#2868
    ,#2915,#3074,#3100));
#2107 = ADVANCED_FACE('',(#2108),#2121,.T.);
#2108 = FACE_BOUND('',#2109,.T.);
#2109 = EDGE_LOOP('',(#2110,#2144,#2167,#2196,#2223,#2256,#2283,#2316,
    #2343,#2482,#2509,#2531));
#2110 = ORIENTED_EDGE('',*,*,#2111,.F.);
#2111 = EDGE_CURVE('',#2112,#2112,#2114,.T.);
#2112 = VERTEX_POINT('',#2113);
#2113 = CARTESIAN_POINT('',(13.5,0.,206.));
#2114 = SURFACE_CURVE('',#2115,(#2120,#2132),.PCURVE_S1.);
#2115 = CIRCLE('',#2116,13.5);
#2116 = AXIS2_PLACEMENT_3D('',#2117,#2118,#2119);
#2117 = CARTESIAN_POINT('',(0.,0.,206.));
#2118 = DIRECTION('',(0.,0.,1.));
#2119 = DIRECTION('',(1.,0.,-0.));
#2120 = PCURVE('',#2121,#2126);
#2121 = CYLINDRICAL_SURFACE('',#2122,13.5);
#2122 = AXIS2_PLACEMENT_3D('',#2123,#2124,#2125);
#2123 = CARTESIAN_POINT('',(0.,0.,26.));
#2124 = DIRECTION('',(-0.,-0.,-1.));
#2125 = DIRECTION('',(1.,0.,0.));
#2126 = DEFINITIONAL_REPRESENTATION('',(#2127),#2131);
#2127 = LINE('',#2128,#2129);
#2128 = CARTESIAN_POINT('',(6.28318530718,-180.));
#2129 = VECTOR('',#2130,1.);
#2130 = DIRECTION('',(-1.,0.));
#2131 = ( GEOMETRIC_REPRESENTATION_CONTEXT(2) 
PARAMETRIC_REPRESENTATION_CONTEXT() REPRESENTATION_CONTEXT('2D SPACE',''
  ) );
#2132 = PCURVE('',#2133,#2138);
#2133 = PLANE('',#2134);
#2134 = AXIS2_PLACEMENT_3D('',#2135,#2136,#2137);
#2135 = CARTESIAN_POINT('',(-1.215502340035E-15,-5.510910596163E-16,206.
    ));
#2136 = DIRECTION('',(0.,0.,1.));
#2137 = DIRECTION('',(1.,0.,-0.));
#2138 = DEFINITIONAL_REPRESENTATION('',(#2139),#2143);
#2139 = CIRCLE('',#2140,13.5);
#2140 = AXIS2_PLACEMENT_2D('',#2141,#2142);
#2141 = CARTESIAN_POINT('',(1.215502340035E-15,5.510910596163E-16));
#2142 = DIRECTION('',(1.,0.));
#2143 = ( GEOMETRIC_REPRESENTATION_CONTEXT(2) 
PARAMETRIC_REPRESENTATION_CONTEXT() REPRESENTATION_CONTEXT('2D SPACE',''
  ) );
#2144 = ORIENTED_EDGE('',*,*,#2145,.F.);
#2145 = EDGE_CURVE('',#2146,#2112,#2148,.T.);
#2146 = VERTEX_POINT('',#2147);
#2147 = CARTESIAN_POINT('',(13.5,0.,26.));
#2148 = SEAM_CURVE('',#2149,(#2153,#2160),.PCURVE_S1.);
#2149 = LINE('',#2150,#2151);
#2150 = CARTESIAN_POINT('',(13.5,0.,26.));
#2151 = VECTOR('',#2152,1.);
#2152 = DIRECTION('',(0.,0.,1.));
#2153 = PCURVE('',#2121,#2154);
#2154 = DEFINITIONAL_REPRESENTATION('',(#2155),#2159);
#2155 = LINE('',#2156,#2157);
#2156 = CARTESIAN_POINT('',(6.283185307179,0.));
#2157 = VECTOR('',#2158,1.);
#2158 = DIRECTION('',(-0.,-1.));
#2159 = ( GEOMETRIC_REPRESENTATION_CONTEXT(2) 
PARAMETRIC_REPRESENTATION_CONTEXT() REPRESENTATION_CONTEXT('2D SPACE',''
  ) );
#2160 = PCURVE('',#2121,#2161);
#2161 = DEFINITIONAL_REPRESENTATION('',(#2162),#2166);
#2162 = LINE('',#2163,#2164);
#2163 = CARTESIAN_POINT('',(-0.,0.));
#2164 = VECTOR('',#2165,1.);
#2165 = DIRECTION('',(-0.,-1.));
#2166 = ( GEOMETRIC_REPRESENTATION_CONTEXT(2) 
PARAMETRIC_REPRESENTATION_CONTEXT() REPRESENTATION_CONTEXT('2D SPACE',''
  ) );
#2167 = ORIENTED_EDGE('',*,*,#2168,.T.);
#2168 = EDGE_CURVE('',#2146,#2169,#2171,.T.);
#2169 = VERTEX_POINT('',#2170);
#2170 = CARTESIAN_POINT('',(2.5,13.266499161422,26.));
#2171 = SURFACE_CURVE('',#2172,(#2177,#2184),.PCURVE_S1.);
#2172 = CIRCLE('',#2173,13.5);
#2173 = AXIS2_PLACEMENT_3D('',#2174,#2175,#2176);
#2174 = CARTESIAN_POINT('',(0.,0.,26.));
#2175 = DIRECTION('',(0.,0.,1.));
#2176 = DIRECTION('',(1.,0.,-0.));
#2177 = PCURVE('',#2121,#2178);
#2178 = DEFINITIONAL_REPRESENTATION('',(#2179),#2183);
#2179 = LINE('',#2180,#2181);
#2180 = CARTESIAN_POINT('',(6.28318530718,0.));
#2181 = VECTOR('',#2182,1.);
#2182 = DIRECTION('',(-1.,0.));
#2183 = ( GEOMETRIC_REPRESENTATION_CONTEXT(2) 
PARAMETRIC_REPRESENTATION_CONTEXT() REPRESENTATION_CONTEXT('2D SPACE',''
  ) );
#2184 = PCURVE('',#2185,#2190);
#2185 = PLANE('',#2186);
#2186 = AXIS2_PLACEMENT_3D('',#2187,#2188,#2189);
#2187 = CARTESIAN_POINT('',(-1.215502340035E-15,-5.510910596163E-16,26.)
  );
#2188 = DIRECTION('',(0.,0.,1.));
#2189 = DIRECTION('',(1.,0.,-0.));
#2190 = DEFINITIONAL_REPRESENTATION('',(#2191),#2195);
#2191 = CIRCLE('',#2192,13.5);
#2192 = AXIS2_PLACEMENT_2D('',#2193,#2194);
#2193 = CARTESIAN_POINT('',(1.215502340035E-15,5.510910596163E-16));
#2194 = DIRECTION('',(1.,0.));
#2195 = ( GEOMETRIC_REPRESENTATION_CONTEXT(2) 
PARAMETRIC_REPRESENTATION_CONTEXT() REPRESENTATION_CONTEXT('2D SPACE',''
  ) );
#2196 = ORIENTED_EDGE('',*,*,#2197,.F.);
#2197 = EDGE_CURVE('',#2198,#2169,#2200,.T.);
#2198 = VERTEX_POINT('',#2199);
#2199 = CARTESIAN_POINT('',(2.5,13.266499161422,44.));
#2200 = SURFACE_CURVE('',#2201,(#2205,#2211),.PCURVE_S1.);
#2201 = LINE('',#2202,#2203);
#2202 = CARTESIAN_POINT('',(2.5,13.266499161422,26.));
#2203 = VECTOR('',#2204,1.);
#2204 = DIRECTION('',(-0.,-0.,-1.));
#2205 = PCURVE('',#2121,#2206);
#2206 = DEFINITIONAL_REPRESENTATION('',(#2207),#2210);
#2207 = B_SPLINE_CURVE_WITH_KNOTS('',1,(#2208,#2209),.UNSPECIFIED.,.F.,
  .F.,(2,2),(-39.15,6.E-07),.PIECEWISE_BEZIER_KNOTS.);
#2208 = CARTESIAN_POINT('',(4.898649283962,-39.15));
#2209 = CARTESIAN_POINT('',(4.898649283962,6.E-07));
#2210 = ( GEOMETRIC_REPRESENTATION_CONTEXT(2) 
PARAMETRIC_REPRESENTATION_CONTEXT() REPRESENTATION_CONTEXT('2D SPACE',''
  ) );
#2211 = PCURVE('',#2212,#2217);
#2212 = PLANE('',#2213);
#2213 = AXIS2_PLACEMENT_3D('',#2214,#2215,#2216);
#2214 = CARTESIAN_POINT('',(2.5,0.,25.));
#2215 = DIRECTION('',(1.,0.,-0.));
#2216 = DIRECTION('',(0.,0.,1.));
#2217 = DEFINITIONAL_REPRESENTATION('',(#2218),#2222);
#2218 = LINE('',#2219,#2220);
#2219 = CARTESIAN_POINT('',(1.,-13.26649916142));
#2220 = VECTOR('',#2221,1.);
#2221 = DIRECTION('',(-1.,0.));
#2222 = ( GEOMETRIC_REPRESENTATION_CONTEXT(2) 
PARAMETRIC_REPRESENTATION_CONTEXT() REPRESENTATION_CONTEXT('2D SPACE',''
  ) );
#2223 = ORIENTED_EDGE('',*,*,#2224,.T.);
#2224 = EDGE_CURVE('',#2198,#2225,#2227,.T.);
#2225 = VERTEX_POINT('',#2226);
#2226 = CARTESIAN_POINT('',(12.235155124995,5.705346533499,44.));
#2227 = SURFACE_CURVE('',#2228,(#2233,#2240),.PCURVE_S1.);
#2228 = CIRCLE('',#2229,13.5);
#2229 = AXIS2_PLACEMENT_3D('',#2230,#2231,#2232);
#2230 = CARTESIAN_POINT('',(0.,0.,44.));
#2231 = DIRECTION('',(0.,0.,-1.));
#2232 = DIRECTION('',(1.,0.,0.));
#2233 = PCURVE('',#2121,#2234);
#2234 = DEFINITIONAL_REPRESENTATION('',(#2235),#2239);
#2235 = LINE('',#2236,#2237);
#2236 = CARTESIAN_POINT('',(-4.138911435803E-13,-18.));
#2237 = VECTOR('',#2238,1.);
#2238 = DIRECTION('',(1.,-0.));
#2239 = ( GEOMETRIC_REPRESENTATION_CONTEXT(2) 
PARAMETRIC_REPRESENTATION_CONTEXT() REPRESENTATION_CONTEXT('2D SPACE',''
  ) );
#2240 = PCURVE('',#2241,#2246);
#2241 = PLANE('',#2242);
#2242 = AXIS2_PLACEMENT_3D('',#2243,#2244,#2245);
#2243 = CARTESIAN_POINT('',(0.,0.,44.));
#2244 = DIRECTION('',(0.,0.,1.));
#2245 = DIRECTION('',(0.906307787037,0.422618261741,-0.));
#2246 = DEFINITIONAL_REPRESENTATION('',(#2247),#2255);
#2247 = ( BOUNDED_CURVE() B_SPLINE_CURVE(2,(#2248,#2249,#2250,#2251,
#2252,#2253,#2254),.UNSPECIFIED.,.T.,.F.) B_SPLINE_CURVE_WITH_KNOTS((1,2
    ,2,2,2,1),(-2.094395102393,0.,2.094395102393,4.188790204786,
6.28318530718,8.377580409573),.UNSPECIFIED.) CURVE() 
GEOMETRIC_REPRESENTATION_ITEM() RATIONAL_B_SPLINE_CURVE((1.,0.5,1.,0.5,
1.,0.5,1.)) REPRESENTATION_ITEM('') );
#2248 = CARTESIAN_POINT('',(12.235155124994,-5.705346533501));
#2249 = CARTESIAN_POINT('',(2.353205054183,-26.89725684847));
#2250 = CARTESIAN_POINT('',(-11.0585525979,-7.743281890738));
#2251 = CARTESIAN_POINT('',(-24.47031024998,11.410693067002));
#2252 = CARTESIAN_POINT('',(-1.176602527092,13.448628424239));
#2253 = CARTESIAN_POINT('',(22.117105195805,15.486563781476));
#2254 = CARTESIAN_POINT('',(12.235155124994,-5.705346533501));
#2255 = ( GEOMETRIC_REPRESENTATION_CONTEXT(2) 
PARAMETRIC_REPRESENTATION_CONTEXT() REPRESENTATION_CONTEXT('2D SPACE',''
  ) );
#2256 = ORIENTED_EDGE('',*,*,#2257,.F.);
#2257 = EDGE_CURVE('',#2258,#2225,#2260,.T.);
#2258 = VERTEX_POINT('',#2259);
#2259 = CARTESIAN_POINT('',(12.235155124995,5.705346533499,50.));
#2260 = SURFACE_CURVE('',#2261,(#2265,#2271),.PCURVE_S1.);
#2261 = LINE('',#2262,#2263);
#2262 = CARTESIAN_POINT('',(12.235155124995,5.705346533499,26.));
#2263 = VECTOR('',#2264,1.);
#2264 = DIRECTION('',(-0.,-0.,-1.));
#2265 = PCURVE('',#2121,#2266);
#2266 = DEFINITIONAL_REPRESENTATION('',(#2267),#2270);
#2267 = B_SPLINE_CURVE_WITH_KNOTS('',1,(#2268,#2269),.UNSPECIFIED.,.F.,
  .F.,(2,2),(-24.6,-17.4),.PIECEWISE_BEZIER_KNOTS.);
#2268 = CARTESIAN_POINT('',(5.846852994181,-24.6));
#2269 = CARTESIAN_POINT('',(5.846852994181,-17.4));
#2270 = ( GEOMETRIC_REPRESENTATION_CONTEXT(2) 
PARAMETRIC_REPRESENTATION_CONTEXT() REPRESENTATION_CONTEXT('2D SPACE',''
  ) );
#2271 = PCURVE('',#2272,#2277);
#2272 = PLANE('',#2273);
#2273 = AXIS2_PLACEMENT_3D('',#2274,#2275,#2276);
#2274 = CARTESIAN_POINT('',(0.,0.,44.));
#2275 = DIRECTION('',(0.422618261741,-0.906307787037,0.));
#2276 = DIRECTION('',(0.906307787037,0.422618261741,0.));
#2277 = DEFINITIONAL_REPRESENTATION('',(#2278),#2282);
#2278 = LINE('',#2279,#2280);
#2279 = CARTESIAN_POINT('',(13.5,-18.));
#2280 = VECTOR('',#2281,1.);
#2281 = DIRECTION('',(0.,-1.));
#2282 = ( GEOMETRIC_REPRESENTATION_CONTEXT(2) 
PARAMETRIC_REPRESENTATION_CONTEXT() REPRESENTATION_CONTEXT('2D SPACE',''
  ) );
#2283 = ORIENTED_EDGE('',*,*,#2284,.F.);
#2284 = EDGE_CURVE('',#2285,#2258,#2287,.T.);
#2285 = VERTEX_POINT('',#2286);
#2286 = CARTESIAN_POINT('',(2.5,13.266499161422,50.));
#2287 = SURFACE_CURVE('',#2288,(#2293,#2300),.PCURVE_S1.);
#2288 = CIRCLE('',#2289,13.5);
#2289 = AXIS2_PLACEMENT_3D('',#2290,#2291,#2292);
#2290 = CARTESIAN_POINT('',(0.,0.,50.));
#2291 = DIRECTION('',(0.,0.,-1.));
#2292 = DIRECTION('',(1.,0.,0.));
#2293 = PCURVE('',#2121,#2294);
#2294 = DEFINITIONAL_REPRESENTATION('',(#2295),#2299);
#2295 = LINE('',#2296,#2297);
#2296 = CARTESIAN_POINT('',(-4.138911435803E-13,-24.));
#2297 = VECTOR('',#2298,1.);
#2298 = DIRECTION('',(1.,-0.));
#2299 = ( GEOMETRIC_REPRESENTATION_CONTEXT(2) 
PARAMETRIC_REPRESENTATION_CONTEXT() REPRESENTATION_CONTEXT('2D SPACE',''
  ) );
#2300 = PCURVE('',#2301,#2306);
#2301 = PLANE('',#2302);
#2302 = AXIS2_PLACEMENT_3D('',#2303,#2304,#2305);
#2303 = CARTESIAN_POINT('',(0.,0.,50.));
#2304 = DIRECTION('',(0.,0.,1.));
#2305 = DIRECTION('',(0.906307787037,0.422618261741,-0.));
#2306 = DEFINITIONAL_REPRESENTATION('',(#2307),#2315);
#2307 = ( BOUNDED_CURVE() B_SPLINE_CURVE(2,(#2308,#2309,#2310,#2311,
#2312,#2313,#2314),.UNSPECIFIED.,.T.,.F.) B_SPLINE_CURVE_WITH_KNOTS((1,2
    ,2,2,2,1),(-2.094395102393,0.,2.094395102393,4.188790204786,
6.28318530718,8.377580409573),.UNSPECIFIED.) CURVE() 
GEOMETRIC_REPRESENTATION_ITEM() RATIONAL_B_SPLINE_CURVE((1.,0.5,1.,0.5,
1.,0.5,1.)) REPRESENTATION_ITEM('') );
#2308 = CARTESIAN_POINT('',(12.235155124994,-5.705346533501));
#2309 = CARTESIAN_POINT('',(2.353205054183,-26.89725684847));
#2310 = CARTESIAN_POINT('',(-11.0585525979,-7.743281890738));
#2311 = CARTESIAN_POINT('',(-24.47031024998,11.410693067002));
#2312 = CARTESIAN_POINT('',(-1.176602527092,13.448628424239));
#2313 = CARTESIAN_POINT('',(22.117105195805,15.486563781476));
#2314 = CARTESIAN_POINT('',(12.235155124994,-5.705346533501));
#2315 = ( GEOMETRIC_REPRESENTATION_CONTEXT(2) 
PARAMETRIC_REPRESENTATION_CONTEXT() REPRESENTATION_CONTEXT('2D SPACE',''
  ) );
#2316 = ORIENTED_EDGE('',*,*,#2317,.F.);
#2317 = EDGE_CURVE('',#2318,#2285,#2320,.T.);
#2318 = VERTEX_POINT('',#2319);
#2319 = CARTESIAN_POINT('',(2.5,13.266499161422,61.5));
#2320 = SURFACE_CURVE('',#2321,(#2325,#2331),.PCURVE_S1.);
#2321 = LINE('',#2322,#2323);
#2322 = CARTESIAN_POINT('',(2.5,13.266499161422,26.));
#2323 = VECTOR('',#2324,1.);
#2324 = DIRECTION('',(-0.,-0.,-1.));
#2325 = PCURVE('',#2121,#2326);
#2326 = DEFINITIONAL_REPRESENTATION('',(#2327),#2330);
#2327 = B_SPLINE_CURVE_WITH_KNOTS('',1,(#2328,#2329),.UNSPECIFIED.,.F.,
  .F.,(2,2),(-39.15,6.E-07),.PIECEWISE_BEZIER_KNOTS.);
#2328 = CARTESIAN_POINT('',(4.898649283962,-39.15));
#2329 = CARTESIAN_POINT('',(4.898649283962,6.E-07));
#2330 = ( GEOMETRIC_REPRESENTATION_CONTEXT(2) 
PARAMETRIC_REPRESENTATION_CONTEXT() REPRESENTATION_CONTEXT('2D SPACE',''
  ) );
#2331 = PCURVE('',#2332,#2337);
#2332 = PLANE('',#2333);
#2333 = AXIS2_PLACEMENT_3D('',#2334,#2335,#2336);
#2334 = CARTESIAN_POINT('',(2.5,0.,25.));
#2335 = DIRECTION('',(1.,0.,-0.));
#2336 = DIRECTION('',(0.,0.,1.));
#2337 = DEFINITIONAL_REPRESENTATION('',(#2338),#2342);
#2338 = LINE('',#2339,#2340);
#2339 = CARTESIAN_POINT('',(1.,-13.26649916142));
#2340 = VECTOR('',#2341,1.);
#2341 = DIRECTION('',(-1.,0.));
#2342 = ( GEOMETRIC_REPRESENTATION_CONTEXT(2) 
PARAMETRIC_REPRESENTATION_CONTEXT() REPRESENTATION_CONTEXT('2D SPACE',''
  ) );
#2343 = ORIENTED_EDGE('',*,*,#2344,.T.);
#2344 = EDGE_CURVE('',#2318,#2345,#2347,.T.);
#2345 = VERTEX_POINT('',#2346);
#2346 = CARTESIAN_POINT('',(-2.5,13.266499161422,61.5));
#2347 = SURFACE_CURVE('',#2348,(#2375,#2426),.PCURVE_S1.);
#2348 = B_SPLINE_CURVE_WITH_KNOTS('',7,(#2349,#2350,#2351,#2352,#2353,
    #2354,#2355,#2356,#2357,#2358,#2359,#2360,#2361,#2362,#2363,#2364,
    #2365,#2366,#2367,#2368,#2369,#2370,#2371,#2372,#2373,#2374),
  .UNSPECIFIED.,.F.,.F.,(8,6,6,6,8),(0.,0.551167728342,1.,1.469645230679
    ,2.00176083611),.UNSPECIFIED.);
#2349 = CARTESIAN_POINT('',(2.5,13.266499161422,61.5));
#2350 = CARTESIAN_POINT('',(2.5,13.266499161422,61.769090754433));
#2351 = CARTESIAN_POINT('',(2.46620992867,13.272866631709,
    62.037803055167));
#2352 = CARTESIAN_POINT('',(2.39879235004,13.285571557623,
    62.303672388584));
#2353 = CARTESIAN_POINT('',(2.296927421219,13.304204844128,62.5639516699
    ));
#2354 = CARTESIAN_POINT('',(2.159091659923,13.327950396373,
    62.815114801926));
#2355 = CARTESIAN_POINT('',(1.983322331606,13.355287614254,
    63.052211574327));
#2356 = CARTESIAN_POINT('',(1.592233798016,13.40694375921,
    63.443300107917));
#2357 = CARTESIAN_POINT('',(1.386092099385,13.431438660087,
    63.608773142418));
#2358 = CARTESIAN_POINT('',(1.150297266559,13.455422967346,
    63.754653584399));
#2359 = CARTESIAN_POINT('',(0.888086319461,13.47643728115,
    63.872755066067));
#2360 = CARTESIAN_POINT('',(0.604508395277,13.491909015508,
    63.956310125469));
#2361 = CARTESIAN_POINT('',(0.305977145783,13.5,64.));
#2362 = CARTESIAN_POINT('',(-0.320165719552,13.5,64.));
#2363 = CARTESIAN_POINT('',(-0.631617721904,13.491141212081,
    63.952164370799));
#2364 = CARTESIAN_POINT('',(-0.926055881673,13.474293345725,
    63.861176104393));
#2365 = CARTESIAN_POINT('',(-1.196571459451,13.451623765004,
    63.733218733878));
#2366 = CARTESIAN_POINT('',(-1.437855269238,13.426076068684,
    63.575958654626));
#2367 = CARTESIAN_POINT('',(-1.64667826411,13.400369759618,
    63.398515375715));
#2368 = CARTESIAN_POINT('',(-2.021541561126,13.349297900498,
    62.999326509485));
#2369 = CARTESIAN_POINT('',(-2.184069582513,13.323632515744,
    62.768573140796));
#2370 = CARTESIAN_POINT('',(-2.311698891142,13.301500228395,
    62.525436422301));
#2371 = CARTESIAN_POINT('',(-2.406130912045,13.284188504167,
    62.274189066579));
#2372 = CARTESIAN_POINT('',(-2.468666757062,13.272403689153,
    62.017930618625));
#2373 = CARTESIAN_POINT('',(-2.5,13.266499161422,61.759122656446));
#2374 = CARTESIAN_POINT('',(-2.5,13.266499161422,61.5));
#2375 = PCURVE('',#2121,#2376);
#2376 = DEFINITIONAL_REPRESENTATION('',(#2377),#2425);
#2377 = B_SPLINE_CURVE_WITH_KNOTS('',3,(#2378,#2379,#2380,#2381,#2382,
    #2383,#2384,#2385,#2386,#2387,#2388,#2389,#2390,#2391,#2392,#2393,
    #2394,#2395,#2396,#2397,#2398,#2399,#2400,#2401,#2402,#2403,#2404,
    #2405,#2406,#2407,#2408,#2409,#2410,#2411,#2412,#2413,#2414,#2415,
    #2416,#2417,#2418,#2419,#2420,#2421,#2422,#2423,#2424),
  .UNSPECIFIED.,.F.,.F.,(4,1,1,1,1,1,1,1,1,1,1,1,1,1,1,1,1,1,1,1,1,1,1,1
    ,1,1,1,1,1,1,1,1,1,1,1,1,1,1,1,1,1,1,1,1,4),(0.,4.549456445705E-02,
    9.098912891411E-02,0.136483693371,0.181978257828,0.227472822285,
    0.272967386742,0.318461951199,0.363956515656,0.409451080113,
    0.454945644571,0.500440209028,0.545934773485,0.591429337942,
    0.636923902399,0.682418466856,0.727913031313,0.77340759577,
    0.818902160227,0.864396724684,0.909891289141,0.955385853598,
    1.000880418055,1.046374982512,1.091869546969,1.137364111426,
    1.182858675883,1.22835324034,1.273847804797,1.319342369255,
    1.364836933712,1.410331498169,1.455826062626,1.501320627083,
    1.54681519154,1.592309755997,1.637804320454,1.683298884911,
    1.728793449368,1.774288013825,1.819782578282,1.865277142739,
    1.910771707196,1.956266271653,2.00176083611),.UNSPECIFIED.);
#2378 = CARTESIAN_POINT('',(4.898649283962,-35.5));
#2379 = CARTESIAN_POINT('',(4.898649088421,-35.55182501435));
#2380 = CARTESIAN_POINT('',(4.898406497956,-35.65544418409));
#2381 = CARTESIAN_POINT('',(4.897313612323,-35.81046462831));
#2382 = CARTESIAN_POINT('',(4.895490199217,-35.96476889044));
#2383 = CARTESIAN_POINT('',(4.892931671235,-36.11802158253));
#2384 = CARTESIAN_POINT('',(4.889631688919,-36.26986240516));
#2385 = CARTESIAN_POINT('',(4.885582079725,-36.41989798351));
#2386 = CARTESIAN_POINT('',(4.880773096181,-36.56769664694));
#2387 = CARTESIAN_POINT('',(4.875193741227,-36.71277981202));
#2388 = CARTESIAN_POINT('',(4.868831529287,-36.85462137498));
#2389 = CARTESIAN_POINT('',(4.861674488852,-36.99261558746));
#2390 = CARTESIAN_POINT('',(4.853704822597,-37.12615987152));
#2391 = CARTESIAN_POINT('',(4.844923762643,-37.25430603407));
#2392 = CARTESIAN_POINT('',(4.83526006208,-37.3770193418));
#2393 = CARTESIAN_POINT('',(4.824617464508,-37.49391789634));
#2394 = CARTESIAN_POINT('',(4.813064720573,-37.60265992405));
#2395 = CARTESIAN_POINT('',(4.800644211412,-37.70156401777));
#2396 = CARTESIAN_POINT('',(4.787420544413,-37.78892888251));
#2397 = CARTESIAN_POINT('',(4.773465528377,-37.86321731681));
#2398 = CARTESIAN_POINT('',(4.758863554436,-37.9230087013));
#2399 = CARTESIAN_POINT('',(4.743699528402,-37.96701256894));
#2400 = CARTESIAN_POINT('',(4.728096841237,-37.99406888231));
#2401 = CARTESIAN_POINT('',(4.712073358046,-38.00314013666));
#2402 = CARTESIAN_POINT('',(4.69607661582,-37.99334939585));
#2403 = CARTESIAN_POINT('',(4.680508246864,-37.96566988167));
#2404 = CARTESIAN_POINT('',(4.665392050472,-37.92115791429));
#2405 = CARTESIAN_POINT('',(4.650843471062,-37.86098727397));
#2406 = CARTESIAN_POINT('',(4.636943314701,-37.78643926056));
#2407 = CARTESIAN_POINT('',(4.623770953121,-37.69890462863));
#2408 = CARTESIAN_POINT('',(4.611394525754,-37.59988164136));
#2409 = CARTESIAN_POINT('',(4.599872902099,-37.49097696665));
#2410 = CARTESIAN_POINT('',(4.589252921776,-37.37389815307));
#2411 = CARTESIAN_POINT('',(4.579573177197,-37.25047588597));
#2412 = CARTESIAN_POINT('',(4.570845873562,-37.12257435912));
#2413 = CARTESIAN_POINT('',(4.562915546484,-36.98921959617));
#2414 = CARTESIAN_POINT('',(4.55579611906,-36.8514833882));
#2415 = CARTESIAN_POINT('',(4.549466423224,-36.70992423507));
#2416 = CARTESIAN_POINT('',(4.543915499716,-36.56515056579));
#2417 = CARTESIAN_POINT('',(4.539130752131,-36.41768033733));
#2418 = CARTESIAN_POINT('',(4.535101399154,-36.26798847913));
#2419 = CARTESIAN_POINT('',(4.531817823158,-36.11650330447));
#2420 = CARTESIAN_POINT('',(4.529271984441,-35.96361616332));
#2421 = CARTESIAN_POINT('',(4.527457632147,-35.80968634212));
#2422 = CARTESIAN_POINT('',(4.526370225166,-35.65504914067));
#2423 = CARTESIAN_POINT('',(4.526128865833,-35.55169213047));
#2424 = CARTESIAN_POINT('',(4.526128676809,-35.5));
#2425 = ( GEOMETRIC_REPRESENTATION_CONTEXT(2) 
PARAMETRIC_REPRESENTATION_CONTEXT() REPRESENTATION_CONTEXT('2D SPACE',''
  ) );
#2426 = PCURVE('',#2427,#2432);
#2427 = CYLINDRICAL_SURFACE('',#2428,2.5);
#2428 = AXIS2_PLACEMENT_3D('',#2429,#2430,#2431);
#2429 = CARTESIAN_POINT('',(0.,0.,61.5));
#2430 = DIRECTION('',(0.,1.,0.));
#2431 = DIRECTION('',(0.,-0.,1.));
#2432 = DEFINITIONAL_REPRESENTATION('',(#2433),#2481);
#2433 = B_SPLINE_CURVE_WITH_KNOTS('',3,(#2434,#2435,#2436,#2437,#2438,
    #2439,#2440,#2441,#2442,#2443,#2444,#2445,#2446,#2447,#2448,#2449,
    #2450,#2451,#2452,#2453,#2454,#2455,#2456,#2457,#2458,#2459,#2460,
    #2461,#2462,#2463,#2464,#2465,#2466,#2467,#2468,#2469,#2470,#2471,
    #2472,#2473,#2474,#2475,#2476,#2477,#2478,#2479,#2480),
  .UNSPECIFIED.,.F.,.F.,(4,1,1,1,1,1,1,1,1,1,1,1,1,1,1,1,1,1,1,1,1,1,1,1
    ,1,1,1,1,1,1,1,1,1,1,1,1,1,1,1,1,1,1,1,1,4),(0.,4.549456445705E-02,
    9.098912891411E-02,0.136483693371,0.181978257828,0.227472822285,
    0.272967386742,0.318461951199,0.363956515656,0.409451080113,
    0.454945644571,0.500440209028,0.545934773485,0.591429337942,
    0.636923902399,0.682418466856,0.727913031313,0.77340759577,
    0.818902160227,0.864396724684,0.909891289141,0.955385853598,
    1.000880418055,1.046374982512,1.091869546969,1.137364111426,
    1.182858675883,1.22835324034,1.273847804797,1.319342369255,
    1.364836933712,1.410331498169,1.455826062626,1.501320627083,
    1.54681519154,1.592309755997,1.637804320454,1.683298884911,
    1.728793449368,1.774288013825,1.819782578282,1.865277142739,
    1.910771707196,1.956266271653,2.00176083611),.UNSPECIFIED.);
#2434 = CARTESIAN_POINT('',(7.853981633974,13.266499161422));
#2435 = CARTESIAN_POINT('',(7.833251342307,13.266497874417));
#2436 = CARTESIAN_POINT('',(7.791804091619,13.26710753102));
#2437 = CARTESIAN_POINT('',(7.72955527459,13.269830784281));
#2438 = CARTESIAN_POINT('',(7.667109598034,13.274341135594));
#2439 = CARTESIAN_POINT('',(7.604351572015,13.280595028529));
#2440 = CARTESIAN_POINT('',(7.541166252422,13.288533128855));
#2441 = CARTESIAN_POINT('',(7.477438572765,13.298076847577));
#2442 = CARTESIAN_POINT('',(7.413051890401,13.309127171403));
#2443 = CARTESIAN_POINT('',(7.34788791943,13.321562326766));
#2444 = CARTESIAN_POINT('',(7.281821952521,13.335236544298));
#2445 = CARTESIAN_POINT('',(7.214735090524,13.349974594041));
#2446 = CARTESIAN_POINT('',(7.146462107873,13.365581407504));
#2447 = CARTESIAN_POINT('',(7.076978034374,13.381795115873));
#2448 = CARTESIAN_POINT('',(7.005691727988,13.398451135148));
#2449 = CARTESIAN_POINT('',(6.931960422353,13.415347009598));
#2450 = CARTESIAN_POINT('',(6.856253507646,13.431964209897));
#2451 = CARTESIAN_POINT('',(6.778700399163,13.44782736332));
#2452 = CARTESIAN_POINT('',(6.69947592939,13.462432070969));
#2453 = CARTESIAN_POINT('',(6.618699082795,13.475286479025));
#2454 = CARTESIAN_POINT('',(6.536478753538,13.485922642767));
#2455 = CARTESIAN_POINT('',(6.45285402441,13.49391550172));
#2456 = CARTESIAN_POINT('',(6.368005140426,13.498899573971));
#2457 = CARTESIAN_POINT('',(6.281483009183,13.500582539343));
#2458 = CARTESIAN_POINT('',(6.19509289877,13.498766347185));
#2459 = CARTESIAN_POINT('',(6.110396170556,13.493669592943));
#2460 = CARTESIAN_POINT('',(6.026981920213,13.485589672608));
#2461 = CARTESIAN_POINT('',(5.944994063676,13.474895051257));
#2462 = CARTESIAN_POINT('',(5.864455230585,13.462008569926));
#2463 = CARTESIAN_POINT('',(5.78544993839,13.447391962475));
#2464 = CARTESIAN_POINT('',(5.708077845913,13.431529143509));
#2465 = CARTESIAN_POINT('',(5.632471420508,13.414910042589));
#2466 = CARTESIAN_POINT('',(5.558789807166,13.398012514011));
#2467 = CARTESIAN_POINT('',(5.487247237229,13.381292620947));
#2468 = CARTESIAN_POINT('',(5.418030558753,13.365146760727));
#2469 = CARTESIAN_POINT('',(5.349947894508,13.349595903436));
#2470 = CARTESIAN_POINT('',(5.283060425661,13.334919121033));
#2471 = CARTESIAN_POINT('',(5.217180303841,13.321303689716));
#2472 = CARTESIAN_POINT('',(5.152195462755,13.308924326805));
#2473 = CARTESIAN_POINT('',(5.087980396622,13.297924871196));
#2474 = CARTESIAN_POINT('',(5.024418296836,13.288426010543));
#2475 = CARTESIAN_POINT('',(4.961393610338,13.280525830365));
#2476 = CARTESIAN_POINT('',(4.898792694242,13.274302247873));
#2477 = CARTESIAN_POINT('',(4.83650221028,13.269814070991));
#2478 = CARTESIAN_POINT('',(4.774408503677,13.267104424591));
#2479 = CARTESIAN_POINT('',(4.733066117737,13.266497876354));
#2480 = CARTESIAN_POINT('',(4.712388980385,13.266499161422));
#2481 = ( GEOMETRIC_REPRESENTATION_CONTEXT(2) 
PARAMETRIC_REPRESENTATION_CONTEXT() REPRESENTATION_CONTEXT('2D SPACE',''
  ) );
#2482 = ORIENTED_EDGE('',*,*,#2483,.T.);
#2483 = EDGE_CURVE('',#2345,#2484,#2486,.T.);
#2484 = VERTEX_POINT('',#2485);
#2485 = CARTESIAN_POINT('',(-2.5,13.266499161422,26.));
#2486 = SURFACE_CURVE('',#2487,(#2491,#2497),.PCURVE_S1.);
#2487 = LINE('',#2488,#2489);
#2488 = CARTESIAN_POINT('',(-2.5,13.266499161422,26.));
#2489 = VECTOR('',#2490,1.);
#2490 = DIRECTION('',(-0.,-0.,-1.));
#2491 = PCURVE('',#2121,#2492);
#2492 = DEFINITIONAL_REPRESENTATION('',(#2493),#2496);
#2493 = B_SPLINE_CURVE_WITH_KNOTS('',1,(#2494,#2495),.UNSPECIFIED.,.F.,
  .F.,(2,2),(-39.15,6.E-07),.PIECEWISE_BEZIER_KNOTS.);
#2494 = CARTESIAN_POINT('',(4.526128676809,-39.15));
#2495 = CARTESIAN_POINT('',(4.526128676809,6.E-07));
#2496 = ( GEOMETRIC_REPRESENTATION_CONTEXT(2) 
PARAMETRIC_REPRESENTATION_CONTEXT() REPRESENTATION_CONTEXT('2D SPACE',''
  ) );
#2497 = PCURVE('',#2498,#2503);
#2498 = PLANE('',#2499);
#2499 = AXIS2_PLACEMENT_3D('',#2500,#2501,#2502);
#2500 = CARTESIAN_POINT('',(-2.5,0.,25.));
#2501 = DIRECTION('',(1.,0.,-0.));
#2502 = DIRECTION('',(0.,0.,1.));
#2503 = DEFINITIONAL_REPRESENTATION('',(#2504),#2508);
#2504 = LINE('',#2505,#2506);
#2505 = CARTESIAN_POINT('',(1.,-13.26649916142));
#2506 = VECTOR('',#2507,1.);
#2507 = DIRECTION('',(-1.,0.));
#2508 = ( GEOMETRIC_REPRESENTATION_CONTEXT(2) 
PARAMETRIC_REPRESENTATION_CONTEXT() REPRESENTATION_CONTEXT('2D SPACE',''
  ) );
#2509 = ORIENTED_EDGE('',*,*,#2510,.T.);
#2510 = EDGE_CURVE('',#2484,#2146,#2511,.T.);
#2511 = SURFACE_CURVE('',#2512,(#2517,#2524),.PCURVE_S1.);
#2512 = CIRCLE('',#2513,13.5);
#2513 = AXIS2_PLACEMENT_3D('',#2514,#2515,#2516);
#2514 = CARTESIAN_POINT('',(0.,0.,26.));
#2515 = DIRECTION('',(0.,0.,1.));
#2516 = DIRECTION('',(1.,0.,-0.));
#2517 = PCURVE('',#2121,#2518);
#2518 = DEFINITIONAL_REPRESENTATION('',(#2519),#2523);
#2519 = LINE('',#2520,#2521);
#2520 = CARTESIAN_POINT('',(6.28318530718,0.));
#2521 = VECTOR('',#2522,1.);
#2522 = DIRECTION('',(-1.,0.));
#2523 = ( GEOMETRIC_REPRESENTATION_CONTEXT(2) 
PARAMETRIC_REPRESENTATION_CONTEXT() REPRESENTATION_CONTEXT('2D SPACE',''
  ) );
#2524 = PCURVE('',#2185,#2525);
#2525 = DEFINITIONAL_REPRESENTATION('',(#2526),#2530);
#2526 = CIRCLE('',#2527,13.5);
#2527 = AXIS2_PLACEMENT_2D('',#2528,#2529);
#2528 = CARTESIAN_POINT('',(1.215502340035E-15,5.510910596163E-16));
#2529 = DIRECTION('',(1.,0.));
#2530 = ( GEOMETRIC_REPRESENTATION_CONTEXT(2) 
PARAMETRIC_REPRESENTATION_CONTEXT() REPRESENTATION_CONTEXT('2D SPACE',''
  ) );
#2531 = ORIENTED_EDGE('',*,*,#2145,.T.);
#2532 = ADVANCED_FACE('',(#2533,#2536),#2133,.T.);
#2533 = FACE_BOUND('',#2534,.T.);
#2534 = EDGE_LOOP('',(#2535));
#2535 = ORIENTED_EDGE('',*,*,#2111,.T.);
#2536 = FACE_BOUND('',#2537,.T.);
#2537 = EDGE_LOOP('',(#2538));
#2538 = ORIENTED_EDGE('',*,*,#2539,.F.);
#2539 = EDGE_CURVE('',#2540,#2540,#2542,.T.);
#2540 = VERTEX_POINT('',#2541);
#2541 = CARTESIAN_POINT('',(12.5,3.947459643112E-16,206.));
#2542 = SURFACE_CURVE('',#2543,(#2548,#2555),.PCURVE_S1.);
#2543 = CIRCLE('',#2544,12.5);
#2544 = AXIS2_PLACEMENT_3D('',#2545,#2546,#2547);
#2545 = CARTESIAN_POINT('',(6.421201019462E-14,3.947459643112E-16,206.)
  );
#2546 = DIRECTION('',(0.,0.,1.));
#2547 = DIRECTION('',(1.,0.,-0.));
#2548 = PCURVE('',#2133,#2549);
#2549 = DEFINITIONAL_REPRESENTATION('',(#2550),#2554);
#2550 = CIRCLE('',#2551,12.5);
#2551 = AXIS2_PLACEMENT_2D('',#2552,#2553);
#2552 = CARTESIAN_POINT('',(6.542751253466E-14,9.458370239275E-16));
#2553 = DIRECTION('',(1.,0.));
#2554 = ( GEOMETRIC_REPRESENTATION_CONTEXT(2) 
PARAMETRIC_REPRESENTATION_CONTEXT() REPRESENTATION_CONTEXT('2D SPACE',''
  ) );
#2555 = PCURVE('',#2556,#2561);
#2556 = CYLINDRICAL_SURFACE('',#2557,12.5);
#2557 = AXIS2_PLACEMENT_3D('',#2558,#2559,#2560);
#2558 = CARTESIAN_POINT('',(6.421201019462E-14,3.947459643112E-16,26.));
#2559 = DIRECTION('',(-0.,-0.,-1.));
#2560 = DIRECTION('',(1.,0.,0.));
#2561 = DEFINITIONAL_REPRESENTATION('',(#2562),#2566);
#2562 = LINE('',#2563,#2564);
#2563 = CARTESIAN_POINT('',(6.28318530718,-180.));
#2564 = VECTOR('',#2565,1.);
#2565 = DIRECTION('',(-1.,0.));
#2566 = ( GEOMETRIC_REPRESENTATION_CONTEXT(2) 
PARAMETRIC_REPRESENTATION_CONTEXT() REPRESENTATION_CONTEXT('2D SPACE',''
  ) );
#2567 = ADVANCED_FACE('',(#2568),#2185,.F.);
#2568 = FACE_BOUND('',#2569,.F.);
#2569 = EDGE_LOOP('',(#2570,#2571,#2572,#2595,#2619,#2643));
#2570 = ORIENTED_EDGE('',*,*,#2510,.T.);
#2571 = ORIENTED_EDGE('',*,*,#2168,.T.);
#2572 = ORIENTED_EDGE('',*,*,#2573,.F.);
#2573 = EDGE_CURVE('',#2574,#2169,#2576,.T.);
#2574 = VERTEX_POINT('',#2575);
#2575 = CARTESIAN_POINT('',(2.5,12.247448713916,26.));
#2576 = SURFACE_CURVE('',#2577,(#2581,#2588),.PCURVE_S1.);
#2577 = LINE('',#2578,#2579);
#2578 = CARTESIAN_POINT('',(2.5,-2.755455298082E-16,26.));
#2579 = VECTOR('',#2580,1.);
#2580 = DIRECTION('',(-0.,1.,0.));
#2581 = PCURVE('',#2185,#2582);
#2582 = DEFINITIONAL_REPRESENTATION('',(#2583),#2587);
#2583 = LINE('',#2584,#2585);
#2584 = CARTESIAN_POINT('',(2.5,2.755455298081E-16));
#2585 = VECTOR('',#2586,1.);
#2586 = DIRECTION('',(0.,1.));
#2587 = ( GEOMETRIC_REPRESENTATION_CONTEXT(2) 
PARAMETRIC_REPRESENTATION_CONTEXT() REPRESENTATION_CONTEXT('2D SPACE',''
  ) );
#2588 = PCURVE('',#2212,#2589);
#2589 = DEFINITIONAL_REPRESENTATION('',(#2590),#2594);
#2590 = LINE('',#2591,#2592);
#2591 = CARTESIAN_POINT('',(1.,2.755455298082E-16));
#2592 = VECTOR('',#2593,1.);
#2593 = DIRECTION('',(0.,-1.));
#2594 = ( GEOMETRIC_REPRESENTATION_CONTEXT(2) 
PARAMETRIC_REPRESENTATION_CONTEXT() REPRESENTATION_CONTEXT('2D SPACE',''
  ) );
#2595 = ORIENTED_EDGE('',*,*,#2596,.F.);
#2596 = EDGE_CURVE('',#2597,#2574,#2599,.T.);
#2597 = VERTEX_POINT('',#2598);
#2598 = CARTESIAN_POINT('',(12.5,3.947459643112E-16,26.));
#2599 = SURFACE_CURVE('',#2600,(#2605,#2612),.PCURVE_S1.);
#2600 = CIRCLE('',#2601,12.5);
#2601 = AXIS2_PLACEMENT_3D('',#2602,#2603,#2604);
#2602 = CARTESIAN_POINT('',(6.421201019462E-14,3.947459643112E-16,26.));
#2603 = DIRECTION('',(0.,0.,1.));
#2604 = DIRECTION('',(1.,0.,-0.));
#2605 = PCURVE('',#2185,#2606);
#2606 = DEFINITIONAL_REPRESENTATION('',(#2607),#2611);
#2607 = CIRCLE('',#2608,12.5);
#2608 = AXIS2_PLACEMENT_2D('',#2609,#2610);
#2609 = CARTESIAN_POINT('',(6.542751253466E-14,9.458370239275E-16));
#2610 = DIRECTION('',(1.,0.));
#2611 = ( GEOMETRIC_REPRESENTATION_CONTEXT(2) 
PARAMETRIC_REPRESENTATION_CONTEXT() REPRESENTATION_CONTEXT('2D SPACE',''
  ) );
#2612 = PCURVE('',#2556,#2613);
#2613 = DEFINITIONAL_REPRESENTATION('',(#2614),#2618);
#2614 = LINE('',#2615,#2616);
#2615 = CARTESIAN_POINT('',(6.28318530718,0.));
#2616 = VECTOR('',#2617,1.);
#2617 = DIRECTION('',(-1.,0.));
#2618 = ( GEOMETRIC_REPRESENTATION_CONTEXT(2) 
PARAMETRIC_REPRESENTATION_CONTEXT() REPRESENTATION_CONTEXT('2D SPACE',''
  ) );
#2619 = ORIENTED_EDGE('',*,*,#2620,.F.);
#2620 = EDGE_CURVE('',#2621,#2597,#2623,.T.);
#2621 = VERTEX_POINT('',#2622);
#2622 = CARTESIAN_POINT('',(-2.5,12.247448713916,26.));
#2623 = SURFACE_CURVE('',#2624,(#2629,#2636),.PCURVE_S1.);
#2624 = CIRCLE('',#2625,12.5);
#2625 = AXIS2_PLACEMENT_3D('',#2626,#2627,#2628);
#2626 = CARTESIAN_POINT('',(6.421201019462E-14,3.947459643112E-16,26.));
#2627 = DIRECTION('',(0.,0.,1.));
#2628 = DIRECTION('',(1.,0.,-0.));
#2629 = PCURVE('',#2185,#2630);
#2630 = DEFINITIONAL_REPRESENTATION('',(#2631),#2635);
#2631 = CIRCLE('',#2632,12.5);
#2632 = AXIS2_PLACEMENT_2D('',#2633,#2634);
#2633 = CARTESIAN_POINT('',(6.542751253466E-14,9.458370239275E-16));
#2634 = DIRECTION('',(1.,0.));
#2635 = ( GEOMETRIC_REPRESENTATION_CONTEXT(2) 
PARAMETRIC_REPRESENTATION_CONTEXT() REPRESENTATION_CONTEXT('2D SPACE',''
  ) );
#2636 = PCURVE('',#2556,#2637);
#2637 = DEFINITIONAL_REPRESENTATION('',(#2638),#2642);
#2638 = LINE('',#2639,#2640);
#2639 = CARTESIAN_POINT('',(6.28318530718,0.));
#2640 = VECTOR('',#2641,1.);
#2641 = DIRECTION('',(-1.,0.));
#2642 = ( GEOMETRIC_REPRESENTATION_CONTEXT(2) 
PARAMETRIC_REPRESENTATION_CONTEXT() REPRESENTATION_CONTEXT('2D SPACE',''
  ) );
#2643 = ORIENTED_EDGE('',*,*,#2644,.T.);
#2644 = EDGE_CURVE('',#2621,#2484,#2645,.T.);
#2645 = SURFACE_CURVE('',#2646,(#2650,#2657),.PCURVE_S1.);
#2646 = LINE('',#2647,#2648);
#2647 = CARTESIAN_POINT('',(-2.5,-2.755455298082E-16,26.));
#2648 = VECTOR('',#2649,1.);
#2649 = DIRECTION('',(-0.,1.,0.));
#2650 = PCURVE('',#2185,#2651);
#2651 = DEFINITIONAL_REPRESENTATION('',(#2652),#2656);
#2652 = LINE('',#2653,#2654);
#2653 = CARTESIAN_POINT('',(-2.5,2.755455298081E-16));
#2654 = VECTOR('',#2655,1.);
#2655 = DIRECTION('',(0.,1.));
#2656 = ( GEOMETRIC_REPRESENTATION_CONTEXT(2) 
PARAMETRIC_REPRESENTATION_CONTEXT() REPRESENTATION_CONTEXT('2D SPACE',''
  ) );
#2657 = PCURVE('',#2498,#2658);
#2658 = DEFINITIONAL_REPRESENTATION('',(#2659),#2663);
#2659 = LINE('',#2660,#2661);
#2660 = CARTESIAN_POINT('',(1.,2.755455298082E-16));
#2661 = VECTOR('',#2662,1.);
#2662 = DIRECTION('',(0.,-1.));
#2663 = ( GEOMETRIC_REPRESENTATION_CONTEXT(2) 
PARAMETRIC_REPRESENTATION_CONTEXT() REPRESENTATION_CONTEXT('2D SPACE',''
  ) );
#2664 = ADVANCED_FACE('',(#2665),#2212,.F.);
#2665 = FACE_BOUND('',#2666,.F.);
#2666 = EDGE_LOOP('',(#2667,#2690,#2710,#2711));
#2667 = ORIENTED_EDGE('',*,*,#2668,.T.);
#2668 = EDGE_CURVE('',#2198,#2669,#2671,.T.);
#2669 = VERTEX_POINT('',#2670);
#2670 = CARTESIAN_POINT('',(2.5,12.247448713916,44.));
#2671 = SURFACE_CURVE('',#2672,(#2676,#2683),.PCURVE_S1.);
#2672 = LINE('',#2673,#2674);
#2673 = CARTESIAN_POINT('',(2.5,0.,44.));
#2674 = VECTOR('',#2675,1.);
#2675 = DIRECTION('',(0.,-1.,0.));
#2676 = PCURVE('',#2212,#2677);
#2677 = DEFINITIONAL_REPRESENTATION('',(#2678),#2682);
#2678 = LINE('',#2679,#2680);
#2679 = CARTESIAN_POINT('',(19.,0.));
#2680 = VECTOR('',#2681,1.);
#2681 = DIRECTION('',(0.,1.));
#2682 = ( GEOMETRIC_REPRESENTATION_CONTEXT(2) 
PARAMETRIC_REPRESENTATION_CONTEXT() REPRESENTATION_CONTEXT('2D SPACE',''
  ) );
#2683 = PCURVE('',#2241,#2684);
#2684 = DEFINITIONAL_REPRESENTATION('',(#2685),#2689);
#2685 = LINE('',#2686,#2687);
#2686 = CARTESIAN_POINT('',(2.265769467591,-1.056545654352));
#2687 = VECTOR('',#2688,1.);
#2688 = DIRECTION('',(-0.422618261741,-0.906307787037));
#2689 = ( GEOMETRIC_REPRESENTATION_CONTEXT(2) 
PARAMETRIC_REPRESENTATION_CONTEXT() REPRESENTATION_CONTEXT('2D SPACE',''
  ) );
#2690 = ORIENTED_EDGE('',*,*,#2691,.T.);
#2691 = EDGE_CURVE('',#2669,#2574,#2692,.T.);
#2692 = SURFACE_CURVE('',#2693,(#2697,#2704),.PCURVE_S1.);
#2693 = LINE('',#2694,#2695);
#2694 = CARTESIAN_POINT('',(2.5,12.247448713916,26.));
#2695 = VECTOR('',#2696,1.);
#2696 = DIRECTION('',(-0.,-0.,-1.));
#2697 = PCURVE('',#2212,#2698);
#2698 = DEFINITIONAL_REPRESENTATION('',(#2699),#2703);
#2699 = LINE('',#2700,#2701);
#2700 = CARTESIAN_POINT('',(1.,-12.24744871391));
#2701 = VECTOR('',#2702,1.);
#2702 = DIRECTION('',(-1.,0.));
#2703 = ( GEOMETRIC_REPRESENTATION_CONTEXT(2) 
PARAMETRIC_REPRESENTATION_CONTEXT() REPRESENTATION_CONTEXT('2D SPACE',''
  ) );
#2704 = PCURVE('',#2556,#2705);
#2705 = DEFINITIONAL_REPRESENTATION('',(#2706),#2709);
#2706 = B_SPLINE_CURVE_WITH_KNOTS('',1,(#2707,#2708),.UNSPECIFIED.,.F.,
  .F.,(2,2),(-39.15,6.E-07),.PIECEWISE_BEZIER_KNOTS.);
#2707 = CARTESIAN_POINT('',(4.913746901175,-39.15));
#2708 = CARTESIAN_POINT('',(4.913746901175,6.E-07));
#2709 = ( GEOMETRIC_REPRESENTATION_CONTEXT(2) 
PARAMETRIC_REPRESENTATION_CONTEXT() REPRESENTATION_CONTEXT('2D SPACE',''
  ) );
#2710 = ORIENTED_EDGE('',*,*,#2573,.T.);
#2711 = ORIENTED_EDGE('',*,*,#2197,.F.);
#2712 = ADVANCED_FACE('',(#2713),#2241,.T.);
#2713 = FACE_BOUND('',#2714,.T.);
#2714 = EDGE_LOOP('',(#2715,#2738,#2739,#2740));
#2715 = ORIENTED_EDGE('',*,*,#2716,.T.);
#2716 = EDGE_CURVE('',#2717,#2225,#2719,.T.);
#2717 = VERTEX_POINT('',#2718);
#2718 = CARTESIAN_POINT('',(11.328847337958,5.282728271759,44.));
#2719 = SURFACE_CURVE('',#2720,(#2724,#2731),.PCURVE_S1.);
#2720 = LINE('',#2721,#2722);
#2721 = CARTESIAN_POINT('',(0.,0.,44.));
#2722 = VECTOR('',#2723,1.);
#2723 = DIRECTION('',(0.906307787037,0.422618261741,0.));
#2724 = PCURVE('',#2241,#2725);
#2725 = DEFINITIONAL_REPRESENTATION('',(#2726),#2730);
#2726 = LINE('',#2727,#2728);
#2727 = CARTESIAN_POINT('',(0.,0.));
#2728 = VECTOR('',#2729,1.);
#2729 = DIRECTION('',(1.,0.));
#2730 = ( GEOMETRIC_REPRESENTATION_CONTEXT(2) 
PARAMETRIC_REPRESENTATION_CONTEXT() REPRESENTATION_CONTEXT('2D SPACE',''
  ) );
#2731 = PCURVE('',#2272,#2732);
#2732 = DEFINITIONAL_REPRESENTATION('',(#2733),#2737);
#2733 = LINE('',#2734,#2735);
#2734 = CARTESIAN_POINT('',(0.,0.));
#2735 = VECTOR('',#2736,1.);
#2736 = DIRECTION('',(1.,0.));
#2737 = ( GEOMETRIC_REPRESENTATION_CONTEXT(2) 
PARAMETRIC_REPRESENTATION_CONTEXT() REPRESENTATION_CONTEXT('2D SPACE',''
  ) );
#2738 = ORIENTED_EDGE('',*,*,#2224,.F.);
#2739 = ORIENTED_EDGE('',*,*,#2668,.T.);
#2740 = ORIENTED_EDGE('',*,*,#2741,.T.);
#2741 = EDGE_CURVE('',#2669,#2717,#2742,.T.);
#2742 = SURFACE_CURVE('',#2743,(#2748,#2759),.PCURVE_S1.);
#2743 = CIRCLE('',#2744,12.5);
#2744 = AXIS2_PLACEMENT_3D('',#2745,#2746,#2747);
#2745 = CARTESIAN_POINT('',(6.421201019462E-14,3.947459643112E-16,44.));
#2746 = DIRECTION('',(0.,0.,-1.));
#2747 = DIRECTION('',(1.,0.,0.));
#2748 = PCURVE('',#2241,#2749);
#2749 = DEFINITIONAL_REPRESENTATION('',(#2750),#2758);
#2750 = ( BOUNDED_CURVE() B_SPLINE_CURVE(2,(#2751,#2752,#2753,#2754,
#2755,#2756,#2757),.UNSPECIFIED.,.T.,.F.) B_SPLINE_CURVE_WITH_KNOTS((1,2
    ,2,2,2,1),(-2.094395102393,0.,2.094395102393,4.188790204786,
6.28318530718,8.377580409573),.UNSPECIFIED.) CURVE() 
GEOMETRIC_REPRESENTATION_ITEM() RATIONAL_B_SPLINE_CURVE((1.,0.5,1.,0.5,
1.,0.5,1.)) REPRESENTATION_ITEM('') );
#2751 = CARTESIAN_POINT('',(11.328847337958,-5.28272827176));
#2752 = CARTESIAN_POINT('',(2.178893568688,-24.90486745229));
#2753 = CARTESIAN_POINT('',(-10.23940055361,-7.169705454387));
#2754 = CARTESIAN_POINT('',(-22.65769467591,10.56545654352));
#2755 = CARTESIAN_POINT('',(-1.089446784344,12.452433726147));
#2756 = CARTESIAN_POINT('',(20.478801107227,14.339410908774));
#2757 = CARTESIAN_POINT('',(11.328847337958,-5.28272827176));
#2758 = ( GEOMETRIC_REPRESENTATION_CONTEXT(2) 
PARAMETRIC_REPRESENTATION_CONTEXT() REPRESENTATION_CONTEXT('2D SPACE',''
  ) );
#2759 = PCURVE('',#2556,#2760);
#2760 = DEFINITIONAL_REPRESENTATION('',(#2761),#2765);
#2761 = LINE('',#2762,#2763);
#2762 = CARTESIAN_POINT('',(-4.138911435803E-13,-18.));
#2763 = VECTOR('',#2764,1.);
#2764 = DIRECTION('',(1.,-0.));
#2765 = ( GEOMETRIC_REPRESENTATION_CONTEXT(2) 
PARAMETRIC_REPRESENTATION_CONTEXT() REPRESENTATION_CONTEXT('2D SPACE',''
  ) );
#2766 = ADVANCED_FACE('',(#2767),#2272,.F.);
#2767 = FACE_BOUND('',#2768,.F.);
#2768 = EDGE_LOOP('',(#2769,#2791,#2792,#2793));
#2769 = ORIENTED_EDGE('',*,*,#2770,.T.);
#2770 = EDGE_CURVE('',#2771,#2717,#2773,.T.);
#2771 = VERTEX_POINT('',#2772);
#2772 = CARTESIAN_POINT('',(11.328847337958,5.282728271759,50.));
#2773 = SURFACE_CURVE('',#2774,(#2778,#2785),.PCURVE_S1.);
#2774 = LINE('',#2775,#2776);
#2775 = CARTESIAN_POINT('',(11.328847337958,5.282728271759,26.));
#2776 = VECTOR('',#2777,1.);
#2777 = DIRECTION('',(-0.,-0.,-1.));
#2778 = PCURVE('',#2272,#2779);
#2779 = DEFINITIONAL_REPRESENTATION('',(#2780),#2784);
#2780 = LINE('',#2781,#2782);
#2781 = CARTESIAN_POINT('',(12.5,-18.));
#2782 = VECTOR('',#2783,1.);
#2783 = DIRECTION('',(0.,-1.));
#2784 = ( GEOMETRIC_REPRESENTATION_CONTEXT(2) 
PARAMETRIC_REPRESENTATION_CONTEXT() REPRESENTATION_CONTEXT('2D SPACE',''
  ) );
#2785 = PCURVE('',#2556,#2786);
#2786 = DEFINITIONAL_REPRESENTATION('',(#2787),#2790);
#2787 = B_SPLINE_CURVE_WITH_KNOTS('',1,(#2788,#2789),.UNSPECIFIED.,.F.,
  .F.,(2,2),(-24.6,-17.4),.PIECEWISE_BEZIER_KNOTS.);
#2788 = CARTESIAN_POINT('',(5.846852994181,-24.6));
#2789 = CARTESIAN_POINT('',(5.846852994181,-17.4));
#2790 = ( GEOMETRIC_REPRESENTATION_CONTEXT(2) 
PARAMETRIC_REPRESENTATION_CONTEXT() REPRESENTATION_CONTEXT('2D SPACE',''
  ) );
#2791 = ORIENTED_EDGE('',*,*,#2716,.T.);
#2792 = ORIENTED_EDGE('',*,*,#2257,.F.);
#2793 = ORIENTED_EDGE('',*,*,#2794,.F.);
#2794 = EDGE_CURVE('',#2771,#2258,#2795,.T.);
#2795 = SURFACE_CURVE('',#2796,(#2800,#2807),.PCURVE_S1.);
#2796 = LINE('',#2797,#2798);
#2797 = CARTESIAN_POINT('',(0.,0.,50.));
#2798 = VECTOR('',#2799,1.);
#2799 = DIRECTION('',(0.906307787037,0.422618261741,0.));
#2800 = PCURVE('',#2272,#2801);
#2801 = DEFINITIONAL_REPRESENTATION('',(#2802),#2806);
#2802 = LINE('',#2803,#2804);
#2803 = CARTESIAN_POINT('',(0.,6.));
#2804 = VECTOR('',#2805,1.);
#2805 = DIRECTION('',(1.,0.));
#2806 = ( GEOMETRIC_REPRESENTATION_CONTEXT(2) 
PARAMETRIC_REPRESENTATION_CONTEXT() REPRESENTATION_CONTEXT('2D SPACE',''
  ) );
#2807 = PCURVE('',#2301,#2808);
#2808 = DEFINITIONAL_REPRESENTATION('',(#2809),#2813);
#2809 = LINE('',#2810,#2811);
#2810 = CARTESIAN_POINT('',(0.,0.));
#2811 = VECTOR('',#2812,1.);
#2812 = DIRECTION('',(1.,0.));
#2813 = ( GEOMETRIC_REPRESENTATION_CONTEXT(2) 
PARAMETRIC_REPRESENTATION_CONTEXT() REPRESENTATION_CONTEXT('2D SPACE',''
  ) );
#2814 = ADVANCED_FACE('',(#2815),#2301,.F.);
#2815 = FACE_BOUND('',#2816,.F.);
#2816 = EDGE_LOOP('',(#2817,#2818,#2819,#2842));
#2817 = ORIENTED_EDGE('',*,*,#2794,.T.);
#2818 = ORIENTED_EDGE('',*,*,#2284,.F.);
#2819 = ORIENTED_EDGE('',*,*,#2820,.T.);
#2820 = EDGE_CURVE('',#2285,#2821,#2823,.T.);
#2821 = VERTEX_POINT('',#2822);
#2822 = CARTESIAN_POINT('',(2.5,12.247448713916,50.));
#2823 = SURFACE_CURVE('',#2824,(#2828,#2835),.PCURVE_S1.);
#2824 = LINE('',#2825,#2826);
#2825 = CARTESIAN_POINT('',(2.5,0.,50.));
#2826 = VECTOR('',#2827,1.);
#2827 = DIRECTION('',(0.,-1.,0.));
#2828 = PCURVE('',#2301,#2829);
#2829 = DEFINITIONAL_REPRESENTATION('',(#2830),#2834);
#2830 = LINE('',#2831,#2832);
#2831 = CARTESIAN_POINT('',(2.265769467591,-1.056545654352));
#2832 = VECTOR('',#2833,1.);
#2833 = DIRECTION('',(-0.422618261741,-0.906307787037));
#2834 = ( GEOMETRIC_REPRESENTATION_CONTEXT(2) 
PARAMETRIC_REPRESENTATION_CONTEXT() REPRESENTATION_CONTEXT('2D SPACE',''
  ) );
#2835 = PCURVE('',#2332,#2836);
#2836 = DEFINITIONAL_REPRESENTATION('',(#2837),#2841);
#2837 = LINE('',#2838,#2839);
#2838 = CARTESIAN_POINT('',(25.,0.));
#2839 = VECTOR('',#2840,1.);
#2840 = DIRECTION('',(0.,1.));
#2841 = ( GEOMETRIC_REPRESENTATION_CONTEXT(2) 
PARAMETRIC_REPRESENTATION_CONTEXT() REPRESENTATION_CONTEXT('2D SPACE',''
  ) );
#2842 = ORIENTED_EDGE('',*,*,#2843,.T.);
#2843 = EDGE_CURVE('',#2821,#2771,#2844,.T.);
#2844 = SURFACE_CURVE('',#2845,(#2850,#2861),.PCURVE_S1.);
#2845 = CIRCLE('',#2846,12.5);
#2846 = AXIS2_PLACEMENT_3D('',#2847,#2848,#2849);
#2847 = CARTESIAN_POINT('',(6.421201019462E-14,3.947459643112E-16,50.));
#2848 = DIRECTION('',(0.,0.,-1.));
#2849 = DIRECTION('',(1.,0.,0.));
#2850 = PCURVE('',#2301,#2851);
#2851 = DEFINITIONAL_REPRESENTATION('',(#2852),#2860);
#2852 = ( BOUNDED_CURVE() B_SPLINE_CURVE(2,(#2853,#2854,#2855,#2856,
#2857,#2858,#2859),.UNSPECIFIED.,.T.,.F.) B_SPLINE_CURVE_WITH_KNOTS((1,2
    ,2,2,2,1),(-2.094395102393,0.,2.094395102393,4.188790204786,
6.28318530718,8.377580409573),.UNSPECIFIED.) CURVE() 
GEOMETRIC_REPRESENTATION_ITEM() RATIONAL_B_SPLINE_CURVE((1.,0.5,1.,0.5,
1.,0.5,1.)) REPRESENTATION_ITEM('') );
#2853 = CARTESIAN_POINT('',(11.328847337958,-5.28272827176));
#2854 = CARTESIAN_POINT('',(2.178893568688,-24.90486745229));
#2855 = CARTESIAN_POINT('',(-10.23940055361,-7.169705454387));
#2856 = CARTESIAN_POINT('',(-22.65769467591,10.56545654352));
#2857 = CARTESIAN_POINT('',(-1.089446784344,12.452433726147));
#2858 = CARTESIAN_POINT('',(20.478801107227,14.339410908774));
#2859 = CARTESIAN_POINT('',(11.328847337958,-5.28272827176));
#2860 = ( GEOMETRIC_REPRESENTATION_CONTEXT(2) 
PARAMETRIC_REPRESENTATION_CONTEXT() REPRESENTATION_CONTEXT('2D SPACE',''
  ) );
#2861 = PCURVE('',#2556,#2862);
#2862 = DEFINITIONAL_REPRESENTATION('',(#2863),#2867);
#2863 = LINE('',#2864,#2865);
#2864 = CARTESIAN_POINT('',(-4.138911435803E-13,-24.));
#2865 = VECTOR('',#2866,1.);
#2866 = DIRECTION('',(1.,-0.));
#2867 = ( GEOMETRIC_REPRESENTATION_CONTEXT(2) 
PARAMETRIC_REPRESENTATION_CONTEXT() REPRESENTATION_CONTEXT('2D SPACE',''
  ) );
#2868 = ADVANCED_FACE('',(#2869),#2332,.F.);
#2869 = FACE_BOUND('',#2870,.F.);
#2870 = EDGE_LOOP('',(#2871,#2893,#2913,#2914));
#2871 = ORIENTED_EDGE('',*,*,#2872,.F.);
#2872 = EDGE_CURVE('',#2873,#2318,#2875,.T.);
#2873 = VERTEX_POINT('',#2874);
#2874 = CARTESIAN_POINT('',(2.5,12.247448713916,61.5));
#2875 = SURFACE_CURVE('',#2876,(#2880,#2887),.PCURVE_S1.);
#2876 = LINE('',#2877,#2878);
#2877 = CARTESIAN_POINT('',(2.5,0.,61.5));
#2878 = VECTOR('',#2879,1.);
#2879 = DIRECTION('',(-0.,1.,0.));
#2880 = PCURVE('',#2332,#2881);
#2881 = DEFINITIONAL_REPRESENTATION('',(#2882),#2886);
#2882 = LINE('',#2883,#2884);
#2883 = CARTESIAN_POINT('',(36.5,0.));
#2884 = VECTOR('',#2885,1.);
#2885 = DIRECTION('',(0.,-1.));
#2886 = ( GEOMETRIC_REPRESENTATION_CONTEXT(2) 
PARAMETRIC_REPRESENTATION_CONTEXT() REPRESENTATION_CONTEXT('2D SPACE',''
  ) );
#2887 = PCURVE('',#2427,#2888);
#2888 = DEFINITIONAL_REPRESENTATION('',(#2889),#2892);
#2889 = B_SPLINE_CURVE_WITH_KNOTS('',1,(#2890,#2891),.UNSPECIFIED.,.F.,
  .F.,(2,2),(12.247448713916,13.266499161422),.PIECEWISE_BEZIER_KNOTS.);
#2890 = CARTESIAN_POINT('',(7.853981633974,12.247448713916));
#2891 = CARTESIAN_POINT('',(7.853981633974,13.266499161422));
#2892 = ( GEOMETRIC_REPRESENTATION_CONTEXT(2) 
PARAMETRIC_REPRESENTATION_CONTEXT() REPRESENTATION_CONTEXT('2D SPACE',''
  ) );
#2893 = ORIENTED_EDGE('',*,*,#2894,.T.);
#2894 = EDGE_CURVE('',#2873,#2821,#2895,.T.);
#2895 = SURFACE_CURVE('',#2896,(#2900,#2907),.PCURVE_S1.);
#2896 = LINE('',#2897,#2898);
#2897 = CARTESIAN_POINT('',(2.5,12.247448713916,26.));
#2898 = VECTOR('',#2899,1.);
#2899 = DIRECTION('',(-0.,-0.,-1.));
#2900 = PCURVE('',#2332,#2901);
#2901 = DEFINITIONAL_REPRESENTATION('',(#2902),#2906);
#2902 = LINE('',#2903,#2904);
#2903 = CARTESIAN_POINT('',(1.,-12.24744871391));
#2904 = VECTOR('',#2905,1.);
#2905 = DIRECTION('',(-1.,0.));
#2906 = ( GEOMETRIC_REPRESENTATION_CONTEXT(2) 
PARAMETRIC_REPRESENTATION_CONTEXT() REPRESENTATION_CONTEXT('2D SPACE',''
  ) );
#2907 = PCURVE('',#2556,#2908);
#2908 = DEFINITIONAL_REPRESENTATION('',(#2909),#2912);
#2909 = B_SPLINE_CURVE_WITH_KNOTS('',1,(#2910,#2911),.UNSPECIFIED.,.F.,
  .F.,(2,2),(-39.15,6.E-07),.PIECEWISE_BEZIER_KNOTS.);
#2910 = CARTESIAN_POINT('',(4.913746901175,-39.15));
#2911 = CARTESIAN_POINT('',(4.913746901175,6.E-07));
#2912 = ( GEOMETRIC_REPRESENTATION_CONTEXT(2) 
PARAMETRIC_REPRESENTATION_CONTEXT() REPRESENTATION_CONTEXT('2D SPACE',''
  ) );
#2913 = ORIENTED_EDGE('',*,*,#2820,.F.);
#2914 = ORIENTED_EDGE('',*,*,#2317,.F.);
#2915 = ADVANCED_FACE('',(#2916),#2427,.F.);
#2916 = FACE_BOUND('',#2917,.F.);
#2917 = EDGE_LOOP('',(#2918,#2919,#2941,#3073));
#2918 = ORIENTED_EDGE('',*,*,#2344,.T.);
#2919 = ORIENTED_EDGE('',*,*,#2920,.F.);
#2920 = EDGE_CURVE('',#2921,#2345,#2923,.T.);
#2921 = VERTEX_POINT('',#2922);
#2922 = CARTESIAN_POINT('',(-2.5,12.247448713916,61.5));
#2923 = SURFACE_CURVE('',#2924,(#2928,#2934),.PCURVE_S1.);
#2924 = LINE('',#2925,#2926);
#2925 = CARTESIAN_POINT('',(-2.5,0.,61.5));
#2926 = VECTOR('',#2927,1.);
#2927 = DIRECTION('',(-0.,1.,0.));
#2928 = PCURVE('',#2427,#2929);
#2929 = DEFINITIONAL_REPRESENTATION('',(#2930),#2933);
#2930 = B_SPLINE_CURVE_WITH_KNOTS('',1,(#2931,#2932),.UNSPECIFIED.,.F.,
  .F.,(2,2),(12.247448713916,13.266499161422),.PIECEWISE_BEZIER_KNOTS.);
#2931 = CARTESIAN_POINT('',(4.712388980385,12.247448713916));
#2932 = CARTESIAN_POINT('',(4.712388980385,13.266499161422));
#2933 = ( GEOMETRIC_REPRESENTATION_CONTEXT(2) 
PARAMETRIC_REPRESENTATION_CONTEXT() REPRESENTATION_CONTEXT('2D SPACE',''
  ) );
#2934 = PCURVE('',#2498,#2935);
#2935 = DEFINITIONAL_REPRESENTATION('',(#2936),#2940);
#2936 = LINE('',#2937,#2938);
#2937 = CARTESIAN_POINT('',(36.5,0.));
#2938 = VECTOR('',#2939,1.);
#2939 = DIRECTION('',(0.,-1.));
#2940 = ( GEOMETRIC_REPRESENTATION_CONTEXT(2) 
PARAMETRIC_REPRESENTATION_CONTEXT() REPRESENTATION_CONTEXT('2D SPACE',''
  ) );
#2941 = ORIENTED_EDGE('',*,*,#2942,.F.);
#2942 = EDGE_CURVE('',#2873,#2921,#2943,.T.);
#2943 = SURFACE_CURVE('',#2944,(#2971,#3022),.PCURVE_S1.);
#2944 = B_SPLINE_CURVE_WITH_KNOTS('',7,(#2945,#2946,#2947,#2948,#2949,
    #2950,#2951,#2952,#2953,#2954,#2955,#2956,#2957,#2958,#2959,#2960,
    #2961,#2962,#2963,#2964,#2965,#2966,#2967,#2968,#2969,#2970),
  .UNSPECIFIED.,.F.,.F.,(8,6,6,6,8),(0.,0.551087171116,1.,1.469738411111
    ,2.001769749154),.UNSPECIFIED.);
#2945 = CARTESIAN_POINT('',(2.5,12.247448713916,61.5));
#2946 = CARTESIAN_POINT('',(2.5,12.247448713916,61.769215995677));
#2947 = CARTESIAN_POINT('',(2.466178454001,12.254352423269,
    62.038040593395));
#2948 = CARTESIAN_POINT('',(2.398703949301,12.268126041707,
    62.303980916918));
#2949 = CARTESIAN_POINT('',(2.296779141498,12.288317290353,
    62.564268152925));
#2950 = CARTESIAN_POINT('',(2.158914956278,12.314025886148,
    62.815369788279));
#2951 = CARTESIAN_POINT('',(1.983184673906,12.34359471063,
    63.052349232027));
#2952 = CARTESIAN_POINT('',(1.592288764456,12.399436983409,
    63.443245141477));
#2953 = CARTESIAN_POINT('',(1.386210022928,12.425914186146,
    63.608680704816));
#2954 = CARTESIAN_POINT('',(1.150480629754,12.45183160498,
    63.754545258504));
#2955 = CARTESIAN_POINT('',(0.888323326425,12.474533353107,
    63.872659985656));
#2956 = CARTESIAN_POINT('',(0.604757794468,12.491251395696,
    63.956258546976));
#2957 = CARTESIAN_POINT('',(0.306157758585,12.5,64.));
#2958 = CARTESIAN_POINT('',(-0.320360768981,12.5,64.));
#2959 = CARTESIAN_POINT('',(-0.631881841711,12.490420816558,
    63.952106091448));
#2960 = CARTESIAN_POINT('',(-0.926299042473,12.472216096296,
    63.86107174255));
#2961 = CARTESIAN_POINT('',(-1.196751195745,12.447726594666,
    63.733104525186));
#2962 = CARTESIAN_POINT('',(-1.437964082467,12.420118739314,
    63.575866838563));
#2963 = CARTESIAN_POINT('',(-1.646725271354,12.392329703048,
    63.398465318085));
#2964 = CARTESIAN_POINT('',(-2.021417294424,12.337111956037,
    62.999458840082));
#2965 = CARTESIAN_POINT('',(-2.183911496001,12.309348389813,
    62.768813439754));
#2966 = CARTESIAN_POINT('',(-2.311567378045,12.285384915142,
    62.525730547959));
#2967 = CARTESIAN_POINT('',(-2.40605309278,12.266625761316,
    62.274472868324));
#2968 = CARTESIAN_POINT('',(-2.468639264043,12.253850146339,
    62.018147434662));
#2969 = CARTESIAN_POINT('',(-2.5,12.247448713916,61.75923627343));
#2970 = CARTESIAN_POINT('',(-2.5,12.247448713916,61.5));
#2971 = PCURVE('',#2427,#2972);
#2972 = DEFINITIONAL_REPRESENTATION('',(#2973),#3021);
#2973 = B_SPLINE_CURVE_WITH_KNOTS('',3,(#2974,#2975,#2976,#2977,#2978,
    #2979,#2980,#2981,#2982,#2983,#2984,#2985,#2986,#2987,#2988,#2989,
    #2990,#2991,#2992,#2993,#2994,#2995,#2996,#2997,#2998,#2999,#3000,
    #3001,#3002,#3003,#3004,#3005,#3006,#3007,#3008,#3009,#3010,#3011,
    #3012,#3013,#3014,#3015,#3016,#3017,#3018,#3019,#3020),
  .UNSPECIFIED.,.F.,.F.,(4,1,1,1,1,1,1,1,1,1,1,1,1,1,1,1,1,1,1,1,1,1,1,1
    ,1,1,1,1,1,1,1,1,1,1,1,1,1,1,1,1,1,1,1,1,4),(0.,4.549476702622E-02,
    9.098953405244E-02,0.136484301079,0.181979068105,0.227473835131,
    0.272968602157,0.318463369184,0.36395813621,0.409452903236,
    0.454947670262,0.500442437288,0.545937204315,0.591431971341,
    0.636926738367,0.682421505393,0.727916272419,0.773411039446,
    0.818905806472,0.864400573498,0.909895340524,0.955390107551,
    1.000884874577,1.046379641603,1.091874408629,1.137369175655,
    1.182863942682,1.228358709708,1.273853476734,1.31934824376,
    1.364843010787,1.410337777813,1.455832544839,1.501327311865,
    1.546822078891,1.592316845918,1.637811612944,1.68330637997,
    1.728801146996,1.774295914022,1.819790681049,1.865285448075,
    1.910780215101,1.956274982127,2.001769749154),.UNSPECIFIED.);
#2974 = CARTESIAN_POINT('',(7.853981633974,12.247448713916));
#2975 = CARTESIAN_POINT('',(7.833238564374,12.247447295456));
#2976 = CARTESIAN_POINT('',(7.791766276299,12.248108535052));
#2977 = CARTESIAN_POINT('',(7.72948230484,12.251061744709));
#2978 = CARTESIAN_POINT('',(7.667004746403,12.255952305889));
#2979 = CARTESIAN_POINT('',(7.604218895544,12.262732137946));
#2980 = CARTESIAN_POINT('',(7.541010537322,12.271335883334));
#2981 = CARTESIAN_POINT('',(7.477265273859,12.281677168104));
#2982 = CARTESIAN_POINT('',(7.412867070799,12.29364742197));
#2983 = CARTESIAN_POINT('',(7.347698208105,12.30711342778));
#2984 = CARTESIAN_POINT('',(7.281634448924,12.321916091234));
#2985 = CARTESIAN_POINT('',(7.214557490603,12.337864571842));
#2986 = CARTESIAN_POINT('',(7.146302038204,12.354746994541));
#2987 = CARTESIAN_POINT('',(7.076845392272,12.372278997479));
#2988 = CARTESIAN_POINT('',(7.005589875286,12.390284148793));
#2989 = CARTESIAN_POINT('',(6.93188802212,12.408544884071));
#2990 = CARTESIAN_POINT('',(6.856209710435,12.426500881616));
#2991 = CARTESIAN_POINT('',(6.778682866354,12.443639396631));
#2992 = CARTESIAN_POINT('',(6.699481037219,12.459416499974));
#2993 = CARTESIAN_POINT('',(6.61872147385,12.473301974586));
#2994 = CARTESIAN_POINT('',(6.536511243935,12.484791301941));
#2995 = CARTESIAN_POINT('',(6.452886632642,12.493425904965));
#2996 = CARTESIAN_POINT('',(6.368027113744,12.498810927618));
#2997 = CARTESIAN_POINT('',(6.281473503386,12.50062964235));
#2998 = CARTESIAN_POINT('',(6.195053783794,12.498666221301));
#2999 = CARTESIAN_POINT('',(6.110347657956,12.49315888747));
#3000 = CARTESIAN_POINT('',(6.026935205238,12.484429817326));
#3001 = CARTESIAN_POINT('',(5.944959188209,12.47287709737));
#3002 = CARTESIAN_POINT('',(5.864439422678,12.458956884872));
#3003 = CARTESIAN_POINT('',(5.785458436773,12.443166947359));
#3004 = CARTESIAN_POINT('',(5.70811402769,12.426028871151));
#3005 = CARTESIAN_POINT('',(5.632537025575,12.408070823841));
#3006 = CARTESIAN_POINT('',(5.558885315332,12.389808261334));
#3007 = CARTESIAN_POINT('',(5.487371409754,12.371733352744));
#3008 = CARTESIAN_POINT('',(5.418183058593,12.354274859844));
#3009 = CARTESIAN_POINT('',(5.350119155384,12.337453230035));
#3010 = CARTESIAN_POINT('',(5.283242429214,12.321571231006));
#3011 = CARTESIAN_POINT('',(5.217365221393,12.306832370461));
#3012 = CARTESIAN_POINT('',(5.152376055574,12.293426923832));
#3013 = CARTESIAN_POINT('',(5.088149958815,12.281511902901));
#3014 = CARTESIAN_POINT('',(5.024570730174,12.271219347324));
#3015 = CARTESIAN_POINT('',(4.961523470167,12.262656818587));
#3016 = CARTESIAN_POINT('',(4.898895246806,12.255909954706));
#3017 = CARTESIAN_POINT('',(4.836573491783,12.251043531267));
#3018 = CARTESIAN_POINT('',(4.774445373747,12.248105146609));
#3019 = CARTESIAN_POINT('',(4.733078557821,12.247447297328));
#3020 = CARTESIAN_POINT('',(4.712388980385,12.247448713916));
#3021 = ( GEOMETRIC_REPRESENTATION_CONTEXT(2) 
PARAMETRIC_REPRESENTATION_CONTEXT() REPRESENTATION_CONTEXT('2D SPACE',''
  ) );
#3022 = PCURVE('',#2556,#3023);
#3023 = DEFINITIONAL_REPRESENTATION('',(#3024),#3072);
#3024 = B_SPLINE_CURVE_WITH_KNOTS('',3,(#3025,#3026,#3027,#3028,#3029,
    #3030,#3031,#3032,#3033,#3034,#3035,#3036,#3037,#3038,#3039,#3040,
    #3041,#3042,#3043,#3044,#3045,#3046,#3047,#3048,#3049,#3050,#3051,
    #3052,#3053,#3054,#3055,#3056,#3057,#3058,#3059,#3060,#3061,#3062,
    #3063,#3064,#3065,#3066,#3067,#3068,#3069,#3070,#3071),
  .UNSPECIFIED.,.F.,.F.,(4,1,1,1,1,1,1,1,1,1,1,1,1,1,1,1,1,1,1,1,1,1,1,1
    ,1,1,1,1,1,1,1,1,1,1,1,1,1,1,1,1,1,1,1,1,4),(0.,4.549476702622E-02,
    9.098953405244E-02,0.136484301079,0.181979068105,0.227473835131,
    0.272968602157,0.318463369184,0.36395813621,0.409452903236,
    0.454947670262,0.500442437288,0.545937204315,0.591431971341,
    0.636926738367,0.682421505393,0.727916272419,0.773411039446,
    0.818905806472,0.864400573498,0.909895340524,0.955390107551,
    1.000884874577,1.046379641603,1.091874408629,1.137369175655,
    1.182863942682,1.228358709708,1.273853476734,1.31934824376,
    1.364843010787,1.410337777813,1.455832544839,1.501327311865,
    1.546822078891,1.592316845918,1.637811612944,1.68330637997,
    1.728801146996,1.774295914022,1.819790681049,1.865285448075,
    1.910780215101,1.956274982127,2.001769749154),.UNSPECIFIED.);
#3025 = CARTESIAN_POINT('',(4.913746901175,-35.5));
#3026 = CARTESIAN_POINT('',(4.913746697893,-35.55185697455));
#3027 = CARTESIAN_POINT('',(4.913483582714,-35.65553871218));
#3028 = CARTESIAN_POINT('',(4.912298407185,-35.81064597955));
#3029 = CARTESIAN_POINT('',(4.910321260096,-35.96502691401));
#3030 = CARTESIAN_POINT('',(4.907547494227,-36.11834353381));
#3031 = CARTESIAN_POINT('',(4.903970645444,-36.2702333757));
#3032 = CARTESIAN_POINT('',(4.899582350152,-36.42030143076));
#3033 = CARTESIAN_POINT('',(4.894372611802,-36.56811497148));
#3034 = CARTESIAN_POINT('',(4.888330145803,-36.71319495661));
#3035 = CARTESIAN_POINT('',(4.881442101021,-36.85501556409));
#3036 = CARTESIAN_POINT('',(4.873696243779,-36.99297172288));
#3037 = CARTESIAN_POINT('',(4.865073970198,-37.12646336793));
#3038 = CARTESIAN_POINT('',(4.855577605054,-37.25454140924));
#3039 = CARTESIAN_POINT('',(4.845129796202,-37.37718648498));
#3040 = CARTESIAN_POINT('',(4.83362619212,-37.49402591217));
#3041 = CARTESIAN_POINT('',(4.821141563037,-37.60271785899));
#3042 = CARTESIAN_POINT('',(4.807721692435,-37.70158345702));
#3043 = CARTESIAN_POINT('',(4.793436231049,-37.78892247807));
#3044 = CARTESIAN_POINT('',(4.778362329715,-37.86319794691));
#3045 = CARTESIAN_POINT('',(4.762590517895,-37.92298798276));
#3046 = CARTESIAN_POINT('',(4.746211512278,-37.96699903281));
#3047 = CARTESIAN_POINT('',(4.729357863002,-37.99406577907));
#3048 = CARTESIAN_POINT('',(4.712046206984,-38.00314265616));
#3049 = CARTESIAN_POINT('',(4.694763805899,-37.99334218871));
#3050 = CARTESIAN_POINT('',(4.677947465555,-37.96564916429));
#3051 = CARTESIAN_POINT('',(4.661620445628,-37.92112782238));
#3052 = CARTESIAN_POINT('',(4.645906637862,-37.86095728676));
#3053 = CARTESIAN_POINT('',(4.630892328438,-37.78642183808));
#3054 = CARTESIAN_POINT('',(4.616662594155,-37.69891327278));
#3055 = CARTESIAN_POINT('',(4.603290597737,-37.59992934769));
#3056 = CARTESIAN_POINT('',(4.590839732017,-37.49107491914));
#3057 = CARTESIAN_POINT('',(4.579360637985,-37.37405519333));
#3058 = CARTESIAN_POINT('',(4.568895160045,-37.25069666528));
#3059 = CARTESIAN_POINT('',(4.55945709124,-37.1228638717));
#3060 = CARTESIAN_POINT('',(4.550877561869,-36.98956340512));
#3061 = CARTESIAN_POINT('',(4.543172534887,-36.85186635295));
#3062 = CARTESIAN_POINT('',(4.5363197939,-36.71032916439));
#3063 = CARTESIAN_POINT('',(4.530308198233,-36.56555953033));
#3064 = CARTESIAN_POINT('',(4.52512478203,-36.41807522827));
#3065 = CARTESIAN_POINT('',(4.520758495022,-36.26835172044));
#3066 = CARTESIAN_POINT('',(4.517199480982,-36.11681846922));
#3067 = CARTESIAN_POINT('',(4.514439518061,-35.96386855032));
#3068 = CARTESIAN_POINT('',(4.512472234449,-35.80986350352));
#3069 = CARTESIAN_POINT('',(4.511293028098,-35.6551413063));
#3070 = CARTESIAN_POINT('',(4.511031255716,-35.55172324533));
#3071 = CARTESIAN_POINT('',(4.511031059595,-35.5));
#3072 = ( GEOMETRIC_REPRESENTATION_CONTEXT(2) 
PARAMETRIC_REPRESENTATION_CONTEXT() REPRESENTATION_CONTEXT('2D SPACE',''
  ) );
#3073 = ORIENTED_EDGE('',*,*,#2872,.T.);
#3074 = ADVANCED_FACE('',(#3075),#2498,.T.);
#3075 = FACE_BOUND('',#3076,.T.);
#3076 = EDGE_LOOP('',(#3077,#3078,#3098,#3099));
#3077 = ORIENTED_EDGE('',*,*,#2920,.F.);
#3078 = ORIENTED_EDGE('',*,*,#3079,.T.);
#3079 = EDGE_CURVE('',#2921,#2621,#3080,.T.);
#3080 = SURFACE_CURVE('',#3081,(#3085,#3092),.PCURVE_S1.);
#3081 = LINE('',#3082,#3083);
#3082 = CARTESIAN_POINT('',(-2.5,12.247448713916,26.));
#3083 = VECTOR('',#3084,1.);
#3084 = DIRECTION('',(-0.,-0.,-1.));
#3085 = PCURVE('',#2498,#3086);
#3086 = DEFINITIONAL_REPRESENTATION('',(#3087),#3091);
#3087 = LINE('',#3088,#3089);
#3088 = CARTESIAN_POINT('',(1.,-12.24744871391));
#3089 = VECTOR('',#3090,1.);
#3090 = DIRECTION('',(-1.,0.));
#3091 = ( GEOMETRIC_REPRESENTATION_CONTEXT(2) 
PARAMETRIC_REPRESENTATION_CONTEXT() REPRESENTATION_CONTEXT('2D SPACE',''
  ) );
#3092 = PCURVE('',#2556,#3093);
#3093 = DEFINITIONAL_REPRESENTATION('',(#3094),#3097);
#3094 = B_SPLINE_CURVE_WITH_KNOTS('',1,(#3095,#3096),.UNSPECIFIED.,.F.,
  .F.,(2,2),(-39.15,6.E-07),.PIECEWISE_BEZIER_KNOTS.);
#3095 = CARTESIAN_POINT('',(4.511031059595,-39.15));
#3096 = CARTESIAN_POINT('',(4.511031059595,6.E-07));
#3097 = ( GEOMETRIC_REPRESENTATION_CONTEXT(2) 
PARAMETRIC_REPRESENTATION_CONTEXT() REPRESENTATION_CONTEXT('2D SPACE',''
  ) );
#3098 = ORIENTED_EDGE('',*,*,#2644,.T.);
#3099 = ORIENTED_EDGE('',*,*,#2483,.F.);
#3100 = ADVANCED_FACE('',(#3101),#2556,.F.);
#3101 = FACE_BOUND('',#3102,.F.);
#3102 = EDGE_LOOP('',(#3103,#3104,#3125,#3126,#3127,#3128,#3129,#3130,
    #3131,#3132,#3133,#3134));
#3103 = ORIENTED_EDGE('',*,*,#2539,.F.);
#3104 = ORIENTED_EDGE('',*,*,#3105,.F.);
#3105 = EDGE_CURVE('',#2597,#2540,#3106,.T.);
#3106 = SEAM_CURVE('',#3107,(#3111,#3118),.PCURVE_S1.);
#3107 = LINE('',#3108,#3109);
#3108 = CARTESIAN_POINT('',(12.5,3.947459643112E-16,26.));
#3109 = VECTOR('',#3110,1.);
#3110 = DIRECTION('',(0.,0.,1.));
#3111 = PCURVE('',#2556,#3112);
#3112 = DEFINITIONAL_REPRESENTATION('',(#3113),#3117);
#3113 = LINE('',#3114,#3115);
#3114 = CARTESIAN_POINT('',(6.283185307179,0.));
#3115 = VECTOR('',#3116,1.);
#3116 = DIRECTION('',(-0.,-1.));
#3117 = ( GEOMETRIC_REPRESENTATION_CONTEXT(2) 
PARAMETRIC_REPRESENTATION_CONTEXT() REPRESENTATION_CONTEXT('2D SPACE',''
  ) );
#3118 = PCURVE('',#2556,#3119);
#3119 = DEFINITIONAL_REPRESENTATION('',(#3120),#3124);
#3120 = LINE('',#3121,#3122);
#3121 = CARTESIAN_POINT('',(-0.,0.));
#3122 = VECTOR('',#3123,1.);
#3123 = DIRECTION('',(-0.,-1.));
#3124 = ( GEOMETRIC_REPRESENTATION_CONTEXT(2) 
PARAMETRIC_REPRESENTATION_CONTEXT() REPRESENTATION_CONTEXT('2D SPACE',''
  ) );
#3125 = ORIENTED_EDGE('',*,*,#2596,.T.);
#3126 = ORIENTED_EDGE('',*,*,#2691,.F.);
#3127 = ORIENTED_EDGE('',*,*,#2741,.T.);
#3128 = ORIENTED_EDGE('',*,*,#2770,.F.);
#3129 = ORIENTED_EDGE('',*,*,#2843,.F.);
#3130 = ORIENTED_EDGE('',*,*,#2894,.F.);
#3131 = ORIENTED_EDGE('',*,*,#2942,.T.);
#3132 = ORIENTED_EDGE('',*,*,#3079,.T.);
#3133 = ORIENTED_EDGE('',*,*,#2620,.T.);
#3134 = ORIENTED_EDGE('',*,*,#3105,.T.);
#3135 = ( GEOMETRIC_REPRESENTATION_CONTEXT(3) 
GLOBAL_UNCERTAINTY_ASSIGNED_CONTEXT((#3139)) 
GLOBAL_UNIT_ASSIGNED_CONTEXT((#3136,#3137,#3138)) REPRESENTATION_CONTEXT
('Context #1','3D Context with UNIT and UNCERTAINTY') );
#3136 = ( LENGTH_UNIT() NAMED_UNIT(*) SI_UNIT(.MILLI.,.METRE.) );
#3137 = ( NAMED_UNIT(*) PLANE_ANGLE_UNIT() SI_UNIT($,.RADIAN.) );
#3138 = ( NAMED_UNIT(*) SI_UNIT($,.STERADIAN.) SOLID_ANGLE_UNIT() );
#3139 = UNCERTAINTY_MEASURE_WITH_UNIT(LENGTH_MEASURE(1.E-07),#3136,
  'distance_accuracy_value','confusion accuracy');
#3140 = CONTEXT_DEPENDENT_SHAPE_REPRESENTATION(#3141,#3143);
#3141 = ( REPRESENTATION_RELATIONSHIP('','',#2104,#10) 
REPRESENTATION_RELATIONSHIP_WITH_TRANSFORMATION(#3142) 
SHAPE_REPRESENTATION_RELATIONSHIP() );
#3142 = ITEM_DEFINED_TRANSFORMATION('','',#11,#31);
#3143 = PRODUCT_DEFINITION_SHAPE('Placement','Placement of an item',
  #3144);
#3144 = NEXT_ASSEMBLY_USAGE_OCCURRENCE('9','','',#5,#2099,$);
#3145 = PRODUCT_RELATED_PRODUCT_CATEGORY('part',$,(#2101));
ENDSEC;
END-ISO-10303-21;
