solid XR_DEMO_NONFUNCTIONAL
facet normal 1 0 0
outer loop
vertex 180.00000 -108.00000 95.00000
vertex 180.00000 -120.00000 95.00000
vertex 180.00000 -108.00000 -95.00000
endloop
endfacet
facet normal 1 0 0
outer loop
vertex 180.00000 -120.00000 95.00000
vertex 180.00000 -120.00000 -95.00000
vertex 180.00000 -108.00000 -95.00000
endloop
endfacet
facet normal -1 0 0
outer loop
vertex -180.00000 -108.00000 -95.00000
vertex -180.00000 -120.00000 -95.00000
vertex -180.00000 -108.00000 95.00000
endloop
endfacet
facet normal -1 0 0
outer loop
vertex -180.00000 -120.00000 -95.00000
vertex -180.00000 -120.00000 95.00000
vertex -180.00000 -108.00000 95.00000
endloop
endfacet
facet normal 0 1 0
outer loop
vertex -180.00000 -108.00000 -95.00000
vertex -180.00000 -108.00000 95.00000
vertex 180.00000 -108.00000 -95.00000
endloop
endfacet
facet normal 0 1 0
outer loop
vertex -180.00000 -108.00000 95.00000
vertex 180.00000 -108.00000 95.00000
vertex 180.00000 -108.00000 -95.00000
endloop
endfacet
facet normal 0 -1 0
outer loop
vertex -180.00000 -120.00000 95.00000
vertex -180.00000 -120.00000 -95.00000
vertex 180.00000 -120.00000 95.00000
endloop
endfacet
facet normal 0 -1 0
outer loop
vertex -180.00000 -120.00000 -95.00000
vertex 180.00000 -120.00000 -95.00000
vertex 180.00000 -120.00000 95.00000
endloop
endfacet
facet normal 0 0 1
outer loop
vertex -180.00000 -108.00000 95.00000
vertex -180.00000 -120.00000 95.00000
vertex 180.00000 -108.00000 95.00000
endloop
endfacet
facet normal 0 0 1
outer loop
vertex -180.00000 -120.00000 95.00000
vertex 180.00000 -120.00000 95.00000
vertex 180.00000 -108.00000 95.00000
endloop
endfacet
facet normal 0 0 -1
outer loop
vertex 180.00000 -108.00000 -95.00000
vertex 180.00000 -120.00000 -95.00000
vertex -180.00000 -108.00000 -95.00000
endloop
endfacet
facet normal 0 0 -1
outer loop
vertex 180.00000 -120.00000 -95.00000
vertex -180.00000 -120.00000 -95.00000
vertex -180.00000 -108.00000 -95.00000
endloop
endfacet
facet normal 1 0 0
outer loop
vertex -133.00000 -120.00000 75.00000
vertex -133.00000 -130.00000 75.00000
vertex -133.00000 -120.00000 -75.00000
endloop
endfacet
facet normal 1 0 0
outer loop
vertex -133.00000 -130.00000 75.00000
vertex -133.00000 -130.00000 -75.00000
vertex -133.00000 -120.00000 -75.00000
endloop
endfacet
facet normal -1 0 0
outer loop
vertex -157.00000 -120.00000 -75.00000
vertex -157.00000 -130.00000 -75.00000
vertex -157.00000 -120.00000 75.00000
endloop
endfacet
facet normal -1 0 0
outer loop
vertex -157.00000 -130.00000 -75.00000
vertex -157.00000 -130.00000 75.00000
vertex -157.00000 -120.00000 75.00000
endloop
endfacet
facet normal 0 1 0
outer loop
vertex -157.00000 -120.00000 -75.00000
vertex -157.00000 -120.00000 75.00000
vertex -133.00000 -120.00000 -75.00000
endloop
endfacet
facet normal 0 1 0
outer loop
vertex -157.00000 -120.00000 75.00000
vertex -133.00000 -120.00000 75.00000
vertex -133.00000 -120.00000 -75.00000
endloop
endfacet
facet normal 0 -1 0
outer loop
vertex -157.00000 -130.00000 75.00000
vertex -157.00000 -130.00000 -75.00000
vertex -133.00000 -130.00000 75.00000
endloop
endfacet
facet normal 0 -1 0
outer loop
vertex -157.00000 -130.00000 -75.00000
vertex -133.00000 -130.00000 -75.00000
vertex -133.00000 -130.00000 75.00000
endloop
endfacet
facet normal 0 0 1
outer loop
vertex -157.00000 -120.00000 75.00000
vertex -157.00000 -130.00000 75.00000
vertex -133.00000 -120.00000 75.00000
endloop
endfacet
facet normal 0 0 1
outer loop
vertex -157.00000 -130.00000 75.00000
vertex -133.00000 -130.00000 75.00000
vertex -133.00000 -120.00000 75.00000
endloop
endfacet
facet normal 0 0 -1
outer loop
vertex -133.00000 -120.00000 -75.00000
vertex -133.00000 -130.00000 -75.00000
vertex -157.00000 -120.00000 -75.00000
endloop
endfacet
facet normal 0 0 -1
outer loop
vertex -133.00000 -130.00000 -75.00000
vertex -157.00000 -130.00000 -75.00000
vertex -157.00000 -120.00000 -75.00000
endloop
endfacet
facet normal 1 0 0
outer loop
vertex 157.00000 -120.00000 75.00000
vertex 157.00000 -130.00000 75.00000
vertex 157.00000 -120.00000 -75.00000
endloop
endfacet
facet normal 1 0 0
outer loop
vertex 157.00000 -130.00000 75.00000
vertex 157.00000 -130.00000 -75.00000
vertex 157.00000 -120.00000 -75.00000
endloop
endfacet
facet normal -1 0 0
outer loop
vertex 133.00000 -120.00000 -75.00000
vertex 133.00000 -130.00000 -75.00000
vertex 133.00000 -120.00000 75.00000
endloop
endfacet
facet normal -1 0 0
outer loop
vertex 133.00000 -130.00000 -75.00000
vertex 133.00000 -130.00000 75.00000
vertex 133.00000 -120.00000 75.00000
endloop
endfacet
facet normal 0 1 0
outer loop
vertex 133.00000 -120.00000 -75.00000
vertex 133.00000 -120.00000 75.00000
vertex 157.00000 -120.00000 -75.00000
endloop
endfacet
facet normal 0 1 0
outer loop
vertex 133.00000 -120.00000 75.00000
vertex 157.00000 -120.00000 75.00000
vertex 157.00000 -120.00000 -75.00000
endloop
endfacet
facet normal 0 -1 0
outer loop
vertex 133.00000 -130.00000 75.00000
vertex 133.00000 -130.00000 -75.00000
vertex 157.00000 -130.00000 75.00000
endloop
endfacet
facet normal 0 -1 0
outer loop
vertex 133.00000 -130.00000 -75.00000
vertex 157.00000 -130.00000 -75.00000
vertex 157.00000 -130.00000 75.00000
endloop
endfacet
facet normal 0 0 1
outer loop
vertex 133.00000 -120.00000 75.00000
vertex 133.00000 -130.00000 75.00000
vertex 157.00000 -120.00000 75.00000
endloop
endfacet
facet normal 0 0 1
outer loop
vertex 133.00000 -130.00000 75.00000
vertex 157.00000 -130.00000 75.00000
vertex 157.00000 -120.00000 75.00000
endloop
endfacet
facet normal 0 0 -1
outer loop
vertex 157.00000 -120.00000 -75.00000
vertex 157.00000 -130.00000 -75.00000
vertex 133.00000 -120.00000 -75.00000
endloop
endfacet
facet normal 0 0 -1
outer loop
vertex 157.00000 -130.00000 -75.00000
vertex 133.00000 -130.00000 -75.00000
vertex 133.00000 -120.00000 -75.00000
endloop
endfacet
facet normal 1 0 0
outer loop
vertex -114.00000 -21.00000 57.50000
vertex -114.00000 -101.00000 57.50000
vertex -114.00000 -21.00000 -57.50000
endloop
endfacet
facet normal 1 0 0
outer loop
vertex -114.00000 -101.00000 57.50000
vertex -114.00000 -101.00000 -57.50000
vertex -114.00000 -21.00000 -57.50000
endloop
endfacet
facet normal -1 0 0
outer loop
vertex -136.00000 -21.00000 -57.50000
vertex -136.00000 -101.00000 -57.50000
vertex -136.00000 -21.00000 57.50000
endloop
endfacet
facet normal -1 0 0
outer loop
vertex -136.00000 -101.00000 -57.50000
vertex -136.00000 -101.00000 57.50000
vertex -136.00000 -21.00000 57.50000
endloop
endfacet
facet normal 0 1 0
outer loop
vertex -136.00000 -21.00000 -57.50000
vertex -136.00000 -21.00000 57.50000
vertex -114.00000 -21.00000 -57.50000
endloop
endfacet
facet normal 0 1 0
outer loop
vertex -136.00000 -21.00000 57.50000
vertex -114.00000 -21.00000 57.50000
vertex -114.00000 -21.00000 -57.50000
endloop
endfacet
facet normal 0 -1 0
outer loop
vertex -136.00000 -101.00000 57.50000
vertex -136.00000 -101.00000 -57.50000
vertex -114.00000 -101.00000 57.50000
endloop
endfacet
facet normal 0 -1 0
outer loop
vertex -136.00000 -101.00000 -57.50000
vertex -114.00000 -101.00000 -57.50000
vertex -114.00000 -101.00000 57.50000
endloop
endfacet
facet normal 0 0 1
outer loop
vertex -136.00000 -21.00000 57.50000
vertex -136.00000 -101.00000 57.50000
vertex -114.00000 -21.00000 57.50000
endloop
endfacet
facet normal 0 0 1
outer loop
vertex -136.00000 -101.00000 57.50000
vertex -114.00000 -101.00000 57.50000
vertex -114.00000 -21.00000 57.50000
endloop
endfacet
facet normal 0 0 -1
outer loop
vertex -114.00000 -21.00000 -57.50000
vertex -114.00000 -101.00000 -57.50000
vertex -136.00000 -21.00000 -57.50000
endloop
endfacet
facet normal 0 0 -1
outer loop
vertex -114.00000 -101.00000 -57.50000
vertex -136.00000 -101.00000 -57.50000
vertex -136.00000 -21.00000 -57.50000
endloop
endfacet
facet normal 1 0 0
outer loop
vertex -103.00000 -13.00000 60.00000
vertex -103.00000 -23.00000 60.00000
vertex -103.00000 -13.00000 -60.00000
endloop
endfacet
facet normal 1 0 0
outer loop
vertex -103.00000 -23.00000 60.00000
vertex -103.00000 -23.00000 -60.00000
vertex -103.00000 -13.00000 -60.00000
endloop
endfacet
facet normal -1 0 0
outer loop
vertex -147.00000 -13.00000 -60.00000
vertex -147.00000 -23.00000 -60.00000
vertex -147.00000 -13.00000 60.00000
endloop
endfacet
facet normal -1 0 0
outer loop
vertex -147.00000 -23.00000 -60.00000
vertex -147.00000 -23.00000 60.00000
vertex -147.00000 -13.00000 60.00000
endloop
endfacet
facet normal 0 1 0
outer loop
vertex -147.00000 -13.00000 -60.00000
vertex -147.00000 -13.00000 60.00000
vertex -103.00000 -13.00000 -60.00000
endloop
endfacet
facet normal 0 1 0
outer loop
vertex -147.00000 -13.00000 60.00000
vertex -103.00000 -13.00000 60.00000
vertex -103.00000 -13.00000 -60.00000
endloop
endfacet
facet normal 0 -1 0
outer loop
vertex -147.00000 -23.00000 60.00000
vertex -147.00000 -23.00000 -60.00000
vertex -103.00000 -23.00000 60.00000
endloop
endfacet
facet normal 0 -1 0
outer loop
vertex -147.00000 -23.00000 -60.00000
vertex -103.00000 -23.00000 -60.00000
vertex -103.00000 -23.00000 60.00000
endloop
endfacet
facet normal 0 0 1
outer loop
vertex -147.00000 -13.00000 60.00000
vertex -147.00000 -23.00000 60.00000
vertex -103.00000 -13.00000 60.00000
endloop
endfacet
facet normal 0 0 1
outer loop
vertex -147.00000 -23.00000 60.00000
vertex -103.00000 -23.00000 60.00000
vertex -103.00000 -13.00000 60.00000
endloop
endfacet
facet normal 0 0 -1
outer loop
vertex -103.00000 -13.00000 -60.00000
vertex -103.00000 -23.00000 -60.00000
vertex -147.00000 -13.00000 -60.00000
endloop
endfacet
facet normal 0 0 -1
outer loop
vertex -103.00000 -23.00000 -60.00000
vertex -147.00000 -23.00000 -60.00000
vertex -147.00000 -13.00000 -60.00000
endloop
endfacet
facet normal 1 0 0
outer loop
vertex 136.00000 -21.00000 57.50000
vertex 136.00000 -101.00000 57.50000
vertex 136.00000 -21.00000 -57.50000
endloop
endfacet
facet normal 1 0 0
outer loop
vertex 136.00000 -101.00000 57.50000
vertex 136.00000 -101.00000 -57.50000
vertex 136.00000 -21.00000 -57.50000
endloop
endfacet
facet normal -1 0 0
outer loop
vertex 114.00000 -21.00000 -57.50000
vertex 114.00000 -101.00000 -57.50000
vertex 114.00000 -21.00000 57.50000
endloop
endfacet
facet normal -1 0 0
outer loop
vertex 114.00000 -101.00000 -57.50000
vertex 114.00000 -101.00000 57.50000
vertex 114.00000 -21.00000 57.50000
endloop
endfacet
facet normal 0 1 0
outer loop
vertex 114.00000 -21.00000 -57.50000
vertex 114.00000 -21.00000 57.50000
vertex 136.00000 -21.00000 -57.50000
endloop
endfacet
facet normal 0 1 0
outer loop
vertex 114.00000 -21.00000 57.50000
vertex 136.00000 -21.00000 57.50000
vertex 136.00000 -21.00000 -57.50000
endloop
endfacet
facet normal 0 -1 0
outer loop
vertex 114.00000 -101.00000 57.50000
vertex 114.00000 -101.00000 -57.50000
vertex 136.00000 -101.00000 57.50000
endloop
endfacet
facet normal 0 -1 0
outer loop
vertex 114.00000 -101.00000 -57.50000
vertex 136.00000 -101.00000 -57.50000
vertex 136.00000 -101.00000 57.50000
endloop
endfacet
facet normal 0 0 1
outer loop
vertex 114.00000 -21.00000 57.50000
vertex 114.00000 -101.00000 57.50000
vertex 136.00000 -21.00000 57.50000
endloop
endfacet
facet normal 0 0 1
outer loop
vertex 114.00000 -101.00000 57.50000
vertex 136.00000 -101.00000 57.50000
vertex 136.00000 -21.00000 57.50000
endloop
endfacet
facet normal 0 0 -1
outer loop
vertex 136.00000 -21.00000 -57.50000
vertex 136.00000 -101.00000 -57.50000
vertex 114.00000 -21.00000 -57.50000
endloop
endfacet
facet normal 0 0 -1
outer loop
vertex 136.00000 -101.00000 -57.50000
vertex 114.00000 -101.00000 -57.50000
vertex 114.00000 -21.00000 -57.50000
endloop
endfacet
facet normal 1 0 0
outer loop
vertex 147.00000 -13.00000 60.00000
vertex 147.00000 -23.00000 60.00000
vertex 147.00000 -13.00000 -60.00000
endloop
endfacet
facet normal 1 0 0
outer loop
vertex 147.00000 -23.00000 60.00000
vertex 147.00000 -23.00000 -60.00000
vertex 147.00000 -13.00000 -60.00000
endloop
endfacet
facet normal -1 0 0
outer loop
vertex 103.00000 -13.00000 -60.00000
vertex 103.00000 -23.00000 -60.00000
vertex 103.00000 -13.00000 60.00000
endloop
endfacet
facet normal -1 0 0
outer loop
vertex 103.00000 -23.00000 -60.00000
vertex 103.00000 -23.00000 60.00000
vertex 103.00000 -13.00000 60.00000
endloop
endfacet
facet normal 0 1 0
outer loop
vertex 103.00000 -13.00000 -60.00000
vertex 103.00000 -13.00000 60.00000
vertex 147.00000 -13.00000 -60.00000
endloop
endfacet
facet normal 0 1 0
outer loop
vertex 103.00000 -13.00000 60.00000
vertex 147.00000 -13.00000 60.00000
vertex 147.00000 -13.00000 -60.00000
endloop
endfacet
facet normal 0 -1 0
outer loop
vertex 103.00000 -23.00000 60.00000
vertex 103.00000 -23.00000 -60.00000
vertex 147.00000 -23.00000 60.00000
endloop
endfacet
facet normal 0 -1 0
outer loop
vertex 103.00000 -23.00000 -60.00000
vertex 147.00000 -23.00000 -60.00000
vertex 147.00000 -23.00000 60.00000
endloop
endfacet
facet normal 0 0 1
outer loop
vertex 103.00000 -13.00000 60.00000
vertex 103.00000 -23.00000 60.00000
vertex 147.00000 -13.00000 60.00000
endloop
endfacet
facet normal 0 0 1
outer loop
vertex 103.00000 -23.00000 60.00000
vertex 147.00000 -23.00000 60.00000
vertex 147.00000 -13.00000 60.00000
endloop
endfacet
facet normal 0 0 -1
outer loop
vertex 147.00000 -13.00000 -60.00000
vertex 147.00000 -23.00000 -60.00000
vertex 103.00000 -13.00000 -60.00000
endloop
endfacet
facet normal 0 0 -1
outer loop
vertex 147.00000 -23.00000 -60.00000
vertex 103.00000 -23.00000 -60.00000
vertex 103.00000 -13.00000 -60.00000
endloop
endfacet
facet normal 1 0 0
outer loop
vertex 135.00000 -93.00000 -35.00000
vertex 135.00000 -99.00000 -35.00000
vertex 135.00000 -93.00000 -55.00000
endloop
endfacet
facet normal 1 0 0
outer loop
vertex 135.00000 -99.00000 -35.00000
vertex 135.00000 -99.00000 -55.00000
vertex 135.00000 -93.00000 -55.00000
endloop
endfacet
facet normal -1 0 0
outer loop
vertex -135.00000 -93.00000 -55.00000
vertex -135.00000 -99.00000 -55.00000
vertex -135.00000 -93.00000 -35.00000
endloop
endfacet
facet normal -1 0 0
outer loop
vertex -135.00000 -99.00000 -55.00000
vertex -135.00000 -99.00000 -35.00000
vertex -135.00000 -93.00000 -35.00000
endloop
endfacet
facet normal 0 1 0
outer loop
vertex -135.00000 -93.00000 -55.00000
vertex -135.00000 -93.00000 -35.00000
vertex 135.00000 -93.00000 -55.00000
endloop
endfacet
facet normal 0 1 0
outer loop
vertex -135.00000 -93.00000 -35.00000
vertex 135.00000 -93.00000 -35.00000
vertex 135.00000 -93.00000 -55.00000
endloop
endfacet
facet normal 0 -1 0
outer loop
vertex -135.00000 -99.00000 -35.00000
vertex -135.00000 -99.00000 -55.00000
vertex 135.00000 -99.00000 -35.00000
endloop
endfacet
facet normal 0 -1 0
outer loop
vertex -135.00000 -99.00000 -55.00000
vertex 135.00000 -99.00000 -55.00000
vertex 135.00000 -99.00000 -35.00000
endloop
endfacet
facet normal 0 0 1
outer loop
vertex -135.00000 -93.00000 -35.00000
vertex -135.00000 -99.00000 -35.00000
vertex 135.00000 -93.00000 -35.00000
endloop
endfacet
facet normal 0 0 1
outer loop
vertex -135.00000 -99.00000 -35.00000
vertex 135.00000 -99.00000 -35.00000
vertex 135.00000 -93.00000 -35.00000
endloop
endfacet
facet normal 0 0 -1
outer loop
vertex 135.00000 -93.00000 -55.00000
vertex 135.00000 -99.00000 -55.00000
vertex -135.00000 -93.00000 -55.00000
endloop
endfacet
facet normal 0 0 -1
outer loop
vertex 135.00000 -99.00000 -55.00000
vertex -135.00000 -99.00000 -55.00000
vertex -135.00000 -93.00000 -55.00000
endloop
endfacet
facet normal 2.898263606638143e-17 0.1305261889887701 0.9914448617992168
outer loop
vertex -120.00000 0.00000 25.00000
vertex -30.00000 -0.00000 25.00000
vertex -120.00000 6.47048 24.14815
endloop
endfacet
facet normal 2.873052975407452e-17 0.1305261889887701 0.9914448617992168
outer loop
vertex -30.00000 -0.00000 25.00000
vertex -30.00000 6.47048 24.14815
vertex -120.00000 6.47048 24.14815
endloop
endfacet
facet normal 8.308451742908235e-17 0.38268347904600625 0.9238795131754168
outer loop
vertex -120.00000 6.47048 24.14815
vertex -30.00000 6.47048 24.14815
vertex -120.00000 12.50000 21.65063
endloop
endfacet
facet normal 9.072798742642966e-17 0.38268347904600636 0.9238795131754168
outer loop
vertex -30.00000 6.47048 24.14815
vertex -30.00000 12.50000 21.65063
vertex -120.00000 12.50000 21.65063
endloop
endfacet
facet normal 1.4418366306534556e-16 0.6087613980506282 0.7933533640462141
outer loop
vertex -120.00000 12.50000 21.65063
vertex -30.00000 12.50000 21.65063
vertex -120.00000 17.67767 17.67767
endloop
endfacet
facet normal 1.4516478684115508e-16 0.6087613980506281 0.793353364046214
outer loop
vertex -30.00000 12.50000 21.65063
vertex -30.00000 17.67767 17.67767
vertex -120.00000 17.67767 17.67767
endloop
endfacet
facet normal 1.8790382323795855e-16 0.7933533640462141 0.6087613980506282
outer loop
vertex -120.00000 17.67767 17.67767
vertex -30.00000 17.67767 17.67767
vertex -120.00000 21.65063 12.50000
endloop
endfacet
facet normal 1.8750451633649203e-16 0.7933533640462141 0.6087613980506282
outer loop
vertex -30.00000 17.67767 17.67767
vertex -30.00000 21.65063 12.50000
vertex -120.00000 21.65063 12.50000
endloop
endfacet
facet normal 2.1881862560145672e-16 0.9238795131754167 0.38268347904600625
outer loop
vertex -120.00000 21.65063 12.50000
vertex -30.00000 21.65063 12.50000
vertex -120.00000 24.14815 6.47048
endloop
endfacet
facet normal 2.1774716982343112e-16 0.9238795131754167 0.38268347904600625
outer loop
vertex -30.00000 21.65063 12.50000
vertex -30.00000 24.14815 6.47048
vertex -120.00000 24.14815 6.47048
endloop
endfacet
facet normal 2.3482131481936993e-16 0.9914448617992168 0.13052618898877014
outer loop
vertex -120.00000 24.14815 6.47048
vertex -30.00000 24.14815 6.47048
vertex -120.00000 25.00000 0.00000
endloop
endfacet
facet normal 2.3589277061240137e-16 0.9914448617992168 0.13052618898877014
outer loop
vertex -30.00000 24.14815 6.47048
vertex -30.00000 25.00000 0.00000
vertex -120.00000 25.00000 0.00000
endloop
endfacet
facet normal 2.3482131481937e-16 0.9914448617992166 -0.13052618898877008
outer loop
vertex -120.00000 25.00000 0.00000
vertex -30.00000 25.00000 0.00000
vertex -120.00000 24.14815 -6.47048
endloop
endfacet
facet normal 2.3589277061240127e-16 0.9914448617992166 -0.13052618898877008
outer loop
vertex -30.00000 25.00000 0.00000
vertex -30.00000 24.14815 -6.47048
vertex -120.00000 24.14815 -6.47048
endloop
endfacet
facet normal 2.1881862560145672e-16 0.9238795131754167 -0.38268347904600625
outer loop
vertex -120.00000 24.14815 -6.47048
vertex -30.00000 24.14815 -6.47048
vertex -120.00000 21.65063 -12.50000
endloop
endfacet
facet normal 2.1774716982343112e-16 0.9238795131754167 -0.38268347904600625
outer loop
vertex -30.00000 24.14815 -6.47048
vertex -30.00000 21.65063 -12.50000
vertex -120.00000 21.65063 -12.50000
endloop
endfacet
facet normal 1.8790382323795855e-16 0.7933533640462141 -0.6087613980506282
outer loop
vertex -120.00000 21.65063 -12.50000
vertex -30.00000 21.65063 -12.50000
vertex -120.00000 17.67767 -17.67767
endloop
endfacet
facet normal 1.8750451633649203e-16 0.7933533640462141 -0.6087613980506282
outer loop
vertex -30.00000 21.65063 -12.50000
vertex -30.00000 17.67767 -17.67767
vertex -120.00000 17.67767 -17.67767
endloop
endfacet
facet normal 1.4418366306534556e-16 0.6087613980506282 -0.7933533640462141
outer loop
vertex -120.00000 17.67767 -17.67767
vertex -30.00000 17.67767 -17.67767
vertex -120.00000 12.50000 -21.65063
endloop
endfacet
facet normal 1.451647868411551e-16 0.6087613980506282 -0.793353364046214
outer loop
vertex -30.00000 17.67767 -17.67767
vertex -30.00000 12.50000 -21.65063
vertex -120.00000 12.50000 -21.65063
endloop
endfacet
facet normal 9.063765537718075e-17 0.38268347904600625 -0.9238795131754168
outer loop
vertex -120.00000 12.50000 -21.65063
vertex -30.00000 12.50000 -21.65063
vertex -120.00000 6.47048 -24.14815
endloop
endfacet
facet normal 8.467945493133434e-17 0.38268347904600636 -0.9238795131754168
outer loop
vertex -30.00000 12.50000 -21.65063
vertex -30.00000 6.47048 -24.14815
vertex -120.00000 6.47048 -24.14815
endloop
endfacet
facet normal 2.8338577487128525e-17 0.1305261889887702 -0.9914448617992168
outer loop
vertex -120.00000 6.47048 -24.14815
vertex -30.00000 6.47048 -24.14815
vertex -120.00000 0.00000 -25.00000
endloop
endfacet
facet normal 2.8730529754074533e-17 0.13052618898877016 -0.9914448617992168
outer loop
vertex -30.00000 6.47048 -24.14815
vertex -30.00000 -0.00000 -25.00000
vertex -120.00000 0.00000 -25.00000
endloop
endfacet
facet normal -2.898263606638141e-17 -0.13052618898877003 -0.9914448617992166
outer loop
vertex -120.00000 0.00000 -25.00000
vertex -30.00000 -0.00000 -25.00000
vertex -120.00000 -6.47048 -24.14815
endloop
endfacet
facet normal -2.873052975407451e-17 -0.13052618898877005 -0.9914448617992168
outer loop
vertex -30.00000 -0.00000 -25.00000
vertex -30.00000 -6.47048 -24.14815
vertex -120.00000 -6.47048 -24.14815
endloop
endfacet
facet normal -8.308451742908238e-17 -0.38268347904600636 -0.9238795131754168
outer loop
vertex -120.00000 -6.47048 -24.14815
vertex -30.00000 -6.47048 -24.14815
vertex -120.00000 -12.50000 -21.65063
endloop
endfacet
facet normal -9.072798742642963e-17 -0.38268347904600625 -0.9238795131754168
outer loop
vertex -30.00000 -6.47048 -24.14815
vertex -30.00000 -12.50000 -21.65063
vertex -120.00000 -12.50000 -21.65063
endloop
endfacet
facet normal -1.4418366306534556e-16 -0.6087613980506282 -0.7933533640462141
outer loop
vertex -120.00000 -12.50000 -21.65063
vertex -30.00000 -12.50000 -21.65063
vertex -120.00000 -17.67767 -17.67767
endloop
endfacet
facet normal -1.451647868411551e-16 -0.6087613980506282 -0.793353364046214
outer loop
vertex -30.00000 -12.50000 -21.65063
vertex -30.00000 -17.67767 -17.67767
vertex -120.00000 -17.67767 -17.67767
endloop
endfacet
facet normal -1.8790382323795855e-16 -0.7933533640462141 -0.6087613980506282
outer loop
vertex -120.00000 -17.67767 -17.67767
vertex -30.00000 -17.67767 -17.67767
vertex -120.00000 -21.65063 -12.50000
endloop
endfacet
facet normal -1.8750451633649203e-16 -0.7933533640462141 -0.6087613980506282
outer loop
vertex -30.00000 -17.67767 -17.67767
vertex -30.00000 -21.65063 -12.50000
vertex -120.00000 -21.65063 -12.50000
endloop
endfacet
facet normal -2.1881862560145672e-16 -0.9238795131754167 -0.38268347904600625
outer loop
vertex -120.00000 -21.65063 -12.50000
vertex -30.00000 -21.65063 -12.50000
vertex -120.00000 -24.14815 -6.47048
endloop
endfacet
facet normal -2.1774716982343112e-16 -0.9238795131754167 -0.38268347904600625
outer loop
vertex -30.00000 -21.65063 -12.50000
vertex -30.00000 -24.14815 -6.47048
vertex -120.00000 -24.14815 -6.47048
endloop
endfacet
facet normal -2.3482131481937e-16 -0.9914448617992168 -0.1305261889887702
outer loop
vertex -120.00000 -24.14815 -6.47048
vertex -30.00000 -24.14815 -6.47048
vertex -120.00000 -25.00000 -0.00000
endloop
endfacet
facet normal -2.358927706124015e-16 -0.9914448617992168 -0.1305261889887702
outer loop
vertex -30.00000 -24.14815 -6.47048
vertex -30.00000 -25.00000 -0.00000
vertex -120.00000 -25.00000 -0.00000
endloop
endfacet
facet normal -2.3482131481937e-16 -0.9914448617992168 0.13052618898877
outer loop
vertex -120.00000 -25.00000 -0.00000
vertex -30.00000 -25.00000 -0.00000
vertex -120.00000 -24.14815 6.47048
endloop
endfacet
facet normal -2.358927706124011e-16 -0.9914448617992168 0.13052618898877
outer loop
vertex -30.00000 -25.00000 -0.00000
vertex -30.00000 -24.14815 6.47048
vertex -120.00000 -24.14815 6.47048
endloop
endfacet
facet normal -2.1881862560145672e-16 -0.9238795131754167 0.38268347904600625
outer loop
vertex -120.00000 -24.14815 6.47048
vertex -30.00000 -24.14815 6.47048
vertex -120.00000 -21.65063 12.50000
endloop
endfacet
facet normal -2.1774716982343112e-16 -0.9238795131754167 0.38268347904600625
outer loop
vertex -30.00000 -24.14815 6.47048
vertex -30.00000 -21.65063 12.50000
vertex -120.00000 -21.65063 12.50000
endloop
endfacet
facet normal -1.8790382323795855e-16 -0.7933533640462141 0.6087613980506282
outer loop
vertex -120.00000 -21.65063 12.50000
vertex -30.00000 -21.65063 12.50000
vertex -120.00000 -17.67767 17.67767
endloop
endfacet
facet normal -1.8750451633649203e-16 -0.7933533640462141 0.6087613980506282
outer loop
vertex -30.00000 -21.65063 12.50000
vertex -30.00000 -17.67767 17.67767
vertex -120.00000 -17.67767 17.67767
endloop
endfacet
facet normal -1.4418366306534556e-16 -0.6087613980506282 0.7933533640462141
outer loop
vertex -120.00000 -17.67767 17.67767
vertex -30.00000 -17.67767 17.67767
vertex -120.00000 -12.50000 21.65063
endloop
endfacet
facet normal -1.4516478684115508e-16 -0.6087613980506281 0.793353364046214
outer loop
vertex -30.00000 -17.67767 17.67767
vertex -30.00000 -12.50000 21.65063
vertex -120.00000 -12.50000 21.65063
endloop
endfacet
facet normal -9.063765537718078e-17 -0.38268347904600636 0.9238795131754168
outer loop
vertex -120.00000 -12.50000 21.65063
vertex -30.00000 -12.50000 21.65063
vertex -120.00000 -6.47048 24.14815
endloop
endfacet
facet normal -8.467945493133432e-17 -0.38268347904600625 0.9238795131754168
outer loop
vertex -30.00000 -12.50000 21.65063
vertex -30.00000 -6.47048 24.14815
vertex -120.00000 -6.47048 24.14815
endloop
endfacet
facet normal -2.833857748712854e-17 -0.13052618898877025 0.9914448617992168
outer loop
vertex -120.00000 -6.47048 24.14815
vertex -30.00000 -6.47048 24.14815
vertex -120.00000 0.00000 25.00000
endloop
endfacet
facet normal -2.873052975407455e-17 -0.13052618898877025 0.9914448617992168
outer loop
vertex -30.00000 -6.47048 24.14815
vertex -30.00000 -0.00000 25.00000
vertex -120.00000 0.00000 25.00000
endloop
endfacet
facet normal -0.9999999999999999 0 0
outer loop
vertex -120.00000 0.00000 25.00000
vertex -120.00000 6.47048 24.14815
vertex -120.00000 0.00000 0.00000
endloop
endfacet
facet normal -1 0 0
outer loop
vertex -120.00000 6.47048 24.14815
vertex -120.00000 12.50000 21.65063
vertex -120.00000 0.00000 0.00000
endloop
endfacet
facet normal -1 0 0
outer loop
vertex -120.00000 12.50000 21.65063
vertex -120.00000 17.67767 17.67767
vertex -120.00000 0.00000 0.00000
endloop
endfacet
facet normal -1 0 0
outer loop
vertex -120.00000 17.67767 17.67767
vertex -120.00000 21.65063 12.50000
vertex -120.00000 0.00000 0.00000
endloop
endfacet
facet normal -1 0 0
outer loop
vertex -120.00000 21.65063 12.50000
vertex -120.00000 24.14815 6.47048
vertex -120.00000 0.00000 0.00000
endloop
endfacet
facet normal -1 0 0
outer loop
vertex -120.00000 24.14815 6.47048
vertex -120.00000 25.00000 0.00000
vertex -120.00000 0.00000 0.00000
endloop
endfacet
facet normal -1 0 0
outer loop
vertex -120.00000 25.00000 0.00000
vertex -120.00000 24.14815 -6.47048
vertex -120.00000 0.00000 0.00000
endloop
endfacet
facet normal -1 0 0
outer loop
vertex -120.00000 24.14815 -6.47048
vertex -120.00000 21.65063 -12.50000
vertex -120.00000 0.00000 0.00000
endloop
endfacet
facet normal -1 0 0
outer loop
vertex -120.00000 21.65063 -12.50000
vertex -120.00000 17.67767 -17.67767
vertex -120.00000 0.00000 0.00000
endloop
endfacet
facet normal -1 0 0
outer loop
vertex -120.00000 17.67767 -17.67767
vertex -120.00000 12.50000 -21.65063
vertex -120.00000 0.00000 0.00000
endloop
endfacet
facet normal -1 0 0
outer loop
vertex -120.00000 12.50000 -21.65063
vertex -120.00000 6.47048 -24.14815
vertex -120.00000 0.00000 0.00000
endloop
endfacet
facet normal -1 0 0
outer loop
vertex -120.00000 6.47048 -24.14815
vertex -120.00000 0.00000 -25.00000
vertex -120.00000 0.00000 0.00000
endloop
endfacet
facet normal -1 0 0
outer loop
vertex -120.00000 0.00000 -25.00000
vertex -120.00000 -6.47048 -24.14815
vertex -120.00000 0.00000 0.00000
endloop
endfacet
facet normal -0.9999999999999999 0 0
outer loop
vertex -120.00000 -6.47048 -24.14815
vertex -120.00000 -12.50000 -21.65063
vertex -120.00000 0.00000 0.00000
endloop
endfacet
facet normal -1 0 0
outer loop
vertex -120.00000 -12.50000 -21.65063
vertex -120.00000 -17.67767 -17.67767
vertex -120.00000 0.00000 0.00000
endloop
endfacet
facet normal -1 0 0
outer loop
vertex -120.00000 -17.67767 -17.67767
vertex -120.00000 -21.65063 -12.50000
vertex -120.00000 0.00000 0.00000
endloop
endfacet
facet normal -1 0 0
outer loop
vertex -120.00000 -21.65063 -12.50000
vertex -120.00000 -24.14815 -6.47048
vertex -120.00000 0.00000 0.00000
endloop
endfacet
facet normal -0.9999999999999999 0 0
outer loop
vertex -120.00000 -24.14815 -6.47048
vertex -120.00000 -25.00000 -0.00000
vertex -120.00000 0.00000 0.00000
endloop
endfacet
facet normal -0.9999999999999999 0 0
outer loop
vertex -120.00000 -25.00000 -0.00000
vertex -120.00000 -24.14815 6.47048
vertex -120.00000 0.00000 0.00000
endloop
endfacet
facet normal -1 0 0
outer loop
vertex -120.00000 -24.14815 6.47048
vertex -120.00000 -21.65063 12.50000
vertex -120.00000 0.00000 0.00000
endloop
endfacet
facet normal -1 0 0
outer loop
vertex -120.00000 -21.65063 12.50000
vertex -120.00000 -17.67767 17.67767
vertex -120.00000 0.00000 0.00000
endloop
endfacet
facet normal -1 0 0
outer loop
vertex -120.00000 -17.67767 17.67767
vertex -120.00000 -12.50000 21.65063
vertex -120.00000 0.00000 0.00000
endloop
endfacet
facet normal -0.9999999999999999 0 0
outer loop
vertex -120.00000 -12.50000 21.65063
vertex -120.00000 -6.47048 24.14815
vertex -120.00000 0.00000 0.00000
endloop
endfacet
facet normal -1 0 0
outer loop
vertex -120.00000 -6.47048 24.14815
vertex -120.00000 0.00000 25.00000
vertex -120.00000 0.00000 0.00000
endloop
endfacet
facet normal 0.9999999999999999 0 0
outer loop
vertex -30.00000 6.47048 24.14815
vertex -30.00000 -0.00000 25.00000
vertex -30.00000 -0.00000 0.00000
endloop
endfacet
facet normal 0.9999999999999999 0 0
outer loop
vertex -30.00000 12.50000 21.65063
vertex -30.00000 6.47048 24.14815
vertex -30.00000 -0.00000 0.00000
endloop
endfacet
facet normal 1 -9.510089527284102e-16 5.490652832026545e-16
outer loop
vertex -30.00000 17.67767 17.67767
vertex -30.00000 12.50000 21.65063
vertex -30.00000 -0.00000 0.00000
endloop
endfacet
facet normal 1 -2.2743028673234464e-16 -1.7451338279341108e-16
outer loop
vertex -30.00000 21.65063 12.50000
vertex -30.00000 17.67767 17.67767
vertex -30.00000 -0.00000 0.00000
endloop
endfacet
facet normal 1 -2.6484816496113543e-16 -1.0970371757451667e-16
outer loop
vertex -30.00000 24.14815 6.47048
vertex -30.00000 21.65063 12.50000
vertex -30.00000 -0.00000 0.00000
endloop
endfacet
facet normal 1 -2.842170943040401e-16 -3.7417889379794004e-17
outer loop
vertex -30.00000 25.00000 0.00000
vertex -30.00000 24.14815 6.47048
vertex -30.00000 -0.00000 0.00000
endloop
endfacet
facet normal 1 -2.8421709430404003e-16 3.741788937979397e-17
outer loop
vertex -30.00000 24.14815 -6.47048
vertex -30.00000 25.00000 0.00000
vertex -30.00000 -0.00000 0.00000
endloop
endfacet
facet normal 1 -2.6484816496113543e-16 1.0970371757451667e-16
outer loop
vertex -30.00000 21.65063 -12.50000
vertex -30.00000 24.14815 -6.47048
vertex -30.00000 -0.00000 0.00000
endloop
endfacet
facet normal 1 -2.2743028673234464e-16 1.7451338279341108e-16
outer loop
vertex -30.00000 17.67767 -17.67767
vertex -30.00000 21.65063 -12.50000
vertex -30.00000 -0.00000 0.00000
endloop
endfacet
facet normal 1 -9.510089527284102e-16 -5.490652832026545e-16
outer loop
vertex -30.00000 12.50000 -21.65063
vertex -30.00000 17.67767 -17.67767
vertex -30.00000 -0.00000 0.00000
endloop
endfacet
facet normal 0.9999999999999999 0 0
outer loop
vertex -30.00000 6.47048 -24.14815
vertex -30.00000 12.50000 -21.65063
vertex -30.00000 -0.00000 0.00000
endloop
endfacet
facet normal 1 0 0
outer loop
vertex -30.00000 -0.00000 -25.00000
vertex -30.00000 6.47048 -24.14815
vertex -30.00000 -0.00000 0.00000
endloop
endfacet
facet normal 1 0 0
outer loop
vertex -30.00000 -6.47048 -24.14815
vertex -30.00000 -0.00000 -25.00000
vertex -30.00000 -0.00000 0.00000
endloop
endfacet
facet normal 1 0 0
outer loop
vertex -30.00000 -12.50000 -21.65063
vertex -30.00000 -6.47048 -24.14815
vertex -30.00000 -0.00000 0.00000
endloop
endfacet
facet normal 1 -9.510089527284102e-16 5.490652832026545e-16
outer loop
vertex -30.00000 -17.67767 -17.67767
vertex -30.00000 -12.50000 -21.65063
vertex -30.00000 -0.00000 0.00000
endloop
endfacet
facet normal 1 -2.2743028673234464e-16 -1.7451338279341108e-16
outer loop
vertex -30.00000 -21.65063 -12.50000
vertex -30.00000 -17.67767 -17.67767
vertex -30.00000 -0.00000 0.00000
endloop
endfacet
facet normal 1 -2.6484816496113543e-16 -1.0970371757451667e-16
outer loop
vertex -30.00000 -24.14815 -6.47048
vertex -30.00000 -21.65063 -12.50000
vertex -30.00000 -0.00000 0.00000
endloop
endfacet
facet normal 0.9999999999999999 -2.842170943040401e-16 -3.741788937979401e-17
outer loop
vertex -30.00000 -25.00000 -0.00000
vertex -30.00000 -24.14815 -6.47048
vertex -30.00000 -0.00000 0.00000
endloop
endfacet
facet normal 0.9999999999999999 -2.8421709430404003e-16 3.741788937979396e-17
outer loop
vertex -30.00000 -24.14815 6.47048
vertex -30.00000 -25.00000 -0.00000
vertex -30.00000 -0.00000 0.00000
endloop
endfacet
facet normal 1 -2.6484816496113543e-16 1.0970371757451667e-16
outer loop
vertex -30.00000 -21.65063 12.50000
vertex -30.00000 -24.14815 6.47048
vertex -30.00000 -0.00000 0.00000
endloop
endfacet
facet normal 1 -2.2743028673234464e-16 1.7451338279341108e-16
outer loop
vertex -30.00000 -17.67767 17.67767
vertex -30.00000 -21.65063 12.50000
vertex -30.00000 -0.00000 0.00000
endloop
endfacet
facet normal 1 -9.510089527284102e-16 -5.490652832026545e-16
outer loop
vertex -30.00000 -12.50000 21.65063
vertex -30.00000 -17.67767 17.67767
vertex -30.00000 -0.00000 0.00000
endloop
endfacet
facet normal 1 0 0
outer loop
vertex -30.00000 -6.47048 24.14815
vertex -30.00000 -12.50000 21.65063
vertex -30.00000 -0.00000 0.00000
endloop
endfacet
facet normal 1 0 0
outer loop
vertex -30.00000 -0.00000 25.00000
vertex -30.00000 -6.47048 24.14815
vertex -30.00000 -0.00000 0.00000
endloop
endfacet
facet normal 2.8982666910703714e-17 0.13052632789924845 0.9914448435112958
outer loop
vertex -28.50000 0.00000 40.00000
vertex -19.50000 -0.00000 40.00000
vertex -28.50000 10.35276 38.63703
endloop
endfacet
facet normal 5.670498980029156e-17 0.13052632789924845 0.9914448435112958
outer loop
vertex -19.50000 -0.00000 40.00000
vertex -19.50000 10.35276 38.63703
vertex -28.50000 10.35276 38.63703
endloop
endfacet
facet normal 1.5106264097103418e-16 0.3826831801425483 0.923879636985244
outer loop
vertex -28.50000 10.35276 38.63703
vertex -19.50000 10.35276 38.63703
vertex -28.50000 20.00000 34.64102
endloop
endfacet
facet normal 0 0.38268318014254815 0.9238796369852439
outer loop
vertex -19.50000 10.35276 38.63703
vertex -19.50000 20.00000 34.64102
vertex -28.50000 20.00000 34.64102
endloop
endfacet
facet normal 0 0.608761536011819 0.7933532581848585
outer loop
vertex -28.50000 20.00000 34.64102
vertex -19.50000 20.00000 34.64102
vertex -28.50000 28.28427 28.28427
endloop
endfacet
facet normal 0 0.608761536011819 0.7933532581848585
outer loop
vertex -19.50000 20.00000 34.64102
vertex -19.50000 28.28427 28.28427
vertex -28.50000 28.28427 28.28427
endloop
endfacet
facet normal 0 0.7933532581848585 0.608761536011819
outer loop
vertex -28.50000 28.28427 28.28427
vertex -19.50000 28.28427 28.28427
vertex -28.50000 34.64102 20.00000
endloop
endfacet
facet normal 0 0.7933532581848585 0.608761536011819
outer loop
vertex -19.50000 28.28427 28.28427
vertex -19.50000 34.64102 20.00000
vertex -28.50000 34.64102 20.00000
endloop
endfacet
facet normal 0 0.9238796369852439 0.3826831801425482
outer loop
vertex -28.50000 34.64102 20.00000
vertex -19.50000 34.64102 20.00000
vertex -28.50000 38.63703 10.35276
endloop
endfacet
facet normal 0 0.9238796369852439 0.3826831801425482
outer loop
vertex -19.50000 34.64102 20.00000
vertex -19.50000 38.63703 10.35276
vertex -28.50000 38.63703 10.35276
endloop
endfacet
facet normal 0 0.9914448435112958 0.13052632789924848
outer loop
vertex -28.50000 38.63703 10.35276
vertex -19.50000 38.63703 10.35276
vertex -28.50000 40.00000 0.00000
endloop
endfacet
facet normal 0 0.9914448435112958 0.13052632789924848
outer loop
vertex -19.50000 38.63703 10.35276
vertex -19.50000 40.00000 0.00000
vertex -28.50000 40.00000 0.00000
endloop
endfacet
facet normal 0 0.9914448435112959 -0.13052632789924845
outer loop
vertex -28.50000 40.00000 0.00000
vertex -19.50000 40.00000 0.00000
vertex -28.50000 38.63703 -10.35276
endloop
endfacet
facet normal 0 0.9914448435112959 -0.13052632789924845
outer loop
vertex -19.50000 40.00000 0.00000
vertex -19.50000 38.63703 -10.35276
vertex -28.50000 38.63703 -10.35276
endloop
endfacet
facet normal 0 0.9238796369852439 -0.3826831801425482
outer loop
vertex -28.50000 38.63703 -10.35276
vertex -19.50000 38.63703 -10.35276
vertex -28.50000 34.64102 -20.00000
endloop
endfacet
facet normal 0 0.9238796369852439 -0.3826831801425482
outer loop
vertex -19.50000 38.63703 -10.35276
vertex -19.50000 34.64102 -20.00000
vertex -28.50000 34.64102 -20.00000
endloop
endfacet
facet normal 0 0.7933532581848585 -0.608761536011819
outer loop
vertex -28.50000 34.64102 -20.00000
vertex -19.50000 34.64102 -20.00000
vertex -28.50000 28.28427 -28.28427
endloop
endfacet
facet normal 0 0.7933532581848585 -0.608761536011819
outer loop
vertex -19.50000 34.64102 -20.00000
vertex -19.50000 28.28427 -28.28427
vertex -28.50000 28.28427 -28.28427
endloop
endfacet
facet normal 0 0.608761536011819 -0.7933532581848585
outer loop
vertex -28.50000 28.28427 -28.28427
vertex -19.50000 28.28427 -28.28427
vertex -28.50000 20.00000 -34.64102
endloop
endfacet
facet normal 0 0.608761536011819 -0.7933532581848585
outer loop
vertex -19.50000 28.28427 -28.28427
vertex -19.50000 20.00000 -34.64102
vertex -28.50000 20.00000 -34.64102
endloop
endfacet
facet normal 0 0.3826831801425483 -0.923879636985244
outer loop
vertex -28.50000 20.00000 -34.64102
vertex -19.50000 20.00000 -34.64102
vertex -28.50000 10.35276 -38.63703
endloop
endfacet
facet normal 1.512133386208552e-16 0.38268318014254815 -0.9238796369852439
outer loop
vertex -19.50000 20.00000 -34.64102
vertex -19.50000 10.35276 -38.63703
vertex -28.50000 10.35276 -38.63703
endloop
endfacet
facet normal 5.15247411745844e-17 0.1305263278992485 -0.9914448435112958
outer loop
vertex -28.50000 10.35276 -38.63703
vertex -19.50000 10.35276 -38.63703
vertex -28.50000 0.00000 -40.00000
endloop
endfacet
facet normal 1.8901663266763866e-17 0.13052632789924853 -0.9914448435112959
outer loop
vertex -19.50000 10.35276 -38.63703
vertex -19.50000 0.00000 -40.00000
vertex -28.50000 0.00000 -40.00000
endloop
endfacet
facet normal -2.898266691070371e-17 -0.13052632789924842 -0.9914448435112958
outer loop
vertex -28.50000 0.00000 -40.00000
vertex -19.50000 0.00000 -40.00000
vertex -28.50000 -10.35276 -38.63703
endloop
endfacet
facet normal -5.670498980029155e-17 -0.13052632789924842 -0.9914448435112959
outer loop
vertex -19.50000 0.00000 -40.00000
vertex -19.50000 -10.35276 -38.63703
vertex -28.50000 -10.35276 -38.63703
endloop
endfacet
facet normal -1.510626409710341e-16 -0.38268318014254815 -0.9238796369852439
outer loop
vertex -28.50000 -10.35276 -38.63703
vertex -19.50000 -10.35276 -38.63703
vertex -28.50000 -20.00000 -34.64102
endloop
endfacet
facet normal 0 -0.3826831801425483 -0.923879636985244
outer loop
vertex -19.50000 -10.35276 -38.63703
vertex -19.50000 -20.00000 -34.64102
vertex -28.50000 -20.00000 -34.64102
endloop
endfacet
facet normal 0 -0.608761536011819 -0.7933532581848585
outer loop
vertex -28.50000 -20.00000 -34.64102
vertex -19.50000 -20.00000 -34.64102
vertex -28.50000 -28.28427 -28.28427
endloop
endfacet
facet normal 0 -0.608761536011819 -0.7933532581848585
outer loop
vertex -19.50000 -20.00000 -34.64102
vertex -19.50000 -28.28427 -28.28427
vertex -28.50000 -28.28427 -28.28427
endloop
endfacet
facet normal 0 -0.7933532581848585 -0.608761536011819
outer loop
vertex -28.50000 -28.28427 -28.28427
vertex -19.50000 -28.28427 -28.28427
vertex -28.50000 -34.64102 -20.00000
endloop
endfacet
facet normal 0 -0.7933532581848585 -0.608761536011819
outer loop
vertex -19.50000 -28.28427 -28.28427
vertex -19.50000 -34.64102 -20.00000
vertex -28.50000 -34.64102 -20.00000
endloop
endfacet
facet normal 0 -0.9238796369852439 -0.3826831801425482
outer loop
vertex -28.50000 -34.64102 -20.00000
vertex -19.50000 -34.64102 -20.00000
vertex -28.50000 -38.63703 -10.35276
endloop
endfacet
facet normal 0 -0.9238796369852439 -0.3826831801425482
outer loop
vertex -19.50000 -34.64102 -20.00000
vertex -19.50000 -38.63703 -10.35276
vertex -28.50000 -38.63703 -10.35276
endloop
endfacet
facet normal 0 -0.9914448435112959 -0.13052632789924853
outer loop
vertex -28.50000 -38.63703 -10.35276
vertex -19.50000 -38.63703 -10.35276
vertex -28.50000 -40.00000 -0.00000
endloop
endfacet
facet normal 0 -0.9914448435112959 -0.13052632789924853
outer loop
vertex -19.50000 -38.63703 -10.35276
vertex -19.50000 -40.00000 -0.00000
vertex -28.50000 -40.00000 -0.00000
endloop
endfacet
facet normal 0 -0.9914448435112958 0.13052632789924837
outer loop
vertex -28.50000 -40.00000 -0.00000
vertex -19.50000 -40.00000 -0.00000
vertex -28.50000 -38.63703 10.35276
endloop
endfacet
facet normal 0 -0.9914448435112958 0.13052632789924837
outer loop
vertex -19.50000 -40.00000 -0.00000
vertex -19.50000 -38.63703 10.35276
vertex -28.50000 -38.63703 10.35276
endloop
endfacet
facet normal 0 -0.9238796369852439 0.3826831801425482
outer loop
vertex -28.50000 -38.63703 10.35276
vertex -19.50000 -38.63703 10.35276
vertex -28.50000 -34.64102 20.00000
endloop
endfacet
facet normal 0 -0.9238796369852439 0.3826831801425482
outer loop
vertex -19.50000 -38.63703 10.35276
vertex -19.50000 -34.64102 20.00000
vertex -28.50000 -34.64102 20.00000
endloop
endfacet
facet normal 0 -0.7933532581848585 0.608761536011819
outer loop
vertex -28.50000 -34.64102 20.00000
vertex -19.50000 -34.64102 20.00000
vertex -28.50000 -28.28427 28.28427
endloop
endfacet
facet normal 0 -0.7933532581848585 0.608761536011819
outer loop
vertex -19.50000 -34.64102 20.00000
vertex -19.50000 -28.28427 28.28427
vertex -28.50000 -28.28427 28.28427
endloop
endfacet
facet normal 0 -0.608761536011819 0.7933532581848585
outer loop
vertex -28.50000 -28.28427 28.28427
vertex -19.50000 -28.28427 28.28427
vertex -28.50000 -20.00000 34.64102
endloop
endfacet
facet normal 0 -0.608761536011819 0.7933532581848585
outer loop
vertex -19.50000 -28.28427 28.28427
vertex -19.50000 -20.00000 34.64102
vertex -28.50000 -20.00000 34.64102
endloop
endfacet
facet normal 0 -0.38268318014254815 0.9238796369852439
outer loop
vertex -28.50000 -20.00000 34.64102
vertex -19.50000 -20.00000 34.64102
vertex -28.50000 -10.35276 38.63703
endloop
endfacet
facet normal -1.5121333862085527e-16 -0.3826831801425483 0.923879636985244
outer loop
vertex -19.50000 -20.00000 34.64102
vertex -19.50000 -10.35276 38.63703
vertex -28.50000 -10.35276 38.63703
endloop
endfacet
facet normal -5.1524741174584435e-17 -0.1305263278992486 0.9914448435112957
outer loop
vertex -28.50000 -10.35276 38.63703
vertex -19.50000 -10.35276 38.63703
vertex -28.50000 -0.00000 40.00000
endloop
endfacet
facet normal -3.780332653352773e-17 -0.13052632789924853 0.9914448435112957
outer loop
vertex -19.50000 -10.35276 38.63703
vertex -19.50000 -0.00000 40.00000
vertex -28.50000 -0.00000 40.00000
endloop
endfacet
facet normal -0.9999999999999999 3.4316577571455493e-16 0
outer loop
vertex -28.50000 0.00000 40.00000
vertex -28.50000 10.35276 38.63703
vertex -28.50000 0.00000 0.00000
endloop
endfacet
facet normal -1 3.428238459723696e-17 8.276506175391816e-17
outer loop
vertex -28.50000 10.35276 38.63703
vertex -28.50000 20.00000 34.64102
vertex -28.50000 0.00000 0.00000
endloop
endfacet
facet normal -0.9999999999999999 3.5172571413777664e-16 -1.0051092068417932e-16
outer loop
vertex -28.50000 20.00000 34.64102
vertex -28.50000 28.28427 28.28427
vertex -28.50000 0.00000 0.00000
endloop
endfacet
facet normal -0.9999999999999999 1.4214390698647116e-16 1.0907088646712615e-16
outer loop
vertex -28.50000 28.28427 28.28427
vertex -28.50000 34.64102 20.00000
vertex -28.50000 0.00000 0.00000
endloop
endfacet
facet normal -1 1.6553012350783632e-16 6.85647691944739e-17
outer loop
vertex -28.50000 34.64102 20.00000
vertex -28.50000 38.63703 10.35276
vertex -28.50000 0.00000 0.00000
endloop
endfacet
facet normal -1 1.7763568394002503e-16 2.338620618212818e-17
outer loop
vertex -28.50000 38.63703 10.35276
vertex -28.50000 40.00000 0.00000
vertex -28.50000 0.00000 0.00000
endloop
endfacet
facet normal -1 1.7763568394002506e-16 -2.3386206182128178e-17
outer loop
vertex -28.50000 40.00000 0.00000
vertex -28.50000 38.63703 -10.35276
vertex -28.50000 0.00000 0.00000
endloop
endfacet
facet normal -1 1.6553012350783632e-16 -6.85647691944739e-17
outer loop
vertex -28.50000 38.63703 -10.35276
vertex -28.50000 34.64102 -20.00000
vertex -28.50000 0.00000 0.00000
endloop
endfacet
facet normal -0.9999999999999999 1.4214390698647116e-16 -1.0907088646712615e-16
outer loop
vertex -28.50000 34.64102 -20.00000
vertex -28.50000 28.28427 -28.28427
vertex -28.50000 0.00000 0.00000
endloop
endfacet
facet normal -0.9999999999999999 3.5172571413777664e-16 1.0051092068417932e-16
outer loop
vertex -28.50000 28.28427 -28.28427
vertex -28.50000 20.00000 -34.64102
vertex -28.50000 0.00000 0.00000
endloop
endfacet
facet normal -1 3.428238459723696e-17 -8.276506175391816e-17
outer loop
vertex -28.50000 20.00000 -34.64102
vertex -28.50000 10.35276 -38.63703
vertex -28.50000 0.00000 0.00000
endloop
endfacet
facet normal -1 3.43165775714555e-16 3.047924363693211e-32
outer loop
vertex -28.50000 10.35276 -38.63703
vertex -28.50000 0.00000 -40.00000
vertex -28.50000 0.00000 0.00000
endloop
endfacet
facet normal -1 3.4316577571455483e-16 4.2025686897673233e-32
outer loop
vertex -28.50000 0.00000 -40.00000
vertex -28.50000 -10.35276 -38.63703
vertex -28.50000 0.00000 0.00000
endloop
endfacet
facet normal -0.9999999999999999 3.4282384597236947e-17 8.276506175391816e-17
outer loop
vertex -28.50000 -10.35276 -38.63703
vertex -28.50000 -20.00000 -34.64102
vertex -28.50000 0.00000 0.00000
endloop
endfacet
facet normal -0.9999999999999999 3.5172571413777664e-16 -1.0051092068417932e-16
outer loop
vertex -28.50000 -20.00000 -34.64102
vertex -28.50000 -28.28427 -28.28427
vertex -28.50000 0.00000 0.00000
endloop
endfacet
facet normal -0.9999999999999999 1.4214390698647116e-16 1.0907088646712615e-16
outer loop
vertex -28.50000 -28.28427 -28.28427
vertex -28.50000 -34.64102 -20.00000
vertex -28.50000 0.00000 0.00000
endloop
endfacet
facet normal -1 1.6553012350783632e-16 6.85647691944739e-17
outer loop
vertex -28.50000 -34.64102 -20.00000
vertex -28.50000 -38.63703 -10.35276
vertex -28.50000 0.00000 0.00000
endloop
endfacet
facet normal -1 1.7763568394002503e-16 2.3386206182128197e-17
outer loop
vertex -28.50000 -38.63703 -10.35276
vertex -28.50000 -40.00000 -0.00000
vertex -28.50000 0.00000 0.00000
endloop
endfacet
facet normal -1 1.7763568394002506e-16 -2.3386206182128166e-17
outer loop
vertex -28.50000 -40.00000 -0.00000
vertex -28.50000 -38.63703 10.35276
vertex -28.50000 0.00000 0.00000
endloop
endfacet
facet normal -1 1.6553012350783632e-16 -6.85647691944739e-17
outer loop
vertex -28.50000 -38.63703 10.35276
vertex -28.50000 -34.64102 20.00000
vertex -28.50000 0.00000 0.00000
endloop
endfacet
facet normal -0.9999999999999999 1.4214390698647116e-16 -1.0907088646712615e-16
outer loop
vertex -28.50000 -34.64102 20.00000
vertex -28.50000 -28.28427 28.28427
vertex -28.50000 0.00000 0.00000
endloop
endfacet
facet normal -0.9999999999999999 3.5172571413777664e-16 1.0051092068417932e-16
outer loop
vertex -28.50000 -28.28427 28.28427
vertex -28.50000 -20.00000 34.64102
vertex -28.50000 0.00000 0.00000
endloop
endfacet
facet normal -0.9999999999999999 3.4282384597236947e-17 -8.276506175391816e-17
outer loop
vertex -28.50000 -20.00000 34.64102
vertex -28.50000 -10.35276 38.63703
vertex -28.50000 0.00000 0.00000
endloop
endfacet
facet normal -1 3.4316577571455527e-16 9.14377309107964e-32
outer loop
vertex -28.50000 -10.35276 38.63703
vertex -28.50000 -0.00000 40.00000
vertex -28.50000 0.00000 0.00000
endloop
endfacet
facet normal 0.9999999999999999 -3.4316577571455493e-16 0
outer loop
vertex -19.50000 10.35276 38.63703
vertex -19.50000 -0.00000 40.00000
vertex -19.50000 -0.00000 0.00000
endloop
endfacet
facet normal 0.9999999999999999 -3.4282384597236947e-17 -8.276506175391816e-17
outer loop
vertex -19.50000 20.00000 34.64102
vertex -19.50000 10.35276 38.63703
vertex -19.50000 -0.00000 0.00000
endloop
endfacet
facet normal 0.9999999999999999 -3.5172571413777664e-16 1.0051092068417932e-16
outer loop
vertex -19.50000 28.28427 28.28427
vertex -19.50000 20.00000 34.64102
vertex -19.50000 -0.00000 0.00000
endloop
endfacet
facet normal 0.9999999999999999 -1.4214390698647116e-16 -1.0907088646712615e-16
outer loop
vertex -19.50000 34.64102 20.00000
vertex -19.50000 28.28427 28.28427
vertex -19.50000 -0.00000 0.00000
endloop
endfacet
facet normal 1 -1.6553012350783632e-16 -6.85647691944739e-17
outer loop
vertex -19.50000 38.63703 10.35276
vertex -19.50000 34.64102 20.00000
vertex -19.50000 -0.00000 0.00000
endloop
endfacet
facet normal 1 -1.7763568394002503e-16 -2.338620618212818e-17
outer loop
vertex -19.50000 40.00000 0.00000
vertex -19.50000 38.63703 10.35276
vertex -19.50000 -0.00000 0.00000
endloop
endfacet
facet normal 1 -1.7763568394002506e-16 2.3386206182128178e-17
outer loop
vertex -19.50000 38.63703 -10.35276
vertex -19.50000 40.00000 0.00000
vertex -19.50000 -0.00000 0.00000
endloop
endfacet
facet normal 1 -1.6553012350783632e-16 6.85647691944739e-17
outer loop
vertex -19.50000 34.64102 -20.00000
vertex -19.50000 38.63703 -10.35276
vertex -19.50000 -0.00000 0.00000
endloop
endfacet
facet normal 0.9999999999999999 -1.4214390698647116e-16 1.0907088646712615e-16
outer loop
vertex -19.50000 28.28427 -28.28427
vertex -19.50000 34.64102 -20.00000
vertex -19.50000 -0.00000 0.00000
endloop
endfacet
facet normal 0.9999999999999999 -3.5172571413777664e-16 -1.0051092068417932e-16
outer loop
vertex -19.50000 20.00000 -34.64102
vertex -19.50000 28.28427 -28.28427
vertex -19.50000 -0.00000 0.00000
endloop
endfacet
facet normal 0.9999999999999999 -3.4282384597236947e-17 8.276506175391816e-17
outer loop
vertex -19.50000 10.35276 -38.63703
vertex -19.50000 20.00000 -34.64102
vertex -19.50000 -0.00000 0.00000
endloop
endfacet
facet normal 1 -3.4316577571455517e-16 -4.202568689767327e-32
outer loop
vertex -19.50000 0.00000 -40.00000
vertex -19.50000 10.35276 -38.63703
vertex -19.50000 -0.00000 0.00000
endloop
endfacet
facet normal 0.9999999999999999 -3.4316577571455473e-16 -4.5718865455398125e-32
outer loop
vertex -19.50000 -10.35276 -38.63703
vertex -19.50000 0.00000 -40.00000
vertex -19.50000 -0.00000 0.00000
endloop
endfacet
facet normal 1 -3.428238459723696e-17 -8.276506175391816e-17
outer loop
vertex -19.50000 -20.00000 -34.64102
vertex -19.50000 -10.35276 -38.63703
vertex -19.50000 -0.00000 0.00000
endloop
endfacet
facet normal 0.9999999999999999 -3.5172571413777664e-16 1.0051092068417932e-16
outer loop
vertex -19.50000 -28.28427 -28.28427
vertex -19.50000 -20.00000 -34.64102
vertex -19.50000 -0.00000 0.00000
endloop
endfacet
facet normal 0.9999999999999999 -1.4214390698647116e-16 -1.0907088646712615e-16
outer loop
vertex -19.50000 -34.64102 -20.00000
vertex -19.50000 -28.28427 -28.28427
vertex -19.50000 -0.00000 0.00000
endloop
endfacet
facet normal 1 -1.6553012350783632e-16 -6.85647691944739e-17
outer loop
vertex -19.50000 -38.63703 -10.35276
vertex -19.50000 -34.64102 -20.00000
vertex -19.50000 -0.00000 0.00000
endloop
endfacet
facet normal 1 -1.7763568394002503e-16 -2.3386206182128197e-17
outer loop
vertex -19.50000 -40.00000 -0.00000
vertex -19.50000 -38.63703 -10.35276
vertex -19.50000 -0.00000 0.00000
endloop
endfacet
facet normal 1 -1.7763568394002506e-16 2.3386206182128166e-17
outer loop
vertex -19.50000 -38.63703 10.35276
vertex -19.50000 -40.00000 -0.00000
vertex -19.50000 -0.00000 0.00000
endloop
endfacet
facet normal 1 -1.6553012350783632e-16 6.85647691944739e-17
outer loop
vertex -19.50000 -34.64102 20.00000
vertex -19.50000 -38.63703 10.35276
vertex -19.50000 -0.00000 0.00000
endloop
endfacet
facet normal 0.9999999999999999 -1.4214390698647116e-16 1.0907088646712615e-16
outer loop
vertex -19.50000 -28.28427 28.28427
vertex -19.50000 -34.64102 20.00000
vertex -19.50000 -0.00000 0.00000
endloop
endfacet
facet normal 0.9999999999999999 -3.5172571413777664e-16 -1.0051092068417932e-16
outer loop
vertex -19.50000 -20.00000 34.64102
vertex -19.50000 -28.28427 28.28427
vertex -19.50000 -0.00000 0.00000
endloop
endfacet
facet normal 1 -3.428238459723696e-17 8.276506175391816e-17
outer loop
vertex -19.50000 -10.35276 38.63703
vertex -19.50000 -20.00000 34.64102
vertex -19.50000 -0.00000 0.00000
endloop
endfacet
facet normal 1 -3.431657757145552e-16 -8.405137379534655e-32
outer loop
vertex -19.50000 -0.00000 40.00000
vertex -19.50000 -10.35276 38.63703
vertex -19.50000 -0.00000 0.00000
endloop
endfacet
facet normal 2.8982614337128454e-17 0.1305260911289145 0.9914448746827058
outer loop
vertex -26.00000 0.00000 18.00000
vertex -6.00000 -0.00000 18.00000
vertex -26.00000 4.65874 17.38667
endloop
endfacet
facet normal 2.3627080309960697e-17 0.1305260911289145 0.9914448746827059
outer loop
vertex -6.00000 -0.00000 18.00000
vertex -6.00000 4.65874 17.38667
vertex -26.00000 4.65874 17.38667
endloop
endfacet
facet normal 6.797825486153532e-17 0.3826835540796338 0.9238794820954624
outer loop
vertex -26.00000 4.65874 17.38667
vertex -6.00000 4.65874 17.38667
vertex -26.00000 9.00000 15.58846
endloop
endfacet
facet normal 6.615582310220964e-17 0.3826835540796338 0.9238794820954624
outer loop
vertex -6.00000 4.65874 17.38667
vertex -6.00000 9.00000 15.58846
vertex -26.00000 9.00000 15.58846
endloop
endfacet
facet normal 1.0813773307300048e-16 0.6087613179653188 0.7933534254978221
outer loop
vertex -26.00000 9.00000 15.58846
vertex -6.00000 9.00000 15.58846
vertex -26.00000 12.72792 12.72792
endloop
endfacet
facet normal 1.1340998689918535e-16 0.608761317965319 0.7933534254978221
outer loop
vertex -6.00000 9.00000 15.58846
vertex -6.00000 12.72792 12.72792
vertex -26.00000 12.72792 12.72792
endloop
endfacet
facet normal 1.409278783444673e-16 0.7933534254978221 0.6087613179653188
outer loop
vertex -26.00000 12.72792 12.72792
vertex -6.00000 12.72792 12.72792
vertex -26.00000 15.58846 9.00000
endloop
endfacet
facet normal 1.323116513823829e-16 0.7933534254978221 0.6087613179653188
outer loop
vertex -6.00000 12.72792 12.72792
vertex -6.00000 15.58846 9.00000
vertex -26.00000 15.58846 9.00000
endloop
endfacet
facet normal 1.6411396368018359e-16 0.9238794820954623 0.3826835540796341
outer loop
vertex -26.00000 15.58846 9.00000
vertex -6.00000 15.58846 9.00000
vertex -26.00000 17.38667 4.65874
endloop
endfacet
facet normal 3.3077911551104824e-16 0.9238794820954627 0.3826835540796335
outer loop
vertex -6.00000 15.58846 9.00000
vertex -6.00000 17.38667 4.65874
vertex -26.00000 17.38667 4.65874
endloop
endfacet
facet normal 3.5223197680618973e-16 0.9914448746827058 0.1305260911289145
outer loop
vertex -26.00000 17.38667 4.65874
vertex -6.00000 17.38667 4.65874
vertex -26.00000 18.00000 0.00000
endloop
endfacet
facet normal 3.4968078858741833e-16 0.9914448746827058 0.1305260911289145
outer loop
vertex -6.00000 17.38667 4.65874
vertex -6.00000 18.00000 0.00000
vertex -26.00000 18.00000 0.00000
endloop
endfacet
facet normal 3.5223197680618983e-16 0.9914448746827059 -0.1305260911289145
outer loop
vertex -26.00000 18.00000 0.00000
vertex -6.00000 18.00000 0.00000
vertex -26.00000 17.38667 -4.65874
endloop
endfacet
facet normal 3.496807885874183e-16 0.9914448746827059 -0.1305260911289145
outer loop
vertex -6.00000 18.00000 0.00000
vertex -6.00000 17.38667 -4.65874
vertex -26.00000 17.38667 -4.65874
endloop
endfacet
facet normal 3.2822792736036717e-16 0.9238794820954623 -0.3826835540796341
outer loop
vertex -26.00000 17.38667 -4.65874
vertex -6.00000 17.38667 -4.65874
vertex -26.00000 15.58846 -9.00000
endloop
endfacet
facet normal 1.60664141819652e-16 0.9238794820954627 -0.3826835540796335
outer loop
vertex -6.00000 17.38667 -4.65874
vertex -6.00000 15.58846 -9.00000
vertex -26.00000 15.58846 -9.00000
endloop
endfacet
facet normal 1.409278783444673e-16 0.7933534254978221 -0.6087613179653188
outer loop
vertex -26.00000 15.58846 -9.00000
vertex -6.00000 15.58846 -9.00000
vertex -26.00000 12.72792 -12.72792
endloop
endfacet
facet normal 1.323116513823829e-16 0.7933534254978221 -0.6087613179653188
outer loop
vertex -6.00000 15.58846 -9.00000
vertex -6.00000 12.72792 -12.72792
vertex -26.00000 12.72792 -12.72792
endloop
endfacet
facet normal 1.0813773307300048e-16 0.6087613179653188 -0.7933534254978221
outer loop
vertex -26.00000 12.72792 -12.72792
vertex -6.00000 12.72792 -12.72792
vertex -26.00000 9.00000 -15.58846
endloop
endfacet
facet normal 1.1340998689918532e-16 0.6087613179653187 -0.7933534254978221
outer loop
vertex -6.00000 12.72792 -12.72792
vertex -6.00000 9.00000 -15.58846
vertex -26.00000 9.00000 -15.58846
endloop
endfacet
facet normal 6.797825486153532e-17 0.3826835540796338 -0.9238794820954624
outer loop
vertex -26.00000 9.00000 -15.58846
vertex -6.00000 9.00000 -15.58846
vertex -26.00000 4.65874 -17.38667
endloop
endfacet
facet normal 6.615582310220964e-17 0.3826835540796338 -0.9238794820954624
outer loop
vertex -6.00000 9.00000 -15.58846
vertex -6.00000 4.65874 -17.38667
vertex -26.00000 4.65874 -17.38667
endloop
endfacet
facet normal 2.3186091469702777e-17 0.13052609112891458 -0.9914448746827058
outer loop
vertex -26.00000 4.65874 -17.38667
vertex -6.00000 4.65874 -17.38667
vertex -26.00000 0.00000 -18.00000
endloop
endfacet
facet normal 3.307791243394499e-17 0.13052609112891453 -0.9914448746827058
outer loop
vertex -6.00000 4.65874 -17.38667
vertex -6.00000 -0.00000 -18.00000
vertex -26.00000 0.00000 -18.00000
endloop
endfacet
facet normal -2.8982614337128436e-17 -0.13052609112891442 -0.9914448746827058
outer loop
vertex -26.00000 0.00000 -18.00000
vertex -6.00000 -0.00000 -18.00000
vertex -26.00000 -4.65874 -17.38667
endloop
endfacet
facet normal -1.8901664247968556e-17 -0.13052609112891447 -0.9914448746827059
outer loop
vertex -6.00000 -0.00000 -18.00000
vertex -6.00000 -4.65874 -17.38667
vertex -26.00000 -4.65874 -17.38667
endloop
endfacet
facet normal -6.797825486153532e-17 -0.3826835540796338 -0.9238794820954624
outer loop
vertex -26.00000 -4.65874 -17.38667
vertex -6.00000 -4.65874 -17.38667
vertex -26.00000 -9.00000 -15.58846
endloop
endfacet
facet normal -6.615582310220964e-17 -0.3826835540796338 -0.9238794820954624
outer loop
vertex -6.00000 -4.65874 -17.38667
vertex -6.00000 -9.00000 -15.58846
vertex -26.00000 -9.00000 -15.58846
endloop
endfacet
facet normal -1.0813773307300048e-16 -0.6087613179653188 -0.7933534254978221
outer loop
vertex -26.00000 -9.00000 -15.58846
vertex -6.00000 -9.00000 -15.58846
vertex -26.00000 -12.72792 -12.72792
endloop
endfacet
facet normal -1.1340998689918535e-16 -0.6087613179653188 -0.7933534254978221
outer loop
vertex -6.00000 -9.00000 -15.58846
vertex -6.00000 -12.72792 -12.72792
vertex -26.00000 -12.72792 -12.72792
endloop
endfacet
facet normal -1.409278783444673e-16 -0.7933534254978221 -0.6087613179653188
outer loop
vertex -26.00000 -12.72792 -12.72792
vertex -6.00000 -12.72792 -12.72792
vertex -26.00000 -15.58846 -9.00000
endloop
endfacet
facet normal -1.323116513823829e-16 -0.7933534254978221 -0.6087613179653188
outer loop
vertex -6.00000 -12.72792 -12.72792
vertex -6.00000 -15.58846 -9.00000
vertex -26.00000 -15.58846 -9.00000
endloop
endfacet
facet normal -1.6411396368018364e-16 -0.9238794820954627 -0.3826835540796335
outer loop
vertex -26.00000 -15.58846 -9.00000
vertex -6.00000 -15.58846 -9.00000
vertex -26.00000 -17.38667 -4.65874
endloop
endfacet
facet normal -3.3077911551104814e-16 -0.9238794820954623 -0.3826835540796341
outer loop
vertex -6.00000 -15.58846 -9.00000
vertex -6.00000 -17.38667 -4.65874
vertex -26.00000 -17.38667 -4.65874
endloop
endfacet
facet normal -3.522319768061898e-16 -0.9914448746827059 -0.1305260911289146
outer loop
vertex -26.00000 -17.38667 -4.65874
vertex -6.00000 -17.38667 -4.65874
vertex -26.00000 -18.00000 -0.00000
endloop
endfacet
facet normal -3.496807885874186e-16 -0.9914448746827059 -0.1305260911289146
outer loop
vertex -6.00000 -17.38667 -4.65874
vertex -6.00000 -18.00000 -0.00000
vertex -26.00000 -18.00000 -0.00000
endloop
endfacet
facet normal -3.522319768061898e-16 -0.9914448746827059 0.13052609112891442
outer loop
vertex -26.00000 -18.00000 -0.00000
vertex -6.00000 -18.00000 -0.00000
vertex -26.00000 -17.38667 4.65874
endloop
endfacet
facet normal -3.496807885874181e-16 -0.9914448746827059 0.13052609112891442
outer loop
vertex -6.00000 -18.00000 -0.00000
vertex -6.00000 -17.38667 4.65874
vertex -26.00000 -17.38667 4.65874
endloop
endfacet
facet normal -3.2822792736036727e-16 -0.9238794820954627 0.3826835540796335
outer loop
vertex -26.00000 -17.38667 4.65874
vertex -6.00000 -17.38667 4.65874
vertex -26.00000 -15.58846 9.00000
endloop
endfacet
facet normal -1.6066414181965194e-16 -0.9238794820954623 0.3826835540796341
outer loop
vertex -6.00000 -17.38667 4.65874
vertex -6.00000 -15.58846 9.00000
vertex -26.00000 -15.58846 9.00000
endloop
endfacet
facet normal -1.409278783444673e-16 -0.7933534254978221 0.6087613179653188
outer loop
vertex -26.00000 -15.58846 9.00000
vertex -6.00000 -15.58846 9.00000
vertex -26.00000 -12.72792 12.72792
endloop
endfacet
facet normal -1.323116513823829e-16 -0.7933534254978221 0.6087613179653188
outer loop
vertex -6.00000 -15.58846 9.00000
vertex -6.00000 -12.72792 12.72792
vertex -26.00000 -12.72792 12.72792
endloop
endfacet
facet normal -1.0813773307300048e-16 -0.6087613179653188 0.7933534254978221
outer loop
vertex -26.00000 -12.72792 12.72792
vertex -6.00000 -12.72792 12.72792
vertex -26.00000 -9.00000 15.58846
endloop
endfacet
facet normal -1.1340998689918535e-16 -0.6087613179653188 0.7933534254978218
outer loop
vertex -6.00000 -12.72792 12.72792
vertex -6.00000 -9.00000 15.58846
vertex -26.00000 -9.00000 15.58846
endloop
endfacet
facet normal -6.797825486153532e-17 -0.3826835540796338 0.9238794820954624
outer loop
vertex -26.00000 -9.00000 15.58846
vertex -6.00000 -9.00000 15.58846
vertex -26.00000 -4.65874 17.38667
endloop
endfacet
facet normal -6.615582310220964e-17 -0.3826835540796338 0.9238794820954624
outer loop
vertex -6.00000 -9.00000 15.58846
vertex -6.00000 -4.65874 17.38667
vertex -26.00000 -4.65874 17.38667
endloop
endfacet
facet normal -2.318609146970278e-17 -0.1305260911289146 0.9914448746827059
outer loop
vertex -26.00000 -4.65874 17.38667
vertex -6.00000 -4.65874 17.38667
vertex -26.00000 -0.00000 18.00000
endloop
endfacet
facet normal -2.8352496371952856e-17 -0.1305260911289146 0.9914448746827059
outer loop
vertex -6.00000 -4.65874 17.38667
vertex -6.00000 -0.00000 18.00000
vertex -26.00000 -0.00000 18.00000
endloop
endfacet
facet normal -1 0 0
outer loop
vertex -26.00000 0.00000 18.00000
vertex -26.00000 4.65874 17.38667
vertex -26.00000 0.00000 0.00000
endloop
endfacet
facet normal -1 0 0
outer loop
vertex -26.00000 4.65874 17.38667
vertex -26.00000 9.00000 15.58846
vertex -26.00000 0.00000 0.00000
endloop
endfacet
facet normal -1 6.604228596302018e-16 -3.812953197141842e-16
outer loop
vertex -26.00000 9.00000 15.58846
vertex -26.00000 12.72792 12.72792
vertex -26.00000 0.00000 0.00000
endloop
endfacet
facet normal -1 1.5793770871861174e-16 1.2118983119740581e-16
outer loop
vertex -26.00000 12.72792 12.72792
vertex -26.00000 15.58846 9.00000
vertex -26.00000 0.00000 0.00000
endloop
endfacet
facet normal -1 1.8392232789830656e-16 7.618315102645734e-17
outer loop
vertex -26.00000 15.58846 9.00000
vertex -26.00000 17.38667 4.65874
vertex -26.00000 0.00000 0.00000
endloop
endfacet
facet normal -1 1.973729821555834e-16 2.5984625583414376e-17
outer loop
vertex -26.00000 17.38667 4.65874
vertex -26.00000 18.00000 0.00000
vertex -26.00000 0.00000 0.00000
endloop
endfacet
facet normal -1 1.9737298215558337e-16 -2.5984625583414363e-17
outer loop
vertex -26.00000 18.00000 0.00000
vertex -26.00000 17.38667 -4.65874
vertex -26.00000 0.00000 0.00000
endloop
endfacet
facet normal -1 1.8392232789830656e-16 -7.618315102645734e-17
outer loop
vertex -26.00000 17.38667 -4.65874
vertex -26.00000 15.58846 -9.00000
vertex -26.00000 0.00000 0.00000
endloop
endfacet
facet normal -1 1.5793770871861174e-16 -1.2118983119740581e-16
outer loop
vertex -26.00000 15.58846 -9.00000
vertex -26.00000 12.72792 -12.72792
vertex -26.00000 0.00000 0.00000
endloop
endfacet
facet normal -1 6.604228596302018e-16 3.812953197141842e-16
outer loop
vertex -26.00000 12.72792 -12.72792
vertex -26.00000 9.00000 -15.58846
vertex -26.00000 0.00000 0.00000
endloop
endfacet
facet normal -1 0 0
outer loop
vertex -26.00000 9.00000 -15.58846
vertex -26.00000 4.65874 -17.38667
vertex -26.00000 0.00000 0.00000
endloop
endfacet
facet normal -1 0 0
outer loop
vertex -26.00000 4.65874 -17.38667
vertex -26.00000 0.00000 -18.00000
vertex -26.00000 0.00000 0.00000
endloop
endfacet
facet normal -1 0 0
outer loop
vertex -26.00000 0.00000 -18.00000
vertex -26.00000 -4.65874 -17.38667
vertex -26.00000 0.00000 0.00000
endloop
endfacet
facet normal -1 0 0
outer loop
vertex -26.00000 -4.65874 -17.38667
vertex -26.00000 -9.00000 -15.58846
vertex -26.00000 0.00000 0.00000
endloop
endfacet
facet normal -1 6.604228596302018e-16 -3.812953197141842e-16
outer loop
vertex -26.00000 -9.00000 -15.58846
vertex -26.00000 -12.72792 -12.72792
vertex -26.00000 0.00000 0.00000
endloop
endfacet
facet normal -1 1.5793770871861174e-16 1.2118983119740581e-16
outer loop
vertex -26.00000 -12.72792 -12.72792
vertex -26.00000 -15.58846 -9.00000
vertex -26.00000 0.00000 0.00000
endloop
endfacet
facet normal -1 1.8392232789830663e-16 7.618315102645722e-17
outer loop
vertex -26.00000 -15.58846 -9.00000
vertex -26.00000 -17.38667 -4.65874
vertex -26.00000 0.00000 0.00000
endloop
endfacet
facet normal -1 1.9737298215558337e-16 2.5984625583414388e-17
outer loop
vertex -26.00000 -17.38667 -4.65874
vertex -26.00000 -18.00000 -0.00000
vertex -26.00000 0.00000 0.00000
endloop
endfacet
facet normal -1 1.973729821555834e-16 -2.5984625583414354e-17
outer loop
vertex -26.00000 -18.00000 -0.00000
vertex -26.00000 -17.38667 4.65874
vertex -26.00000 0.00000 0.00000
endloop
endfacet
facet normal -1 1.8392232789830663e-16 -7.618315102645722e-17
outer loop
vertex -26.00000 -17.38667 4.65874
vertex -26.00000 -15.58846 9.00000
vertex -26.00000 0.00000 0.00000
endloop
endfacet
facet normal -1 1.5793770871861174e-16 -1.2118983119740581e-16
outer loop
vertex -26.00000 -15.58846 9.00000
vertex -26.00000 -12.72792 12.72792
vertex -26.00000 0.00000 0.00000
endloop
endfacet
facet normal -1 6.604228596302018e-16 3.812953197141842e-16
outer loop
vertex -26.00000 -12.72792 12.72792
vertex -26.00000 -9.00000 15.58846
vertex -26.00000 0.00000 0.00000
endloop
endfacet
facet normal -1 0 0
outer loop
vertex -26.00000 -9.00000 15.58846
vertex -26.00000 -4.65874 17.38667
vertex -26.00000 0.00000 0.00000
endloop
endfacet
facet normal -1 0 0
outer loop
vertex -26.00000 -4.65874 17.38667
vertex -26.00000 -0.00000 18.00000
vertex -26.00000 0.00000 0.00000
endloop
endfacet
facet normal 1 -3.81295314154863e-16 0
outer loop
vertex -6.00000 4.65874 17.38667
vertex -6.00000 -0.00000 18.00000
vertex -6.00000 -0.00000 0.00000
endloop
endfacet
facet normal 1 -3.809157551322864e-17 -9.19611639491533e-17
outer loop
vertex -6.00000 9.00000 15.58846
vertex -6.00000 4.65874 17.38667
vertex -6.00000 -0.00000 0.00000
endloop
endfacet
facet normal 1 -3.908063454138038e-16 1.1167880549778623e-16
outer loop
vertex -6.00000 12.72792 12.72792
vertex -6.00000 9.00000 15.58846
vertex -6.00000 -0.00000 0.00000
endloop
endfacet
facet normal 1 -1.5793770871861174e-16 -1.2118983119740581e-16
outer loop
vertex -6.00000 15.58846 9.00000
vertex -6.00000 12.72792 12.72792
vertex -6.00000 -0.00000 0.00000
endloop
endfacet
facet normal 1 -1.8392232789830663e-16 -7.618315102645722e-17
outer loop
vertex -6.00000 17.38667 4.65874
vertex -6.00000 15.58846 9.00000
vertex -6.00000 -0.00000 0.00000
endloop
endfacet
facet normal 1 -1.973729821555834e-16 -2.5984625583414376e-17
outer loop
vertex -6.00000 18.00000 0.00000
vertex -6.00000 17.38667 4.65874
vertex -6.00000 -0.00000 0.00000
endloop
endfacet
facet normal 1 -1.9737298215558337e-16 2.5984625583414363e-17
outer loop
vertex -6.00000 17.38667 -4.65874
vertex -6.00000 18.00000 0.00000
vertex -6.00000 -0.00000 0.00000
endloop
endfacet
facet normal 1 -1.8392232789830663e-16 7.618315102645722e-17
outer loop
vertex -6.00000 15.58846 -9.00000
vertex -6.00000 17.38667 -4.65874
vertex -6.00000 -0.00000 0.00000
endloop
endfacet
facet normal 1 -1.5793770871861174e-16 1.2118983119740581e-16
outer loop
vertex -6.00000 12.72792 -12.72792
vertex -6.00000 15.58846 -9.00000
vertex -6.00000 -0.00000 0.00000
endloop
endfacet
facet normal 1 -3.908063454138038e-16 -1.1167880549778623e-16
outer loop
vertex -6.00000 9.00000 -15.58846
vertex -6.00000 12.72792 -12.72792
vertex -6.00000 -0.00000 0.00000
endloop
endfacet
facet normal 1 -3.809157551322864e-17 9.19611639491533e-17
outer loop
vertex -6.00000 4.65874 -17.38667
vertex -6.00000 9.00000 -15.58846
vertex -6.00000 -0.00000 0.00000
endloop
endfacet
facet normal 1 -3.812953141548632e-16 -4.6695209517100053e-32
outer loop
vertex -6.00000 -0.00000 -18.00000
vertex -6.00000 4.65874 -17.38667
vertex -6.00000 -0.00000 0.00000
endloop
endfacet
facet normal 1 -3.812953141548629e-16 -3.762869661834766e-32
outer loop
vertex -6.00000 -4.65874 -17.38667
vertex -6.00000 -0.00000 -18.00000
vertex -6.00000 -0.00000 0.00000
endloop
endfacet
facet normal 1 -3.809157551322864e-17 -9.19611639491533e-17
outer loop
vertex -6.00000 -9.00000 -15.58846
vertex -6.00000 -4.65874 -17.38667
vertex -6.00000 -0.00000 0.00000
endloop
endfacet
facet normal 1 -3.908063454138038e-16 1.1167880549778623e-16
outer loop
vertex -6.00000 -12.72792 -12.72792
vertex -6.00000 -9.00000 -15.58846
vertex -6.00000 -0.00000 0.00000
endloop
endfacet
facet normal 1 -1.5793770871861174e-16 -1.2118983119740581e-16
outer loop
vertex -6.00000 -15.58846 -9.00000
vertex -6.00000 -12.72792 -12.72792
vertex -6.00000 -0.00000 0.00000
endloop
endfacet
facet normal 1 -1.8392232789830656e-16 -7.618315102645734e-17
outer loop
vertex -6.00000 -17.38667 -4.65874
vertex -6.00000 -15.58846 -9.00000
vertex -6.00000 -0.00000 0.00000
endloop
endfacet
facet normal 1 -1.9737298215558337e-16 -2.5984625583414388e-17
outer loop
vertex -6.00000 -18.00000 -0.00000
vertex -6.00000 -17.38667 -4.65874
vertex -6.00000 -0.00000 0.00000
endloop
endfacet
facet normal 1 -1.973729821555834e-16 2.5984625583414354e-17
outer loop
vertex -6.00000 -17.38667 4.65874
vertex -6.00000 -18.00000 -0.00000
vertex -6.00000 -0.00000 0.00000
endloop
endfacet
facet normal 1 -1.8392232789830656e-16 7.618315102645734e-17
outer loop
vertex -6.00000 -15.58846 9.00000
vertex -6.00000 -17.38667 4.65874
vertex -6.00000 -0.00000 0.00000
endloop
endfacet
facet normal 1 -1.5793770871861174e-16 1.2118983119740581e-16
outer loop
vertex -6.00000 -12.72792 12.72792
vertex -6.00000 -15.58846 9.00000
vertex -6.00000 -0.00000 0.00000
endloop
endfacet
facet normal 1 -3.908063454138038e-16 -1.1167880549778623e-16
outer loop
vertex -6.00000 -9.00000 15.58846
vertex -6.00000 -12.72792 12.72792
vertex -6.00000 -0.00000 0.00000
endloop
endfacet
facet normal 1 -3.809157551322864e-17 9.19611639491533e-17
outer loop
vertex -6.00000 -4.65874 17.38667
vertex -6.00000 -9.00000 15.58846
vertex -6.00000 -0.00000 0.00000
endloop
endfacet
facet normal 1 -3.812953141548634e-16 -9.339041903420016e-32
outer loop
vertex -6.00000 -0.00000 18.00000
vertex -6.00000 -4.65874 17.38667
vertex -6.00000 -0.00000 0.00000
endloop
endfacet
facet normal 0.37988359622374535 0.12074132272423788 -0.9171204862540776
outer loop
vertex -107.87868 0.00000 -31.12132
vertex -110.00000 0.00000 -32.00000
vertex -107.87868 8.05479 -30.06089
endloop
endfacet
facet normal 0.37988383134970793 0.12074123997746168 -0.9171203997555455
outer loop
vertex -110.00000 0.00000 -32.00000
vertex -110.00000 8.28221 -30.90963
vertex -107.87868 8.05479 -30.06089
endloop
endfacet
facet normal 0.3798838174517754 0.3539951277711319 -0.8546202283778253
outer loop
vertex -107.87868 8.05479 -30.06089
vertex -110.00000 8.28221 -30.90963
vertex -107.87868 15.56066 -26.95185
endloop
endfacet
facet normal 0.37988330668473247 0.35399535003058663 -0.8546203633538085
outer loop
vertex -110.00000 8.28221 -30.90963
vertex -110.00000 16.00000 -27.71281
vertex -107.87868 15.56066 -26.95185
endloop
endfacet
facet normal 0.37988333902784704 0.5631254228517206 -0.7338790137802856
outer loop
vertex -107.87868 15.56066 -26.95185
vertex -110.00000 16.00000 -27.71281
vertex -107.87868 22.00610 -22.00610
endloop
endfacet
facet normal 0.3798839427087908 0.5631251278225567 -0.7338789276759847
outer loop
vertex -110.00000 16.00000 -27.71281
vertex -110.00000 22.62742 -22.62742
vertex -107.87868 22.00610 -22.00610
endloop
endfacet
facet normal 0.37988395111231954 0.7338788143593655 -0.5631252698305989
outer loop
vertex -107.87868 22.00610 -22.00610
vertex -110.00000 22.62742 -22.62742
vertex -107.87868 26.95185 -15.56066
endloop
endfacet
facet normal 0.3798833474313503 0.7338791216210987 -0.5631252766418824
outer loop
vertex -110.00000 22.62742 -22.62742
vertex -110.00000 27.71281 -16.00000
vertex -107.87868 26.95185 -15.56066
endloop
endfacet
facet normal 0.3798832995745813 0.8546204248652749 -0.3539952091588613
outer loop
vertex -107.87868 26.95185 -15.56066
vertex -110.00000 27.71281 -16.00000
vertex -107.87868 30.06089 -8.05479
endloop
endfacet
facet normal 0.37988381034164126 0.8546201722616813 -0.35399527087763477
outer loop
vertex -110.00000 27.71281 -16.00000
vertex -110.00000 30.90963 -8.28221
vertex -107.87868 30.06089 -8.05479
endloop
endfacet
facet normal 0.3798838346227688 0.9171203891883543 -0.12074130994528029
outer loop
vertex -107.87868 30.06089 -8.05479
vertex -110.00000 30.90963 -8.28221
vertex -107.87868 31.12132 -0.00000
endloop
endfacet
facet normal 0.379883599496815 0.9171204941559697 -0.12074125240551836
outer loop
vertex -110.00000 30.90963 -8.28221
vertex -110.00000 32.00000 -0.00000
vertex -107.87868 31.12132 -0.00000
endloop
endfacet
facet normal 0.3798835962237454 0.9171204862540777 0.12074132272423788
outer loop
vertex -107.87868 31.12132 -0.00000
vertex -110.00000 32.00000 -0.00000
vertex -107.87868 30.06089 8.05479
endloop
endfacet
facet normal 0.37988383134970793 0.9171203997555456 0.12074123997746167
outer loop
vertex -110.00000 32.00000 -0.00000
vertex -110.00000 30.90963 8.28221
vertex -107.87868 30.06089 8.05479
endloop
endfacet
facet normal 0.3798838174517754 0.8546202283778253 0.3539951277711319
outer loop
vertex -107.87868 30.06089 8.05479
vertex -110.00000 30.90963 8.28221
vertex -107.87868 26.95185 15.56066
endloop
endfacet
facet normal 0.3798833066847325 0.8546203633538086 0.3539953500305867
outer loop
vertex -110.00000 30.90963 8.28221
vertex -110.00000 27.71281 16.00000
vertex -107.87868 26.95185 15.56066
endloop
endfacet
facet normal 0.37988333902784704 0.7338790137802856 0.5631254228517206
outer loop
vertex -107.87868 26.95185 15.56066
vertex -110.00000 27.71281 16.00000
vertex -107.87868 22.00610 22.00610
endloop
endfacet
facet normal 0.3798839427087908 0.7338789276759847 0.5631251278225567
outer loop
vertex -110.00000 27.71281 16.00000
vertex -110.00000 22.62742 22.62742
vertex -107.87868 22.00610 22.00610
endloop
endfacet
facet normal 0.37988395111231954 0.5631252698305989 0.7338788143593655
outer loop
vertex -107.87868 22.00610 22.00610
vertex -110.00000 22.62742 22.62742
vertex -107.87868 15.56066 26.95185
endloop
endfacet
facet normal 0.3798833474313503 0.5631252766418824 0.7338791216210987
outer loop
vertex -110.00000 22.62742 22.62742
vertex -110.00000 16.00000 27.71281
vertex -107.87868 15.56066 26.95185
endloop
endfacet
facet normal 0.3798832995745813 0.3539952091588613 0.8546204248652749
outer loop
vertex -107.87868 15.56066 26.95185
vertex -110.00000 16.00000 27.71281
vertex -107.87868 8.05479 30.06089
endloop
endfacet
facet normal 0.37988381034164126 0.35399527087763477 0.8546201722616813
outer loop
vertex -110.00000 16.00000 27.71281
vertex -110.00000 8.28221 30.90963
vertex -107.87868 8.05479 30.06089
endloop
endfacet
facet normal 0.37988383462276887 0.12074130994528032 0.9171203891883544
outer loop
vertex -107.87868 8.05479 30.06089
vertex -110.00000 8.28221 30.90963
vertex -107.87868 0.00000 31.12132
endloop
endfacet
facet normal 0.37988359949681505 0.12074125240551839 0.9171204941559699
outer loop
vertex -110.00000 8.28221 30.90963
vertex -110.00000 0.00000 32.00000
vertex -107.87868 0.00000 31.12132
endloop
endfacet
facet normal 0.3798835962237454 -0.12074132272423783 0.9171204862540776
outer loop
vertex -107.87868 0.00000 31.12132
vertex -110.00000 0.00000 32.00000
vertex -107.87868 -8.05479 30.06089
endloop
endfacet
facet normal 0.37988383134970793 -0.12074123997746164 0.9171203997555455
outer loop
vertex -110.00000 0.00000 32.00000
vertex -110.00000 -8.28221 30.90963
vertex -107.87868 -8.05479 30.06089
endloop
endfacet
facet normal 0.3798838174517754 -0.3539951277711319 0.8546202283778253
outer loop
vertex -107.87868 -8.05479 30.06089
vertex -110.00000 -8.28221 30.90963
vertex -107.87868 -15.56066 26.95185
endloop
endfacet
facet normal 0.37988330668473247 -0.35399535003058663 0.8546203633538085
outer loop
vertex -110.00000 -8.28221 30.90963
vertex -110.00000 -16.00000 27.71281
vertex -107.87868 -15.56066 26.95185
endloop
endfacet
facet normal 0.37988333902784704 -0.5631254228517206 0.7338790137802856
outer loop
vertex -107.87868 -15.56066 26.95185
vertex -110.00000 -16.00000 27.71281
vertex -107.87868 -22.00610 22.00610
endloop
endfacet
facet normal 0.3798839427087908 -0.5631251278225567 0.7338789276759847
outer loop
vertex -110.00000 -16.00000 27.71281
vertex -110.00000 -22.62742 22.62742
vertex -107.87868 -22.00610 22.00610
endloop
endfacet
facet normal 0.37988395111231954 -0.7338788143593655 0.5631252698305989
outer loop
vertex -107.87868 -22.00610 22.00610
vertex -110.00000 -22.62742 22.62742
vertex -107.87868 -26.95185 15.56066
endloop
endfacet
facet normal 0.3798833474313503 -0.7338791216210987 0.5631252766418824
outer loop
vertex -110.00000 -22.62742 22.62742
vertex -110.00000 -27.71281 16.00000
vertex -107.87868 -26.95185 15.56066
endloop
endfacet
facet normal 0.3798832995745813 -0.8546204248652749 0.3539952091588613
outer loop
vertex -107.87868 -26.95185 15.56066
vertex -110.00000 -27.71281 16.00000
vertex -107.87868 -30.06089 8.05479
endloop
endfacet
facet normal 0.37988381034164126 -0.8546201722616813 0.35399527087763477
outer loop
vertex -110.00000 -27.71281 16.00000
vertex -110.00000 -30.90963 8.28221
vertex -107.87868 -30.06089 8.05479
endloop
endfacet
facet normal 0.3798838346227689 -0.9171203891883545 0.12074130994528037
outer loop
vertex -107.87868 -30.06089 8.05479
vertex -110.00000 -30.90963 8.28221
vertex -107.87868 -31.12132 0.00000
endloop
endfacet
facet normal 0.379883599496815 -0.9171204941559697 0.1207412524055184
outer loop
vertex -110.00000 -30.90963 8.28221
vertex -110.00000 -32.00000 0.00000
vertex -107.87868 -31.12132 0.00000
endloop
endfacet
facet normal 0.3798835962237454 -0.9171204862540777 -0.1207413227242378
outer loop
vertex -107.87868 -31.12132 0.00000
vertex -110.00000 -32.00000 0.00000
vertex -107.87868 -30.06089 -8.05479
endloop
endfacet
facet normal 0.379883831349708 -0.9171203997555456 -0.12074123997746163
outer loop
vertex -110.00000 -32.00000 0.00000
vertex -110.00000 -30.90963 -8.28221
vertex -107.87868 -30.06089 -8.05479
endloop
endfacet
facet normal 0.3798838174517754 -0.8546202283778253 -0.3539951277711319
outer loop
vertex -107.87868 -30.06089 -8.05479
vertex -110.00000 -30.90963 -8.28221
vertex -107.87868 -26.95185 -15.56066
endloop
endfacet
facet normal 0.3798833066847325 -0.8546203633538086 -0.3539953500305867
outer loop
vertex -110.00000 -30.90963 -8.28221
vertex -110.00000 -27.71281 -16.00000
vertex -107.87868 -26.95185 -15.56066
endloop
endfacet
facet normal 0.37988333902784704 -0.7338790137802856 -0.5631254228517206
outer loop
vertex -107.87868 -26.95185 -15.56066
vertex -110.00000 -27.71281 -16.00000
vertex -107.87868 -22.00610 -22.00610
endloop
endfacet
facet normal 0.3798839427087908 -0.7338789276759847 -0.5631251278225567
outer loop
vertex -110.00000 -27.71281 -16.00000
vertex -110.00000 -22.62742 -22.62742
vertex -107.87868 -22.00610 -22.00610
endloop
endfacet
facet normal 0.37988395111231954 -0.5631252698305989 -0.7338788143593655
outer loop
vertex -107.87868 -22.00610 -22.00610
vertex -110.00000 -22.62742 -22.62742
vertex -107.87868 -15.56066 -26.95185
endloop
endfacet
facet normal 0.3798833474313503 -0.5631252766418824 -0.7338791216210987
outer loop
vertex -110.00000 -22.62742 -22.62742
vertex -110.00000 -16.00000 -27.71281
vertex -107.87868 -15.56066 -26.95185
endloop
endfacet
facet normal 0.3798832995745813 -0.3539952091588613 -0.8546204248652749
outer loop
vertex -107.87868 -15.56066 -26.95185
vertex -110.00000 -16.00000 -27.71281
vertex -107.87868 -8.05479 -30.06089
endloop
endfacet
facet normal 0.37988381034164126 -0.35399527087763477 -0.8546201722616813
outer loop
vertex -110.00000 -16.00000 -27.71281
vertex -110.00000 -8.28221 -30.90963
vertex -107.87868 -8.05479 -30.06089
endloop
endfacet
facet normal 0.3798838346227688 -0.12074130994528037 -0.9171203891883544
outer loop
vertex -107.87868 -8.05479 -30.06089
vertex -110.00000 -8.28221 -30.90963
vertex -107.87868 -0.00000 -31.12132
endloop
endfacet
facet normal 0.3798835994968151 -0.12074125240551846 -0.91712049415597
outer loop
vertex -110.00000 -8.28221 -30.90963
vertex -110.00000 -0.00000 -32.00000
vertex -107.87868 -0.00000 -31.12132
endloop
endfacet
facet normal 0.9227092412505711 0.050317435086883765 -0.3821986549388587
outer loop
vertex -107.00000 0.00000 -29.00000
vertex -107.87868 0.00000 -31.12132
vertex -107.00000 7.50575 -28.01185
endloop
endfacet
facet normal 0.9227092116847717 0.05031746641012099 -0.38219872219322387
outer loop
vertex -107.87868 0.00000 -31.12132
vertex -107.87868 8.05479 -30.06089
vertex -107.00000 7.50575 -28.01185
endloop
endfacet
facet normal 0.922709216120831 0.14752317909183194 -0.3561525152463772
outer loop
vertex -107.00000 7.50575 -28.01185
vertex -107.87868 8.05479 -30.06089
vertex -107.00000 14.50000 -25.11474
endloop
endfacet
facet normal 0.9227092704491605 0.14752309150985382 -0.3561524107717833
outer loop
vertex -107.87868 8.05479 -30.06089
vertex -107.87868 15.56066 -26.95185
vertex -107.00000 14.50000 -25.11474
endloop
endfacet
facet normal 0.9227092667259975 0.2346754843029378 -0.3058349655699188
outer loop
vertex -107.00000 14.50000 -25.11474
vertex -107.87868 15.56066 -26.95185
vertex -107.00000 20.50610 -20.50610
endloop
endfacet
facet normal 0.9227092217739233 0.2346755766736668 -0.3058350303124912
outer loop
vertex -107.87868 15.56066 -26.95185
vertex -107.87868 22.00610 -22.00610
vertex -107.00000 20.50610 -20.50610
endloop
endfacet
facet normal 0.9227092201878362 0.3058350539430248 -0.23467555211402477
outer loop
vertex -107.00000 20.50610 -20.50610
vertex -107.87868 22.00610 -22.00610
vertex -107.00000 25.11474 -14.50000
endloop
endfacet
facet normal 0.9227092651399054 0.30583494796316435 -0.23467551348477786
outer loop
vertex -107.87868 22.00610 -22.00610
vertex -107.87868 26.95185 -15.56066
vertex -107.00000 25.11474 -14.50000
endloop
endfacet
facet normal 0.9227092723660808 0.3561523908678261 -0.1475231275725572
outer loop
vertex -107.00000 25.11474 -14.50000
vertex -107.87868 26.95185 -15.56066
vertex -107.00000 28.01185 -7.50575
endloop
endfacet
facet normal 0.9227092180377484 0.35615252667234026 -0.1475231395174145
outer loop
vertex -107.87868 26.95185 -15.56066
vertex -107.87868 30.06089 -8.05479
vertex -107.00000 28.01185 -7.50575
endloop
endfacet
facet normal 0.9227092106415719 0.38219872757653184 -0.05031744464982012
outer loop
vertex -107.00000 28.01185 -7.50575
vertex -107.87868 30.06089 -8.05479
vertex -107.00000 29.00000 -0.00000
endloop
endfacet
facet normal 0.9227092402073708 0.38219865450675095 -0.050317457499018926
outer loop
vertex -107.87868 30.06089 -8.05479
vertex -107.87868 31.12132 -0.00000
vertex -107.00000 29.00000 -0.00000
endloop
endfacet
facet normal 0.9227092412505711 0.3821986549388587 0.05031743508688376
outer loop
vertex -107.00000 29.00000 -0.00000
vertex -107.87868 31.12132 -0.00000
vertex -107.00000 28.01185 7.50575
endloop
endfacet
facet normal 0.9227092116847718 0.3821987221932239 0.050317466410120984
outer loop
vertex -107.87868 31.12132 -0.00000
vertex -107.87868 30.06089 8.05479
vertex -107.00000 28.01185 7.50575
endloop
endfacet
facet normal 0.922709216120831 0.35615251524637725 0.147523179091832
outer loop
vertex -107.00000 28.01185 7.50575
vertex -107.87868 30.06089 8.05479
vertex -107.00000 25.11474 14.50000
endloop
endfacet
facet normal 0.9227092704491605 0.3561524107717833 0.14752309150985382
outer loop
vertex -107.87868 30.06089 8.05479
vertex -107.87868 26.95185 15.56066
vertex -107.00000 25.11474 14.50000
endloop
endfacet
facet normal 0.9227092667259977 0.30583496556991885 0.23467548430293786
outer loop
vertex -107.00000 25.11474 14.50000
vertex -107.87868 26.95185 15.56066
vertex -107.00000 20.50610 20.50610
endloop
endfacet
facet normal 0.9227092217739233 0.3058350303124912 0.2346755766736668
outer loop
vertex -107.87868 26.95185 15.56066
vertex -107.87868 22.00610 22.00610
vertex -107.00000 20.50610 20.50610
endloop
endfacet
facet normal 0.9227092201878362 0.23467555211402477 0.3058350539430248
outer loop
vertex -107.00000 20.50610 20.50610
vertex -107.87868 22.00610 22.00610
vertex -107.00000 14.50000 25.11474
endloop
endfacet
facet normal 0.9227092651399054 0.23467551348477786 0.30583494796316435
outer loop
vertex -107.87868 22.00610 22.00610
vertex -107.87868 15.56066 26.95185
vertex -107.00000 14.50000 25.11474
endloop
endfacet
facet normal 0.9227092723660809 0.14752312757255726 0.35615239086782613
outer loop
vertex -107.00000 14.50000 25.11474
vertex -107.87868 15.56066 26.95185
vertex -107.00000 7.50575 28.01185
endloop
endfacet
facet normal 0.9227092180377484 0.1475231395174145 0.35615252667234026
outer loop
vertex -107.87868 15.56066 26.95185
vertex -107.87868 8.05479 30.06089
vertex -107.00000 7.50575 28.01185
endloop
endfacet
facet normal 0.9227092106415719 0.05031744464982013 0.38219872757653184
outer loop
vertex -107.00000 7.50575 28.01185
vertex -107.87868 8.05479 30.06089
vertex -107.00000 0.00000 29.00000
endloop
endfacet
facet normal 0.9227092402073709 0.05031745749901895 0.382198654506751
outer loop
vertex -107.87868 8.05479 30.06089
vertex -107.87868 0.00000 31.12132
vertex -107.00000 0.00000 29.00000
endloop
endfacet
facet normal 0.9227092412505711 -0.050317435086883744 0.3821986549388587
outer loop
vertex -107.00000 0.00000 29.00000
vertex -107.87868 0.00000 31.12132
vertex -107.00000 -7.50575 28.01185
endloop
endfacet
facet normal 0.9227092116847718 -0.05031746641012097 0.3821987221932239
outer loop
vertex -107.87868 0.00000 31.12132
vertex -107.87868 -8.05479 30.06089
vertex -107.00000 -7.50575 28.01185
endloop
endfacet
facet normal 0.922709216120831 -0.14752317909183194 0.3561525152463772
outer loop
vertex -107.00000 -7.50575 28.01185
vertex -107.87868 -8.05479 30.06089
vertex -107.00000 -14.50000 25.11474
endloop
endfacet
facet normal 0.9227092704491605 -0.14752309150985382 0.3561524107717833
outer loop
vertex -107.87868 -8.05479 30.06089
vertex -107.87868 -15.56066 26.95185
vertex -107.00000 -14.50000 25.11474
endloop
endfacet
facet normal 0.9227092667259975 -0.2346754843029378 0.3058349655699188
outer loop
vertex -107.00000 -14.50000 25.11474
vertex -107.87868 -15.56066 26.95185
vertex -107.00000 -20.50610 20.50610
endloop
endfacet
facet normal 0.9227092217739233 -0.2346755766736668 0.3058350303124912
outer loop
vertex -107.87868 -15.56066 26.95185
vertex -107.87868 -22.00610 22.00610
vertex -107.00000 -20.50610 20.50610
endloop
endfacet
facet normal 0.9227092201878362 -0.3058350539430248 0.23467555211402477
outer loop
vertex -107.00000 -20.50610 20.50610
vertex -107.87868 -22.00610 22.00610
vertex -107.00000 -25.11474 14.50000
endloop
endfacet
facet normal 0.9227092651399054 -0.30583494796316435 0.23467551348477786
outer loop
vertex -107.87868 -22.00610 22.00610
vertex -107.87868 -26.95185 15.56066
vertex -107.00000 -25.11474 14.50000
endloop
endfacet
facet normal 0.9227092723660808 -0.3561523908678261 0.14752312757255726
outer loop
vertex -107.00000 -25.11474 14.50000
vertex -107.87868 -26.95185 15.56066
vertex -107.00000 -28.01185 7.50575
endloop
endfacet
facet normal 0.9227092180377484 -0.35615252667234026 0.1475231395174145
outer loop
vertex -107.87868 -26.95185 15.56066
vertex -107.87868 -30.06089 8.05479
vertex -107.00000 -28.01185 7.50575
endloop
endfacet
facet normal 0.9227092106415716 -0.3821987275765318 0.05031744464982013
outer loop
vertex -107.00000 -28.01185 7.50575
vertex -107.87868 -30.06089 8.05479
vertex -107.00000 -29.00000 0.00000
endloop
endfacet
facet normal 0.9227092402073708 -0.38219865450675095 0.05031745749901895
outer loop
vertex -107.87868 -30.06089 8.05479
vertex -107.87868 -31.12132 0.00000
vertex -107.00000 -29.00000 0.00000
endloop
endfacet
facet normal 0.9227092412505711 -0.38219865493885863 -0.05031743508688373
outer loop
vertex -107.00000 -29.00000 0.00000
vertex -107.87868 -31.12132 0.00000
vertex -107.00000 -28.01185 -7.50575
endloop
endfacet
facet normal 0.9227092116847718 -0.3821987221932238 -0.05031746641012095
outer loop
vertex -107.87868 -31.12132 0.00000
vertex -107.87868 -30.06089 -8.05479
vertex -107.00000 -28.01185 -7.50575
endloop
endfacet
facet normal 0.9227092161208309 -0.3561525152463772 -0.1475231790918319
outer loop
vertex -107.00000 -28.01185 -7.50575
vertex -107.87868 -30.06089 -8.05479
vertex -107.00000 -25.11474 -14.50000
endloop
endfacet
facet normal 0.9227092704491605 -0.3561524107717833 -0.14752309150985382
outer loop
vertex -107.87868 -30.06089 -8.05479
vertex -107.87868 -26.95185 -15.56066
vertex -107.00000 -25.11474 -14.50000
endloop
endfacet
facet normal 0.9227092667259977 -0.30583496556991885 -0.23467548430293786
outer loop
vertex -107.00000 -25.11474 -14.50000
vertex -107.87868 -26.95185 -15.56066
vertex -107.00000 -20.50610 -20.50610
endloop
endfacet
facet normal 0.9227092217739233 -0.3058350303124912 -0.2346755766736668
outer loop
vertex -107.87868 -26.95185 -15.56066
vertex -107.87868 -22.00610 -22.00610
vertex -107.00000 -20.50610 -20.50610
endloop
endfacet
facet normal 0.9227092201878362 -0.23467555211402477 -0.3058350539430248
outer loop
vertex -107.00000 -20.50610 -20.50610
vertex -107.87868 -22.00610 -22.00610
vertex -107.00000 -14.50000 -25.11474
endloop
endfacet
facet normal 0.9227092651399054 -0.23467551348477786 -0.30583494796316435
outer loop
vertex -107.87868 -22.00610 -22.00610
vertex -107.87868 -15.56066 -26.95185
vertex -107.00000 -14.50000 -25.11474
endloop
endfacet
facet normal 0.9227092723660809 -0.14752312757255726 -0.35615239086782613
outer loop
vertex -107.00000 -14.50000 -25.11474
vertex -107.87868 -15.56066 -26.95185
vertex -107.00000 -7.50575 -28.01185
endloop
endfacet
facet normal 0.9227092180377484 -0.1475231395174145 -0.35615252667234026
outer loop
vertex -107.87868 -15.56066 -26.95185
vertex -107.87868 -8.05479 -30.06089
vertex -107.00000 -7.50575 -28.01185
endloop
endfacet
facet normal 0.9227092106415716 -0.050317444649820145 -0.3821987275765318
outer loop
vertex -107.00000 -7.50575 -28.01185
vertex -107.87868 -8.05479 -30.06089
vertex -107.00000 -0.00000 -29.00000
endloop
endfacet
facet normal 0.9227092402073709 -0.05031745749901897 -0.382198654506751
outer loop
vertex -107.87868 -8.05479 -30.06089
vertex -107.87868 -0.00000 -31.12132
vertex -107.00000 -0.00000 -29.00000
endloop
endfacet
facet normal 0.9227092426185618 -0.05031740569692679 0.3821986555054989
outer loop
vertex -107.87868 0.00000 -26.87868
vertex -107.00000 0.00000 -29.00000
vertex -107.87868 6.95671 -25.96281
endloop
endfacet
facet normal 0.9227092065836896 -0.05031744591759308 0.3821987372062184
outer loop
vertex -107.00000 0.00000 -29.00000
vertex -107.00000 7.50575 -28.01185
vertex -107.87868 6.95671 -25.96281
endloop
endfacet
facet normal 0.9227092060683831 -0.14752315190683948 0.35615255255034406
outer loop
vertex -107.87868 6.95671 -25.96281
vertex -107.00000 7.50575 -28.01185
vertex -107.87868 13.43934 -23.27762
endloop
endfacet
facet normal 0.9227091574775147 -0.14752323280765436 0.3561526449278644
outer loop
vertex -107.00000 7.50575 -28.01185
vertex -107.00000 14.50000 -25.11474
vertex -107.87868 13.43934 -23.27762
endloop
endfacet
facet normal 0.9227091660123039 -0.23467566589652394 0.305835130083026
outer loop
vertex -107.87868 13.43934 -23.27762
vertex -107.00000 14.50000 -25.11474
vertex -107.87868 19.00610 -19.00610
endloop
endfacet
facet normal 0.9227092201878362 -0.23467555211402477 0.3058350539430248
outer loop
vertex -107.00000 14.50000 -25.11474
vertex -107.00000 20.50610 -20.50610
vertex -107.87868 19.00610 -19.00610
endloop
endfacet
facet normal 0.922709222244496 -0.3058350233016 0.23467558396021318
outer loop
vertex -107.87868 19.00610 -19.00610
vertex -107.00000 20.50610 -20.50610
vertex -107.87868 23.27762 -13.43934
endloop
endfacet
facet normal 0.9227091680689657 -0.3058351529135184 0.23467562805677544
outer loop
vertex -107.00000 20.50610 -20.50610
vertex -107.00000 25.11474 -14.50000
vertex -107.87868 23.27762 -13.43934
endloop
endfacet
facet normal 0.9227091556328549 -0.35615266408145674 0.14752319810451842
outer loop
vertex -107.87868 23.27762 -13.43934
vertex -107.00000 25.11474 -14.50000
vertex -107.87868 25.96281 -6.95671
endloop
endfacet
facet normal 0.9227092042237311 -0.35615254155515286 0.1475231899892819
outer loop
vertex -107.00000 25.11474 -14.50000
vertex -107.00000 28.01185 -7.50575
vertex -107.87868 25.96281 -6.95671
endloop
endfacet
facet normal 0.9227092052156997 -0.3821987442655666 0.05031741738241096
outer loop
vertex -107.87868 25.96281 -6.95671
vertex -107.00000 28.01185 -7.50575
vertex -107.87868 26.87868 -0.00000
endloop
endfacet
facet normal 0.922709241250571 -0.38219865493885863 0.05031743508688377
outer loop
vertex -107.00000 28.01185 -7.50575
vertex -107.00000 29.00000 -0.00000
vertex -107.87868 26.87868 -0.00000
endloop
endfacet
facet normal 0.9227092426185618 -0.382198655505499 -0.050317405696926776
outer loop
vertex -107.87868 26.87868 -0.00000
vertex -107.00000 29.00000 -0.00000
vertex -107.87868 25.96281 6.95671
endloop
endfacet
facet normal 0.9227092065836898 -0.38219873720621844 -0.05031744591759307
outer loop
vertex -107.00000 29.00000 -0.00000
vertex -107.00000 28.01185 7.50575
vertex -107.87868 25.96281 6.95671
endloop
endfacet
facet normal 0.9227092060683832 -0.3561525525503441 -0.14752315190683954
outer loop
vertex -107.87868 25.96281 6.95671
vertex -107.00000 28.01185 7.50575
vertex -107.87868 23.27762 13.43934
endloop
endfacet
facet normal 0.9227091574775146 -0.3561526449278644 -0.1475232328076544
outer loop
vertex -107.00000 28.01185 7.50575
vertex -107.00000 25.11474 14.50000
vertex -107.87868 23.27762 13.43934
endloop
endfacet
facet normal 0.9227091660123039 -0.305835130083026 -0.23467566589652394
outer loop
vertex -107.87868 23.27762 13.43934
vertex -107.00000 25.11474 14.50000
vertex -107.87868 19.00610 19.00610
endloop
endfacet
facet normal 0.9227092201878362 -0.3058350539430248 -0.23467555211402477
outer loop
vertex -107.00000 25.11474 14.50000
vertex -107.00000 20.50610 20.50610
vertex -107.87868 19.00610 19.00610
endloop
endfacet
facet normal 0.922709222244496 -0.23467558396021318 -0.3058350233016
outer loop
vertex -107.87868 19.00610 19.00610
vertex -107.00000 20.50610 20.50610
vertex -107.87868 13.43934 23.27762
endloop
endfacet
facet normal 0.9227091680689657 -0.23467562805677544 -0.3058351529135184
outer loop
vertex -107.00000 20.50610 20.50610
vertex -107.00000 14.50000 25.11474
vertex -107.87868 13.43934 23.27762
endloop
endfacet
facet normal 0.9227091556328548 -0.14752319810451842 -0.3561526640814567
outer loop
vertex -107.87868 13.43934 23.27762
vertex -107.00000 14.50000 25.11474
vertex -107.87868 6.95671 25.96281
endloop
endfacet
facet normal 0.9227092042237311 -0.14752318998928193 -0.35615254155515286
outer loop
vertex -107.00000 14.50000 25.11474
vertex -107.00000 7.50575 28.01185
vertex -107.87868 6.95671 25.96281
endloop
endfacet
facet normal 0.9227092052156997 -0.050317417382410974 -0.3821987442655666
outer loop
vertex -107.87868 6.95671 25.96281
vertex -107.00000 7.50575 28.01185
vertex -107.87868 0.00000 26.87868
endloop
endfacet
facet normal 0.922709241250571 -0.050317435086883786 -0.3821986549388586
outer loop
vertex -107.00000 7.50575 28.01185
vertex -107.00000 0.00000 29.00000
vertex -107.87868 0.00000 26.87868
endloop
endfacet
facet normal 0.9227092426185619 0.05031740569692676 -0.382198655505499
outer loop
vertex -107.87868 0.00000 26.87868
vertex -107.00000 0.00000 29.00000
vertex -107.87868 -6.95671 25.96281
endloop
endfacet
facet normal 0.9227092065836897 0.050317445917593066 -0.38219873720621844
outer loop
vertex -107.00000 0.00000 29.00000
vertex -107.00000 -7.50575 28.01185
vertex -107.87868 -6.95671 25.96281
endloop
endfacet
facet normal 0.9227092060683831 0.14752315190683948 -0.35615255255034406
outer loop
vertex -107.87868 -6.95671 25.96281
vertex -107.00000 -7.50575 28.01185
vertex -107.87868 -13.43934 23.27762
endloop
endfacet
facet normal 0.9227091574775147 0.14752323280765436 -0.3561526449278644
outer loop
vertex -107.00000 -7.50575 28.01185
vertex -107.00000 -14.50000 25.11474
vertex -107.87868 -13.43934 23.27762
endloop
endfacet
facet normal 0.9227091660123039 0.23467566589652394 -0.305835130083026
outer loop
vertex -107.87868 -13.43934 23.27762
vertex -107.00000 -14.50000 25.11474
vertex -107.87868 -19.00610 19.00610
endloop
endfacet
facet normal 0.9227092201878362 0.23467555211402477 -0.3058350539430248
outer loop
vertex -107.00000 -14.50000 25.11474
vertex -107.00000 -20.50610 20.50610
vertex -107.87868 -19.00610 19.00610
endloop
endfacet
facet normal 0.922709222244496 0.3058350233016 -0.23467558396021318
outer loop
vertex -107.87868 -19.00610 19.00610
vertex -107.00000 -20.50610 20.50610
vertex -107.87868 -23.27762 13.43934
endloop
endfacet
facet normal 0.9227091680689657 0.3058351529135184 -0.23467562805677544
outer loop
vertex -107.00000 -20.50610 20.50610
vertex -107.00000 -25.11474 14.50000
vertex -107.87868 -23.27762 13.43934
endloop
endfacet
facet normal 0.9227091556328549 0.3561526640814567 -0.14752319810451844
outer loop
vertex -107.87868 -23.27762 13.43934
vertex -107.00000 -25.11474 14.50000
vertex -107.87868 -25.96281 6.95671
endloop
endfacet
facet normal 0.9227092042237311 0.3561525415551529 -0.147523189989282
outer loop
vertex -107.00000 -25.11474 14.50000
vertex -107.00000 -28.01185 7.50575
vertex -107.87868 -25.96281 6.95671
endloop
endfacet
facet normal 0.9227092052156998 0.38219874426556666 -0.05031741738241098
outer loop
vertex -107.87868 -25.96281 6.95671
vertex -107.00000 -28.01185 7.50575
vertex -107.87868 -26.87868 0.00000
endloop
endfacet
facet normal 0.9227092412505711 0.3821986549388587 -0.0503174350868838
outer loop
vertex -107.00000 -28.01185 7.50575
vertex -107.00000 -29.00000 0.00000
vertex -107.87868 -26.87868 0.00000
endloop
endfacet
facet normal 0.9227092426185618 0.3821986555054989 0.050317405696926755
outer loop
vertex -107.87868 -26.87868 0.00000
vertex -107.00000 -29.00000 0.00000
vertex -107.87868 -25.96281 -6.95671
endloop
endfacet
facet normal 0.9227092065836898 0.38219873720621844 0.05031744591759305
outer loop
vertex -107.00000 -29.00000 0.00000
vertex -107.00000 -28.01185 -7.50575
vertex -107.87868 -25.96281 -6.95671
endloop
endfacet
facet normal 0.9227092060683832 0.3561525525503441 0.14752315190683948
outer loop
vertex -107.87868 -25.96281 -6.95671
vertex -107.00000 -28.01185 -7.50575
vertex -107.87868 -23.27762 -13.43934
endloop
endfacet
facet normal 0.9227091574775147 0.3561526449278644 0.14752323280765434
outer loop
vertex -107.00000 -28.01185 -7.50575
vertex -107.00000 -25.11474 -14.50000
vertex -107.87868 -23.27762 -13.43934
endloop
endfacet
facet normal 0.9227091660123039 0.305835130083026 0.23467566589652394
outer loop
vertex -107.87868 -23.27762 -13.43934
vertex -107.00000 -25.11474 -14.50000
vertex -107.87868 -19.00610 -19.00610
endloop
endfacet
facet normal 0.9227092201878362 0.3058350539430248 0.23467555211402477
outer loop
vertex -107.00000 -25.11474 -14.50000
vertex -107.00000 -20.50610 -20.50610
vertex -107.87868 -19.00610 -19.00610
endloop
endfacet
facet normal 0.922709222244496 0.23467558396021318 0.3058350233016
outer loop
vertex -107.87868 -19.00610 -19.00610
vertex -107.00000 -20.50610 -20.50610
vertex -107.87868 -13.43934 -23.27762
endloop
endfacet
facet normal 0.9227091680689657 0.23467562805677544 0.3058351529135184
outer loop
vertex -107.00000 -20.50610 -20.50610
vertex -107.00000 -14.50000 -25.11474
vertex -107.87868 -13.43934 -23.27762
endloop
endfacet
facet normal 0.9227091556328548 0.14752319810451842 0.3561526640814567
outer loop
vertex -107.87868 -13.43934 -23.27762
vertex -107.00000 -14.50000 -25.11474
vertex -107.87868 -6.95671 -25.96281
endloop
endfacet
facet normal 0.9227092042237311 0.14752318998928193 0.35615254155515286
outer loop
vertex -107.00000 -14.50000 -25.11474
vertex -107.00000 -7.50575 -28.01185
vertex -107.87868 -6.95671 -25.96281
endloop
endfacet
facet normal 0.9227092052156998 0.050317417382410995 0.38219874426556666
outer loop
vertex -107.87868 -6.95671 -25.96281
vertex -107.00000 -7.50575 -28.01185
vertex -107.87868 -0.00000 -26.87868
endloop
endfacet
facet normal 0.922709241250571 0.0503174350868838 0.3821986549388586
outer loop
vertex -107.00000 -7.50575 -28.01185
vertex -107.00000 -0.00000 -29.00000
vertex -107.87868 -0.00000 -26.87868
endloop
endfacet
facet normal 0.37988359810452144 -0.12074128231759818 0.9171204907946745
outer loop
vertex -110.00000 0.00000 -26.00000
vertex -107.87868 0.00000 -26.87868
vertex -110.00000 6.72930 -25.11407
endloop
endfacet
facet normal 0.37988382890678773 -0.12074118775548442 0.9171204076425916
outer loop
vertex -107.87868 0.00000 -26.87868
vertex -107.87868 6.95671 -25.96281
vertex -110.00000 6.72930 -25.11407
endloop
endfacet
facet normal 0.37988381491492496 -0.3539951788306395 0.8546202083559378
outer loop
vertex -110.00000 6.72930 -25.11407
vertex -107.87868 6.95671 -25.96281
vertex -110.00000 13.00000 -22.51666
endloop
endfacet
facet normal 0.37988395727156743 -0.35399510921882826 0.8546201739116879
outer loop
vertex -107.87868 6.95671 -25.96281
vertex -107.87868 13.43934 -23.27762
vertex -110.00000 13.00000 -22.51666
endloop
endfacet
facet normal 0.37988391856473047 -0.5631250223358446 0.7338790211166686
outer loop
vertex -110.00000 13.00000 -22.51666
vertex -107.87868 13.43934 -23.27762
vertex -110.00000 18.38478 -18.38478
endloop
endfacet
facet normal 0.3798829543416725 -0.5631255381531928 0.733879124434208
outer loop
vertex -107.87868 13.43934 -23.27762
vertex -107.87868 19.00610 -19.00610
vertex -110.00000 18.38478 -18.38478
endloop
endfacet
facet normal 0.37988293831931325 -0.7338793404865821 0.5631252673969304
outer loop
vertex -110.00000 18.38478 -18.38478
vertex -107.87868 19.00610 -19.00610
vertex -110.00000 22.51666 -13.00000
endloop
endfacet
facet normal 0.379883902542257 -0.7338788155047845 0.5631253011031908
outer loop
vertex -107.87868 19.00610 -19.00610
vertex -107.87868 23.27762 -13.43934
vertex -110.00000 22.51666 -13.00000
endloop
endfacet
facet normal 0.3798839596370862 -0.8546201534469424 0.35399515608659554
outer loop
vertex -110.00000 22.51666 -13.00000
vertex -107.87868 23.27762 -13.43934
vertex -110.00000 25.11407 -6.72930
endloop
endfacet
facet normal 0.3798838172804532 -0.8546202270256792 0.353995131219354
outer loop
vertex -107.87868 23.27762 -13.43934
vertex -107.87868 25.96281 -6.95671
vertex -110.00000 25.11407 -6.72930
endloop
endfacet
facet normal 0.3798838327419982 -0.9171203952604889 0.12074126974027583
outer loop
vertex -110.00000 25.11407 -6.72930
vertex -107.87868 25.96281 -6.95671
vertex -110.00000 26.00000 -0.00000
endloop
endfacet
facet normal 0.3798836019397392 -0.917120500053713 0.12074119992163894
outer loop
vertex -107.87868 25.96281 -6.95671
vertex -107.87868 26.87868 -0.00000
vertex -110.00000 26.00000 -0.00000
endloop
endfacet
facet normal 0.3798835981045215 -0.9171204907946746 -0.12074128231759815
outer loop
vertex -110.00000 26.00000 -0.00000
vertex -107.87868 26.87868 -0.00000
vertex -110.00000 25.11407 6.72930
endloop
endfacet
facet normal 0.37988382890678773 -0.9171204076425914 -0.12074118775548437
outer loop
vertex -107.87868 26.87868 -0.00000
vertex -107.87868 25.96281 6.95671
vertex -110.00000 25.11407 6.72930
endloop
endfacet
facet normal 0.3798838149149251 -0.8546202083559378 -0.3539951788306395
outer loop
vertex -110.00000 25.11407 6.72930
vertex -107.87868 25.96281 6.95671
vertex -110.00000 22.51666 13.00000
endloop
endfacet
facet normal 0.3798839572715675 -0.854620173911688 -0.3539951092188283
outer loop
vertex -107.87868 25.96281 6.95671
vertex -107.87868 23.27762 13.43934
vertex -110.00000 22.51666 13.00000
endloop
endfacet
facet normal 0.37988391856473047 -0.7338790211166686 -0.5631250223358446
outer loop
vertex -110.00000 22.51666 13.00000
vertex -107.87868 23.27762 13.43934
vertex -110.00000 18.38478 18.38478
endloop
endfacet
facet normal 0.3798829543416725 -0.733879124434208 -0.5631255381531928
outer loop
vertex -107.87868 23.27762 13.43934
vertex -107.87868 19.00610 19.00610
vertex -110.00000 18.38478 18.38478
endloop
endfacet
facet normal 0.37988293831931325 -0.5631252673969304 -0.7338793404865821
outer loop
vertex -110.00000 18.38478 18.38478
vertex -107.87868 19.00610 19.00610
vertex -110.00000 13.00000 22.51666
endloop
endfacet
facet normal 0.379883902542257 -0.5631253011031908 -0.7338788155047845
outer loop
vertex -107.87868 19.00610 19.00610
vertex -107.87868 13.43934 23.27762
vertex -110.00000 13.00000 22.51666
endloop
endfacet
facet normal 0.3798839596370862 -0.35399515608659554 -0.8546201534469424
outer loop
vertex -110.00000 13.00000 22.51666
vertex -107.87868 13.43934 23.27762
vertex -110.00000 6.72930 25.11407
endloop
endfacet
facet normal 0.37988381728045334 -0.35399513121935405 -0.8546202270256793
outer loop
vertex -107.87868 13.43934 23.27762
vertex -107.87868 6.95671 25.96281
vertex -110.00000 6.72930 25.11407
endloop
endfacet
facet normal 0.37988383274199833 -0.12074126974027585 -0.9171203952604889
outer loop
vertex -110.00000 6.72930 25.11407
vertex -107.87868 6.95671 25.96281
vertex -110.00000 0.00000 26.00000
endloop
endfacet
facet normal 0.37988360193973925 -0.12074119992163897 -0.917120500053713
outer loop
vertex -107.87868 6.95671 25.96281
vertex -107.87868 0.00000 26.87868
vertex -110.00000 0.00000 26.00000
endloop
endfacet
facet normal 0.37988359810452144 0.12074128231759809 -0.9171204907946744
outer loop
vertex -110.00000 0.00000 26.00000
vertex -107.87868 0.00000 26.87868
vertex -110.00000 -6.72930 25.11407
endloop
endfacet
facet normal 0.3798838289067877 0.12074118775548434 -0.9171204076425915
outer loop
vertex -107.87868 0.00000 26.87868
vertex -107.87868 -6.95671 25.96281
vertex -110.00000 -6.72930 25.11407
endloop
endfacet
facet normal 0.37988381491492496 0.3539951788306395 -0.8546202083559378
outer loop
vertex -110.00000 -6.72930 25.11407
vertex -107.87868 -6.95671 25.96281
vertex -110.00000 -13.00000 22.51666
endloop
endfacet
facet normal 0.37988395727156743 0.35399510921882826 -0.8546201739116879
outer loop
vertex -107.87868 -6.95671 25.96281
vertex -107.87868 -13.43934 23.27762
vertex -110.00000 -13.00000 22.51666
endloop
endfacet
facet normal 0.37988391856473047 0.5631250223358446 -0.7338790211166686
outer loop
vertex -110.00000 -13.00000 22.51666
vertex -107.87868 -13.43934 23.27762
vertex -110.00000 -18.38478 18.38478
endloop
endfacet
facet normal 0.3798829543416725 0.5631255381531928 -0.733879124434208
outer loop
vertex -107.87868 -13.43934 23.27762
vertex -107.87868 -19.00610 19.00610
vertex -110.00000 -18.38478 18.38478
endloop
endfacet
facet normal 0.37988293831931325 0.7338793404865821 -0.5631252673969304
outer loop
vertex -110.00000 -18.38478 18.38478
vertex -107.87868 -19.00610 19.00610
vertex -110.00000 -22.51666 13.00000
endloop
endfacet
facet normal 0.379883902542257 0.7338788155047845 -0.5631253011031908
outer loop
vertex -107.87868 -19.00610 19.00610
vertex -107.87868 -23.27762 13.43934
vertex -110.00000 -22.51666 13.00000
endloop
endfacet
facet normal 0.3798839596370862 0.8546201534469424 -0.35399515608659554
outer loop
vertex -110.00000 -22.51666 13.00000
vertex -107.87868 -23.27762 13.43934
vertex -110.00000 -25.11407 6.72930
endloop
endfacet
facet normal 0.37988381728045345 0.8546202270256792 -0.35399513121935405
outer loop
vertex -107.87868 -23.27762 13.43934
vertex -107.87868 -25.96281 6.95671
vertex -110.00000 -25.11407 6.72930
endloop
endfacet
facet normal 0.37988383274199833 0.9171203952604888 -0.12074126974027585
outer loop
vertex -110.00000 -25.11407 6.72930
vertex -107.87868 -25.96281 6.95671
vertex -110.00000 -26.00000 0.00000
endloop
endfacet
facet normal 0.37988360193973925 0.9171205000537129 -0.12074119992163897
outer loop
vertex -107.87868 -25.96281 6.95671
vertex -107.87868 -26.87868 0.00000
vertex -110.00000 -26.00000 0.00000
endloop
endfacet
facet normal 0.3798835981045214 0.9171204907946745 0.12074128231759809
outer loop
vertex -110.00000 -26.00000 0.00000
vertex -107.87868 -26.87868 0.00000
vertex -110.00000 -25.11407 -6.72930
endloop
endfacet
facet normal 0.3798838289067876 0.9171204076425916 0.12074118775548434
outer loop
vertex -107.87868 -26.87868 0.00000
vertex -107.87868 -25.96281 -6.95671
vertex -110.00000 -25.11407 -6.72930
endloop
endfacet
facet normal 0.3798838149149249 0.854620208355938 0.3539951788306396
outer loop
vertex -110.00000 -25.11407 -6.72930
vertex -107.87868 -25.96281 -6.95671
vertex -110.00000 -22.51666 -13.00000
endloop
endfacet
facet normal 0.37988395727156743 0.854620173911688 0.35399510921882826
outer loop
vertex -107.87868 -25.96281 -6.95671
vertex -107.87868 -23.27762 -13.43934
vertex -110.00000 -22.51666 -13.00000
endloop
endfacet
facet normal 0.37988391856473047 0.7338790211166686 0.5631250223358446
outer loop
vertex -110.00000 -22.51666 -13.00000
vertex -107.87868 -23.27762 -13.43934
vertex -110.00000 -18.38478 -18.38478
endloop
endfacet
facet normal 0.3798829543416725 0.733879124434208 0.5631255381531928
outer loop
vertex -107.87868 -23.27762 -13.43934
vertex -107.87868 -19.00610 -19.00610
vertex -110.00000 -18.38478 -18.38478
endloop
endfacet
facet normal 0.37988293831931325 0.5631252673969304 0.7338793404865821
outer loop
vertex -110.00000 -18.38478 -18.38478
vertex -107.87868 -19.00610 -19.00610
vertex -110.00000 -13.00000 -22.51666
endloop
endfacet
facet normal 0.379883902542257 0.5631253011031908 0.7338788155047845
outer loop
vertex -107.87868 -19.00610 -19.00610
vertex -107.87868 -13.43934 -23.27762
vertex -110.00000 -13.00000 -22.51666
endloop
endfacet
facet normal 0.3798839596370862 0.35399515608659554 0.8546201534469424
outer loop
vertex -110.00000 -13.00000 -22.51666
vertex -107.87868 -13.43934 -23.27762
vertex -110.00000 -6.72930 -25.11407
endloop
endfacet
facet normal 0.37988381728045334 0.35399513121935405 0.8546202270256793
outer loop
vertex -107.87868 -13.43934 -23.27762
vertex -107.87868 -6.95671 -25.96281
vertex -110.00000 -6.72930 -25.11407
endloop
endfacet
facet normal 0.37988383274199833 0.1207412697402759 0.917120395260489
outer loop
vertex -110.00000 -6.72930 -25.11407
vertex -107.87868 -6.95671 -25.96281
vertex -110.00000 -0.00000 -26.00000
endloop
endfacet
facet normal 0.37988360193973925 0.120741199921639 0.9171205000537129
outer loop
vertex -107.87868 -6.95671 -25.96281
vertex -107.87868 -0.00000 -26.87868
vertex -110.00000 -0.00000 -26.00000
endloop
endfacet
facet normal -0.3798836019397393 -0.12074119992163891 0.917120500053713
outer loop
vertex -112.12132 0.00000 -26.87868
vertex -110.00000 0.00000 -26.00000
vertex -112.12132 6.95671 -25.96281
endloop
endfacet
facet normal -0.37988383274199833 -0.1207412697402758 0.917120395260489
outer loop
vertex -110.00000 0.00000 -26.00000
vertex -110.00000 6.72930 -25.11407
vertex -112.12132 6.95671 -25.96281
endloop
endfacet
facet normal -0.37988381728045334 -0.35399513121935405 0.8546202270256793
outer loop
vertex -112.12132 6.95671 -25.96281
vertex -110.00000 6.72930 -25.11407
vertex -112.12132 13.43934 -23.27762
endloop
endfacet
facet normal -0.3798839596370862 -0.35399515608659554 0.8546201534469424
outer loop
vertex -110.00000 6.72930 -25.11407
vertex -110.00000 13.00000 -22.51666
vertex -112.12132 13.43934 -23.27762
endloop
endfacet
facet normal -0.379883902542257 -0.5631253011031908 0.7338788155047845
outer loop
vertex -112.12132 13.43934 -23.27762
vertex -110.00000 13.00000 -22.51666
vertex -112.12132 19.00610 -19.00610
endloop
endfacet
facet normal -0.37988293831931325 -0.5631252673969304 0.7338793404865821
outer loop
vertex -110.00000 13.00000 -22.51666
vertex -110.00000 18.38478 -18.38478
vertex -112.12132 19.00610 -19.00610
endloop
endfacet
facet normal -0.3798829543416725 -0.733879124434208 0.5631255381531928
outer loop
vertex -112.12132 19.00610 -19.00610
vertex -110.00000 18.38478 -18.38478
vertex -112.12132 23.27762 -13.43934
endloop
endfacet
facet normal -0.37988391856473047 -0.7338790211166686 0.5631250223358446
outer loop
vertex -110.00000 18.38478 -18.38478
vertex -110.00000 22.51666 -13.00000
vertex -112.12132 23.27762 -13.43934
endloop
endfacet
facet normal -0.37988395727156743 -0.854620173911688 0.3539951092188283
outer loop
vertex -112.12132 23.27762 -13.43934
vertex -110.00000 22.51666 -13.00000
vertex -112.12132 25.96281 -6.95671
endloop
endfacet
facet normal -0.37988381491492507 -0.8546202083559378 0.3539951788306395
outer loop
vertex -110.00000 22.51666 -13.00000
vertex -110.00000 25.11407 -6.72930
vertex -112.12132 25.96281 -6.95671
endloop
endfacet
facet normal -0.37988382890678773 -0.9171204076425915 0.12074118775548442
outer loop
vertex -112.12132 25.96281 -6.95671
vertex -110.00000 25.11407 -6.72930
vertex -112.12132 26.87868 -0.00000
endloop
endfacet
facet normal -0.37988359810452144 -0.9171204907946745 0.12074128231759819
outer loop
vertex -110.00000 25.11407 -6.72930
vertex -110.00000 26.00000 -0.00000
vertex -112.12132 26.87868 -0.00000
endloop
endfacet
facet normal -0.3798836019397392 -0.9171205000537129 -0.12074119992163888
outer loop
vertex -112.12132 26.87868 -0.00000
vertex -110.00000 26.00000 -0.00000
vertex -112.12132 25.96281 6.95671
endloop
endfacet
facet normal -0.3798838327419982 -0.9171203952604888 -0.12074126974027574
outer loop
vertex -110.00000 26.00000 -0.00000
vertex -110.00000 25.11407 6.72930
vertex -112.12132 25.96281 6.95671
endloop
endfacet
facet normal -0.3798838172804532 -0.8546202270256792 -0.353995131219354
outer loop
vertex -112.12132 25.96281 6.95671
vertex -110.00000 25.11407 6.72930
vertex -112.12132 23.27762 13.43934
endloop
endfacet
facet normal -0.3798839596370862 -0.8546201534469424 -0.35399515608659554
outer loop
vertex -110.00000 25.11407 6.72930
vertex -110.00000 22.51666 13.00000
vertex -112.12132 23.27762 13.43934
endloop
endfacet
facet normal -0.379883902542257 -0.7338788155047845 -0.5631253011031908
outer loop
vertex -112.12132 23.27762 13.43934
vertex -110.00000 22.51666 13.00000
vertex -112.12132 19.00610 19.00610
endloop
endfacet
facet normal -0.37988293831931325 -0.7338793404865821 -0.5631252673969304
outer loop
vertex -110.00000 22.51666 13.00000
vertex -110.00000 18.38478 18.38478
vertex -112.12132 19.00610 19.00610
endloop
endfacet
facet normal -0.3798829543416725 -0.5631255381531928 -0.733879124434208
outer loop
vertex -112.12132 19.00610 19.00610
vertex -110.00000 18.38478 18.38478
vertex -112.12132 13.43934 23.27762
endloop
endfacet
facet normal -0.37988391856473047 -0.5631250223358446 -0.7338790211166686
outer loop
vertex -110.00000 18.38478 18.38478
vertex -110.00000 13.00000 22.51666
vertex -112.12132 13.43934 23.27762
endloop
endfacet
facet normal -0.37988395727156743 -0.35399510921882826 -0.8546201739116879
outer loop
vertex -112.12132 13.43934 23.27762
vertex -110.00000 13.00000 22.51666
vertex -112.12132 6.95671 25.96281
endloop
endfacet
facet normal -0.37988381491492496 -0.3539951788306395 -0.8546202083559378
outer loop
vertex -110.00000 13.00000 22.51666
vertex -110.00000 6.72930 25.11407
vertex -112.12132 6.95671 25.96281
endloop
endfacet
facet normal -0.37988382890678773 -0.12074118775548447 -0.9171204076425916
outer loop
vertex -112.12132 6.95671 25.96281
vertex -110.00000 6.72930 25.11407
vertex -112.12132 0.00000 26.87868
endloop
endfacet
facet normal -0.3798835981045214 -0.12074128231759822 -0.9171204907946745
outer loop
vertex -110.00000 6.72930 25.11407
vertex -110.00000 0.00000 26.00000
vertex -112.12132 0.00000 26.87868
endloop
endfacet
facet normal -0.37988360193973925 0.12074119992163883 -0.9171205000537129
outer loop
vertex -112.12132 0.00000 26.87868
vertex -110.00000 0.00000 26.00000
vertex -112.12132 -6.95671 25.96281
endloop
endfacet
facet normal -0.37988383274199833 0.12074126974027571 -0.9171203952604888
outer loop
vertex -110.00000 0.00000 26.00000
vertex -110.00000 -6.72930 25.11407
vertex -112.12132 -6.95671 25.96281
endloop
endfacet
facet normal -0.37988381728045334 0.35399513121935405 -0.8546202270256793
outer loop
vertex -112.12132 -6.95671 25.96281
vertex -110.00000 -6.72930 25.11407
vertex -112.12132 -13.43934 23.27762
endloop
endfacet
facet normal -0.3798839596370862 0.35399515608659554 -0.8546201534469424
outer loop
vertex -110.00000 -6.72930 25.11407
vertex -110.00000 -13.00000 22.51666
vertex -112.12132 -13.43934 23.27762
endloop
endfacet
facet normal -0.379883902542257 0.5631253011031908 -0.7338788155047845
outer loop
vertex -112.12132 -13.43934 23.27762
vertex -110.00000 -13.00000 22.51666
vertex -112.12132 -19.00610 19.00610
endloop
endfacet
facet normal -0.37988293831931325 0.5631252673969304 -0.7338793404865821
outer loop
vertex -110.00000 -13.00000 22.51666
vertex -110.00000 -18.38478 18.38478
vertex -112.12132 -19.00610 19.00610
endloop
endfacet
facet normal -0.3798829543416725 0.733879124434208 -0.5631255381531928
outer loop
vertex -112.12132 -19.00610 19.00610
vertex -110.00000 -18.38478 18.38478
vertex -112.12132 -23.27762 13.43934
endloop
endfacet
facet normal -0.37988391856473047 0.7338790211166686 -0.5631250223358446
outer loop
vertex -110.00000 -18.38478 18.38478
vertex -110.00000 -22.51666 13.00000
vertex -112.12132 -23.27762 13.43934
endloop
endfacet
facet normal -0.3798839572715675 0.854620173911688 -0.35399510921882826
outer loop
vertex -112.12132 -23.27762 13.43934
vertex -110.00000 -22.51666 13.00000
vertex -112.12132 -25.96281 6.95671
endloop
endfacet
facet normal -0.37988381491492484 0.8546202083559378 -0.3539951788306395
outer loop
vertex -110.00000 -22.51666 13.00000
vertex -110.00000 -25.11407 6.72930
vertex -112.12132 -25.96281 6.95671
endloop
endfacet
facet normal -0.3798838289067876 0.9171204076425916 -0.1207411877554845
outer loop
vertex -112.12132 -25.96281 6.95671
vertex -110.00000 -25.11407 6.72930
vertex -112.12132 -26.87868 0.00000
endloop
endfacet
facet normal -0.3798835981045214 0.9171204907946744 -0.12074128231759822
outer loop
vertex -110.00000 -25.11407 6.72930
vertex -110.00000 -26.00000 0.00000
vertex -112.12132 -26.87868 0.00000
endloop
endfacet
facet normal -0.37988360193973925 0.9171205000537129 0.1207411999216388
outer loop
vertex -112.12132 -26.87868 0.00000
vertex -110.00000 -26.00000 0.00000
vertex -112.12132 -25.96281 -6.95671
endloop
endfacet
facet normal -0.3798838327419984 0.9171203952604889 0.12074126974027571
outer loop
vertex -110.00000 -26.00000 0.00000
vertex -110.00000 -25.11407 -6.72930
vertex -112.12132 -25.96281 -6.95671
endloop
endfacet
facet normal -0.37988381728045345 0.8546202270256792 0.35399513121935405
outer loop
vertex -112.12132 -25.96281 -6.95671
vertex -110.00000 -25.11407 -6.72930
vertex -112.12132 -23.27762 -13.43934
endloop
endfacet
facet normal -0.3798839596370862 0.8546201534469424 0.35399515608659554
outer loop
vertex -110.00000 -25.11407 -6.72930
vertex -110.00000 -22.51666 -13.00000
vertex -112.12132 -23.27762 -13.43934
endloop
endfacet
facet normal -0.379883902542257 0.7338788155047845 0.5631253011031908
outer loop
vertex -112.12132 -23.27762 -13.43934
vertex -110.00000 -22.51666 -13.00000
vertex -112.12132 -19.00610 -19.00610
endloop
endfacet
facet normal -0.37988293831931325 0.7338793404865821 0.5631252673969304
outer loop
vertex -110.00000 -22.51666 -13.00000
vertex -110.00000 -18.38478 -18.38478
vertex -112.12132 -19.00610 -19.00610
endloop
endfacet
facet normal -0.3798829543416725 0.5631255381531928 0.733879124434208
outer loop
vertex -112.12132 -19.00610 -19.00610
vertex -110.00000 -18.38478 -18.38478
vertex -112.12132 -13.43934 -23.27762
endloop
endfacet
facet normal -0.37988391856473047 0.5631250223358446 0.7338790211166686
outer loop
vertex -110.00000 -18.38478 -18.38478
vertex -110.00000 -13.00000 -22.51666
vertex -112.12132 -13.43934 -23.27762
endloop
endfacet
facet normal -0.37988395727156743 0.35399510921882826 0.8546201739116879
outer loop
vertex -112.12132 -13.43934 -23.27762
vertex -110.00000 -13.00000 -22.51666
vertex -112.12132 -6.95671 -25.96281
endloop
endfacet
facet normal -0.37988381491492496 0.3539951788306395 0.8546202083559378
outer loop
vertex -110.00000 -13.00000 -22.51666
vertex -110.00000 -6.72930 -25.11407
vertex -112.12132 -6.95671 -25.96281
endloop
endfacet
facet normal -0.37988382890678773 0.12074118775548452 0.9171204076425916
outer loop
vertex -112.12132 -6.95671 -25.96281
vertex -110.00000 -6.72930 -25.11407
vertex -112.12132 -0.00000 -26.87868
endloop
endfacet
facet normal -0.3798835981045214 0.12074128231759824 0.9171204907946744
outer loop
vertex -110.00000 -6.72930 -25.11407
vertex -110.00000 -0.00000 -26.00000
vertex -112.12132 -0.00000 -26.87868
endloop
endfacet
facet normal -0.9227092412505711 -0.050317435086883765 0.3821986549388587
outer loop
vertex -113.00000 0.00000 -29.00000
vertex -112.12132 0.00000 -26.87868
vertex -113.00000 7.50575 -28.01185
endloop
endfacet
facet normal -0.9227092052156997 -0.050317417382410946 0.38219874426556666
outer loop
vertex -112.12132 0.00000 -26.87868
vertex -112.12132 6.95671 -25.96281
vertex -113.00000 7.50575 -28.01185
endloop
endfacet
facet normal -0.9227092042237311 -0.14752318998928193 0.35615254155515286
outer loop
vertex -113.00000 7.50575 -28.01185
vertex -112.12132 6.95671 -25.96281
vertex -113.00000 14.50000 -25.11474
endloop
endfacet
facet normal -0.9227091556328548 -0.14752319810451842 0.3561526640814567
outer loop
vertex -112.12132 6.95671 -25.96281
vertex -112.12132 13.43934 -23.27762
vertex -113.00000 14.50000 -25.11474
endloop
endfacet
facet normal -0.9227091680689657 -0.23467562805677544 0.3058351529135184
outer loop
vertex -113.00000 14.50000 -25.11474
vertex -112.12132 13.43934 -23.27762
vertex -113.00000 20.50610 -20.50610
endloop
endfacet
facet normal -0.922709222244496 -0.23467558396021318 0.3058350233016
outer loop
vertex -112.12132 13.43934 -23.27762
vertex -112.12132 19.00610 -19.00610
vertex -113.00000 20.50610 -20.50610
endloop
endfacet
facet normal -0.9227092201878362 -0.3058350539430248 0.23467555211402477
outer loop
vertex -113.00000 20.50610 -20.50610
vertex -112.12132 19.00610 -19.00610
vertex -113.00000 25.11474 -14.50000
endloop
endfacet
facet normal -0.9227091660123039 -0.305835130083026 0.23467566589652394
outer loop
vertex -112.12132 19.00610 -19.00610
vertex -112.12132 23.27762 -13.43934
vertex -113.00000 25.11474 -14.50000
endloop
endfacet
facet normal -0.9227091574775147 -0.3561526449278644 0.1475232328076544
outer loop
vertex -113.00000 25.11474 -14.50000
vertex -112.12132 23.27762 -13.43934
vertex -113.00000 28.01185 -7.50575
endloop
endfacet
facet normal -0.9227092060683832 -0.3561525525503441 0.14752315190683954
outer loop
vertex -112.12132 23.27762 -13.43934
vertex -112.12132 25.96281 -6.95671
vertex -113.00000 28.01185 -7.50575
endloop
endfacet
facet normal -0.9227092065836898 -0.38219873720621844 0.05031744591759311
outer loop
vertex -113.00000 28.01185 -7.50575
vertex -112.12132 25.96281 -6.95671
vertex -113.00000 29.00000 -0.00000
endloop
endfacet
facet normal -0.9227092426185617 -0.38219865550549886 0.05031740569692679
outer loop
vertex -112.12132 25.96281 -6.95671
vertex -112.12132 26.87868 -0.00000
vertex -113.00000 29.00000 -0.00000
endloop
endfacet
facet normal -0.9227092412505711 -0.3821986549388587 -0.05031743508688376
outer loop
vertex -113.00000 29.00000 -0.00000
vertex -112.12132 26.87868 -0.00000
vertex -113.00000 28.01185 7.50575
endloop
endfacet
facet normal -0.9227092052156995 -0.3821987442655666 -0.05031741738241094
outer loop
vertex -112.12132 26.87868 -0.00000
vertex -112.12132 25.96281 6.95671
vertex -113.00000 28.01185 7.50575
endloop
endfacet
facet normal -0.922709204223731 -0.35615254155515286 -0.1475231899892819
outer loop
vertex -113.00000 28.01185 7.50575
vertex -112.12132 25.96281 6.95671
vertex -113.00000 25.11474 14.50000
endloop
endfacet
facet normal -0.922709155632855 -0.35615266408145674 -0.14752319810451842
outer loop
vertex -112.12132 25.96281 6.95671
vertex -112.12132 23.27762 13.43934
vertex -113.00000 25.11474 14.50000
endloop
endfacet
facet normal -0.9227091680689657 -0.3058351529135184 -0.23467562805677544
outer loop
vertex -113.00000 25.11474 14.50000
vertex -112.12132 23.27762 13.43934
vertex -113.00000 20.50610 20.50610
endloop
endfacet
facet normal -0.922709222244496 -0.3058350233016 -0.23467558396021318
outer loop
vertex -112.12132 23.27762 13.43934
vertex -112.12132 19.00610 19.00610
vertex -113.00000 20.50610 20.50610
endloop
endfacet
facet normal -0.9227092201878362 -0.23467555211402477 -0.3058350539430248
outer loop
vertex -113.00000 20.50610 20.50610
vertex -112.12132 19.00610 19.00610
vertex -113.00000 14.50000 25.11474
endloop
endfacet
facet normal -0.9227091660123039 -0.23467566589652394 -0.305835130083026
outer loop
vertex -112.12132 19.00610 19.00610
vertex -112.12132 13.43934 23.27762
vertex -113.00000 14.50000 25.11474
endloop
endfacet
facet normal -0.9227091574775147 -0.14752323280765436 -0.3561526449278644
outer loop
vertex -113.00000 14.50000 25.11474
vertex -112.12132 13.43934 23.27762
vertex -113.00000 7.50575 28.01185
endloop
endfacet
facet normal -0.9227092060683831 -0.14752315190683948 -0.35615255255034406
outer loop
vertex -112.12132 13.43934 23.27762
vertex -112.12132 6.95671 25.96281
vertex -113.00000 7.50575 28.01185
endloop
endfacet
facet normal -0.9227092065836897 -0.050317445917593115 -0.3821987372062184
outer loop
vertex -113.00000 7.50575 28.01185
vertex -112.12132 6.95671 25.96281
vertex -113.00000 0.00000 29.00000
endloop
endfacet
facet normal -0.9227092426185618 -0.05031740569692681 -0.3821986555054989
outer loop
vertex -112.12132 6.95671 25.96281
vertex -112.12132 0.00000 26.87868
vertex -113.00000 0.00000 29.00000
endloop
endfacet
facet normal -0.9227092412505711 0.050317435086883744 -0.3821986549388587
outer loop
vertex -113.00000 0.00000 29.00000
vertex -112.12132 0.00000 26.87868
vertex -113.00000 -7.50575 28.01185
endloop
endfacet
facet normal -0.9227092052156997 0.050317417382410926 -0.3821987442655667
outer loop
vertex -112.12132 0.00000 26.87868
vertex -112.12132 -6.95671 25.96281
vertex -113.00000 -7.50575 28.01185
endloop
endfacet
facet normal -0.9227092042237311 0.14752318998928193 -0.35615254155515286
outer loop
vertex -113.00000 -7.50575 28.01185
vertex -112.12132 -6.95671 25.96281
vertex -113.00000 -14.50000 25.11474
endloop
endfacet
facet normal -0.9227091556328548 0.14752319810451842 -0.3561526640814567
outer loop
vertex -112.12132 -6.95671 25.96281
vertex -112.12132 -13.43934 23.27762
vertex -113.00000 -14.50000 25.11474
endloop
endfacet
facet normal -0.9227091680689657 0.23467562805677544 -0.3058351529135184
outer loop
vertex -113.00000 -14.50000 25.11474
vertex -112.12132 -13.43934 23.27762
vertex -113.00000 -20.50610 20.50610
endloop
endfacet
facet normal -0.922709222244496 0.23467558396021318 -0.3058350233016
outer loop
vertex -112.12132 -13.43934 23.27762
vertex -112.12132 -19.00610 19.00610
vertex -113.00000 -20.50610 20.50610
endloop
endfacet
facet normal -0.9227092201878362 0.3058350539430248 -0.23467555211402477
outer loop
vertex -113.00000 -20.50610 20.50610
vertex -112.12132 -19.00610 19.00610
vertex -113.00000 -25.11474 14.50000
endloop
endfacet
facet normal -0.9227091660123039 0.305835130083026 -0.23467566589652394
outer loop
vertex -112.12132 -19.00610 19.00610
vertex -112.12132 -23.27762 13.43934
vertex -113.00000 -25.11474 14.50000
endloop
endfacet
facet normal -0.9227091574775146 0.3561526449278644 -0.14752323280765434
outer loop
vertex -113.00000 -25.11474 14.50000
vertex -112.12132 -23.27762 13.43934
vertex -113.00000 -28.01185 7.50575
endloop
endfacet
facet normal -0.9227092060683832 0.3561525525503441 -0.14752315190683948
outer loop
vertex -112.12132 -23.27762 13.43934
vertex -112.12132 -25.96281 6.95671
vertex -113.00000 -28.01185 7.50575
endloop
endfacet
facet normal -0.9227092065836896 0.38219873720621833 -0.050317445917593115
outer loop
vertex -113.00000 -28.01185 7.50575
vertex -112.12132 -25.96281 6.95671
vertex -113.00000 -29.00000 0.00000
endloop
endfacet
facet normal -0.9227092426185618 0.38219865550549903 -0.05031740569692683
outer loop
vertex -112.12132 -25.96281 6.95671
vertex -112.12132 -26.87868 0.00000
vertex -113.00000 -29.00000 0.00000
endloop
endfacet
facet normal -0.9227092412505711 0.38219865493885863 0.05031743508688373
outer loop
vertex -113.00000 -29.00000 0.00000
vertex -112.12132 -26.87868 0.00000
vertex -113.00000 -28.01185 -7.50575
endloop
endfacet
facet normal -0.9227092052156998 0.38219874426556666 0.05031741738241092
outer loop
vertex -112.12132 -26.87868 0.00000
vertex -112.12132 -25.96281 -6.95671
vertex -113.00000 -28.01185 -7.50575
endloop
endfacet
facet normal -0.9227092042237313 0.3561525415551529 0.147523189989282
outer loop
vertex -113.00000 -28.01185 -7.50575
vertex -112.12132 -25.96281 -6.95671
vertex -113.00000 -25.11474 -14.50000
endloop
endfacet
facet normal -0.9227091556328549 0.3561526640814568 0.14752319810451847
outer loop
vertex -112.12132 -25.96281 -6.95671
vertex -112.12132 -23.27762 -13.43934
vertex -113.00000 -25.11474 -14.50000
endloop
endfacet
facet normal -0.9227091680689657 0.3058351529135184 0.23467562805677544
outer loop
vertex -113.00000 -25.11474 -14.50000
vertex -112.12132 -23.27762 -13.43934
vertex -113.00000 -20.50610 -20.50610
endloop
endfacet
facet normal -0.922709222244496 0.3058350233016 0.23467558396021318
outer loop
vertex -112.12132 -23.27762 -13.43934
vertex -112.12132 -19.00610 -19.00610
vertex -113.00000 -20.50610 -20.50610
endloop
endfacet
facet normal -0.9227092201878362 0.23467555211402477 0.3058350539430248
outer loop
vertex -113.00000 -20.50610 -20.50610
vertex -112.12132 -19.00610 -19.00610
vertex -113.00000 -14.50000 -25.11474
endloop
endfacet
facet normal -0.9227091660123039 0.23467566589652394 0.305835130083026
outer loop
vertex -112.12132 -19.00610 -19.00610
vertex -112.12132 -13.43934 -23.27762
vertex -113.00000 -14.50000 -25.11474
endloop
endfacet
facet normal -0.9227091574775147 0.14752323280765436 0.3561526449278644
outer loop
vertex -113.00000 -14.50000 -25.11474
vertex -112.12132 -13.43934 -23.27762
vertex -113.00000 -7.50575 -28.01185
endloop
endfacet
facet normal -0.9227092060683831 0.14752315190683948 0.35615255255034406
outer loop
vertex -112.12132 -13.43934 -23.27762
vertex -112.12132 -6.95671 -25.96281
vertex -113.00000 -7.50575 -28.01185
endloop
endfacet
facet normal -0.9227092065836896 0.05031744591759312 0.38219873720621833
outer loop
vertex -113.00000 -7.50575 -28.01185
vertex -112.12132 -6.95671 -25.96281
vertex -113.00000 -0.00000 -29.00000
endloop
endfacet
facet normal -0.9227092426185618 0.05031740569692682 0.38219865550549886
outer loop
vertex -112.12132 -6.95671 -25.96281
vertex -112.12132 -0.00000 -26.87868
vertex -113.00000 -0.00000 -29.00000
endloop
endfacet
facet normal -0.9227092402073708 0.05031745749901892 -0.382198654506751
outer loop
vertex -112.12132 0.00000 -31.12132
vertex -113.00000 0.00000 -29.00000
vertex -112.12132 8.05479 -30.06089
endloop
endfacet
facet normal -0.9227092106415716 0.0503174446498201 -0.38219872757653184
outer loop
vertex -113.00000 0.00000 -29.00000
vertex -113.00000 7.50575 -28.01185
vertex -112.12132 8.05479 -30.06089
endloop
endfacet
facet normal -0.9227092180377484 0.1475231395174145 -0.35615252667234026
outer loop
vertex -112.12132 8.05479 -30.06089
vertex -113.00000 7.50575 -28.01185
vertex -112.12132 15.56066 -26.95185
endloop
endfacet
facet normal -0.9227092723660809 0.14752312757255726 -0.35615239086782613
outer loop
vertex -113.00000 7.50575 -28.01185
vertex -113.00000 14.50000 -25.11474
vertex -112.12132 15.56066 -26.95185
endloop
endfacet
facet normal -0.9227092651399054 0.23467551348477786 -0.30583494796316435
outer loop
vertex -112.12132 15.56066 -26.95185
vertex -113.00000 14.50000 -25.11474
vertex -112.12132 22.00610 -22.00610
endloop
endfacet
facet normal -0.9227092201878362 0.23467555211402477 -0.3058350539430248
outer loop
vertex -113.00000 14.50000 -25.11474
vertex -113.00000 20.50610 -20.50610
vertex -112.12132 22.00610 -22.00610
endloop
endfacet
facet normal -0.9227092217739233 0.3058350303124912 -0.2346755766736668
outer loop
vertex -112.12132 22.00610 -22.00610
vertex -113.00000 20.50610 -20.50610
vertex -112.12132 26.95185 -15.56066
endloop
endfacet
facet normal -0.9227092667259977 0.30583496556991885 -0.23467548430293786
outer loop
vertex -113.00000 20.50610 -20.50610
vertex -113.00000 25.11474 -14.50000
vertex -112.12132 26.95185 -15.56066
endloop
endfacet
facet normal -0.9227092704491605 0.3561524107717833 -0.14752309150985382
outer loop
vertex -112.12132 26.95185 -15.56066
vertex -113.00000 25.11474 -14.50000
vertex -112.12132 30.06089 -8.05479
endloop
endfacet
facet normal -0.922709216120831 0.3561525152463773 -0.14752317909183202
outer loop
vertex -113.00000 25.11474 -14.50000
vertex -113.00000 28.01185 -7.50575
vertex -112.12132 30.06089 -8.05479
endloop
endfacet
facet normal -0.9227092116847719 0.3821987221932239 -0.05031746641012101
outer loop
vertex -112.12132 30.06089 -8.05479
vertex -113.00000 28.01185 -7.50575
vertex -112.12132 31.12132 -0.00000
endloop
endfacet
facet normal -0.9227092412505711 0.3821986549388587 -0.050317435086883786
outer loop
vertex -113.00000 28.01185 -7.50575
vertex -113.00000 29.00000 -0.00000
vertex -112.12132 31.12132 -0.00000
endloop
endfacet
facet normal -0.9227092402073708 0.382198654506751 0.050317457499018906
outer loop
vertex -112.12132 31.12132 -0.00000
vertex -113.00000 29.00000 -0.00000
vertex -112.12132 30.06089 8.05479
endloop
endfacet
facet normal -0.9227092106415716 0.38219872757653184 0.05031744464982009
outer loop
vertex -113.00000 29.00000 -0.00000
vertex -113.00000 28.01185 7.50575
vertex -112.12132 30.06089 8.05479
endloop
endfacet
facet normal -0.9227092180377485 0.35615252667234026 0.1475231395174145
outer loop
vertex -112.12132 30.06089 8.05479
vertex -113.00000 28.01185 7.50575
vertex -112.12132 26.95185 15.56066
endloop
endfacet
facet normal -0.9227092723660807 0.3561523908678261 0.1475231275725572
outer loop
vertex -113.00000 28.01185 7.50575
vertex -113.00000 25.11474 14.50000
vertex -112.12132 26.95185 15.56066
endloop
endfacet
facet normal -0.9227092651399054 0.30583494796316435 0.23467551348477786
outer loop
vertex -112.12132 26.95185 15.56066
vertex -113.00000 25.11474 14.50000
vertex -112.12132 22.00610 22.00610
endloop
endfacet
facet normal -0.9227092201878362 0.3058350539430248 0.23467555211402477
outer loop
vertex -113.00000 25.11474 14.50000
vertex -113.00000 20.50610 20.50610
vertex -112.12132 22.00610 22.00610
endloop
endfacet
facet normal -0.9227092217739233 0.2346755766736668 0.3058350303124912
outer loop
vertex -112.12132 22.00610 22.00610
vertex -113.00000 20.50610 20.50610
vertex -112.12132 15.56066 26.95185
endloop
endfacet
facet normal -0.9227092667259975 0.2346754843029378 0.3058349655699188
outer loop
vertex -113.00000 20.50610 20.50610
vertex -113.00000 14.50000 25.11474
vertex -112.12132 15.56066 26.95185
endloop
endfacet
facet normal -0.9227092704491605 0.14752309150985382 0.3561524107717833
outer loop
vertex -112.12132 15.56066 26.95185
vertex -113.00000 14.50000 25.11474
vertex -112.12132 8.05479 30.06089
endloop
endfacet
facet normal -0.922709216120831 0.14752317909183194 0.3561525152463772
outer loop
vertex -113.00000 14.50000 25.11474
vertex -113.00000 7.50575 28.01185
vertex -112.12132 8.05479 30.06089
endloop
endfacet
facet normal -0.9227092116847719 0.050317466410121026 0.3821987221932239
outer loop
vertex -112.12132 8.05479 30.06089
vertex -113.00000 7.50575 28.01185
vertex -112.12132 0.00000 31.12132
endloop
endfacet
facet normal -0.922709241250571 0.050317435086883786 0.3821986549388586
outer loop
vertex -113.00000 7.50575 28.01185
vertex -113.00000 0.00000 29.00000
vertex -112.12132 0.00000 31.12132
endloop
endfacet
facet normal -0.9227092402073709 -0.0503174574990189 0.38219865450675106
outer loop
vertex -112.12132 0.00000 31.12132
vertex -113.00000 0.00000 29.00000
vertex -112.12132 -8.05479 30.06089
endloop
endfacet
facet normal -0.9227092106415716 -0.050317444649820076 0.38219872757653184
outer loop
vertex -113.00000 0.00000 29.00000
vertex -113.00000 -7.50575 28.01185
vertex -112.12132 -8.05479 30.06089
endloop
endfacet
facet normal -0.9227092180377484 -0.1475231395174145 0.35615252667234026
outer loop
vertex -112.12132 -8.05479 30.06089
vertex -113.00000 -7.50575 28.01185
vertex -112.12132 -15.56066 26.95185
endloop
endfacet
facet normal -0.9227092723660809 -0.14752312757255726 0.35615239086782613
outer loop
vertex -113.00000 -7.50575 28.01185
vertex -113.00000 -14.50000 25.11474
vertex -112.12132 -15.56066 26.95185
endloop
endfacet
facet normal -0.9227092651399054 -0.23467551348477786 0.30583494796316435
outer loop
vertex -112.12132 -15.56066 26.95185
vertex -113.00000 -14.50000 25.11474
vertex -112.12132 -22.00610 22.00610
endloop
endfacet
facet normal -0.9227092201878362 -0.23467555211402477 0.3058350539430248
outer loop
vertex -113.00000 -14.50000 25.11474
vertex -113.00000 -20.50610 20.50610
vertex -112.12132 -22.00610 22.00610
endloop
endfacet
facet normal -0.9227092217739233 -0.3058350303124912 0.2346755766736668
outer loop
vertex -112.12132 -22.00610 22.00610
vertex -113.00000 -20.50610 20.50610
vertex -112.12132 -26.95185 15.56066
endloop
endfacet
facet normal -0.9227092667259977 -0.30583496556991885 0.23467548430293786
outer loop
vertex -113.00000 -20.50610 20.50610
vertex -113.00000 -25.11474 14.50000
vertex -112.12132 -26.95185 15.56066
endloop
endfacet
facet normal -0.9227092704491605 -0.3561524107717833 0.14752309150985382
outer loop
vertex -112.12132 -26.95185 15.56066
vertex -113.00000 -25.11474 14.50000
vertex -112.12132 -30.06089 8.05479
endloop
endfacet
facet normal -0.922709216120831 -0.35615251524637714 0.1475231790918319
outer loop
vertex -113.00000 -25.11474 14.50000
vertex -113.00000 -28.01185 7.50575
vertex -112.12132 -30.06089 8.05479
endloop
endfacet
facet normal -0.9227092116847719 -0.3821987221932239 0.05031746641012103
outer loop
vertex -112.12132 -30.06089 8.05479
vertex -113.00000 -28.01185 7.50575
vertex -112.12132 -31.12132 0.00000
endloop
endfacet
facet normal -0.9227092412505711 -0.3821986549388587 0.0503174350868838
outer loop
vertex -113.00000 -28.01185 7.50575
vertex -113.00000 -29.00000 0.00000
vertex -112.12132 -31.12132 0.00000
endloop
endfacet
facet normal -0.9227092402073708 -0.382198654506751 -0.05031745749901889
outer loop
vertex -112.12132 -31.12132 0.00000
vertex -113.00000 -29.00000 0.00000
vertex -112.12132 -30.06089 -8.05479
endloop
endfacet
facet normal -0.9227092106415717 -0.38219872757653184 -0.05031744464982007
outer loop
vertex -113.00000 -29.00000 0.00000
vertex -113.00000 -28.01185 -7.50575
vertex -112.12132 -30.06089 -8.05479
endloop
endfacet
facet normal -0.9227092180377484 -0.3561525266723404 -0.14752313951741455
outer loop
vertex -112.12132 -30.06089 -8.05479
vertex -113.00000 -28.01185 -7.50575
vertex -112.12132 -26.95185 -15.56066
endloop
endfacet
facet normal -0.9227092723660809 -0.3561523908678261 -0.14752312757255726
outer loop
vertex -113.00000 -28.01185 -7.50575
vertex -113.00000 -25.11474 -14.50000
vertex -112.12132 -26.95185 -15.56066
endloop
endfacet
facet normal -0.9227092651399054 -0.30583494796316435 -0.23467551348477786
outer loop
vertex -112.12132 -26.95185 -15.56066
vertex -113.00000 -25.11474 -14.50000
vertex -112.12132 -22.00610 -22.00610
endloop
endfacet
facet normal -0.9227092201878362 -0.3058350539430248 -0.23467555211402477
outer loop
vertex -113.00000 -25.11474 -14.50000
vertex -113.00000 -20.50610 -20.50610
vertex -112.12132 -22.00610 -22.00610
endloop
endfacet
facet normal -0.9227092217739233 -0.2346755766736668 -0.3058350303124912
outer loop
vertex -112.12132 -22.00610 -22.00610
vertex -113.00000 -20.50610 -20.50610
vertex -112.12132 -15.56066 -26.95185
endloop
endfacet
facet normal -0.9227092667259975 -0.2346754843029378 -0.3058349655699188
outer loop
vertex -113.00000 -20.50610 -20.50610
vertex -113.00000 -14.50000 -25.11474
vertex -112.12132 -15.56066 -26.95185
endloop
endfacet
facet normal -0.9227092704491605 -0.14752309150985382 -0.3561524107717833
outer loop
vertex -112.12132 -15.56066 -26.95185
vertex -113.00000 -14.50000 -25.11474
vertex -112.12132 -8.05479 -30.06089
endloop
endfacet
facet normal -0.922709216120831 -0.14752317909183194 -0.3561525152463772
outer loop
vertex -113.00000 -14.50000 -25.11474
vertex -113.00000 -7.50575 -28.01185
vertex -112.12132 -8.05479 -30.06089
endloop
endfacet
facet normal -0.9227092116847719 -0.05031746641012104 -0.3821987221932239
outer loop
vertex -112.12132 -8.05479 -30.06089
vertex -113.00000 -7.50575 -28.01185
vertex -112.12132 -0.00000 -31.12132
endloop
endfacet
facet normal -0.922709241250571 -0.0503174350868838 -0.3821986549388586
outer loop
vertex -113.00000 -7.50575 -28.01185
vertex -113.00000 -0.00000 -29.00000
vertex -112.12132 -0.00000 -31.12132
endloop
endfacet
facet normal -0.379883599496815 0.12074125240551833 -0.9171204941559699
outer loop
vertex -110.00000 0.00000 -32.00000
vertex -112.12132 0.00000 -31.12132
vertex -110.00000 8.28221 -30.90963
endloop
endfacet
facet normal -0.37988383462276887 0.12074130994528028 -0.9171203891883544
outer loop
vertex -112.12132 0.00000 -31.12132
vertex -112.12132 8.05479 -30.06089
vertex -110.00000 8.28221 -30.90963
endloop
endfacet
facet normal -0.37988381034164126 0.35399527087763477 -0.8546201722616813
outer loop
vertex -110.00000 8.28221 -30.90963
vertex -112.12132 8.05479 -30.06089
vertex -110.00000 16.00000 -27.71281
endloop
endfacet
facet normal -0.3798832995745813 0.3539952091588613 -0.8546204248652749
outer loop
vertex -112.12132 8.05479 -30.06089
vertex -112.12132 15.56066 -26.95185
vertex -110.00000 16.00000 -27.71281
endloop
endfacet
facet normal -0.3798833474313503 0.5631252766418824 -0.7338791216210987
outer loop
vertex -110.00000 16.00000 -27.71281
vertex -112.12132 15.56066 -26.95185
vertex -110.00000 22.62742 -22.62742
endloop
endfacet
facet normal -0.37988395111231954 0.5631252698305989 -0.7338788143593655
outer loop
vertex -112.12132 15.56066 -26.95185
vertex -112.12132 22.00610 -22.00610
vertex -110.00000 22.62742 -22.62742
endloop
endfacet
facet normal -0.3798839427087908 0.7338789276759847 -0.5631251278225567
outer loop
vertex -110.00000 22.62742 -22.62742
vertex -112.12132 22.00610 -22.00610
vertex -110.00000 27.71281 -16.00000
endloop
endfacet
facet normal -0.37988333902784704 0.7338790137802856 -0.5631254228517206
outer loop
vertex -112.12132 22.00610 -22.00610
vertex -112.12132 26.95185 -15.56066
vertex -110.00000 27.71281 -16.00000
endloop
endfacet
facet normal -0.3798833066847325 0.8546203633538086 -0.3539953500305867
outer loop
vertex -110.00000 27.71281 -16.00000
vertex -112.12132 26.95185 -15.56066
vertex -110.00000 30.90963 -8.28221
endloop
endfacet
facet normal -0.3798838174517754 0.8546202283778253 -0.3539951277711319
outer loop
vertex -112.12132 26.95185 -15.56066
vertex -112.12132 30.06089 -8.05479
vertex -110.00000 30.90963 -8.28221
endloop
endfacet
facet normal -0.37988383134970793 0.9171203997555456 -0.12074123997746172
outer loop
vertex -110.00000 30.90963 -8.28221
vertex -112.12132 30.06089 -8.05479
vertex -110.00000 32.00000 -0.00000
endloop
endfacet
facet normal -0.3798835962237454 0.9171204862540777 -0.12074132272423792
outer loop
vertex -112.12132 30.06089 -8.05479
vertex -112.12132 31.12132 -0.00000
vertex -110.00000 32.00000 -0.00000
endloop
endfacet
facet normal -0.37988359949681505 0.9171204941559697 0.1207412524055183
outer loop
vertex -110.00000 32.00000 -0.00000
vertex -112.12132 31.12132 -0.00000
vertex -110.00000 30.90963 8.28221
endloop
endfacet
facet normal -0.37988383462276887 0.9171203891883544 0.12074130994528025
outer loop
vertex -112.12132 31.12132 -0.00000
vertex -112.12132 30.06089 8.05479
vertex -110.00000 30.90963 8.28221
endloop
endfacet
facet normal -0.37988381034164126 0.8546201722616813 0.35399527087763477
outer loop
vertex -110.00000 30.90963 8.28221
vertex -112.12132 30.06089 8.05479
vertex -110.00000 27.71281 16.00000
endloop
endfacet
facet normal -0.3798832995745813 0.8546204248652749 0.3539952091588613
outer loop
vertex -112.12132 30.06089 8.05479
vertex -112.12132 26.95185 15.56066
vertex -110.00000 27.71281 16.00000
endloop
endfacet
facet normal -0.3798833474313503 0.7338791216210987 0.5631252766418824
outer loop
vertex -110.00000 27.71281 16.00000
vertex -112.12132 26.95185 15.56066
vertex -110.00000 22.62742 22.62742
endloop
endfacet
facet normal -0.37988395111231954 0.7338788143593655 0.5631252698305989
outer loop
vertex -112.12132 26.95185 15.56066
vertex -112.12132 22.00610 22.00610
vertex -110.00000 22.62742 22.62742
endloop
endfacet
facet normal -0.3798839427087908 0.5631251278225567 0.7338789276759847
outer loop
vertex -110.00000 22.62742 22.62742
vertex -112.12132 22.00610 22.00610
vertex -110.00000 16.00000 27.71281
endloop
endfacet
facet normal -0.37988333902784704 0.5631254228517206 0.7338790137802856
outer loop
vertex -112.12132 22.00610 22.00610
vertex -112.12132 15.56066 26.95185
vertex -110.00000 16.00000 27.71281
endloop
endfacet
facet normal -0.3798833066847325 0.35399535003058724 0.8546203633538083
outer loop
vertex -110.00000 16.00000 27.71281
vertex -112.12132 15.56066 26.95185
vertex -110.00000 8.28221 30.90963
endloop
endfacet
facet normal -0.3798838174517776 0.35399512777113157 0.8546202283778244
outer loop
vertex -112.12132 15.56066 26.95185
vertex -112.12132 8.05479 30.06089
vertex -110.00000 8.28221 30.90963
endloop
endfacet
facet normal -0.3798838313497101 0.12074123997746161 0.9171203997555446
outer loop
vertex -110.00000 8.28221 30.90963
vertex -112.12132 8.05479 30.06089
vertex -110.00000 0.00000 32.00000
endloop
endfacet
facet normal -0.37988359622374746 0.12074132272423779 0.9171204862540767
outer loop
vertex -112.12132 8.05479 30.06089
vertex -112.12132 0.00000 31.12132
vertex -110.00000 0.00000 32.00000
endloop
endfacet
facet normal -0.3798835994968172 -0.12074125240551817 0.917120494155969
outer loop
vertex -110.00000 0.00000 32.00000
vertex -112.12132 0.00000 31.12132
vertex -110.00000 -8.28221 30.90963
endloop
endfacet
facet normal -0.37988383462277103 -0.1207413099452801 0.9171203891883535
outer loop
vertex -112.12132 0.00000 31.12132
vertex -112.12132 -8.05479 30.06089
vertex -110.00000 -8.28221 30.90963
endloop
endfacet
facet normal -0.3798838103416434 -0.3539952708776351 0.8546201722616802
outer loop
vertex -110.00000 -8.28221 30.90963
vertex -112.12132 -8.05479 30.06089
vertex -110.00000 -16.00000 27.71281
endloop
endfacet
facet normal -0.3798832995745813 -0.3539952091588613 0.8546204248652749
outer loop
vertex -112.12132 -8.05479 30.06089
vertex -112.12132 -15.56066 26.95185
vertex -110.00000 -16.00000 27.71281
endloop
endfacet
facet normal -0.3798833474313503 -0.5631252766418824 0.7338791216210987
outer loop
vertex -110.00000 -16.00000 27.71281
vertex -112.12132 -15.56066 26.95185
vertex -110.00000 -22.62742 22.62742
endloop
endfacet
facet normal -0.37988395111231954 -0.5631252698305989 0.7338788143593655
outer loop
vertex -112.12132 -15.56066 26.95185
vertex -112.12132 -22.00610 22.00610
vertex -110.00000 -22.62742 22.62742
endloop
endfacet
facet normal -0.3798839427087908 -0.7338789276759847 0.5631251278225567
outer loop
vertex -110.00000 -22.62742 22.62742
vertex -112.12132 -22.00610 22.00610
vertex -110.00000 -27.71281 16.00000
endloop
endfacet
facet normal -0.37988333902784704 -0.7338790137802856 0.5631254228517206
outer loop
vertex -112.12132 -22.00610 22.00610
vertex -112.12132 -26.95185 15.56066
vertex -110.00000 -27.71281 16.00000
endloop
endfacet
facet normal -0.3798833066847325 -0.8546203633538086 0.3539953500305867
outer loop
vertex -110.00000 -27.71281 16.00000
vertex -112.12132 -26.95185 15.56066
vertex -110.00000 -30.90963 8.28221
endloop
endfacet
facet normal -0.3798838174517754 -0.8546202283778253 0.3539951277711319
outer loop
vertex -112.12132 -26.95185 15.56066
vertex -112.12132 -30.06089 8.05479
vertex -110.00000 -30.90963 8.28221
endloop
endfacet
facet normal -0.3798838313497079 -0.9171203997555455 0.12074123997746175
outer loop
vertex -110.00000 -30.90963 8.28221
vertex -112.12132 -30.06089 8.05479
vertex -110.00000 -32.00000 0.00000
endloop
endfacet
facet normal -0.37988359622374535 -0.9171204862540777 0.12074132272423797
outer loop
vertex -112.12132 -30.06089 8.05479
vertex -112.12132 -31.12132 0.00000
vertex -110.00000 -32.00000 0.00000
endloop
endfacet
facet normal -0.379883599496815 -0.91712049415597 -0.12074125240551828
outer loop
vertex -110.00000 -32.00000 0.00000
vertex -112.12132 -31.12132 0.00000
vertex -110.00000 -30.90963 -8.28221
endloop
endfacet
facet normal -0.37988383462276887 -0.9171203891883544 -0.12074130994528019
outer loop
vertex -112.12132 -31.12132 0.00000
vertex -112.12132 -30.06089 -8.05479
vertex -110.00000 -30.90963 -8.28221
endloop
endfacet
facet normal -0.37988381034164126 -0.8546201722616813 -0.35399527087763477
outer loop
vertex -110.00000 -30.90963 -8.28221
vertex -112.12132 -30.06089 -8.05479
vertex -110.00000 -27.71281 -16.00000
endloop
endfacet
facet normal -0.3798832995745813 -0.8546204248652749 -0.3539952091588613
outer loop
vertex -112.12132 -30.06089 -8.05479
vertex -112.12132 -26.95185 -15.56066
vertex -110.00000 -27.71281 -16.00000
endloop
endfacet
facet normal -0.3798833474313503 -0.7338791216210987 -0.5631252766418824
outer loop
vertex -110.00000 -27.71281 -16.00000
vertex -112.12132 -26.95185 -15.56066
vertex -110.00000 -22.62742 -22.62742
endloop
endfacet
facet normal -0.37988395111231954 -0.7338788143593655 -0.5631252698305989
outer loop
vertex -112.12132 -26.95185 -15.56066
vertex -112.12132 -22.00610 -22.00610
vertex -110.00000 -22.62742 -22.62742
endloop
endfacet
facet normal -0.3798839427087908 -0.5631251278225567 -0.7338789276759847
outer loop
vertex -110.00000 -22.62742 -22.62742
vertex -112.12132 -22.00610 -22.00610
vertex -110.00000 -16.00000 -27.71281
endloop
endfacet
facet normal -0.37988333902784704 -0.5631254228517206 -0.7338790137802856
outer loop
vertex -112.12132 -22.00610 -22.00610
vertex -112.12132 -15.56066 -26.95185
vertex -110.00000 -16.00000 -27.71281
endloop
endfacet
facet normal -0.37988330668473247 -0.35399535003058663 -0.8546203633538085
outer loop
vertex -110.00000 -16.00000 -27.71281
vertex -112.12132 -15.56066 -26.95185
vertex -110.00000 -8.28221 -30.90963
endloop
endfacet
facet normal -0.3798838174517754 -0.3539951277711319 -0.8546202283778253
outer loop
vertex -112.12132 -15.56066 -26.95185
vertex -112.12132 -8.05479 -30.06089
vertex -110.00000 -8.28221 -30.90963
endloop
endfacet
facet normal -0.3798838313497079 -0.12074123997746178 -0.9171203997555455
outer loop
vertex -110.00000 -8.28221 -30.90963
vertex -112.12132 -8.05479 -30.06089
vertex -110.00000 -0.00000 -32.00000
endloop
endfacet
facet normal -0.3798835962237453 -0.12074132272423799 -0.9171204862540776
outer loop
vertex -112.12132 -8.05479 -30.06089
vertex -112.12132 -0.00000 -31.12132
vertex -110.00000 -0.00000 -32.00000
endloop
endfacet
facet normal 0.37988359622374535 0.12074132272423788 -0.9171204862540776
outer loop
vertex -97.87868 0.00000 -31.12132
vertex -100.00000 0.00000 -32.00000
vertex -97.87868 8.05479 -30.06089
endloop
endfacet
facet normal 0.37988383134970793 0.12074123997746168 -0.9171203997555455
outer loop
vertex -100.00000 0.00000 -32.00000
vertex -100.00000 8.28221 -30.90963
vertex -97.87868 8.05479 -30.06089
endloop
endfacet
facet normal 0.3798838174517754 0.3539951277711319 -0.8546202283778253
outer loop
vertex -97.87868 8.05479 -30.06089
vertex -100.00000 8.28221 -30.90963
vertex -97.87868 15.56066 -26.95185
endloop
endfacet
facet normal 0.37988330668473247 0.35399535003058663 -0.8546203633538085
outer loop
vertex -100.00000 8.28221 -30.90963
vertex -100.00000 16.00000 -27.71281
vertex -97.87868 15.56066 -26.95185
endloop
endfacet
facet normal 0.37988333902784704 0.5631254228517206 -0.7338790137802856
outer loop
vertex -97.87868 15.56066 -26.95185
vertex -100.00000 16.00000 -27.71281
vertex -97.87868 22.00610 -22.00610
endloop
endfacet
facet normal 0.3798839427087908 0.5631251278225567 -0.7338789276759847
outer loop
vertex -100.00000 16.00000 -27.71281
vertex -100.00000 22.62742 -22.62742
vertex -97.87868 22.00610 -22.00610
endloop
endfacet
facet normal 0.37988395111231954 0.7338788143593655 -0.5631252698305989
outer loop
vertex -97.87868 22.00610 -22.00610
vertex -100.00000 22.62742 -22.62742
vertex -97.87868 26.95185 -15.56066
endloop
endfacet
facet normal 0.3798833474313503 0.7338791216210987 -0.5631252766418824
outer loop
vertex -100.00000 22.62742 -22.62742
vertex -100.00000 27.71281 -16.00000
vertex -97.87868 26.95185 -15.56066
endloop
endfacet
facet normal 0.3798832995745813 0.8546204248652749 -0.3539952091588613
outer loop
vertex -97.87868 26.95185 -15.56066
vertex -100.00000 27.71281 -16.00000
vertex -97.87868 30.06089 -8.05479
endloop
endfacet
facet normal 0.37988381034164126 0.8546201722616813 -0.35399527087763477
outer loop
vertex -100.00000 27.71281 -16.00000
vertex -100.00000 30.90963 -8.28221
vertex -97.87868 30.06089 -8.05479
endloop
endfacet
facet normal 0.3798838346227688 0.9171203891883543 -0.12074130994528029
outer loop
vertex -97.87868 30.06089 -8.05479
vertex -100.00000 30.90963 -8.28221
vertex -97.87868 31.12132 -0.00000
endloop
endfacet
facet normal 0.379883599496815 0.9171204941559697 -0.12074125240551836
outer loop
vertex -100.00000 30.90963 -8.28221
vertex -100.00000 32.00000 -0.00000
vertex -97.87868 31.12132 -0.00000
endloop
endfacet
facet normal 0.3798835962237454 0.9171204862540777 0.12074132272423788
outer loop
vertex -97.87868 31.12132 -0.00000
vertex -100.00000 32.00000 -0.00000
vertex -97.87868 30.06089 8.05479
endloop
endfacet
facet normal 0.37988383134970793 0.9171203997555456 0.12074123997746167
outer loop
vertex -100.00000 32.00000 -0.00000
vertex -100.00000 30.90963 8.28221
vertex -97.87868 30.06089 8.05479
endloop
endfacet
facet normal 0.3798838174517754 0.8546202283778253 0.3539951277711319
outer loop
vertex -97.87868 30.06089 8.05479
vertex -100.00000 30.90963 8.28221
vertex -97.87868 26.95185 15.56066
endloop
endfacet
facet normal 0.3798833066847325 0.8546203633538086 0.3539953500305867
outer loop
vertex -100.00000 30.90963 8.28221
vertex -100.00000 27.71281 16.00000
vertex -97.87868 26.95185 15.56066
endloop
endfacet
facet normal 0.37988333902784704 0.7338790137802856 0.5631254228517206
outer loop
vertex -97.87868 26.95185 15.56066
vertex -100.00000 27.71281 16.00000
vertex -97.87868 22.00610 22.00610
endloop
endfacet
facet normal 0.3798839427087908 0.7338789276759847 0.5631251278225567
outer loop
vertex -100.00000 27.71281 16.00000
vertex -100.00000 22.62742 22.62742
vertex -97.87868 22.00610 22.00610
endloop
endfacet
facet normal 0.37988395111231954 0.5631252698305989 0.7338788143593655
outer loop
vertex -97.87868 22.00610 22.00610
vertex -100.00000 22.62742 22.62742
vertex -97.87868 15.56066 26.95185
endloop
endfacet
facet normal 0.3798833474313503 0.5631252766418824 0.7338791216210987
outer loop
vertex -100.00000 22.62742 22.62742
vertex -100.00000 16.00000 27.71281
vertex -97.87868 15.56066 26.95185
endloop
endfacet
facet normal 0.3798832995745813 0.3539952091588613 0.8546204248652749
outer loop
vertex -97.87868 15.56066 26.95185
vertex -100.00000 16.00000 27.71281
vertex -97.87868 8.05479 30.06089
endloop
endfacet
facet normal 0.37988381034164126 0.35399527087763477 0.8546201722616813
outer loop
vertex -100.00000 16.00000 27.71281
vertex -100.00000 8.28221 30.90963
vertex -97.87868 8.05479 30.06089
endloop
endfacet
facet normal 0.37988383462276887 0.12074130994528032 0.9171203891883544
outer loop
vertex -97.87868 8.05479 30.06089
vertex -100.00000 8.28221 30.90963
vertex -97.87868 0.00000 31.12132
endloop
endfacet
facet normal 0.37988359949681505 0.12074125240551839 0.9171204941559699
outer loop
vertex -100.00000 8.28221 30.90963
vertex -100.00000 0.00000 32.00000
vertex -97.87868 0.00000 31.12132
endloop
endfacet
facet normal 0.3798835962237454 -0.12074132272423783 0.9171204862540776
outer loop
vertex -97.87868 0.00000 31.12132
vertex -100.00000 0.00000 32.00000
vertex -97.87868 -8.05479 30.06089
endloop
endfacet
facet normal 0.37988383134970793 -0.12074123997746164 0.9171203997555455
outer loop
vertex -100.00000 0.00000 32.00000
vertex -100.00000 -8.28221 30.90963
vertex -97.87868 -8.05479 30.06089
endloop
endfacet
facet normal 0.3798838174517754 -0.3539951277711319 0.8546202283778253
outer loop
vertex -97.87868 -8.05479 30.06089
vertex -100.00000 -8.28221 30.90963
vertex -97.87868 -15.56066 26.95185
endloop
endfacet
facet normal 0.37988330668473247 -0.35399535003058663 0.8546203633538085
outer loop
vertex -100.00000 -8.28221 30.90963
vertex -100.00000 -16.00000 27.71281
vertex -97.87868 -15.56066 26.95185
endloop
endfacet
facet normal 0.37988333902784704 -0.5631254228517206 0.7338790137802856
outer loop
vertex -97.87868 -15.56066 26.95185
vertex -100.00000 -16.00000 27.71281
vertex -97.87868 -22.00610 22.00610
endloop
endfacet
facet normal 0.3798839427087908 -0.5631251278225567 0.7338789276759847
outer loop
vertex -100.00000 -16.00000 27.71281
vertex -100.00000 -22.62742 22.62742
vertex -97.87868 -22.00610 22.00610
endloop
endfacet
facet normal 0.37988395111231954 -0.7338788143593655 0.5631252698305989
outer loop
vertex -97.87868 -22.00610 22.00610
vertex -100.00000 -22.62742 22.62742
vertex -97.87868 -26.95185 15.56066
endloop
endfacet
facet normal 0.3798833474313503 -0.7338791216210987 0.5631252766418824
outer loop
vertex -100.00000 -22.62742 22.62742
vertex -100.00000 -27.71281 16.00000
vertex -97.87868 -26.95185 15.56066
endloop
endfacet
facet normal 0.3798832995745813 -0.8546204248652749 0.3539952091588613
outer loop
vertex -97.87868 -26.95185 15.56066
vertex -100.00000 -27.71281 16.00000
vertex -97.87868 -30.06089 8.05479
endloop
endfacet
facet normal 0.37988381034164126 -0.8546201722616813 0.35399527087763477
outer loop
vertex -100.00000 -27.71281 16.00000
vertex -100.00000 -30.90963 8.28221
vertex -97.87868 -30.06089 8.05479
endloop
endfacet
facet normal 0.3798838346227689 -0.9171203891883545 0.12074130994528037
outer loop
vertex -97.87868 -30.06089 8.05479
vertex -100.00000 -30.90963 8.28221
vertex -97.87868 -31.12132 0.00000
endloop
endfacet
facet normal 0.379883599496815 -0.9171204941559697 0.1207412524055184
outer loop
vertex -100.00000 -30.90963 8.28221
vertex -100.00000 -32.00000 0.00000
vertex -97.87868 -31.12132 0.00000
endloop
endfacet
facet normal 0.3798835962237454 -0.9171204862540777 -0.1207413227242378
outer loop
vertex -97.87868 -31.12132 0.00000
vertex -100.00000 -32.00000 0.00000
vertex -97.87868 -30.06089 -8.05479
endloop
endfacet
facet normal 0.379883831349708 -0.9171203997555456 -0.12074123997746163
outer loop
vertex -100.00000 -32.00000 0.00000
vertex -100.00000 -30.90963 -8.28221
vertex -97.87868 -30.06089 -8.05479
endloop
endfacet
facet normal 0.3798838174517754 -0.8546202283778253 -0.3539951277711319
outer loop
vertex -97.87868 -30.06089 -8.05479
vertex -100.00000 -30.90963 -8.28221
vertex -97.87868 -26.95185 -15.56066
endloop
endfacet
facet normal 0.3798833066847325 -0.8546203633538086 -0.3539953500305867
outer loop
vertex -100.00000 -30.90963 -8.28221
vertex -100.00000 -27.71281 -16.00000
vertex -97.87868 -26.95185 -15.56066
endloop
endfacet
facet normal 0.37988333902784704 -0.7338790137802856 -0.5631254228517206
outer loop
vertex -97.87868 -26.95185 -15.56066
vertex -100.00000 -27.71281 -16.00000
vertex -97.87868 -22.00610 -22.00610
endloop
endfacet
facet normal 0.3798839427087908 -0.7338789276759847 -0.5631251278225567
outer loop
vertex -100.00000 -27.71281 -16.00000
vertex -100.00000 -22.62742 -22.62742
vertex -97.87868 -22.00610 -22.00610
endloop
endfacet
facet normal 0.37988395111231954 -0.5631252698305989 -0.7338788143593655
outer loop
vertex -97.87868 -22.00610 -22.00610
vertex -100.00000 -22.62742 -22.62742
vertex -97.87868 -15.56066 -26.95185
endloop
endfacet
facet normal 0.3798833474313503 -0.5631252766418824 -0.7338791216210987
outer loop
vertex -100.00000 -22.62742 -22.62742
vertex -100.00000 -16.00000 -27.71281
vertex -97.87868 -15.56066 -26.95185
endloop
endfacet
facet normal 0.3798832995745813 -0.3539952091588613 -0.8546204248652749
outer loop
vertex -97.87868 -15.56066 -26.95185
vertex -100.00000 -16.00000 -27.71281
vertex -97.87868 -8.05479 -30.06089
endloop
endfacet
facet normal 0.37988381034164126 -0.35399527087763477 -0.8546201722616813
outer loop
vertex -100.00000 -16.00000 -27.71281
vertex -100.00000 -8.28221 -30.90963
vertex -97.87868 -8.05479 -30.06089
endloop
endfacet
facet normal 0.3798838346227688 -0.12074130994528037 -0.9171203891883544
outer loop
vertex -97.87868 -8.05479 -30.06089
vertex -100.00000 -8.28221 -30.90963
vertex -97.87868 -0.00000 -31.12132
endloop
endfacet
facet normal 0.3798835994968151 -0.12074125240551846 -0.91712049415597
outer loop
vertex -100.00000 -8.28221 -30.90963
vertex -100.00000 -0.00000 -32.00000
vertex -97.87868 -0.00000 -31.12132
endloop
endfacet
facet normal 0.9227092412505711 0.050317435086883765 -0.3821986549388587
outer loop
vertex -97.00000 0.00000 -29.00000
vertex -97.87868 0.00000 -31.12132
vertex -97.00000 7.50575 -28.01185
endloop
endfacet
facet normal 0.9227092116847717 0.05031746641012099 -0.38219872219322387
outer loop
vertex -97.87868 0.00000 -31.12132
vertex -97.87868 8.05479 -30.06089
vertex -97.00000 7.50575 -28.01185
endloop
endfacet
facet normal 0.922709216120831 0.14752317909183194 -0.3561525152463772
outer loop
vertex -97.00000 7.50575 -28.01185
vertex -97.87868 8.05479 -30.06089
vertex -97.00000 14.50000 -25.11474
endloop
endfacet
facet normal 0.9227092704491605 0.14752309150985382 -0.3561524107717833
outer loop
vertex -97.87868 8.05479 -30.06089
vertex -97.87868 15.56066 -26.95185
vertex -97.00000 14.50000 -25.11474
endloop
endfacet
facet normal 0.9227092667259975 0.2346754843029378 -0.3058349655699188
outer loop
vertex -97.00000 14.50000 -25.11474
vertex -97.87868 15.56066 -26.95185
vertex -97.00000 20.50610 -20.50610
endloop
endfacet
facet normal 0.9227092217739233 0.2346755766736668 -0.3058350303124912
outer loop
vertex -97.87868 15.56066 -26.95185
vertex -97.87868 22.00610 -22.00610
vertex -97.00000 20.50610 -20.50610
endloop
endfacet
facet normal 0.9227092201878362 0.3058350539430248 -0.23467555211402477
outer loop
vertex -97.00000 20.50610 -20.50610
vertex -97.87868 22.00610 -22.00610
vertex -97.00000 25.11474 -14.50000
endloop
endfacet
facet normal 0.9227092651399054 0.30583494796316435 -0.23467551348477786
outer loop
vertex -97.87868 22.00610 -22.00610
vertex -97.87868 26.95185 -15.56066
vertex -97.00000 25.11474 -14.50000
endloop
endfacet
facet normal 0.9227092723660808 0.3561523908678261 -0.1475231275725572
outer loop
vertex -97.00000 25.11474 -14.50000
vertex -97.87868 26.95185 -15.56066
vertex -97.00000 28.01185 -7.50575
endloop
endfacet
facet normal 0.9227092180377484 0.35615252667234026 -0.1475231395174145
outer loop
vertex -97.87868 26.95185 -15.56066
vertex -97.87868 30.06089 -8.05479
vertex -97.00000 28.01185 -7.50575
endloop
endfacet
facet normal 0.9227092106415719 0.38219872757653184 -0.05031744464982012
outer loop
vertex -97.00000 28.01185 -7.50575
vertex -97.87868 30.06089 -8.05479
vertex -97.00000 29.00000 -0.00000
endloop
endfacet
facet normal 0.9227092402073708 0.38219865450675095 -0.050317457499018926
outer loop
vertex -97.87868 30.06089 -8.05479
vertex -97.87868 31.12132 -0.00000
vertex -97.00000 29.00000 -0.00000
endloop
endfacet
facet normal 0.9227092412505711 0.3821986549388587 0.05031743508688376
outer loop
vertex -97.00000 29.00000 -0.00000
vertex -97.87868 31.12132 -0.00000
vertex -97.00000 28.01185 7.50575
endloop
endfacet
facet normal 0.9227092116847718 0.3821987221932239 0.050317466410120984
outer loop
vertex -97.87868 31.12132 -0.00000
vertex -97.87868 30.06089 8.05479
vertex -97.00000 28.01185 7.50575
endloop
endfacet
facet normal 0.922709216120831 0.35615251524637725 0.147523179091832
outer loop
vertex -97.00000 28.01185 7.50575
vertex -97.87868 30.06089 8.05479
vertex -97.00000 25.11474 14.50000
endloop
endfacet
facet normal 0.9227092704491605 0.3561524107717833 0.14752309150985382
outer loop
vertex -97.87868 30.06089 8.05479
vertex -97.87868 26.95185 15.56066
vertex -97.00000 25.11474 14.50000
endloop
endfacet
facet normal 0.9227092667259977 0.30583496556991885 0.23467548430293786
outer loop
vertex -97.00000 25.11474 14.50000
vertex -97.87868 26.95185 15.56066
vertex -97.00000 20.50610 20.50610
endloop
endfacet
facet normal 0.9227092217739233 0.3058350303124912 0.2346755766736668
outer loop
vertex -97.87868 26.95185 15.56066
vertex -97.87868 22.00610 22.00610
vertex -97.00000 20.50610 20.50610
endloop
endfacet
facet normal 0.9227092201878362 0.23467555211402477 0.3058350539430248
outer loop
vertex -97.00000 20.50610 20.50610
vertex -97.87868 22.00610 22.00610
vertex -97.00000 14.50000 25.11474
endloop
endfacet
facet normal 0.9227092651399054 0.23467551348477786 0.30583494796316435
outer loop
vertex -97.87868 22.00610 22.00610
vertex -97.87868 15.56066 26.95185
vertex -97.00000 14.50000 25.11474
endloop
endfacet
facet normal 0.9227092723660809 0.14752312757255726 0.35615239086782613
outer loop
vertex -97.00000 14.50000 25.11474
vertex -97.87868 15.56066 26.95185
vertex -97.00000 7.50575 28.01185
endloop
endfacet
facet normal 0.9227092180377484 0.1475231395174145 0.35615252667234026
outer loop
vertex -97.87868 15.56066 26.95185
vertex -97.87868 8.05479 30.06089
vertex -97.00000 7.50575 28.01185
endloop
endfacet
facet normal 0.9227092106415719 0.05031744464982013 0.38219872757653184
outer loop
vertex -97.00000 7.50575 28.01185
vertex -97.87868 8.05479 30.06089
vertex -97.00000 0.00000 29.00000
endloop
endfacet
facet normal 0.9227092402073709 0.05031745749901895 0.382198654506751
outer loop
vertex -97.87868 8.05479 30.06089
vertex -97.87868 0.00000 31.12132
vertex -97.00000 0.00000 29.00000
endloop
endfacet
facet normal 0.9227092412505711 -0.050317435086883744 0.3821986549388587
outer loop
vertex -97.00000 0.00000 29.00000
vertex -97.87868 0.00000 31.12132
vertex -97.00000 -7.50575 28.01185
endloop
endfacet
facet normal 0.9227092116847718 -0.05031746641012097 0.3821987221932239
outer loop
vertex -97.87868 0.00000 31.12132
vertex -97.87868 -8.05479 30.06089
vertex -97.00000 -7.50575 28.01185
endloop
endfacet
facet normal 0.922709216120831 -0.14752317909183194 0.3561525152463772
outer loop
vertex -97.00000 -7.50575 28.01185
vertex -97.87868 -8.05479 30.06089
vertex -97.00000 -14.50000 25.11474
endloop
endfacet
facet normal 0.9227092704491605 -0.14752309150985382 0.3561524107717833
outer loop
vertex -97.87868 -8.05479 30.06089
vertex -97.87868 -15.56066 26.95185
vertex -97.00000 -14.50000 25.11474
endloop
endfacet
facet normal 0.9227092667259975 -0.2346754843029378 0.3058349655699188
outer loop
vertex -97.00000 -14.50000 25.11474
vertex -97.87868 -15.56066 26.95185
vertex -97.00000 -20.50610 20.50610
endloop
endfacet
facet normal 0.9227092217739233 -0.2346755766736668 0.3058350303124912
outer loop
vertex -97.87868 -15.56066 26.95185
vertex -97.87868 -22.00610 22.00610
vertex -97.00000 -20.50610 20.50610
endloop
endfacet
facet normal 0.9227092201878362 -0.3058350539430248 0.23467555211402477
outer loop
vertex -97.00000 -20.50610 20.50610
vertex -97.87868 -22.00610 22.00610
vertex -97.00000 -25.11474 14.50000
endloop
endfacet
facet normal 0.9227092651399054 -0.30583494796316435 0.23467551348477786
outer loop
vertex -97.87868 -22.00610 22.00610
vertex -97.87868 -26.95185 15.56066
vertex -97.00000 -25.11474 14.50000
endloop
endfacet
facet normal 0.9227092723660808 -0.3561523908678261 0.14752312757255726
outer loop
vertex -97.00000 -25.11474 14.50000
vertex -97.87868 -26.95185 15.56066
vertex -97.00000 -28.01185 7.50575
endloop
endfacet
facet normal 0.9227092180377484 -0.35615252667234026 0.1475231395174145
outer loop
vertex -97.87868 -26.95185 15.56066
vertex -97.87868 -30.06089 8.05479
vertex -97.00000 -28.01185 7.50575
endloop
endfacet
facet normal 0.9227092106415716 -0.3821987275765318 0.05031744464982013
outer loop
vertex -97.00000 -28.01185 7.50575
vertex -97.87868 -30.06089 8.05479
vertex -97.00000 -29.00000 0.00000
endloop
endfacet
facet normal 0.9227092402073708 -0.38219865450675095 0.05031745749901895
outer loop
vertex -97.87868 -30.06089 8.05479
vertex -97.87868 -31.12132 0.00000
vertex -97.00000 -29.00000 0.00000
endloop
endfacet
facet normal 0.9227092412505711 -0.38219865493885863 -0.05031743508688373
outer loop
vertex -97.00000 -29.00000 0.00000
vertex -97.87868 -31.12132 0.00000
vertex -97.00000 -28.01185 -7.50575
endloop
endfacet
facet normal 0.9227092116847718 -0.3821987221932238 -0.05031746641012095
outer loop
vertex -97.87868 -31.12132 0.00000
vertex -97.87868 -30.06089 -8.05479
vertex -97.00000 -28.01185 -7.50575
endloop
endfacet
facet normal 0.9227092161208309 -0.3561525152463772 -0.1475231790918319
outer loop
vertex -97.00000 -28.01185 -7.50575
vertex -97.87868 -30.06089 -8.05479
vertex -97.00000 -25.11474 -14.50000
endloop
endfacet
facet normal 0.9227092704491605 -0.3561524107717833 -0.14752309150985382
outer loop
vertex -97.87868 -30.06089 -8.05479
vertex -97.87868 -26.95185 -15.56066
vertex -97.00000 -25.11474 -14.50000
endloop
endfacet
facet normal 0.9227092667259977 -0.30583496556991885 -0.23467548430293786
outer loop
vertex -97.00000 -25.11474 -14.50000
vertex -97.87868 -26.95185 -15.56066
vertex -97.00000 -20.50610 -20.50610
endloop
endfacet
facet normal 0.9227092217739233 -0.3058350303124912 -0.2346755766736668
outer loop
vertex -97.87868 -26.95185 -15.56066
vertex -97.87868 -22.00610 -22.00610
vertex -97.00000 -20.50610 -20.50610
endloop
endfacet
facet normal 0.9227092201878362 -0.23467555211402477 -0.3058350539430248
outer loop
vertex -97.00000 -20.50610 -20.50610
vertex -97.87868 -22.00610 -22.00610
vertex -97.00000 -14.50000 -25.11474
endloop
endfacet
facet normal 0.9227092651399054 -0.23467551348477786 -0.30583494796316435
outer loop
vertex -97.87868 -22.00610 -22.00610
vertex -97.87868 -15.56066 -26.95185
vertex -97.00000 -14.50000 -25.11474
endloop
endfacet
facet normal 0.9227092723660809 -0.14752312757255726 -0.35615239086782613
outer loop
vertex -97.00000 -14.50000 -25.11474
vertex -97.87868 -15.56066 -26.95185
vertex -97.00000 -7.50575 -28.01185
endloop
endfacet
facet normal 0.9227092180377484 -0.1475231395174145 -0.35615252667234026
outer loop
vertex -97.87868 -15.56066 -26.95185
vertex -97.87868 -8.05479 -30.06089
vertex -97.00000 -7.50575 -28.01185
endloop
endfacet
facet normal 0.9227092106415716 -0.050317444649820145 -0.3821987275765318
outer loop
vertex -97.00000 -7.50575 -28.01185
vertex -97.87868 -8.05479 -30.06089
vertex -97.00000 -0.00000 -29.00000
endloop
endfacet
facet normal 0.9227092402073709 -0.05031745749901897 -0.382198654506751
outer loop
vertex -97.87868 -8.05479 -30.06089
vertex -97.87868 -0.00000 -31.12132
vertex -97.00000 -0.00000 -29.00000
endloop
endfacet
facet normal 0.9227092426185618 -0.05031740569692679 0.3821986555054989
outer loop
vertex -97.87868 0.00000 -26.87868
vertex -97.00000 0.00000 -29.00000
vertex -97.87868 6.95671 -25.96281
endloop
endfacet
facet normal 0.9227092065836896 -0.05031744591759308 0.3821987372062184
outer loop
vertex -97.00000 0.00000 -29.00000
vertex -97.00000 7.50575 -28.01185
vertex -97.87868 6.95671 -25.96281
endloop
endfacet
facet normal 0.9227092060683831 -0.14752315190683948 0.35615255255034406
outer loop
vertex -97.87868 6.95671 -25.96281
vertex -97.00000 7.50575 -28.01185
vertex -97.87868 13.43934 -23.27762
endloop
endfacet
facet normal 0.9227091574775147 -0.14752323280765436 0.3561526449278644
outer loop
vertex -97.00000 7.50575 -28.01185
vertex -97.00000 14.50000 -25.11474
vertex -97.87868 13.43934 -23.27762
endloop
endfacet
facet normal 0.9227091660123039 -0.23467566589652394 0.305835130083026
outer loop
vertex -97.87868 13.43934 -23.27762
vertex -97.00000 14.50000 -25.11474
vertex -97.87868 19.00610 -19.00610
endloop
endfacet
facet normal 0.9227092201878362 -0.23467555211402477 0.3058350539430248
outer loop
vertex -97.00000 14.50000 -25.11474
vertex -97.00000 20.50610 -20.50610
vertex -97.87868 19.00610 -19.00610
endloop
endfacet
facet normal 0.922709222244496 -0.3058350233016 0.23467558396021318
outer loop
vertex -97.87868 19.00610 -19.00610
vertex -97.00000 20.50610 -20.50610
vertex -97.87868 23.27762 -13.43934
endloop
endfacet
facet normal 0.9227091680689657 -0.3058351529135184 0.23467562805677544
outer loop
vertex -97.00000 20.50610 -20.50610
vertex -97.00000 25.11474 -14.50000
vertex -97.87868 23.27762 -13.43934
endloop
endfacet
facet normal 0.9227091556328549 -0.35615266408145674 0.14752319810451842
outer loop
vertex -97.87868 23.27762 -13.43934
vertex -97.00000 25.11474 -14.50000
vertex -97.87868 25.96281 -6.95671
endloop
endfacet
facet normal 0.9227092042237311 -0.35615254155515286 0.1475231899892819
outer loop
vertex -97.00000 25.11474 -14.50000
vertex -97.00000 28.01185 -7.50575
vertex -97.87868 25.96281 -6.95671
endloop
endfacet
facet normal 0.9227092052156997 -0.3821987442655666 0.05031741738241096
outer loop
vertex -97.87868 25.96281 -6.95671
vertex -97.00000 28.01185 -7.50575
vertex -97.87868 26.87868 -0.00000
endloop
endfacet
facet normal 0.922709241250571 -0.38219865493885863 0.05031743508688377
outer loop
vertex -97.00000 28.01185 -7.50575
vertex -97.00000 29.00000 -0.00000
vertex -97.87868 26.87868 -0.00000
endloop
endfacet
facet normal 0.9227092426185618 -0.382198655505499 -0.050317405696926776
outer loop
vertex -97.87868 26.87868 -0.00000
vertex -97.00000 29.00000 -0.00000
vertex -97.87868 25.96281 6.95671
endloop
endfacet
facet normal 0.9227092065836898 -0.38219873720621844 -0.05031744591759307
outer loop
vertex -97.00000 29.00000 -0.00000
vertex -97.00000 28.01185 7.50575
vertex -97.87868 25.96281 6.95671
endloop
endfacet
facet normal 0.9227092060683832 -0.3561525525503441 -0.14752315190683954
outer loop
vertex -97.87868 25.96281 6.95671
vertex -97.00000 28.01185 7.50575
vertex -97.87868 23.27762 13.43934
endloop
endfacet
facet normal 0.9227091574775146 -0.3561526449278644 -0.1475232328076544
outer loop
vertex -97.00000 28.01185 7.50575
vertex -97.00000 25.11474 14.50000
vertex -97.87868 23.27762 13.43934
endloop
endfacet
facet normal 0.9227091660123039 -0.305835130083026 -0.23467566589652394
outer loop
vertex -97.87868 23.27762 13.43934
vertex -97.00000 25.11474 14.50000
vertex -97.87868 19.00610 19.00610
endloop
endfacet
facet normal 0.9227092201878362 -0.3058350539430248 -0.23467555211402477
outer loop
vertex -97.00000 25.11474 14.50000
vertex -97.00000 20.50610 20.50610
vertex -97.87868 19.00610 19.00610
endloop
endfacet
facet normal 0.922709222244496 -0.23467558396021318 -0.3058350233016
outer loop
vertex -97.87868 19.00610 19.00610
vertex -97.00000 20.50610 20.50610
vertex -97.87868 13.43934 23.27762
endloop
endfacet
facet normal 0.9227091680689657 -0.23467562805677544 -0.3058351529135184
outer loop
vertex -97.00000 20.50610 20.50610
vertex -97.00000 14.50000 25.11474
vertex -97.87868 13.43934 23.27762
endloop
endfacet
facet normal 0.9227091556328548 -0.14752319810451842 -0.3561526640814567
outer loop
vertex -97.87868 13.43934 23.27762
vertex -97.00000 14.50000 25.11474
vertex -97.87868 6.95671 25.96281
endloop
endfacet
facet normal 0.9227092042237311 -0.14752318998928193 -0.35615254155515286
outer loop
vertex -97.00000 14.50000 25.11474
vertex -97.00000 7.50575 28.01185
vertex -97.87868 6.95671 25.96281
endloop
endfacet
facet normal 0.9227092052156997 -0.050317417382410974 -0.3821987442655666
outer loop
vertex -97.87868 6.95671 25.96281
vertex -97.00000 7.50575 28.01185
vertex -97.87868 0.00000 26.87868
endloop
endfacet
facet normal 0.922709241250571 -0.050317435086883786 -0.3821986549388586
outer loop
vertex -97.00000 7.50575 28.01185
vertex -97.00000 0.00000 29.00000
vertex -97.87868 0.00000 26.87868
endloop
endfacet
facet normal 0.9227092426185619 0.05031740569692676 -0.382198655505499
outer loop
vertex -97.87868 0.00000 26.87868
vertex -97.00000 0.00000 29.00000
vertex -97.87868 -6.95671 25.96281
endloop
endfacet
facet normal 0.9227092065836897 0.050317445917593066 -0.38219873720621844
outer loop
vertex -97.00000 0.00000 29.00000
vertex -97.00000 -7.50575 28.01185
vertex -97.87868 -6.95671 25.96281
endloop
endfacet
facet normal 0.9227092060683831 0.14752315190683948 -0.35615255255034406
outer loop
vertex -97.87868 -6.95671 25.96281
vertex -97.00000 -7.50575 28.01185
vertex -97.87868 -13.43934 23.27762
endloop
endfacet
facet normal 0.9227091574775147 0.14752323280765436 -0.3561526449278644
outer loop
vertex -97.00000 -7.50575 28.01185
vertex -97.00000 -14.50000 25.11474
vertex -97.87868 -13.43934 23.27762
endloop
endfacet
facet normal 0.9227091660123039 0.23467566589652394 -0.305835130083026
outer loop
vertex -97.87868 -13.43934 23.27762
vertex -97.00000 -14.50000 25.11474
vertex -97.87868 -19.00610 19.00610
endloop
endfacet
facet normal 0.9227092201878362 0.23467555211402477 -0.3058350539430248
outer loop
vertex -97.00000 -14.50000 25.11474
vertex -97.00000 -20.50610 20.50610
vertex -97.87868 -19.00610 19.00610
endloop
endfacet
facet normal 0.922709222244496 0.3058350233016 -0.23467558396021318
outer loop
vertex -97.87868 -19.00610 19.00610
vertex -97.00000 -20.50610 20.50610
vertex -97.87868 -23.27762 13.43934
endloop
endfacet
facet normal 0.9227091680689657 0.3058351529135184 -0.23467562805677544
outer loop
vertex -97.00000 -20.50610 20.50610
vertex -97.00000 -25.11474 14.50000
vertex -97.87868 -23.27762 13.43934
endloop
endfacet
facet normal 0.9227091556328549 0.3561526640814567 -0.14752319810451844
outer loop
vertex -97.87868 -23.27762 13.43934
vertex -97.00000 -25.11474 14.50000
vertex -97.87868 -25.96281 6.95671
endloop
endfacet
facet normal 0.9227092042237311 0.3561525415551529 -0.147523189989282
outer loop
vertex -97.00000 -25.11474 14.50000
vertex -97.00000 -28.01185 7.50575
vertex -97.87868 -25.96281 6.95671
endloop
endfacet
facet normal 0.9227092052156998 0.38219874426556666 -0.05031741738241098
outer loop
vertex -97.87868 -25.96281 6.95671
vertex -97.00000 -28.01185 7.50575
vertex -97.87868 -26.87868 0.00000
endloop
endfacet
facet normal 0.9227092412505711 0.3821986549388587 -0.0503174350868838
outer loop
vertex -97.00000 -28.01185 7.50575
vertex -97.00000 -29.00000 0.00000
vertex -97.87868 -26.87868 0.00000
endloop
endfacet
facet normal 0.9227092426185618 0.3821986555054989 0.050317405696926755
outer loop
vertex -97.87868 -26.87868 0.00000
vertex -97.00000 -29.00000 0.00000
vertex -97.87868 -25.96281 -6.95671
endloop
endfacet
facet normal 0.9227092065836898 0.38219873720621844 0.05031744591759305
outer loop
vertex -97.00000 -29.00000 0.00000
vertex -97.00000 -28.01185 -7.50575
vertex -97.87868 -25.96281 -6.95671
endloop
endfacet
facet normal 0.9227092060683832 0.3561525525503441 0.14752315190683948
outer loop
vertex -97.87868 -25.96281 -6.95671
vertex -97.00000 -28.01185 -7.50575
vertex -97.87868 -23.27762 -13.43934
endloop
endfacet
facet normal 0.9227091574775147 0.3561526449278644 0.14752323280765434
outer loop
vertex -97.00000 -28.01185 -7.50575
vertex -97.00000 -25.11474 -14.50000
vertex -97.87868 -23.27762 -13.43934
endloop
endfacet
facet normal 0.9227091660123039 0.305835130083026 0.23467566589652394
outer loop
vertex -97.87868 -23.27762 -13.43934
vertex -97.00000 -25.11474 -14.50000
vertex -97.87868 -19.00610 -19.00610
endloop
endfacet
facet normal 0.9227092201878362 0.3058350539430248 0.23467555211402477
outer loop
vertex -97.00000 -25.11474 -14.50000
vertex -97.00000 -20.50610 -20.50610
vertex -97.87868 -19.00610 -19.00610
endloop
endfacet
facet normal 0.922709222244496 0.23467558396021318 0.3058350233016
outer loop
vertex -97.87868 -19.00610 -19.00610
vertex -97.00000 -20.50610 -20.50610
vertex -97.87868 -13.43934 -23.27762
endloop
endfacet
facet normal 0.9227091680689657 0.23467562805677544 0.3058351529135184
outer loop
vertex -97.00000 -20.50610 -20.50610
vertex -97.00000 -14.50000 -25.11474
vertex -97.87868 -13.43934 -23.27762
endloop
endfacet
facet normal 0.9227091556328548 0.14752319810451842 0.3561526640814567
outer loop
vertex -97.87868 -13.43934 -23.27762
vertex -97.00000 -14.50000 -25.11474
vertex -97.87868 -6.95671 -25.96281
endloop
endfacet
facet normal 0.9227092042237311 0.14752318998928193 0.35615254155515286
outer loop
vertex -97.00000 -14.50000 -25.11474
vertex -97.00000 -7.50575 -28.01185
vertex -97.87868 -6.95671 -25.96281
endloop
endfacet
facet normal 0.9227092052156998 0.050317417382410995 0.38219874426556666
outer loop
vertex -97.87868 -6.95671 -25.96281
vertex -97.00000 -7.50575 -28.01185
vertex -97.87868 -0.00000 -26.87868
endloop
endfacet
facet normal 0.922709241250571 0.0503174350868838 0.3821986549388586
outer loop
vertex -97.00000 -7.50575 -28.01185
vertex -97.00000 -0.00000 -29.00000
vertex -97.87868 -0.00000 -26.87868
endloop
endfacet
facet normal 0.37988359810452144 -0.12074128231759818 0.9171204907946745
outer loop
vertex -100.00000 0.00000 -26.00000
vertex -97.87868 0.00000 -26.87868
vertex -100.00000 6.72930 -25.11407
endloop
endfacet
facet normal 0.37988382890678773 -0.12074118775548442 0.9171204076425916
outer loop
vertex -97.87868 0.00000 -26.87868
vertex -97.87868 6.95671 -25.96281
vertex -100.00000 6.72930 -25.11407
endloop
endfacet
facet normal 0.37988381491492496 -0.3539951788306395 0.8546202083559378
outer loop
vertex -100.00000 6.72930 -25.11407
vertex -97.87868 6.95671 -25.96281
vertex -100.00000 13.00000 -22.51666
endloop
endfacet
facet normal 0.37988395727156743 -0.35399510921882826 0.8546201739116879
outer loop
vertex -97.87868 6.95671 -25.96281
vertex -97.87868 13.43934 -23.27762
vertex -100.00000 13.00000 -22.51666
endloop
endfacet
facet normal 0.37988391856473047 -0.5631250223358446 0.7338790211166686
outer loop
vertex -100.00000 13.00000 -22.51666
vertex -97.87868 13.43934 -23.27762
vertex -100.00000 18.38478 -18.38478
endloop
endfacet
facet normal 0.3798829543416725 -0.5631255381531928 0.733879124434208
outer loop
vertex -97.87868 13.43934 -23.27762
vertex -97.87868 19.00610 -19.00610
vertex -100.00000 18.38478 -18.38478
endloop
endfacet
facet normal 0.37988293831931325 -0.7338793404865821 0.5631252673969304
outer loop
vertex -100.00000 18.38478 -18.38478
vertex -97.87868 19.00610 -19.00610
vertex -100.00000 22.51666 -13.00000
endloop
endfacet
facet normal 0.379883902542257 -0.7338788155047845 0.5631253011031908
outer loop
vertex -97.87868 19.00610 -19.00610
vertex -97.87868 23.27762 -13.43934
vertex -100.00000 22.51666 -13.00000
endloop
endfacet
facet normal 0.3798839596370862 -0.8546201534469424 0.35399515608659554
outer loop
vertex -100.00000 22.51666 -13.00000
vertex -97.87868 23.27762 -13.43934
vertex -100.00000 25.11407 -6.72930
endloop
endfacet
facet normal 0.3798838172804532 -0.8546202270256792 0.353995131219354
outer loop
vertex -97.87868 23.27762 -13.43934
vertex -97.87868 25.96281 -6.95671
vertex -100.00000 25.11407 -6.72930
endloop
endfacet
facet normal 0.3798838327419982 -0.9171203952604889 0.12074126974027583
outer loop
vertex -100.00000 25.11407 -6.72930
vertex -97.87868 25.96281 -6.95671
vertex -100.00000 26.00000 -0.00000
endloop
endfacet
facet normal 0.3798836019397392 -0.917120500053713 0.12074119992163894
outer loop
vertex -97.87868 25.96281 -6.95671
vertex -97.87868 26.87868 -0.00000
vertex -100.00000 26.00000 -0.00000
endloop
endfacet
facet normal 0.3798835981045215 -0.9171204907946746 -0.12074128231759815
outer loop
vertex -100.00000 26.00000 -0.00000
vertex -97.87868 26.87868 -0.00000
vertex -100.00000 25.11407 6.72930
endloop
endfacet
facet normal 0.37988382890678773 -0.9171204076425914 -0.12074118775548437
outer loop
vertex -97.87868 26.87868 -0.00000
vertex -97.87868 25.96281 6.95671
vertex -100.00000 25.11407 6.72930
endloop
endfacet
facet normal 0.3798838149149251 -0.8546202083559378 -0.3539951788306395
outer loop
vertex -100.00000 25.11407 6.72930
vertex -97.87868 25.96281 6.95671
vertex -100.00000 22.51666 13.00000
endloop
endfacet
facet normal 0.3798839572715675 -0.854620173911688 -0.3539951092188283
outer loop
vertex -97.87868 25.96281 6.95671
vertex -97.87868 23.27762 13.43934
vertex -100.00000 22.51666 13.00000
endloop
endfacet
facet normal 0.37988391856473047 -0.7338790211166686 -0.5631250223358446
outer loop
vertex -100.00000 22.51666 13.00000
vertex -97.87868 23.27762 13.43934
vertex -100.00000 18.38478 18.38478
endloop
endfacet
facet normal 0.3798829543416725 -0.733879124434208 -0.5631255381531928
outer loop
vertex -97.87868 23.27762 13.43934
vertex -97.87868 19.00610 19.00610
vertex -100.00000 18.38478 18.38478
endloop
endfacet
facet normal 0.37988293831931325 -0.5631252673969304 -0.7338793404865821
outer loop
vertex -100.00000 18.38478 18.38478
vertex -97.87868 19.00610 19.00610
vertex -100.00000 13.00000 22.51666
endloop
endfacet
facet normal 0.379883902542257 -0.5631253011031908 -0.7338788155047845
outer loop
vertex -97.87868 19.00610 19.00610
vertex -97.87868 13.43934 23.27762
vertex -100.00000 13.00000 22.51666
endloop
endfacet
facet normal 0.3798839596370862 -0.35399515608659554 -0.8546201534469424
outer loop
vertex -100.00000 13.00000 22.51666
vertex -97.87868 13.43934 23.27762
vertex -100.00000 6.72930 25.11407
endloop
endfacet
facet normal 0.37988381728045334 -0.35399513121935405 -0.8546202270256793
outer loop
vertex -97.87868 13.43934 23.27762
vertex -97.87868 6.95671 25.96281
vertex -100.00000 6.72930 25.11407
endloop
endfacet
facet normal 0.37988383274199833 -0.12074126974027585 -0.9171203952604889
outer loop
vertex -100.00000 6.72930 25.11407
vertex -97.87868 6.95671 25.96281
vertex -100.00000 0.00000 26.00000
endloop
endfacet
facet normal 0.37988360193973925 -0.12074119992163897 -0.917120500053713
outer loop
vertex -97.87868 6.95671 25.96281
vertex -97.87868 0.00000 26.87868
vertex -100.00000 0.00000 26.00000
endloop
endfacet
facet normal 0.37988359810452144 0.12074128231759809 -0.9171204907946744
outer loop
vertex -100.00000 0.00000 26.00000
vertex -97.87868 0.00000 26.87868
vertex -100.00000 -6.72930 25.11407
endloop
endfacet
facet normal 0.3798838289067877 0.12074118775548434 -0.9171204076425915
outer loop
vertex -97.87868 0.00000 26.87868
vertex -97.87868 -6.95671 25.96281
vertex -100.00000 -6.72930 25.11407
endloop
endfacet
facet normal 0.37988381491492496 0.3539951788306395 -0.8546202083559378
outer loop
vertex -100.00000 -6.72930 25.11407
vertex -97.87868 -6.95671 25.96281
vertex -100.00000 -13.00000 22.51666
endloop
endfacet
facet normal 0.37988395727156743 0.35399510921882826 -0.8546201739116879
outer loop
vertex -97.87868 -6.95671 25.96281
vertex -97.87868 -13.43934 23.27762
vertex -100.00000 -13.00000 22.51666
endloop
endfacet
facet normal 0.37988391856473047 0.5631250223358446 -0.7338790211166686
outer loop
vertex -100.00000 -13.00000 22.51666
vertex -97.87868 -13.43934 23.27762
vertex -100.00000 -18.38478 18.38478
endloop
endfacet
facet normal 0.3798829543416725 0.5631255381531928 -0.733879124434208
outer loop
vertex -97.87868 -13.43934 23.27762
vertex -97.87868 -19.00610 19.00610
vertex -100.00000 -18.38478 18.38478
endloop
endfacet
facet normal 0.37988293831931325 0.7338793404865821 -0.5631252673969304
outer loop
vertex -100.00000 -18.38478 18.38478
vertex -97.87868 -19.00610 19.00610
vertex -100.00000 -22.51666 13.00000
endloop
endfacet
facet normal 0.379883902542257 0.7338788155047845 -0.5631253011031908
outer loop
vertex -97.87868 -19.00610 19.00610
vertex -97.87868 -23.27762 13.43934
vertex -100.00000 -22.51666 13.00000
endloop
endfacet
facet normal 0.3798839596370862 0.8546201534469424 -0.35399515608659554
outer loop
vertex -100.00000 -22.51666 13.00000
vertex -97.87868 -23.27762 13.43934
vertex -100.00000 -25.11407 6.72930
endloop
endfacet
facet normal 0.37988381728045345 0.8546202270256792 -0.35399513121935405
outer loop
vertex -97.87868 -23.27762 13.43934
vertex -97.87868 -25.96281 6.95671
vertex -100.00000 -25.11407 6.72930
endloop
endfacet
facet normal 0.37988383274199833 0.9171203952604888 -0.12074126974027585
outer loop
vertex -100.00000 -25.11407 6.72930
vertex -97.87868 -25.96281 6.95671
vertex -100.00000 -26.00000 0.00000
endloop
endfacet
facet normal 0.37988360193973925 0.9171205000537129 -0.12074119992163897
outer loop
vertex -97.87868 -25.96281 6.95671
vertex -97.87868 -26.87868 0.00000
vertex -100.00000 -26.00000 0.00000
endloop
endfacet
facet normal 0.3798835981045214 0.9171204907946745 0.12074128231759809
outer loop
vertex -100.00000 -26.00000 0.00000
vertex -97.87868 -26.87868 0.00000
vertex -100.00000 -25.11407 -6.72930
endloop
endfacet
facet normal 0.3798838289067876 0.9171204076425916 0.12074118775548434
outer loop
vertex -97.87868 -26.87868 0.00000
vertex -97.87868 -25.96281 -6.95671
vertex -100.00000 -25.11407 -6.72930
endloop
endfacet
facet normal 0.3798838149149249 0.854620208355938 0.3539951788306396
outer loop
vertex -100.00000 -25.11407 -6.72930
vertex -97.87868 -25.96281 -6.95671
vertex -100.00000 -22.51666 -13.00000
endloop
endfacet
facet normal 0.37988395727156743 0.854620173911688 0.35399510921882826
outer loop
vertex -97.87868 -25.96281 -6.95671
vertex -97.87868 -23.27762 -13.43934
vertex -100.00000 -22.51666 -13.00000
endloop
endfacet
facet normal 0.37988391856473047 0.7338790211166686 0.5631250223358446
outer loop
vertex -100.00000 -22.51666 -13.00000
vertex -97.87868 -23.27762 -13.43934
vertex -100.00000 -18.38478 -18.38478
endloop
endfacet
facet normal 0.3798829543416725 0.733879124434208 0.5631255381531928
outer loop
vertex -97.87868 -23.27762 -13.43934
vertex -97.87868 -19.00610 -19.00610
vertex -100.00000 -18.38478 -18.38478
endloop
endfacet
facet normal 0.37988293831931325 0.5631252673969304 0.7338793404865821
outer loop
vertex -100.00000 -18.38478 -18.38478
vertex -97.87868 -19.00610 -19.00610
vertex -100.00000 -13.00000 -22.51666
endloop
endfacet
facet normal 0.379883902542257 0.5631253011031908 0.7338788155047845
outer loop
vertex -97.87868 -19.00610 -19.00610
vertex -97.87868 -13.43934 -23.27762
vertex -100.00000 -13.00000 -22.51666
endloop
endfacet
facet normal 0.3798839596370862 0.35399515608659554 0.8546201534469424
outer loop
vertex -100.00000 -13.00000 -22.51666
vertex -97.87868 -13.43934 -23.27762
vertex -100.00000 -6.72930 -25.11407
endloop
endfacet
facet normal 0.37988381728045334 0.35399513121935405 0.8546202270256793
outer loop
vertex -97.87868 -13.43934 -23.27762
vertex -97.87868 -6.95671 -25.96281
vertex -100.00000 -6.72930 -25.11407
endloop
endfacet
facet normal 0.37988383274199833 0.1207412697402759 0.917120395260489
outer loop
vertex -100.00000 -6.72930 -25.11407
vertex -97.87868 -6.95671 -25.96281
vertex -100.00000 -0.00000 -26.00000
endloop
endfacet
facet normal 0.37988360193973925 0.120741199921639 0.9171205000537129
outer loop
vertex -97.87868 -6.95671 -25.96281
vertex -97.87868 -0.00000 -26.87868
vertex -100.00000 -0.00000 -26.00000
endloop
endfacet
facet normal -0.3798836019397393 -0.12074119992163891 0.917120500053713
outer loop
vertex -102.12132 0.00000 -26.87868
vertex -100.00000 0.00000 -26.00000
vertex -102.12132 6.95671 -25.96281
endloop
endfacet
facet normal -0.37988383274199833 -0.1207412697402758 0.917120395260489
outer loop
vertex -100.00000 0.00000 -26.00000
vertex -100.00000 6.72930 -25.11407
vertex -102.12132 6.95671 -25.96281
endloop
endfacet
facet normal -0.37988381728045334 -0.35399513121935405 0.8546202270256793
outer loop
vertex -102.12132 6.95671 -25.96281
vertex -100.00000 6.72930 -25.11407
vertex -102.12132 13.43934 -23.27762
endloop
endfacet
facet normal -0.3798839596370862 -0.35399515608659554 0.8546201534469424
outer loop
vertex -100.00000 6.72930 -25.11407
vertex -100.00000 13.00000 -22.51666
vertex -102.12132 13.43934 -23.27762
endloop
endfacet
facet normal -0.379883902542257 -0.5631253011031908 0.7338788155047845
outer loop
vertex -102.12132 13.43934 -23.27762
vertex -100.00000 13.00000 -22.51666
vertex -102.12132 19.00610 -19.00610
endloop
endfacet
facet normal -0.37988293831931325 -0.5631252673969304 0.7338793404865821
outer loop
vertex -100.00000 13.00000 -22.51666
vertex -100.00000 18.38478 -18.38478
vertex -102.12132 19.00610 -19.00610
endloop
endfacet
facet normal -0.3798829543416725 -0.733879124434208 0.5631255381531928
outer loop
vertex -102.12132 19.00610 -19.00610
vertex -100.00000 18.38478 -18.38478
vertex -102.12132 23.27762 -13.43934
endloop
endfacet
facet normal -0.37988391856473047 -0.7338790211166686 0.5631250223358446
outer loop
vertex -100.00000 18.38478 -18.38478
vertex -100.00000 22.51666 -13.00000
vertex -102.12132 23.27762 -13.43934
endloop
endfacet
facet normal -0.37988395727156743 -0.854620173911688 0.3539951092188283
outer loop
vertex -102.12132 23.27762 -13.43934
vertex -100.00000 22.51666 -13.00000
vertex -102.12132 25.96281 -6.95671
endloop
endfacet
facet normal -0.37988381491492507 -0.8546202083559378 0.3539951788306395
outer loop
vertex -100.00000 22.51666 -13.00000
vertex -100.00000 25.11407 -6.72930
vertex -102.12132 25.96281 -6.95671
endloop
endfacet
facet normal -0.37988382890678773 -0.9171204076425915 0.12074118775548442
outer loop
vertex -102.12132 25.96281 -6.95671
vertex -100.00000 25.11407 -6.72930
vertex -102.12132 26.87868 -0.00000
endloop
endfacet
facet normal -0.37988359810452144 -0.9171204907946745 0.12074128231759819
outer loop
vertex -100.00000 25.11407 -6.72930
vertex -100.00000 26.00000 -0.00000
vertex -102.12132 26.87868 -0.00000
endloop
endfacet
facet normal -0.3798836019397392 -0.9171205000537129 -0.12074119992163888
outer loop
vertex -102.12132 26.87868 -0.00000
vertex -100.00000 26.00000 -0.00000
vertex -102.12132 25.96281 6.95671
endloop
endfacet
facet normal -0.3798838327419982 -0.9171203952604888 -0.12074126974027574
outer loop
vertex -100.00000 26.00000 -0.00000
vertex -100.00000 25.11407 6.72930
vertex -102.12132 25.96281 6.95671
endloop
endfacet
facet normal -0.3798838172804532 -0.8546202270256792 -0.353995131219354
outer loop
vertex -102.12132 25.96281 6.95671
vertex -100.00000 25.11407 6.72930
vertex -102.12132 23.27762 13.43934
endloop
endfacet
facet normal -0.3798839596370862 -0.8546201534469424 -0.35399515608659554
outer loop
vertex -100.00000 25.11407 6.72930
vertex -100.00000 22.51666 13.00000
vertex -102.12132 23.27762 13.43934
endloop
endfacet
facet normal -0.379883902542257 -0.7338788155047845 -0.5631253011031908
outer loop
vertex -102.12132 23.27762 13.43934
vertex -100.00000 22.51666 13.00000
vertex -102.12132 19.00610 19.00610
endloop
endfacet
facet normal -0.37988293831931325 -0.7338793404865821 -0.5631252673969304
outer loop
vertex -100.00000 22.51666 13.00000
vertex -100.00000 18.38478 18.38478
vertex -102.12132 19.00610 19.00610
endloop
endfacet
facet normal -0.3798829543416725 -0.5631255381531928 -0.733879124434208
outer loop
vertex -102.12132 19.00610 19.00610
vertex -100.00000 18.38478 18.38478
vertex -102.12132 13.43934 23.27762
endloop
endfacet
facet normal -0.37988391856473047 -0.5631250223358446 -0.7338790211166686
outer loop
vertex -100.00000 18.38478 18.38478
vertex -100.00000 13.00000 22.51666
vertex -102.12132 13.43934 23.27762
endloop
endfacet
facet normal -0.37988395727156743 -0.35399510921882826 -0.8546201739116879
outer loop
vertex -102.12132 13.43934 23.27762
vertex -100.00000 13.00000 22.51666
vertex -102.12132 6.95671 25.96281
endloop
endfacet
facet normal -0.37988381491492496 -0.3539951788306395 -0.8546202083559378
outer loop
vertex -100.00000 13.00000 22.51666
vertex -100.00000 6.72930 25.11407
vertex -102.12132 6.95671 25.96281
endloop
endfacet
facet normal -0.37988382890678773 -0.12074118775548447 -0.9171204076425916
outer loop
vertex -102.12132 6.95671 25.96281
vertex -100.00000 6.72930 25.11407
vertex -102.12132 0.00000 26.87868
endloop
endfacet
facet normal -0.3798835981045214 -0.12074128231759822 -0.9171204907946745
outer loop
vertex -100.00000 6.72930 25.11407
vertex -100.00000 0.00000 26.00000
vertex -102.12132 0.00000 26.87868
endloop
endfacet
facet normal -0.37988360193973925 0.12074119992163883 -0.9171205000537129
outer loop
vertex -102.12132 0.00000 26.87868
vertex -100.00000 0.00000 26.00000
vertex -102.12132 -6.95671 25.96281
endloop
endfacet
facet normal -0.37988383274199833 0.12074126974027571 -0.9171203952604888
outer loop
vertex -100.00000 0.00000 26.00000
vertex -100.00000 -6.72930 25.11407
vertex -102.12132 -6.95671 25.96281
endloop
endfacet
facet normal -0.37988381728045334 0.35399513121935405 -0.8546202270256793
outer loop
vertex -102.12132 -6.95671 25.96281
vertex -100.00000 -6.72930 25.11407
vertex -102.12132 -13.43934 23.27762
endloop
endfacet
facet normal -0.3798839596370862 0.35399515608659554 -0.8546201534469424
outer loop
vertex -100.00000 -6.72930 25.11407
vertex -100.00000 -13.00000 22.51666
vertex -102.12132 -13.43934 23.27762
endloop
endfacet
facet normal -0.379883902542257 0.5631253011031908 -0.7338788155047845
outer loop
vertex -102.12132 -13.43934 23.27762
vertex -100.00000 -13.00000 22.51666
vertex -102.12132 -19.00610 19.00610
endloop
endfacet
facet normal -0.37988293831931325 0.5631252673969304 -0.7338793404865821
outer loop
vertex -100.00000 -13.00000 22.51666
vertex -100.00000 -18.38478 18.38478
vertex -102.12132 -19.00610 19.00610
endloop
endfacet
facet normal -0.3798829543416725 0.733879124434208 -0.5631255381531928
outer loop
vertex -102.12132 -19.00610 19.00610
vertex -100.00000 -18.38478 18.38478
vertex -102.12132 -23.27762 13.43934
endloop
endfacet
facet normal -0.37988391856473047 0.7338790211166686 -0.5631250223358446
outer loop
vertex -100.00000 -18.38478 18.38478
vertex -100.00000 -22.51666 13.00000
vertex -102.12132 -23.27762 13.43934
endloop
endfacet
facet normal -0.3798839572715675 0.854620173911688 -0.35399510921882826
outer loop
vertex -102.12132 -23.27762 13.43934
vertex -100.00000 -22.51666 13.00000
vertex -102.12132 -25.96281 6.95671
endloop
endfacet
facet normal -0.37988381491492484 0.8546202083559378 -0.3539951788306395
outer loop
vertex -100.00000 -22.51666 13.00000
vertex -100.00000 -25.11407 6.72930
vertex -102.12132 -25.96281 6.95671
endloop
endfacet
facet normal -0.3798838289067876 0.9171204076425916 -0.1207411877554845
outer loop
vertex -102.12132 -25.96281 6.95671
vertex -100.00000 -25.11407 6.72930
vertex -102.12132 -26.87868 0.00000
endloop
endfacet
facet normal -0.3798835981045214 0.9171204907946744 -0.12074128231759822
outer loop
vertex -100.00000 -25.11407 6.72930
vertex -100.00000 -26.00000 0.00000
vertex -102.12132 -26.87868 0.00000
endloop
endfacet
facet normal -0.37988360193973925 0.9171205000537129 0.1207411999216388
outer loop
vertex -102.12132 -26.87868 0.00000
vertex -100.00000 -26.00000 0.00000
vertex -102.12132 -25.96281 -6.95671
endloop
endfacet
facet normal -0.3798838327419984 0.9171203952604889 0.12074126974027571
outer loop
vertex -100.00000 -26.00000 0.00000
vertex -100.00000 -25.11407 -6.72930
vertex -102.12132 -25.96281 -6.95671
endloop
endfacet
facet normal -0.37988381728045345 0.8546202270256792 0.35399513121935405
outer loop
vertex -102.12132 -25.96281 -6.95671
vertex -100.00000 -25.11407 -6.72930
vertex -102.12132 -23.27762 -13.43934
endloop
endfacet
facet normal -0.3798839596370862 0.8546201534469424 0.35399515608659554
outer loop
vertex -100.00000 -25.11407 -6.72930
vertex -100.00000 -22.51666 -13.00000
vertex -102.12132 -23.27762 -13.43934
endloop
endfacet
facet normal -0.379883902542257 0.7338788155047845 0.5631253011031908
outer loop
vertex -102.12132 -23.27762 -13.43934
vertex -100.00000 -22.51666 -13.00000
vertex -102.12132 -19.00610 -19.00610
endloop
endfacet
facet normal -0.37988293831931325 0.7338793404865821 0.5631252673969304
outer loop
vertex -100.00000 -22.51666 -13.00000
vertex -100.00000 -18.38478 -18.38478
vertex -102.12132 -19.00610 -19.00610
endloop
endfacet
facet normal -0.3798829543416725 0.5631255381531928 0.733879124434208
outer loop
vertex -102.12132 -19.00610 -19.00610
vertex -100.00000 -18.38478 -18.38478
vertex -102.12132 -13.43934 -23.27762
endloop
endfacet
facet normal -0.37988391856473047 0.5631250223358446 0.7338790211166686
outer loop
vertex -100.00000 -18.38478 -18.38478
vertex -100.00000 -13.00000 -22.51666
vertex -102.12132 -13.43934 -23.27762
endloop
endfacet
facet normal -0.37988395727156743 0.35399510921882826 0.8546201739116879
outer loop
vertex -102.12132 -13.43934 -23.27762
vertex -100.00000 -13.00000 -22.51666
vertex -102.12132 -6.95671 -25.96281
endloop
endfacet
facet normal -0.37988381491492496 0.3539951788306395 0.8546202083559378
outer loop
vertex -100.00000 -13.00000 -22.51666
vertex -100.00000 -6.72930 -25.11407
vertex -102.12132 -6.95671 -25.96281
endloop
endfacet
facet normal -0.37988382890678773 0.12074118775548452 0.9171204076425916
outer loop
vertex -102.12132 -6.95671 -25.96281
vertex -100.00000 -6.72930 -25.11407
vertex -102.12132 -0.00000 -26.87868
endloop
endfacet
facet normal -0.3798835981045214 0.12074128231759824 0.9171204907946744
outer loop
vertex -100.00000 -6.72930 -25.11407
vertex -100.00000 -0.00000 -26.00000
vertex -102.12132 -0.00000 -26.87868
endloop
endfacet
facet normal -0.9227092412505711 -0.050317435086883765 0.3821986549388587
outer loop
vertex -103.00000 0.00000 -29.00000
vertex -102.12132 0.00000 -26.87868
vertex -103.00000 7.50575 -28.01185
endloop
endfacet
facet normal -0.9227092052156997 -0.050317417382410946 0.38219874426556666
outer loop
vertex -102.12132 0.00000 -26.87868
vertex -102.12132 6.95671 -25.96281
vertex -103.00000 7.50575 -28.01185
endloop
endfacet
facet normal -0.9227092042237311 -0.14752318998928193 0.35615254155515286
outer loop
vertex -103.00000 7.50575 -28.01185
vertex -102.12132 6.95671 -25.96281
vertex -103.00000 14.50000 -25.11474
endloop
endfacet
facet normal -0.9227091556328548 -0.14752319810451842 0.3561526640814567
outer loop
vertex -102.12132 6.95671 -25.96281
vertex -102.12132 13.43934 -23.27762
vertex -103.00000 14.50000 -25.11474
endloop
endfacet
facet normal -0.9227091680689657 -0.23467562805677544 0.3058351529135184
outer loop
vertex -103.00000 14.50000 -25.11474
vertex -102.12132 13.43934 -23.27762
vertex -103.00000 20.50610 -20.50610
endloop
endfacet
facet normal -0.922709222244496 -0.23467558396021318 0.3058350233016
outer loop
vertex -102.12132 13.43934 -23.27762
vertex -102.12132 19.00610 -19.00610
vertex -103.00000 20.50610 -20.50610
endloop
endfacet
facet normal -0.9227092201878362 -0.3058350539430248 0.23467555211402477
outer loop
vertex -103.00000 20.50610 -20.50610
vertex -102.12132 19.00610 -19.00610
vertex -103.00000 25.11474 -14.50000
endloop
endfacet
facet normal -0.9227091660123039 -0.305835130083026 0.23467566589652394
outer loop
vertex -102.12132 19.00610 -19.00610
vertex -102.12132 23.27762 -13.43934
vertex -103.00000 25.11474 -14.50000
endloop
endfacet
facet normal -0.9227091574775147 -0.3561526449278644 0.1475232328076544
outer loop
vertex -103.00000 25.11474 -14.50000
vertex -102.12132 23.27762 -13.43934
vertex -103.00000 28.01185 -7.50575
endloop
endfacet
facet normal -0.9227092060683832 -0.3561525525503441 0.14752315190683954
outer loop
vertex -102.12132 23.27762 -13.43934
vertex -102.12132 25.96281 -6.95671
vertex -103.00000 28.01185 -7.50575
endloop
endfacet
facet normal -0.9227092065836898 -0.38219873720621844 0.05031744591759311
outer loop
vertex -103.00000 28.01185 -7.50575
vertex -102.12132 25.96281 -6.95671
vertex -103.00000 29.00000 -0.00000
endloop
endfacet
facet normal -0.9227092426185617 -0.38219865550549886 0.05031740569692679
outer loop
vertex -102.12132 25.96281 -6.95671
vertex -102.12132 26.87868 -0.00000
vertex -103.00000 29.00000 -0.00000
endloop
endfacet
facet normal -0.9227092412505711 -0.3821986549388587 -0.05031743508688376
outer loop
vertex -103.00000 29.00000 -0.00000
vertex -102.12132 26.87868 -0.00000
vertex -103.00000 28.01185 7.50575
endloop
endfacet
facet normal -0.9227092052156995 -0.3821987442655666 -0.05031741738241094
outer loop
vertex -102.12132 26.87868 -0.00000
vertex -102.12132 25.96281 6.95671
vertex -103.00000 28.01185 7.50575
endloop
endfacet
facet normal -0.922709204223731 -0.35615254155515286 -0.1475231899892819
outer loop
vertex -103.00000 28.01185 7.50575
vertex -102.12132 25.96281 6.95671
vertex -103.00000 25.11474 14.50000
endloop
endfacet
facet normal -0.922709155632855 -0.35615266408145674 -0.14752319810451842
outer loop
vertex -102.12132 25.96281 6.95671
vertex -102.12132 23.27762 13.43934
vertex -103.00000 25.11474 14.50000
endloop
endfacet
facet normal -0.9227091680689657 -0.3058351529135184 -0.23467562805677544
outer loop
vertex -103.00000 25.11474 14.50000
vertex -102.12132 23.27762 13.43934
vertex -103.00000 20.50610 20.50610
endloop
endfacet
facet normal -0.922709222244496 -0.3058350233016 -0.23467558396021318
outer loop
vertex -102.12132 23.27762 13.43934
vertex -102.12132 19.00610 19.00610
vertex -103.00000 20.50610 20.50610
endloop
endfacet
facet normal -0.9227092201878362 -0.23467555211402477 -0.3058350539430248
outer loop
vertex -103.00000 20.50610 20.50610
vertex -102.12132 19.00610 19.00610
vertex -103.00000 14.50000 25.11474
endloop
endfacet
facet normal -0.9227091660123039 -0.23467566589652394 -0.305835130083026
outer loop
vertex -102.12132 19.00610 19.00610
vertex -102.12132 13.43934 23.27762
vertex -103.00000 14.50000 25.11474
endloop
endfacet
facet normal -0.9227091574775147 -0.14752323280765436 -0.3561526449278644
outer loop
vertex -103.00000 14.50000 25.11474
vertex -102.12132 13.43934 23.27762
vertex -103.00000 7.50575 28.01185
endloop
endfacet
facet normal -0.9227092060683831 -0.14752315190683948 -0.35615255255034406
outer loop
vertex -102.12132 13.43934 23.27762
vertex -102.12132 6.95671 25.96281
vertex -103.00000 7.50575 28.01185
endloop
endfacet
facet normal -0.9227092065836897 -0.050317445917593115 -0.3821987372062184
outer loop
vertex -103.00000 7.50575 28.01185
vertex -102.12132 6.95671 25.96281
vertex -103.00000 0.00000 29.00000
endloop
endfacet
facet normal -0.9227092426185618 -0.05031740569692681 -0.3821986555054989
outer loop
vertex -102.12132 6.95671 25.96281
vertex -102.12132 0.00000 26.87868
vertex -103.00000 0.00000 29.00000
endloop
endfacet
facet normal -0.9227092412505711 0.050317435086883744 -0.3821986549388587
outer loop
vertex -103.00000 0.00000 29.00000
vertex -102.12132 0.00000 26.87868
vertex -103.00000 -7.50575 28.01185
endloop
endfacet
facet normal -0.9227092052156997 0.050317417382410926 -0.3821987442655667
outer loop
vertex -102.12132 0.00000 26.87868
vertex -102.12132 -6.95671 25.96281
vertex -103.00000 -7.50575 28.01185
endloop
endfacet
facet normal -0.9227092042237311 0.14752318998928193 -0.35615254155515286
outer loop
vertex -103.00000 -7.50575 28.01185
vertex -102.12132 -6.95671 25.96281
vertex -103.00000 -14.50000 25.11474
endloop
endfacet
facet normal -0.9227091556328548 0.14752319810451842 -0.3561526640814567
outer loop
vertex -102.12132 -6.95671 25.96281
vertex -102.12132 -13.43934 23.27762
vertex -103.00000 -14.50000 25.11474
endloop
endfacet
facet normal -0.9227091680689657 0.23467562805677544 -0.3058351529135184
outer loop
vertex -103.00000 -14.50000 25.11474
vertex -102.12132 -13.43934 23.27762
vertex -103.00000 -20.50610 20.50610
endloop
endfacet
facet normal -0.922709222244496 0.23467558396021318 -0.3058350233016
outer loop
vertex -102.12132 -13.43934 23.27762
vertex -102.12132 -19.00610 19.00610
vertex -103.00000 -20.50610 20.50610
endloop
endfacet
facet normal -0.9227092201878362 0.3058350539430248 -0.23467555211402477
outer loop
vertex -103.00000 -20.50610 20.50610
vertex -102.12132 -19.00610 19.00610
vertex -103.00000 -25.11474 14.50000
endloop
endfacet
facet normal -0.9227091660123039 0.305835130083026 -0.23467566589652394
outer loop
vertex -102.12132 -19.00610 19.00610
vertex -102.12132 -23.27762 13.43934
vertex -103.00000 -25.11474 14.50000
endloop
endfacet
facet normal -0.9227091574775146 0.3561526449278644 -0.14752323280765434
outer loop
vertex -103.00000 -25.11474 14.50000
vertex -102.12132 -23.27762 13.43934
vertex -103.00000 -28.01185 7.50575
endloop
endfacet
facet normal -0.9227092060683832 0.3561525525503441 -0.14752315190683948
outer loop
vertex -102.12132 -23.27762 13.43934
vertex -102.12132 -25.96281 6.95671
vertex -103.00000 -28.01185 7.50575
endloop
endfacet
facet normal -0.9227092065836896 0.38219873720621833 -0.050317445917593115
outer loop
vertex -103.00000 -28.01185 7.50575
vertex -102.12132 -25.96281 6.95671
vertex -103.00000 -29.00000 0.00000
endloop
endfacet
facet normal -0.9227092426185618 0.38219865550549903 -0.05031740569692683
outer loop
vertex -102.12132 -25.96281 6.95671
vertex -102.12132 -26.87868 0.00000
vertex -103.00000 -29.00000 0.00000
endloop
endfacet
facet normal -0.9227092412505711 0.38219865493885863 0.05031743508688373
outer loop
vertex -103.00000 -29.00000 0.00000
vertex -102.12132 -26.87868 0.00000
vertex -103.00000 -28.01185 -7.50575
endloop
endfacet
facet normal -0.9227092052156998 0.38219874426556666 0.05031741738241092
outer loop
vertex -102.12132 -26.87868 0.00000
vertex -102.12132 -25.96281 -6.95671
vertex -103.00000 -28.01185 -7.50575
endloop
endfacet
facet normal -0.9227092042237313 0.3561525415551529 0.147523189989282
outer loop
vertex -103.00000 -28.01185 -7.50575
vertex -102.12132 -25.96281 -6.95671
vertex -103.00000 -25.11474 -14.50000
endloop
endfacet
facet normal -0.9227091556328549 0.3561526640814568 0.14752319810451847
outer loop
vertex -102.12132 -25.96281 -6.95671
vertex -102.12132 -23.27762 -13.43934
vertex -103.00000 -25.11474 -14.50000
endloop
endfacet
facet normal -0.9227091680689657 0.3058351529135184 0.23467562805677544
outer loop
vertex -103.00000 -25.11474 -14.50000
vertex -102.12132 -23.27762 -13.43934
vertex -103.00000 -20.50610 -20.50610
endloop
endfacet
facet normal -0.922709222244496 0.3058350233016 0.23467558396021318
outer loop
vertex -102.12132 -23.27762 -13.43934
vertex -102.12132 -19.00610 -19.00610
vertex -103.00000 -20.50610 -20.50610
endloop
endfacet
facet normal -0.9227092201878362 0.23467555211402477 0.3058350539430248
outer loop
vertex -103.00000 -20.50610 -20.50610
vertex -102.12132 -19.00610 -19.00610
vertex -103.00000 -14.50000 -25.11474
endloop
endfacet
facet normal -0.9227091660123039 0.23467566589652394 0.305835130083026
outer loop
vertex -102.12132 -19.00610 -19.00610
vertex -102.12132 -13.43934 -23.27762
vertex -103.00000 -14.50000 -25.11474
endloop
endfacet
facet normal -0.9227091574775147 0.14752323280765436 0.3561526449278644
outer loop
vertex -103.00000 -14.50000 -25.11474
vertex -102.12132 -13.43934 -23.27762
vertex -103.00000 -7.50575 -28.01185
endloop
endfacet
facet normal -0.9227092060683831 0.14752315190683948 0.35615255255034406
outer loop
vertex -102.12132 -13.43934 -23.27762
vertex -102.12132 -6.95671 -25.96281
vertex -103.00000 -7.50575 -28.01185
endloop
endfacet
facet normal -0.9227092065836896 0.05031744591759312 0.38219873720621833
outer loop
vertex -103.00000 -7.50575 -28.01185
vertex -102.12132 -6.95671 -25.96281
vertex -103.00000 -0.00000 -29.00000
endloop
endfacet
facet normal -0.9227092426185618 0.05031740569692682 0.38219865550549886
outer loop
vertex -102.12132 -6.95671 -25.96281
vertex -102.12132 -0.00000 -26.87868
vertex -103.00000 -0.00000 -29.00000
endloop
endfacet
facet normal -0.9227092402073708 0.05031745749901892 -0.382198654506751
outer loop
vertex -102.12132 0.00000 -31.12132
vertex -103.00000 0.00000 -29.00000
vertex -102.12132 8.05479 -30.06089
endloop
endfacet
facet normal -0.9227092106415716 0.0503174446498201 -0.38219872757653184
outer loop
vertex -103.00000 0.00000 -29.00000
vertex -103.00000 7.50575 -28.01185
vertex -102.12132 8.05479 -30.06089
endloop
endfacet
facet normal -0.9227092180377484 0.1475231395174145 -0.35615252667234026
outer loop
vertex -102.12132 8.05479 -30.06089
vertex -103.00000 7.50575 -28.01185
vertex -102.12132 15.56066 -26.95185
endloop
endfacet
facet normal -0.9227092723660809 0.14752312757255726 -0.35615239086782613
outer loop
vertex -103.00000 7.50575 -28.01185
vertex -103.00000 14.50000 -25.11474
vertex -102.12132 15.56066 -26.95185
endloop
endfacet
facet normal -0.9227092651399054 0.23467551348477786 -0.30583494796316435
outer loop
vertex -102.12132 15.56066 -26.95185
vertex -103.00000 14.50000 -25.11474
vertex -102.12132 22.00610 -22.00610
endloop
endfacet
facet normal -0.9227092201878362 0.23467555211402477 -0.3058350539430248
outer loop
vertex -103.00000 14.50000 -25.11474
vertex -103.00000 20.50610 -20.50610
vertex -102.12132 22.00610 -22.00610
endloop
endfacet
facet normal -0.9227092217739233 0.3058350303124912 -0.2346755766736668
outer loop
vertex -102.12132 22.00610 -22.00610
vertex -103.00000 20.50610 -20.50610
vertex -102.12132 26.95185 -15.56066
endloop
endfacet
facet normal -0.9227092667259977 0.30583496556991885 -0.23467548430293786
outer loop
vertex -103.00000 20.50610 -20.50610
vertex -103.00000 25.11474 -14.50000
vertex -102.12132 26.95185 -15.56066
endloop
endfacet
facet normal -0.9227092704491605 0.3561524107717833 -0.14752309150985382
outer loop
vertex -102.12132 26.95185 -15.56066
vertex -103.00000 25.11474 -14.50000
vertex -102.12132 30.06089 -8.05479
endloop
endfacet
facet normal -0.922709216120831 0.3561525152463773 -0.14752317909183202
outer loop
vertex -103.00000 25.11474 -14.50000
vertex -103.00000 28.01185 -7.50575
vertex -102.12132 30.06089 -8.05479
endloop
endfacet
facet normal -0.9227092116847719 0.3821987221932239 -0.05031746641012101
outer loop
vertex -102.12132 30.06089 -8.05479
vertex -103.00000 28.01185 -7.50575
vertex -102.12132 31.12132 -0.00000
endloop
endfacet
facet normal -0.9227092412505711 0.3821986549388587 -0.050317435086883786
outer loop
vertex -103.00000 28.01185 -7.50575
vertex -103.00000 29.00000 -0.00000
vertex -102.12132 31.12132 -0.00000
endloop
endfacet
facet normal -0.9227092402073708 0.382198654506751 0.050317457499018906
outer loop
vertex -102.12132 31.12132 -0.00000
vertex -103.00000 29.00000 -0.00000
vertex -102.12132 30.06089 8.05479
endloop
endfacet
facet normal -0.9227092106415716 0.38219872757653184 0.05031744464982009
outer loop
vertex -103.00000 29.00000 -0.00000
vertex -103.00000 28.01185 7.50575
vertex -102.12132 30.06089 8.05479
endloop
endfacet
facet normal -0.9227092180377485 0.35615252667234026 0.1475231395174145
outer loop
vertex -102.12132 30.06089 8.05479
vertex -103.00000 28.01185 7.50575
vertex -102.12132 26.95185 15.56066
endloop
endfacet
facet normal -0.9227092723660807 0.3561523908678261 0.1475231275725572
outer loop
vertex -103.00000 28.01185 7.50575
vertex -103.00000 25.11474 14.50000
vertex -102.12132 26.95185 15.56066
endloop
endfacet
facet normal -0.9227092651399054 0.30583494796316435 0.23467551348477786
outer loop
vertex -102.12132 26.95185 15.56066
vertex -103.00000 25.11474 14.50000
vertex -102.12132 22.00610 22.00610
endloop
endfacet
facet normal -0.9227092201878362 0.3058350539430248 0.23467555211402477
outer loop
vertex -103.00000 25.11474 14.50000
vertex -103.00000 20.50610 20.50610
vertex -102.12132 22.00610 22.00610
endloop
endfacet
facet normal -0.9227092217739233 0.2346755766736668 0.3058350303124912
outer loop
vertex -102.12132 22.00610 22.00610
vertex -103.00000 20.50610 20.50610
vertex -102.12132 15.56066 26.95185
endloop
endfacet
facet normal -0.9227092667259975 0.2346754843029378 0.3058349655699188
outer loop
vertex -103.00000 20.50610 20.50610
vertex -103.00000 14.50000 25.11474
vertex -102.12132 15.56066 26.95185
endloop
endfacet
facet normal -0.9227092704491605 0.14752309150985382 0.3561524107717833
outer loop
vertex -102.12132 15.56066 26.95185
vertex -103.00000 14.50000 25.11474
vertex -102.12132 8.05479 30.06089
endloop
endfacet
facet normal -0.922709216120831 0.14752317909183194 0.3561525152463772
outer loop
vertex -103.00000 14.50000 25.11474
vertex -103.00000 7.50575 28.01185
vertex -102.12132 8.05479 30.06089
endloop
endfacet
facet normal -0.9227092116847719 0.050317466410121026 0.3821987221932239
outer loop
vertex -102.12132 8.05479 30.06089
vertex -103.00000 7.50575 28.01185
vertex -102.12132 0.00000 31.12132
endloop
endfacet
facet normal -0.922709241250571 0.050317435086883786 0.3821986549388586
outer loop
vertex -103.00000 7.50575 28.01185
vertex -103.00000 0.00000 29.00000
vertex -102.12132 0.00000 31.12132
endloop
endfacet
facet normal -0.9227092402073709 -0.0503174574990189 0.38219865450675106
outer loop
vertex -102.12132 0.00000 31.12132
vertex -103.00000 0.00000 29.00000
vertex -102.12132 -8.05479 30.06089
endloop
endfacet
facet normal -0.9227092106415716 -0.050317444649820076 0.38219872757653184
outer loop
vertex -103.00000 0.00000 29.00000
vertex -103.00000 -7.50575 28.01185
vertex -102.12132 -8.05479 30.06089
endloop
endfacet
facet normal -0.9227092180377484 -0.1475231395174145 0.35615252667234026
outer loop
vertex -102.12132 -8.05479 30.06089
vertex -103.00000 -7.50575 28.01185
vertex -102.12132 -15.56066 26.95185
endloop
endfacet
facet normal -0.9227092723660809 -0.14752312757255726 0.35615239086782613
outer loop
vertex -103.00000 -7.50575 28.01185
vertex -103.00000 -14.50000 25.11474
vertex -102.12132 -15.56066 26.95185
endloop
endfacet
facet normal -0.9227092651399054 -0.23467551348477786 0.30583494796316435
outer loop
vertex -102.12132 -15.56066 26.95185
vertex -103.00000 -14.50000 25.11474
vertex -102.12132 -22.00610 22.00610
endloop
endfacet
facet normal -0.9227092201878362 -0.23467555211402477 0.3058350539430248
outer loop
vertex -103.00000 -14.50000 25.11474
vertex -103.00000 -20.50610 20.50610
vertex -102.12132 -22.00610 22.00610
endloop
endfacet
facet normal -0.9227092217739233 -0.3058350303124912 0.2346755766736668
outer loop
vertex -102.12132 -22.00610 22.00610
vertex -103.00000 -20.50610 20.50610
vertex -102.12132 -26.95185 15.56066
endloop
endfacet
facet normal -0.9227092667259977 -0.30583496556991885 0.23467548430293786
outer loop
vertex -103.00000 -20.50610 20.50610
vertex -103.00000 -25.11474 14.50000
vertex -102.12132 -26.95185 15.56066
endloop
endfacet
facet normal -0.9227092704491605 -0.3561524107717833 0.14752309150985382
outer loop
vertex -102.12132 -26.95185 15.56066
vertex -103.00000 -25.11474 14.50000
vertex -102.12132 -30.06089 8.05479
endloop
endfacet
facet normal -0.922709216120831 -0.35615251524637714 0.1475231790918319
outer loop
vertex -103.00000 -25.11474 14.50000
vertex -103.00000 -28.01185 7.50575
vertex -102.12132 -30.06089 8.05479
endloop
endfacet
facet normal -0.9227092116847719 -0.3821987221932239 0.05031746641012103
outer loop
vertex -102.12132 -30.06089 8.05479
vertex -103.00000 -28.01185 7.50575
vertex -102.12132 -31.12132 0.00000
endloop
endfacet
facet normal -0.9227092412505711 -0.3821986549388587 0.0503174350868838
outer loop
vertex -103.00000 -28.01185 7.50575
vertex -103.00000 -29.00000 0.00000
vertex -102.12132 -31.12132 0.00000
endloop
endfacet
facet normal -0.9227092402073708 -0.382198654506751 -0.05031745749901889
outer loop
vertex -102.12132 -31.12132 0.00000
vertex -103.00000 -29.00000 0.00000
vertex -102.12132 -30.06089 -8.05479
endloop
endfacet
facet normal -0.9227092106415717 -0.38219872757653184 -0.05031744464982007
outer loop
vertex -103.00000 -29.00000 0.00000
vertex -103.00000 -28.01185 -7.50575
vertex -102.12132 -30.06089 -8.05479
endloop
endfacet
facet normal -0.9227092180377484 -0.3561525266723404 -0.14752313951741455
outer loop
vertex -102.12132 -30.06089 -8.05479
vertex -103.00000 -28.01185 -7.50575
vertex -102.12132 -26.95185 -15.56066
endloop
endfacet
facet normal -0.9227092723660809 -0.3561523908678261 -0.14752312757255726
outer loop
vertex -103.00000 -28.01185 -7.50575
vertex -103.00000 -25.11474 -14.50000
vertex -102.12132 -26.95185 -15.56066
endloop
endfacet
facet normal -0.9227092651399054 -0.30583494796316435 -0.23467551348477786
outer loop
vertex -102.12132 -26.95185 -15.56066
vertex -103.00000 -25.11474 -14.50000
vertex -102.12132 -22.00610 -22.00610
endloop
endfacet
facet normal -0.9227092201878362 -0.3058350539430248 -0.23467555211402477
outer loop
vertex -103.00000 -25.11474 -14.50000
vertex -103.00000 -20.50610 -20.50610
vertex -102.12132 -22.00610 -22.00610
endloop
endfacet
facet normal -0.9227092217739233 -0.2346755766736668 -0.3058350303124912
outer loop
vertex -102.12132 -22.00610 -22.00610
vertex -103.00000 -20.50610 -20.50610
vertex -102.12132 -15.56066 -26.95185
endloop
endfacet
facet normal -0.9227092667259975 -0.2346754843029378 -0.3058349655699188
outer loop
vertex -103.00000 -20.50610 -20.50610
vertex -103.00000 -14.50000 -25.11474
vertex -102.12132 -15.56066 -26.95185
endloop
endfacet
facet normal -0.9227092704491605 -0.14752309150985382 -0.3561524107717833
outer loop
vertex -102.12132 -15.56066 -26.95185
vertex -103.00000 -14.50000 -25.11474
vertex -102.12132 -8.05479 -30.06089
endloop
endfacet
facet normal -0.922709216120831 -0.14752317909183194 -0.3561525152463772
outer loop
vertex -103.00000 -14.50000 -25.11474
vertex -103.00000 -7.50575 -28.01185
vertex -102.12132 -8.05479 -30.06089
endloop
endfacet
facet normal -0.9227092116847719 -0.05031746641012104 -0.3821987221932239
outer loop
vertex -102.12132 -8.05479 -30.06089
vertex -103.00000 -7.50575 -28.01185
vertex -102.12132 -0.00000 -31.12132
endloop
endfacet
facet normal -0.922709241250571 -0.0503174350868838 -0.3821986549388586
outer loop
vertex -103.00000 -7.50575 -28.01185
vertex -103.00000 -0.00000 -29.00000
vertex -102.12132 -0.00000 -31.12132
endloop
endfacet
facet normal -0.379883599496815 0.12074125240551833 -0.9171204941559699
outer loop
vertex -100.00000 0.00000 -32.00000
vertex -102.12132 0.00000 -31.12132
vertex -100.00000 8.28221 -30.90963
endloop
endfacet
facet normal -0.37988383462276887 0.12074130994528028 -0.9171203891883544
outer loop
vertex -102.12132 0.00000 -31.12132
vertex -102.12132 8.05479 -30.06089
vertex -100.00000 8.28221 -30.90963
endloop
endfacet
facet normal -0.37988381034164126 0.35399527087763477 -0.8546201722616813
outer loop
vertex -100.00000 8.28221 -30.90963
vertex -102.12132 8.05479 -30.06089
vertex -100.00000 16.00000 -27.71281
endloop
endfacet
facet normal -0.3798832995745813 0.3539952091588613 -0.8546204248652749
outer loop
vertex -102.12132 8.05479 -30.06089
vertex -102.12132 15.56066 -26.95185
vertex -100.00000 16.00000 -27.71281
endloop
endfacet
facet normal -0.3798833474313503 0.5631252766418824 -0.7338791216210987
outer loop
vertex -100.00000 16.00000 -27.71281
vertex -102.12132 15.56066 -26.95185
vertex -100.00000 22.62742 -22.62742
endloop
endfacet
facet normal -0.37988395111231954 0.5631252698305989 -0.7338788143593655
outer loop
vertex -102.12132 15.56066 -26.95185
vertex -102.12132 22.00610 -22.00610
vertex -100.00000 22.62742 -22.62742
endloop
endfacet
facet normal -0.3798839427087908 0.7338789276759847 -0.5631251278225567
outer loop
vertex -100.00000 22.62742 -22.62742
vertex -102.12132 22.00610 -22.00610
vertex -100.00000 27.71281 -16.00000
endloop
endfacet
facet normal -0.37988333902784704 0.7338790137802856 -0.5631254228517206
outer loop
vertex -102.12132 22.00610 -22.00610
vertex -102.12132 26.95185 -15.56066
vertex -100.00000 27.71281 -16.00000
endloop
endfacet
facet normal -0.3798833066847325 0.8546203633538086 -0.3539953500305867
outer loop
vertex -100.00000 27.71281 -16.00000
vertex -102.12132 26.95185 -15.56066
vertex -100.00000 30.90963 -8.28221
endloop
endfacet
facet normal -0.3798838174517754 0.8546202283778253 -0.3539951277711319
outer loop
vertex -102.12132 26.95185 -15.56066
vertex -102.12132 30.06089 -8.05479
vertex -100.00000 30.90963 -8.28221
endloop
endfacet
facet normal -0.37988383134970793 0.9171203997555456 -0.12074123997746172
outer loop
vertex -100.00000 30.90963 -8.28221
vertex -102.12132 30.06089 -8.05479
vertex -100.00000 32.00000 -0.00000
endloop
endfacet
facet normal -0.3798835962237454 0.9171204862540777 -0.12074132272423792
outer loop
vertex -102.12132 30.06089 -8.05479
vertex -102.12132 31.12132 -0.00000
vertex -100.00000 32.00000 -0.00000
endloop
endfacet
facet normal -0.37988359949681505 0.9171204941559697 0.1207412524055183
outer loop
vertex -100.00000 32.00000 -0.00000
vertex -102.12132 31.12132 -0.00000
vertex -100.00000 30.90963 8.28221
endloop
endfacet
facet normal -0.37988383462276887 0.9171203891883544 0.12074130994528025
outer loop
vertex -102.12132 31.12132 -0.00000
vertex -102.12132 30.06089 8.05479
vertex -100.00000 30.90963 8.28221
endloop
endfacet
facet normal -0.37988381034164126 0.8546201722616813 0.35399527087763477
outer loop
vertex -100.00000 30.90963 8.28221
vertex -102.12132 30.06089 8.05479
vertex -100.00000 27.71281 16.00000
endloop
endfacet
facet normal -0.3798832995745813 0.8546204248652749 0.3539952091588613
outer loop
vertex -102.12132 30.06089 8.05479
vertex -102.12132 26.95185 15.56066
vertex -100.00000 27.71281 16.00000
endloop
endfacet
facet normal -0.3798833474313503 0.7338791216210987 0.5631252766418824
outer loop
vertex -100.00000 27.71281 16.00000
vertex -102.12132 26.95185 15.56066
vertex -100.00000 22.62742 22.62742
endloop
endfacet
facet normal -0.37988395111231954 0.7338788143593655 0.5631252698305989
outer loop
vertex -102.12132 26.95185 15.56066
vertex -102.12132 22.00610 22.00610
vertex -100.00000 22.62742 22.62742
endloop
endfacet
facet normal -0.3798839427087908 0.5631251278225567 0.7338789276759847
outer loop
vertex -100.00000 22.62742 22.62742
vertex -102.12132 22.00610 22.00610
vertex -100.00000 16.00000 27.71281
endloop
endfacet
facet normal -0.37988333902784704 0.5631254228517206 0.7338790137802856
outer loop
vertex -102.12132 22.00610 22.00610
vertex -102.12132 15.56066 26.95185
vertex -100.00000 16.00000 27.71281
endloop
endfacet
facet normal -0.3798833066847325 0.35399535003058724 0.8546203633538083
outer loop
vertex -100.00000 16.00000 27.71281
vertex -102.12132 15.56066 26.95185
vertex -100.00000 8.28221 30.90963
endloop
endfacet
facet normal -0.3798838174517776 0.35399512777113157 0.8546202283778244
outer loop
vertex -102.12132 15.56066 26.95185
vertex -102.12132 8.05479 30.06089
vertex -100.00000 8.28221 30.90963
endloop
endfacet
facet normal -0.3798838313497101 0.12074123997746161 0.9171203997555446
outer loop
vertex -100.00000 8.28221 30.90963
vertex -102.12132 8.05479 30.06089
vertex -100.00000 0.00000 32.00000
endloop
endfacet
facet normal -0.37988359622374746 0.12074132272423779 0.9171204862540767
outer loop
vertex -102.12132 8.05479 30.06089
vertex -102.12132 0.00000 31.12132
vertex -100.00000 0.00000 32.00000
endloop
endfacet
facet normal -0.3798835994968172 -0.12074125240551817 0.917120494155969
outer loop
vertex -100.00000 0.00000 32.00000
vertex -102.12132 0.00000 31.12132
vertex -100.00000 -8.28221 30.90963
endloop
endfacet
facet normal -0.37988383462277103 -0.1207413099452801 0.9171203891883535
outer loop
vertex -102.12132 0.00000 31.12132
vertex -102.12132 -8.05479 30.06089
vertex -100.00000 -8.28221 30.90963
endloop
endfacet
facet normal -0.3798838103416434 -0.3539952708776351 0.8546201722616802
outer loop
vertex -100.00000 -8.28221 30.90963
vertex -102.12132 -8.05479 30.06089
vertex -100.00000 -16.00000 27.71281
endloop
endfacet
facet normal -0.3798832995745813 -0.3539952091588613 0.8546204248652749
outer loop
vertex -102.12132 -8.05479 30.06089
vertex -102.12132 -15.56066 26.95185
vertex -100.00000 -16.00000 27.71281
endloop
endfacet
facet normal -0.3798833474313503 -0.5631252766418824 0.7338791216210987
outer loop
vertex -100.00000 -16.00000 27.71281
vertex -102.12132 -15.56066 26.95185
vertex -100.00000 -22.62742 22.62742
endloop
endfacet
facet normal -0.37988395111231954 -0.5631252698305989 0.7338788143593655
outer loop
vertex -102.12132 -15.56066 26.95185
vertex -102.12132 -22.00610 22.00610
vertex -100.00000 -22.62742 22.62742
endloop
endfacet
facet normal -0.3798839427087908 -0.7338789276759847 0.5631251278225567
outer loop
vertex -100.00000 -22.62742 22.62742
vertex -102.12132 -22.00610 22.00610
vertex -100.00000 -27.71281 16.00000
endloop
endfacet
facet normal -0.37988333902784704 -0.7338790137802856 0.5631254228517206
outer loop
vertex -102.12132 -22.00610 22.00610
vertex -102.12132 -26.95185 15.56066
vertex -100.00000 -27.71281 16.00000
endloop
endfacet
facet normal -0.3798833066847325 -0.8546203633538086 0.3539953500305867
outer loop
vertex -100.00000 -27.71281 16.00000
vertex -102.12132 -26.95185 15.56066
vertex -100.00000 -30.90963 8.28221
endloop
endfacet
facet normal -0.3798838174517754 -0.8546202283778253 0.3539951277711319
outer loop
vertex -102.12132 -26.95185 15.56066
vertex -102.12132 -30.06089 8.05479
vertex -100.00000 -30.90963 8.28221
endloop
endfacet
facet normal -0.3798838313497079 -0.9171203997555455 0.12074123997746175
outer loop
vertex -100.00000 -30.90963 8.28221
vertex -102.12132 -30.06089 8.05479
vertex -100.00000 -32.00000 0.00000
endloop
endfacet
facet normal -0.37988359622374535 -0.9171204862540777 0.12074132272423797
outer loop
vertex -102.12132 -30.06089 8.05479
vertex -102.12132 -31.12132 0.00000
vertex -100.00000 -32.00000 0.00000
endloop
endfacet
facet normal -0.379883599496815 -0.91712049415597 -0.12074125240551828
outer loop
vertex -100.00000 -32.00000 0.00000
vertex -102.12132 -31.12132 0.00000
vertex -100.00000 -30.90963 -8.28221
endloop
endfacet
facet normal -0.37988383462276887 -0.9171203891883544 -0.12074130994528019
outer loop
vertex -102.12132 -31.12132 0.00000
vertex -102.12132 -30.06089 -8.05479
vertex -100.00000 -30.90963 -8.28221
endloop
endfacet
facet normal -0.37988381034164126 -0.8546201722616813 -0.35399527087763477
outer loop
vertex -100.00000 -30.90963 -8.28221
vertex -102.12132 -30.06089 -8.05479
vertex -100.00000 -27.71281 -16.00000
endloop
endfacet
facet normal -0.3798832995745813 -0.8546204248652749 -0.3539952091588613
outer loop
vertex -102.12132 -30.06089 -8.05479
vertex -102.12132 -26.95185 -15.56066
vertex -100.00000 -27.71281 -16.00000
endloop
endfacet
facet normal -0.3798833474313503 -0.7338791216210987 -0.5631252766418824
outer loop
vertex -100.00000 -27.71281 -16.00000
vertex -102.12132 -26.95185 -15.56066
vertex -100.00000 -22.62742 -22.62742
endloop
endfacet
facet normal -0.37988395111231954 -0.7338788143593655 -0.5631252698305989
outer loop
vertex -102.12132 -26.95185 -15.56066
vertex -102.12132 -22.00610 -22.00610
vertex -100.00000 -22.62742 -22.62742
endloop
endfacet
facet normal -0.3798839427087908 -0.5631251278225567 -0.7338789276759847
outer loop
vertex -100.00000 -22.62742 -22.62742
vertex -102.12132 -22.00610 -22.00610
vertex -100.00000 -16.00000 -27.71281
endloop
endfacet
facet normal -0.37988333902784704 -0.5631254228517206 -0.7338790137802856
outer loop
vertex -102.12132 -22.00610 -22.00610
vertex -102.12132 -15.56066 -26.95185
vertex -100.00000 -16.00000 -27.71281
endloop
endfacet
facet normal -0.37988330668473247 -0.35399535003058663 -0.8546203633538085
outer loop
vertex -100.00000 -16.00000 -27.71281
vertex -102.12132 -15.56066 -26.95185
vertex -100.00000 -8.28221 -30.90963
endloop
endfacet
facet normal -0.3798838174517754 -0.3539951277711319 -0.8546202283778253
outer loop
vertex -102.12132 -15.56066 -26.95185
vertex -102.12132 -8.05479 -30.06089
vertex -100.00000 -8.28221 -30.90963
endloop
endfacet
facet normal -0.3798838313497079 -0.12074123997746178 -0.9171203997555455
outer loop
vertex -100.00000 -8.28221 -30.90963
vertex -102.12132 -8.05479 -30.06089
vertex -100.00000 -0.00000 -32.00000
endloop
endfacet
facet normal -0.3798835962237453 -0.12074132272423799 -0.9171204862540776
outer loop
vertex -102.12132 -8.05479 -30.06089
vertex -102.12132 -0.00000 -31.12132
vertex -100.00000 -0.00000 -32.00000
endloop
endfacet
facet normal 0.37988359622374535 0.12074132272423788 -0.9171204862540776
outer loop
vertex -87.87868 0.00000 -31.12132
vertex -90.00000 0.00000 -32.00000
vertex -87.87868 8.05479 -30.06089
endloop
endfacet
facet normal 0.37988383134970793 0.12074123997746168 -0.9171203997555455
outer loop
vertex -90.00000 0.00000 -32.00000
vertex -90.00000 8.28221 -30.90963
vertex -87.87868 8.05479 -30.06089
endloop
endfacet
facet normal 0.3798838174517754 0.3539951277711319 -0.8546202283778253
outer loop
vertex -87.87868 8.05479 -30.06089
vertex -90.00000 8.28221 -30.90963
vertex -87.87868 15.56066 -26.95185
endloop
endfacet
facet normal 0.37988330668473247 0.35399535003058663 -0.8546203633538085
outer loop
vertex -90.00000 8.28221 -30.90963
vertex -90.00000 16.00000 -27.71281
vertex -87.87868 15.56066 -26.95185
endloop
endfacet
facet normal 0.37988333902784704 0.5631254228517206 -0.7338790137802856
outer loop
vertex -87.87868 15.56066 -26.95185
vertex -90.00000 16.00000 -27.71281
vertex -87.87868 22.00610 -22.00610
endloop
endfacet
facet normal 0.3798839427087908 0.5631251278225567 -0.7338789276759847
outer loop
vertex -90.00000 16.00000 -27.71281
vertex -90.00000 22.62742 -22.62742
vertex -87.87868 22.00610 -22.00610
endloop
endfacet
facet normal 0.37988395111231954 0.7338788143593655 -0.5631252698305989
outer loop
vertex -87.87868 22.00610 -22.00610
vertex -90.00000 22.62742 -22.62742
vertex -87.87868 26.95185 -15.56066
endloop
endfacet
facet normal 0.3798833474313503 0.7338791216210987 -0.5631252766418824
outer loop
vertex -90.00000 22.62742 -22.62742
vertex -90.00000 27.71281 -16.00000
vertex -87.87868 26.95185 -15.56066
endloop
endfacet
facet normal 0.3798832995745813 0.8546204248652749 -0.3539952091588613
outer loop
vertex -87.87868 26.95185 -15.56066
vertex -90.00000 27.71281 -16.00000
vertex -87.87868 30.06089 -8.05479
endloop
endfacet
facet normal 0.37988381034164126 0.8546201722616813 -0.35399527087763477
outer loop
vertex -90.00000 27.71281 -16.00000
vertex -90.00000 30.90963 -8.28221
vertex -87.87868 30.06089 -8.05479
endloop
endfacet
facet normal 0.3798838346227688 0.9171203891883543 -0.12074130994528029
outer loop
vertex -87.87868 30.06089 -8.05479
vertex -90.00000 30.90963 -8.28221
vertex -87.87868 31.12132 -0.00000
endloop
endfacet
facet normal 0.379883599496815 0.9171204941559697 -0.12074125240551836
outer loop
vertex -90.00000 30.90963 -8.28221
vertex -90.00000 32.00000 -0.00000
vertex -87.87868 31.12132 -0.00000
endloop
endfacet
facet normal 0.3798835962237454 0.9171204862540777 0.12074132272423788
outer loop
vertex -87.87868 31.12132 -0.00000
vertex -90.00000 32.00000 -0.00000
vertex -87.87868 30.06089 8.05479
endloop
endfacet
facet normal 0.37988383134970793 0.9171203997555456 0.12074123997746167
outer loop
vertex -90.00000 32.00000 -0.00000
vertex -90.00000 30.90963 8.28221
vertex -87.87868 30.06089 8.05479
endloop
endfacet
facet normal 0.3798838174517754 0.8546202283778253 0.3539951277711319
outer loop
vertex -87.87868 30.06089 8.05479
vertex -90.00000 30.90963 8.28221
vertex -87.87868 26.95185 15.56066
endloop
endfacet
facet normal 0.3798833066847325 0.8546203633538086 0.3539953500305867
outer loop
vertex -90.00000 30.90963 8.28221
vertex -90.00000 27.71281 16.00000
vertex -87.87868 26.95185 15.56066
endloop
endfacet
facet normal 0.37988333902784704 0.7338790137802856 0.5631254228517206
outer loop
vertex -87.87868 26.95185 15.56066
vertex -90.00000 27.71281 16.00000
vertex -87.87868 22.00610 22.00610
endloop
endfacet
facet normal 0.3798839427087908 0.7338789276759847 0.5631251278225567
outer loop
vertex -90.00000 27.71281 16.00000
vertex -90.00000 22.62742 22.62742
vertex -87.87868 22.00610 22.00610
endloop
endfacet
facet normal 0.37988395111231954 0.5631252698305989 0.7338788143593655
outer loop
vertex -87.87868 22.00610 22.00610
vertex -90.00000 22.62742 22.62742
vertex -87.87868 15.56066 26.95185
endloop
endfacet
facet normal 0.3798833474313503 0.5631252766418824 0.7338791216210987
outer loop
vertex -90.00000 22.62742 22.62742
vertex -90.00000 16.00000 27.71281
vertex -87.87868 15.56066 26.95185
endloop
endfacet
facet normal 0.3798832995745813 0.3539952091588613 0.8546204248652749
outer loop
vertex -87.87868 15.56066 26.95185
vertex -90.00000 16.00000 27.71281
vertex -87.87868 8.05479 30.06089
endloop
endfacet
facet normal 0.37988381034164126 0.35399527087763477 0.8546201722616813
outer loop
vertex -90.00000 16.00000 27.71281
vertex -90.00000 8.28221 30.90963
vertex -87.87868 8.05479 30.06089
endloop
endfacet
facet normal 0.37988383462276887 0.12074130994528032 0.9171203891883544
outer loop
vertex -87.87868 8.05479 30.06089
vertex -90.00000 8.28221 30.90963
vertex -87.87868 0.00000 31.12132
endloop
endfacet
facet normal 0.37988359949681505 0.12074125240551839 0.9171204941559699
outer loop
vertex -90.00000 8.28221 30.90963
vertex -90.00000 0.00000 32.00000
vertex -87.87868 0.00000 31.12132
endloop
endfacet
facet normal 0.3798835962237454 -0.12074132272423783 0.9171204862540776
outer loop
vertex -87.87868 0.00000 31.12132
vertex -90.00000 0.00000 32.00000
vertex -87.87868 -8.05479 30.06089
endloop
endfacet
facet normal 0.37988383134970793 -0.12074123997746164 0.9171203997555455
outer loop
vertex -90.00000 0.00000 32.00000
vertex -90.00000 -8.28221 30.90963
vertex -87.87868 -8.05479 30.06089
endloop
endfacet
facet normal 0.3798838174517754 -0.3539951277711319 0.8546202283778253
outer loop
vertex -87.87868 -8.05479 30.06089
vertex -90.00000 -8.28221 30.90963
vertex -87.87868 -15.56066 26.95185
endloop
endfacet
facet normal 0.37988330668473247 -0.35399535003058663 0.8546203633538085
outer loop
vertex -90.00000 -8.28221 30.90963
vertex -90.00000 -16.00000 27.71281
vertex -87.87868 -15.56066 26.95185
endloop
endfacet
facet normal 0.37988333902784704 -0.5631254228517206 0.7338790137802856
outer loop
vertex -87.87868 -15.56066 26.95185
vertex -90.00000 -16.00000 27.71281
vertex -87.87868 -22.00610 22.00610
endloop
endfacet
facet normal 0.3798839427087908 -0.5631251278225567 0.7338789276759847
outer loop
vertex -90.00000 -16.00000 27.71281
vertex -90.00000 -22.62742 22.62742
vertex -87.87868 -22.00610 22.00610
endloop
endfacet
facet normal 0.37988395111231954 -0.7338788143593655 0.5631252698305989
outer loop
vertex -87.87868 -22.00610 22.00610
vertex -90.00000 -22.62742 22.62742
vertex -87.87868 -26.95185 15.56066
endloop
endfacet
facet normal 0.3798833474313503 -0.7338791216210987 0.5631252766418824
outer loop
vertex -90.00000 -22.62742 22.62742
vertex -90.00000 -27.71281 16.00000
vertex -87.87868 -26.95185 15.56066
endloop
endfacet
facet normal 0.3798832995745813 -0.8546204248652749 0.3539952091588613
outer loop
vertex -87.87868 -26.95185 15.56066
vertex -90.00000 -27.71281 16.00000
vertex -87.87868 -30.06089 8.05479
endloop
endfacet
facet normal 0.37988381034164126 -0.8546201722616813 0.35399527087763477
outer loop
vertex -90.00000 -27.71281 16.00000
vertex -90.00000 -30.90963 8.28221
vertex -87.87868 -30.06089 8.05479
endloop
endfacet
facet normal 0.3798838346227689 -0.9171203891883545 0.12074130994528037
outer loop
vertex -87.87868 -30.06089 8.05479
vertex -90.00000 -30.90963 8.28221
vertex -87.87868 -31.12132 0.00000
endloop
endfacet
facet normal 0.379883599496815 -0.9171204941559697 0.1207412524055184
outer loop
vertex -90.00000 -30.90963 8.28221
vertex -90.00000 -32.00000 0.00000
vertex -87.87868 -31.12132 0.00000
endloop
endfacet
facet normal 0.3798835962237454 -0.9171204862540777 -0.1207413227242378
outer loop
vertex -87.87868 -31.12132 0.00000
vertex -90.00000 -32.00000 0.00000
vertex -87.87868 -30.06089 -8.05479
endloop
endfacet
facet normal 0.379883831349708 -0.9171203997555456 -0.12074123997746163
outer loop
vertex -90.00000 -32.00000 0.00000
vertex -90.00000 -30.90963 -8.28221
vertex -87.87868 -30.06089 -8.05479
endloop
endfacet
facet normal 0.3798838174517754 -0.8546202283778253 -0.3539951277711319
outer loop
vertex -87.87868 -30.06089 -8.05479
vertex -90.00000 -30.90963 -8.28221
vertex -87.87868 -26.95185 -15.56066
endloop
endfacet
facet normal 0.3798833066847325 -0.8546203633538086 -0.3539953500305867
outer loop
vertex -90.00000 -30.90963 -8.28221
vertex -90.00000 -27.71281 -16.00000
vertex -87.87868 -26.95185 -15.56066
endloop
endfacet
facet normal 0.37988333902784704 -0.7338790137802856 -0.5631254228517206
outer loop
vertex -87.87868 -26.95185 -15.56066
vertex -90.00000 -27.71281 -16.00000
vertex -87.87868 -22.00610 -22.00610
endloop
endfacet
facet normal 0.3798839427087908 -0.7338789276759847 -0.5631251278225567
outer loop
vertex -90.00000 -27.71281 -16.00000
vertex -90.00000 -22.62742 -22.62742
vertex -87.87868 -22.00610 -22.00610
endloop
endfacet
facet normal 0.37988395111231954 -0.5631252698305989 -0.7338788143593655
outer loop
vertex -87.87868 -22.00610 -22.00610
vertex -90.00000 -22.62742 -22.62742
vertex -87.87868 -15.56066 -26.95185
endloop
endfacet
facet normal 0.3798833474313503 -0.5631252766418824 -0.7338791216210987
outer loop
vertex -90.00000 -22.62742 -22.62742
vertex -90.00000 -16.00000 -27.71281
vertex -87.87868 -15.56066 -26.95185
endloop
endfacet
facet normal 0.3798832995745813 -0.3539952091588613 -0.8546204248652749
outer loop
vertex -87.87868 -15.56066 -26.95185
vertex -90.00000 -16.00000 -27.71281
vertex -87.87868 -8.05479 -30.06089
endloop
endfacet
facet normal 0.37988381034164126 -0.35399527087763477 -0.8546201722616813
outer loop
vertex -90.00000 -16.00000 -27.71281
vertex -90.00000 -8.28221 -30.90963
vertex -87.87868 -8.05479 -30.06089
endloop
endfacet
facet normal 0.3798838346227688 -0.12074130994528037 -0.9171203891883544
outer loop
vertex -87.87868 -8.05479 -30.06089
vertex -90.00000 -8.28221 -30.90963
vertex -87.87868 -0.00000 -31.12132
endloop
endfacet
facet normal 0.3798835994968151 -0.12074125240551846 -0.91712049415597
outer loop
vertex -90.00000 -8.28221 -30.90963
vertex -90.00000 -0.00000 -32.00000
vertex -87.87868 -0.00000 -31.12132
endloop
endfacet
facet normal 0.9227092412505711 0.050317435086883765 -0.3821986549388587
outer loop
vertex -87.00000 0.00000 -29.00000
vertex -87.87868 0.00000 -31.12132
vertex -87.00000 7.50575 -28.01185
endloop
endfacet
facet normal 0.9227092116847717 0.05031746641012099 -0.38219872219322387
outer loop
vertex -87.87868 0.00000 -31.12132
vertex -87.87868 8.05479 -30.06089
vertex -87.00000 7.50575 -28.01185
endloop
endfacet
facet normal 0.922709216120831 0.14752317909183194 -0.3561525152463772
outer loop
vertex -87.00000 7.50575 -28.01185
vertex -87.87868 8.05479 -30.06089
vertex -87.00000 14.50000 -25.11474
endloop
endfacet
facet normal 0.9227092704491605 0.14752309150985382 -0.3561524107717833
outer loop
vertex -87.87868 8.05479 -30.06089
vertex -87.87868 15.56066 -26.95185
vertex -87.00000 14.50000 -25.11474
endloop
endfacet
facet normal 0.9227092667259975 0.2346754843029378 -0.3058349655699188
outer loop
vertex -87.00000 14.50000 -25.11474
vertex -87.87868 15.56066 -26.95185
vertex -87.00000 20.50610 -20.50610
endloop
endfacet
facet normal 0.9227092217739233 0.2346755766736668 -0.3058350303124912
outer loop
vertex -87.87868 15.56066 -26.95185
vertex -87.87868 22.00610 -22.00610
vertex -87.00000 20.50610 -20.50610
endloop
endfacet
facet normal 0.9227092201878362 0.3058350539430248 -0.23467555211402477
outer loop
vertex -87.00000 20.50610 -20.50610
vertex -87.87868 22.00610 -22.00610
vertex -87.00000 25.11474 -14.50000
endloop
endfacet
facet normal 0.9227092651399054 0.30583494796316435 -0.23467551348477786
outer loop
vertex -87.87868 22.00610 -22.00610
vertex -87.87868 26.95185 -15.56066
vertex -87.00000 25.11474 -14.50000
endloop
endfacet
facet normal 0.9227092723660808 0.3561523908678261 -0.1475231275725572
outer loop
vertex -87.00000 25.11474 -14.50000
vertex -87.87868 26.95185 -15.56066
vertex -87.00000 28.01185 -7.50575
endloop
endfacet
facet normal 0.9227092180377484 0.35615252667234026 -0.1475231395174145
outer loop
vertex -87.87868 26.95185 -15.56066
vertex -87.87868 30.06089 -8.05479
vertex -87.00000 28.01185 -7.50575
endloop
endfacet
facet normal 0.9227092106415719 0.38219872757653184 -0.05031744464982012
outer loop
vertex -87.00000 28.01185 -7.50575
vertex -87.87868 30.06089 -8.05479
vertex -87.00000 29.00000 -0.00000
endloop
endfacet
facet normal 0.9227092402073708 0.38219865450675095 -0.050317457499018926
outer loop
vertex -87.87868 30.06089 -8.05479
vertex -87.87868 31.12132 -0.00000
vertex -87.00000 29.00000 -0.00000
endloop
endfacet
facet normal 0.9227092412505711 0.3821986549388587 0.05031743508688376
outer loop
vertex -87.00000 29.00000 -0.00000
vertex -87.87868 31.12132 -0.00000
vertex -87.00000 28.01185 7.50575
endloop
endfacet
facet normal 0.9227092116847718 0.3821987221932239 0.050317466410120984
outer loop
vertex -87.87868 31.12132 -0.00000
vertex -87.87868 30.06089 8.05479
vertex -87.00000 28.01185 7.50575
endloop
endfacet
facet normal 0.922709216120831 0.35615251524637725 0.147523179091832
outer loop
vertex -87.00000 28.01185 7.50575
vertex -87.87868 30.06089 8.05479
vertex -87.00000 25.11474 14.50000
endloop
endfacet
facet normal 0.9227092704491605 0.3561524107717833 0.14752309150985382
outer loop
vertex -87.87868 30.06089 8.05479
vertex -87.87868 26.95185 15.56066
vertex -87.00000 25.11474 14.50000
endloop
endfacet
facet normal 0.9227092667259977 0.30583496556991885 0.23467548430293786
outer loop
vertex -87.00000 25.11474 14.50000
vertex -87.87868 26.95185 15.56066
vertex -87.00000 20.50610 20.50610
endloop
endfacet
facet normal 0.9227092217739233 0.3058350303124912 0.2346755766736668
outer loop
vertex -87.87868 26.95185 15.56066
vertex -87.87868 22.00610 22.00610
vertex -87.00000 20.50610 20.50610
endloop
endfacet
facet normal 0.9227092201878362 0.23467555211402477 0.3058350539430248
outer loop
vertex -87.00000 20.50610 20.50610
vertex -87.87868 22.00610 22.00610
vertex -87.00000 14.50000 25.11474
endloop
endfacet
facet normal 0.9227092651399054 0.23467551348477786 0.30583494796316435
outer loop
vertex -87.87868 22.00610 22.00610
vertex -87.87868 15.56066 26.95185
vertex -87.00000 14.50000 25.11474
endloop
endfacet
facet normal 0.9227092723660809 0.14752312757255726 0.35615239086782613
outer loop
vertex -87.00000 14.50000 25.11474
vertex -87.87868 15.56066 26.95185
vertex -87.00000 7.50575 28.01185
endloop
endfacet
facet normal 0.9227092180377484 0.1475231395174145 0.35615252667234026
outer loop
vertex -87.87868 15.56066 26.95185
vertex -87.87868 8.05479 30.06089
vertex -87.00000 7.50575 28.01185
endloop
endfacet
facet normal 0.9227092106415719 0.05031744464982013 0.38219872757653184
outer loop
vertex -87.00000 7.50575 28.01185
vertex -87.87868 8.05479 30.06089
vertex -87.00000 0.00000 29.00000
endloop
endfacet
facet normal 0.9227092402073709 0.05031745749901895 0.382198654506751
outer loop
vertex -87.87868 8.05479 30.06089
vertex -87.87868 0.00000 31.12132
vertex -87.00000 0.00000 29.00000
endloop
endfacet
facet normal 0.9227092412505711 -0.050317435086883744 0.3821986549388587
outer loop
vertex -87.00000 0.00000 29.00000
vertex -87.87868 0.00000 31.12132
vertex -87.00000 -7.50575 28.01185
endloop
endfacet
facet normal 0.9227092116847718 -0.05031746641012097 0.3821987221932239
outer loop
vertex -87.87868 0.00000 31.12132
vertex -87.87868 -8.05479 30.06089
vertex -87.00000 -7.50575 28.01185
endloop
endfacet
facet normal 0.922709216120831 -0.14752317909183194 0.3561525152463772
outer loop
vertex -87.00000 -7.50575 28.01185
vertex -87.87868 -8.05479 30.06089
vertex -87.00000 -14.50000 25.11474
endloop
endfacet
facet normal 0.9227092704491605 -0.14752309150985382 0.3561524107717833
outer loop
vertex -87.87868 -8.05479 30.06089
vertex -87.87868 -15.56066 26.95185
vertex -87.00000 -14.50000 25.11474
endloop
endfacet
facet normal 0.9227092667259975 -0.2346754843029378 0.3058349655699188
outer loop
vertex -87.00000 -14.50000 25.11474
vertex -87.87868 -15.56066 26.95185
vertex -87.00000 -20.50610 20.50610
endloop
endfacet
facet normal 0.9227092217739233 -0.2346755766736668 0.3058350303124912
outer loop
vertex -87.87868 -15.56066 26.95185
vertex -87.87868 -22.00610 22.00610
vertex -87.00000 -20.50610 20.50610
endloop
endfacet
facet normal 0.9227092201878362 -0.3058350539430248 0.23467555211402477
outer loop
vertex -87.00000 -20.50610 20.50610
vertex -87.87868 -22.00610 22.00610
vertex -87.00000 -25.11474 14.50000
endloop
endfacet
facet normal 0.9227092651399054 -0.30583494796316435 0.23467551348477786
outer loop
vertex -87.87868 -22.00610 22.00610
vertex -87.87868 -26.95185 15.56066
vertex -87.00000 -25.11474 14.50000
endloop
endfacet
facet normal 0.9227092723660808 -0.3561523908678261 0.14752312757255726
outer loop
vertex -87.00000 -25.11474 14.50000
vertex -87.87868 -26.95185 15.56066
vertex -87.00000 -28.01185 7.50575
endloop
endfacet
facet normal 0.9227092180377484 -0.35615252667234026 0.1475231395174145
outer loop
vertex -87.87868 -26.95185 15.56066
vertex -87.87868 -30.06089 8.05479
vertex -87.00000 -28.01185 7.50575
endloop
endfacet
facet normal 0.9227092106415716 -0.3821987275765318 0.05031744464982013
outer loop
vertex -87.00000 -28.01185 7.50575
vertex -87.87868 -30.06089 8.05479
vertex -87.00000 -29.00000 0.00000
endloop
endfacet
facet normal 0.9227092402073708 -0.38219865450675095 0.05031745749901895
outer loop
vertex -87.87868 -30.06089 8.05479
vertex -87.87868 -31.12132 0.00000
vertex -87.00000 -29.00000 0.00000
endloop
endfacet
facet normal 0.9227092412505711 -0.38219865493885863 -0.05031743508688373
outer loop
vertex -87.00000 -29.00000 0.00000
vertex -87.87868 -31.12132 0.00000
vertex -87.00000 -28.01185 -7.50575
endloop
endfacet
facet normal 0.9227092116847718 -0.3821987221932238 -0.05031746641012095
outer loop
vertex -87.87868 -31.12132 0.00000
vertex -87.87868 -30.06089 -8.05479
vertex -87.00000 -28.01185 -7.50575
endloop
endfacet
facet normal 0.9227092161208309 -0.3561525152463772 -0.1475231790918319
outer loop
vertex -87.00000 -28.01185 -7.50575
vertex -87.87868 -30.06089 -8.05479
vertex -87.00000 -25.11474 -14.50000
endloop
endfacet
facet normal 0.9227092704491605 -0.3561524107717833 -0.14752309150985382
outer loop
vertex -87.87868 -30.06089 -8.05479
vertex -87.87868 -26.95185 -15.56066
vertex -87.00000 -25.11474 -14.50000
endloop
endfacet
facet normal 0.9227092667259977 -0.30583496556991885 -0.23467548430293786
outer loop
vertex -87.00000 -25.11474 -14.50000
vertex -87.87868 -26.95185 -15.56066
vertex -87.00000 -20.50610 -20.50610
endloop
endfacet
facet normal 0.9227092217739233 -0.3058350303124912 -0.2346755766736668
outer loop
vertex -87.87868 -26.95185 -15.56066
vertex -87.87868 -22.00610 -22.00610
vertex -87.00000 -20.50610 -20.50610
endloop
endfacet
facet normal 0.9227092201878362 -0.23467555211402477 -0.3058350539430248
outer loop
vertex -87.00000 -20.50610 -20.50610
vertex -87.87868 -22.00610 -22.00610
vertex -87.00000 -14.50000 -25.11474
endloop
endfacet
facet normal 0.9227092651399054 -0.23467551348477786 -0.30583494796316435
outer loop
vertex -87.87868 -22.00610 -22.00610
vertex -87.87868 -15.56066 -26.95185
vertex -87.00000 -14.50000 -25.11474
endloop
endfacet
facet normal 0.9227092723660809 -0.14752312757255726 -0.35615239086782613
outer loop
vertex -87.00000 -14.50000 -25.11474
vertex -87.87868 -15.56066 -26.95185
vertex -87.00000 -7.50575 -28.01185
endloop
endfacet
facet normal 0.9227092180377484 -0.1475231395174145 -0.35615252667234026
outer loop
vertex -87.87868 -15.56066 -26.95185
vertex -87.87868 -8.05479 -30.06089
vertex -87.00000 -7.50575 -28.01185
endloop
endfacet
facet normal 0.9227092106415716 -0.050317444649820145 -0.3821987275765318
outer loop
vertex -87.00000 -7.50575 -28.01185
vertex -87.87868 -8.05479 -30.06089
vertex -87.00000 -0.00000 -29.00000
endloop
endfacet
facet normal 0.9227092402073709 -0.05031745749901897 -0.382198654506751
outer loop
vertex -87.87868 -8.05479 -30.06089
vertex -87.87868 -0.00000 -31.12132
vertex -87.00000 -0.00000 -29.00000
endloop
endfacet
facet normal 0.9227092426185618 -0.05031740569692679 0.3821986555054989
outer loop
vertex -87.87868 0.00000 -26.87868
vertex -87.00000 0.00000 -29.00000
vertex -87.87868 6.95671 -25.96281
endloop
endfacet
facet normal 0.9227092065836896 -0.05031744591759308 0.3821987372062184
outer loop
vertex -87.00000 0.00000 -29.00000
vertex -87.00000 7.50575 -28.01185
vertex -87.87868 6.95671 -25.96281
endloop
endfacet
facet normal 0.9227092060683831 -0.14752315190683948 0.35615255255034406
outer loop
vertex -87.87868 6.95671 -25.96281
vertex -87.00000 7.50575 -28.01185
vertex -87.87868 13.43934 -23.27762
endloop
endfacet
facet normal 0.9227091574775147 -0.14752323280765436 0.3561526449278644
outer loop
vertex -87.00000 7.50575 -28.01185
vertex -87.00000 14.50000 -25.11474
vertex -87.87868 13.43934 -23.27762
endloop
endfacet
facet normal 0.9227091660123039 -0.23467566589652394 0.305835130083026
outer loop
vertex -87.87868 13.43934 -23.27762
vertex -87.00000 14.50000 -25.11474
vertex -87.87868 19.00610 -19.00610
endloop
endfacet
facet normal 0.9227092201878362 -0.23467555211402477 0.3058350539430248
outer loop
vertex -87.00000 14.50000 -25.11474
vertex -87.00000 20.50610 -20.50610
vertex -87.87868 19.00610 -19.00610
endloop
endfacet
facet normal 0.922709222244496 -0.3058350233016 0.23467558396021318
outer loop
vertex -87.87868 19.00610 -19.00610
vertex -87.00000 20.50610 -20.50610
vertex -87.87868 23.27762 -13.43934
endloop
endfacet
facet normal 0.9227091680689657 -0.3058351529135184 0.23467562805677544
outer loop
vertex -87.00000 20.50610 -20.50610
vertex -87.00000 25.11474 -14.50000
vertex -87.87868 23.27762 -13.43934
endloop
endfacet
facet normal 0.9227091556328549 -0.35615266408145674 0.14752319810451842
outer loop
vertex -87.87868 23.27762 -13.43934
vertex -87.00000 25.11474 -14.50000
vertex -87.87868 25.96281 -6.95671
endloop
endfacet
facet normal 0.9227092042237311 -0.35615254155515286 0.1475231899892819
outer loop
vertex -87.00000 25.11474 -14.50000
vertex -87.00000 28.01185 -7.50575
vertex -87.87868 25.96281 -6.95671
endloop
endfacet
facet normal 0.9227092052156997 -0.3821987442655666 0.05031741738241096
outer loop
vertex -87.87868 25.96281 -6.95671
vertex -87.00000 28.01185 -7.50575
vertex -87.87868 26.87868 -0.00000
endloop
endfacet
facet normal 0.922709241250571 -0.38219865493885863 0.05031743508688377
outer loop
vertex -87.00000 28.01185 -7.50575
vertex -87.00000 29.00000 -0.00000
vertex -87.87868 26.87868 -0.00000
endloop
endfacet
facet normal 0.9227092426185618 -0.382198655505499 -0.050317405696926776
outer loop
vertex -87.87868 26.87868 -0.00000
vertex -87.00000 29.00000 -0.00000
vertex -87.87868 25.96281 6.95671
endloop
endfacet
facet normal 0.9227092065836898 -0.38219873720621844 -0.05031744591759307
outer loop
vertex -87.00000 29.00000 -0.00000
vertex -87.00000 28.01185 7.50575
vertex -87.87868 25.96281 6.95671
endloop
endfacet
facet normal 0.9227092060683832 -0.3561525525503441 -0.14752315190683954
outer loop
vertex -87.87868 25.96281 6.95671
vertex -87.00000 28.01185 7.50575
vertex -87.87868 23.27762 13.43934
endloop
endfacet
facet normal 0.9227091574775146 -0.3561526449278644 -0.1475232328076544
outer loop
vertex -87.00000 28.01185 7.50575
vertex -87.00000 25.11474 14.50000
vertex -87.87868 23.27762 13.43934
endloop
endfacet
facet normal 0.9227091660123039 -0.305835130083026 -0.23467566589652394
outer loop
vertex -87.87868 23.27762 13.43934
vertex -87.00000 25.11474 14.50000
vertex -87.87868 19.00610 19.00610
endloop
endfacet
facet normal 0.9227092201878362 -0.3058350539430248 -0.23467555211402477
outer loop
vertex -87.00000 25.11474 14.50000
vertex -87.00000 20.50610 20.50610
vertex -87.87868 19.00610 19.00610
endloop
endfacet
facet normal 0.922709222244496 -0.23467558396021318 -0.3058350233016
outer loop
vertex -87.87868 19.00610 19.00610
vertex -87.00000 20.50610 20.50610
vertex -87.87868 13.43934 23.27762
endloop
endfacet
facet normal 0.9227091680689657 -0.23467562805677544 -0.3058351529135184
outer loop
vertex -87.00000 20.50610 20.50610
vertex -87.00000 14.50000 25.11474
vertex -87.87868 13.43934 23.27762
endloop
endfacet
facet normal 0.9227091556328548 -0.14752319810451842 -0.3561526640814567
outer loop
vertex -87.87868 13.43934 23.27762
vertex -87.00000 14.50000 25.11474
vertex -87.87868 6.95671 25.96281
endloop
endfacet
facet normal 0.9227092042237311 -0.14752318998928193 -0.35615254155515286
outer loop
vertex -87.00000 14.50000 25.11474
vertex -87.00000 7.50575 28.01185
vertex -87.87868 6.95671 25.96281
endloop
endfacet
facet normal 0.9227092052156997 -0.050317417382410974 -0.3821987442655666
outer loop
vertex -87.87868 6.95671 25.96281
vertex -87.00000 7.50575 28.01185
vertex -87.87868 0.00000 26.87868
endloop
endfacet
facet normal 0.922709241250571 -0.050317435086883786 -0.3821986549388586
outer loop
vertex -87.00000 7.50575 28.01185
vertex -87.00000 0.00000 29.00000
vertex -87.87868 0.00000 26.87868
endloop
endfacet
facet normal 0.9227092426185619 0.05031740569692676 -0.382198655505499
outer loop
vertex -87.87868 0.00000 26.87868
vertex -87.00000 0.00000 29.00000
vertex -87.87868 -6.95671 25.96281
endloop
endfacet
facet normal 0.9227092065836897 0.050317445917593066 -0.38219873720621844
outer loop
vertex -87.00000 0.00000 29.00000
vertex -87.00000 -7.50575 28.01185
vertex -87.87868 -6.95671 25.96281
endloop
endfacet
facet normal 0.9227092060683831 0.14752315190683948 -0.35615255255034406
outer loop
vertex -87.87868 -6.95671 25.96281
vertex -87.00000 -7.50575 28.01185
vertex -87.87868 -13.43934 23.27762
endloop
endfacet
facet normal 0.9227091574775147 0.14752323280765436 -0.3561526449278644
outer loop
vertex -87.00000 -7.50575 28.01185
vertex -87.00000 -14.50000 25.11474
vertex -87.87868 -13.43934 23.27762
endloop
endfacet
facet normal 0.9227091660123039 0.23467566589652394 -0.305835130083026
outer loop
vertex -87.87868 -13.43934 23.27762
vertex -87.00000 -14.50000 25.11474
vertex -87.87868 -19.00610 19.00610
endloop
endfacet
facet normal 0.9227092201878362 0.23467555211402477 -0.3058350539430248
outer loop
vertex -87.00000 -14.50000 25.11474
vertex -87.00000 -20.50610 20.50610
vertex -87.87868 -19.00610 19.00610
endloop
endfacet
facet normal 0.922709222244496 0.3058350233016 -0.23467558396021318
outer loop
vertex -87.87868 -19.00610 19.00610
vertex -87.00000 -20.50610 20.50610
vertex -87.87868 -23.27762 13.43934
endloop
endfacet
facet normal 0.9227091680689657 0.3058351529135184 -0.23467562805677544
outer loop
vertex -87.00000 -20.50610 20.50610
vertex -87.00000 -25.11474 14.50000
vertex -87.87868 -23.27762 13.43934
endloop
endfacet
facet normal 0.9227091556328549 0.3561526640814567 -0.14752319810451844
outer loop
vertex -87.87868 -23.27762 13.43934
vertex -87.00000 -25.11474 14.50000
vertex -87.87868 -25.96281 6.95671
endloop
endfacet
facet normal 0.9227092042237311 0.3561525415551529 -0.147523189989282
outer loop
vertex -87.00000 -25.11474 14.50000
vertex -87.00000 -28.01185 7.50575
vertex -87.87868 -25.96281 6.95671
endloop
endfacet
facet normal 0.9227092052156998 0.38219874426556666 -0.05031741738241098
outer loop
vertex -87.87868 -25.96281 6.95671
vertex -87.00000 -28.01185 7.50575
vertex -87.87868 -26.87868 0.00000
endloop
endfacet
facet normal 0.9227092412505711 0.3821986549388587 -0.0503174350868838
outer loop
vertex -87.00000 -28.01185 7.50575
vertex -87.00000 -29.00000 0.00000
vertex -87.87868 -26.87868 0.00000
endloop
endfacet
facet normal 0.9227092426185618 0.3821986555054989 0.050317405696926755
outer loop
vertex -87.87868 -26.87868 0.00000
vertex -87.00000 -29.00000 0.00000
vertex -87.87868 -25.96281 -6.95671
endloop
endfacet
facet normal 0.9227092065836898 0.38219873720621844 0.05031744591759305
outer loop
vertex -87.00000 -29.00000 0.00000
vertex -87.00000 -28.01185 -7.50575
vertex -87.87868 -25.96281 -6.95671
endloop
endfacet
facet normal 0.9227092060683832 0.3561525525503441 0.14752315190683948
outer loop
vertex -87.87868 -25.96281 -6.95671
vertex -87.00000 -28.01185 -7.50575
vertex -87.87868 -23.27762 -13.43934
endloop
endfacet
facet normal 0.9227091574775147 0.3561526449278644 0.14752323280765434
outer loop
vertex -87.00000 -28.01185 -7.50575
vertex -87.00000 -25.11474 -14.50000
vertex -87.87868 -23.27762 -13.43934
endloop
endfacet
facet normal 0.9227091660123039 0.305835130083026 0.23467566589652394
outer loop
vertex -87.87868 -23.27762 -13.43934
vertex -87.00000 -25.11474 -14.50000
vertex -87.87868 -19.00610 -19.00610
endloop
endfacet
facet normal 0.9227092201878362 0.3058350539430248 0.23467555211402477
outer loop
vertex -87.00000 -25.11474 -14.50000
vertex -87.00000 -20.50610 -20.50610
vertex -87.87868 -19.00610 -19.00610
endloop
endfacet
facet normal 0.922709222244496 0.23467558396021318 0.3058350233016
outer loop
vertex -87.87868 -19.00610 -19.00610
vertex -87.00000 -20.50610 -20.50610
vertex -87.87868 -13.43934 -23.27762
endloop
endfacet
facet normal 0.9227091680689657 0.23467562805677544 0.3058351529135184
outer loop
vertex -87.00000 -20.50610 -20.50610
vertex -87.00000 -14.50000 -25.11474
vertex -87.87868 -13.43934 -23.27762
endloop
endfacet
facet normal 0.9227091556328548 0.14752319810451842 0.3561526640814567
outer loop
vertex -87.87868 -13.43934 -23.27762
vertex -87.00000 -14.50000 -25.11474
vertex -87.87868 -6.95671 -25.96281
endloop
endfacet
facet normal 0.9227092042237311 0.14752318998928193 0.35615254155515286
outer loop
vertex -87.00000 -14.50000 -25.11474
vertex -87.00000 -7.50575 -28.01185
vertex -87.87868 -6.95671 -25.96281
endloop
endfacet
facet normal 0.9227092052156998 0.050317417382410995 0.38219874426556666
outer loop
vertex -87.87868 -6.95671 -25.96281
vertex -87.00000 -7.50575 -28.01185
vertex -87.87868 -0.00000 -26.87868
endloop
endfacet
facet normal 0.922709241250571 0.0503174350868838 0.3821986549388586
outer loop
vertex -87.00000 -7.50575 -28.01185
vertex -87.00000 -0.00000 -29.00000
vertex -87.87868 -0.00000 -26.87868
endloop
endfacet
facet normal 0.37988359810452144 -0.12074128231759818 0.9171204907946745
outer loop
vertex -90.00000 0.00000 -26.00000
vertex -87.87868 0.00000 -26.87868
vertex -90.00000 6.72930 -25.11407
endloop
endfacet
facet normal 0.37988382890678773 -0.12074118775548442 0.9171204076425916
outer loop
vertex -87.87868 0.00000 -26.87868
vertex -87.87868 6.95671 -25.96281
vertex -90.00000 6.72930 -25.11407
endloop
endfacet
facet normal 0.37988381491492496 -0.3539951788306395 0.8546202083559378
outer loop
vertex -90.00000 6.72930 -25.11407
vertex -87.87868 6.95671 -25.96281
vertex -90.00000 13.00000 -22.51666
endloop
endfacet
facet normal 0.37988395727156743 -0.35399510921882826 0.8546201739116879
outer loop
vertex -87.87868 6.95671 -25.96281
vertex -87.87868 13.43934 -23.27762
vertex -90.00000 13.00000 -22.51666
endloop
endfacet
facet normal 0.37988391856473047 -0.5631250223358446 0.7338790211166686
outer loop
vertex -90.00000 13.00000 -22.51666
vertex -87.87868 13.43934 -23.27762
vertex -90.00000 18.38478 -18.38478
endloop
endfacet
facet normal 0.3798829543416725 -0.5631255381531928 0.733879124434208
outer loop
vertex -87.87868 13.43934 -23.27762
vertex -87.87868 19.00610 -19.00610
vertex -90.00000 18.38478 -18.38478
endloop
endfacet
facet normal 0.37988293831931325 -0.7338793404865821 0.5631252673969304
outer loop
vertex -90.00000 18.38478 -18.38478
vertex -87.87868 19.00610 -19.00610
vertex -90.00000 22.51666 -13.00000
endloop
endfacet
facet normal 0.379883902542257 -0.7338788155047845 0.5631253011031908
outer loop
vertex -87.87868 19.00610 -19.00610
vertex -87.87868 23.27762 -13.43934
vertex -90.00000 22.51666 -13.00000
endloop
endfacet
facet normal 0.3798839596370862 -0.8546201534469424 0.35399515608659554
outer loop
vertex -90.00000 22.51666 -13.00000
vertex -87.87868 23.27762 -13.43934
vertex -90.00000 25.11407 -6.72930
endloop
endfacet
facet normal 0.3798838172804532 -0.8546202270256792 0.353995131219354
outer loop
vertex -87.87868 23.27762 -13.43934
vertex -87.87868 25.96281 -6.95671
vertex -90.00000 25.11407 -6.72930
endloop
endfacet
facet normal 0.3798838327419982 -0.9171203952604889 0.12074126974027583
outer loop
vertex -90.00000 25.11407 -6.72930
vertex -87.87868 25.96281 -6.95671
vertex -90.00000 26.00000 -0.00000
endloop
endfacet
facet normal 0.3798836019397392 -0.917120500053713 0.12074119992163894
outer loop
vertex -87.87868 25.96281 -6.95671
vertex -87.87868 26.87868 -0.00000
vertex -90.00000 26.00000 -0.00000
endloop
endfacet
facet normal 0.3798835981045215 -0.9171204907946746 -0.12074128231759815
outer loop
vertex -90.00000 26.00000 -0.00000
vertex -87.87868 26.87868 -0.00000
vertex -90.00000 25.11407 6.72930
endloop
endfacet
facet normal 0.37988382890678773 -0.9171204076425914 -0.12074118775548437
outer loop
vertex -87.87868 26.87868 -0.00000
vertex -87.87868 25.96281 6.95671
vertex -90.00000 25.11407 6.72930
endloop
endfacet
facet normal 0.3798838149149251 -0.8546202083559378 -0.3539951788306395
outer loop
vertex -90.00000 25.11407 6.72930
vertex -87.87868 25.96281 6.95671
vertex -90.00000 22.51666 13.00000
endloop
endfacet
facet normal 0.3798839572715675 -0.854620173911688 -0.3539951092188283
outer loop
vertex -87.87868 25.96281 6.95671
vertex -87.87868 23.27762 13.43934
vertex -90.00000 22.51666 13.00000
endloop
endfacet
facet normal 0.37988391856473047 -0.7338790211166686 -0.5631250223358446
outer loop
vertex -90.00000 22.51666 13.00000
vertex -87.87868 23.27762 13.43934
vertex -90.00000 18.38478 18.38478
endloop
endfacet
facet normal 0.3798829543416725 -0.733879124434208 -0.5631255381531928
outer loop
vertex -87.87868 23.27762 13.43934
vertex -87.87868 19.00610 19.00610
vertex -90.00000 18.38478 18.38478
endloop
endfacet
facet normal 0.37988293831931325 -0.5631252673969304 -0.7338793404865821
outer loop
vertex -90.00000 18.38478 18.38478
vertex -87.87868 19.00610 19.00610
vertex -90.00000 13.00000 22.51666
endloop
endfacet
facet normal 0.379883902542257 -0.5631253011031908 -0.7338788155047845
outer loop
vertex -87.87868 19.00610 19.00610
vertex -87.87868 13.43934 23.27762
vertex -90.00000 13.00000 22.51666
endloop
endfacet
facet normal 0.3798839596370862 -0.35399515608659554 -0.8546201534469424
outer loop
vertex -90.00000 13.00000 22.51666
vertex -87.87868 13.43934 23.27762
vertex -90.00000 6.72930 25.11407
endloop
endfacet
facet normal 0.37988381728045334 -0.35399513121935405 -0.8546202270256793
outer loop
vertex -87.87868 13.43934 23.27762
vertex -87.87868 6.95671 25.96281
vertex -90.00000 6.72930 25.11407
endloop
endfacet
facet normal 0.37988383274199833 -0.12074126974027585 -0.9171203952604889
outer loop
vertex -90.00000 6.72930 25.11407
vertex -87.87868 6.95671 25.96281
vertex -90.00000 0.00000 26.00000
endloop
endfacet
facet normal 0.37988360193973925 -0.12074119992163897 -0.917120500053713
outer loop
vertex -87.87868 6.95671 25.96281
vertex -87.87868 0.00000 26.87868
vertex -90.00000 0.00000 26.00000
endloop
endfacet
facet normal 0.37988359810452144 0.12074128231759809 -0.9171204907946744
outer loop
vertex -90.00000 0.00000 26.00000
vertex -87.87868 0.00000 26.87868
vertex -90.00000 -6.72930 25.11407
endloop
endfacet
facet normal 0.3798838289067877 0.12074118775548434 -0.9171204076425915
outer loop
vertex -87.87868 0.00000 26.87868
vertex -87.87868 -6.95671 25.96281
vertex -90.00000 -6.72930 25.11407
endloop
endfacet
facet normal 0.37988381491492496 0.3539951788306395 -0.8546202083559378
outer loop
vertex -90.00000 -6.72930 25.11407
vertex -87.87868 -6.95671 25.96281
vertex -90.00000 -13.00000 22.51666
endloop
endfacet
facet normal 0.37988395727156743 0.35399510921882826 -0.8546201739116879
outer loop
vertex -87.87868 -6.95671 25.96281
vertex -87.87868 -13.43934 23.27762
vertex -90.00000 -13.00000 22.51666
endloop
endfacet
facet normal 0.37988391856473047 0.5631250223358446 -0.7338790211166686
outer loop
vertex -90.00000 -13.00000 22.51666
vertex -87.87868 -13.43934 23.27762
vertex -90.00000 -18.38478 18.38478
endloop
endfacet
facet normal 0.3798829543416725 0.5631255381531928 -0.733879124434208
outer loop
vertex -87.87868 -13.43934 23.27762
vertex -87.87868 -19.00610 19.00610
vertex -90.00000 -18.38478 18.38478
endloop
endfacet
facet normal 0.37988293831931325 0.7338793404865821 -0.5631252673969304
outer loop
vertex -90.00000 -18.38478 18.38478
vertex -87.87868 -19.00610 19.00610
vertex -90.00000 -22.51666 13.00000
endloop
endfacet
facet normal 0.379883902542257 0.7338788155047845 -0.5631253011031908
outer loop
vertex -87.87868 -19.00610 19.00610
vertex -87.87868 -23.27762 13.43934
vertex -90.00000 -22.51666 13.00000
endloop
endfacet
facet normal 0.3798839596370862 0.8546201534469424 -0.35399515608659554
outer loop
vertex -90.00000 -22.51666 13.00000
vertex -87.87868 -23.27762 13.43934
vertex -90.00000 -25.11407 6.72930
endloop
endfacet
facet normal 0.37988381728045345 0.8546202270256792 -0.35399513121935405
outer loop
vertex -87.87868 -23.27762 13.43934
vertex -87.87868 -25.96281 6.95671
vertex -90.00000 -25.11407 6.72930
endloop
endfacet
facet normal 0.37988383274199833 0.9171203952604888 -0.12074126974027585
outer loop
vertex -90.00000 -25.11407 6.72930
vertex -87.87868 -25.96281 6.95671
vertex -90.00000 -26.00000 0.00000
endloop
endfacet
facet normal 0.37988360193973925 0.9171205000537129 -0.12074119992163897
outer loop
vertex -87.87868 -25.96281 6.95671
vertex -87.87868 -26.87868 0.00000
vertex -90.00000 -26.00000 0.00000
endloop
endfacet
facet normal 0.3798835981045214 0.9171204907946745 0.12074128231759809
outer loop
vertex -90.00000 -26.00000 0.00000
vertex -87.87868 -26.87868 0.00000
vertex -90.00000 -25.11407 -6.72930
endloop
endfacet
facet normal 0.3798838289067876 0.9171204076425916 0.12074118775548434
outer loop
vertex -87.87868 -26.87868 0.00000
vertex -87.87868 -25.96281 -6.95671
vertex -90.00000 -25.11407 -6.72930
endloop
endfacet
facet normal 0.3798838149149249 0.854620208355938 0.3539951788306396
outer loop
vertex -90.00000 -25.11407 -6.72930
vertex -87.87868 -25.96281 -6.95671
vertex -90.00000 -22.51666 -13.00000
endloop
endfacet
facet normal 0.37988395727156743 0.854620173911688 0.35399510921882826
outer loop
vertex -87.87868 -25.96281 -6.95671
vertex -87.87868 -23.27762 -13.43934
vertex -90.00000 -22.51666 -13.00000
endloop
endfacet
facet normal 0.37988391856473047 0.7338790211166686 0.5631250223358446
outer loop
vertex -90.00000 -22.51666 -13.00000
vertex -87.87868 -23.27762 -13.43934
vertex -90.00000 -18.38478 -18.38478
endloop
endfacet
facet normal 0.3798829543416725 0.733879124434208 0.5631255381531928
outer loop
vertex -87.87868 -23.27762 -13.43934
vertex -87.87868 -19.00610 -19.00610
vertex -90.00000 -18.38478 -18.38478
endloop
endfacet
facet normal 0.37988293831931325 0.5631252673969304 0.7338793404865821
outer loop
vertex -90.00000 -18.38478 -18.38478
vertex -87.87868 -19.00610 -19.00610
vertex -90.00000 -13.00000 -22.51666
endloop
endfacet
facet normal 0.379883902542257 0.5631253011031908 0.7338788155047845
outer loop
vertex -87.87868 -19.00610 -19.00610
vertex -87.87868 -13.43934 -23.27762
vertex -90.00000 -13.00000 -22.51666
endloop
endfacet
facet normal 0.3798839596370862 0.35399515608659554 0.8546201534469424
outer loop
vertex -90.00000 -13.00000 -22.51666
vertex -87.87868 -13.43934 -23.27762
vertex -90.00000 -6.72930 -25.11407
endloop
endfacet
facet normal 0.37988381728045334 0.35399513121935405 0.8546202270256793
outer loop
vertex -87.87868 -13.43934 -23.27762
vertex -87.87868 -6.95671 -25.96281
vertex -90.00000 -6.72930 -25.11407
endloop
endfacet
facet normal 0.37988383274199833 0.1207412697402759 0.917120395260489
outer loop
vertex -90.00000 -6.72930 -25.11407
vertex -87.87868 -6.95671 -25.96281
vertex -90.00000 -0.00000 -26.00000
endloop
endfacet
facet normal 0.37988360193973925 0.120741199921639 0.9171205000537129
outer loop
vertex -87.87868 -6.95671 -25.96281
vertex -87.87868 -0.00000 -26.87868
vertex -90.00000 -0.00000 -26.00000
endloop
endfacet
facet normal -0.3798836019397393 -0.12074119992163891 0.917120500053713
outer loop
vertex -92.12132 0.00000 -26.87868
vertex -90.00000 0.00000 -26.00000
vertex -92.12132 6.95671 -25.96281
endloop
endfacet
facet normal -0.37988383274199833 -0.1207412697402758 0.917120395260489
outer loop
vertex -90.00000 0.00000 -26.00000
vertex -90.00000 6.72930 -25.11407
vertex -92.12132 6.95671 -25.96281
endloop
endfacet
facet normal -0.37988381728045334 -0.35399513121935405 0.8546202270256793
outer loop
vertex -92.12132 6.95671 -25.96281
vertex -90.00000 6.72930 -25.11407
vertex -92.12132 13.43934 -23.27762
endloop
endfacet
facet normal -0.3798839596370862 -0.35399515608659554 0.8546201534469424
outer loop
vertex -90.00000 6.72930 -25.11407
vertex -90.00000 13.00000 -22.51666
vertex -92.12132 13.43934 -23.27762
endloop
endfacet
facet normal -0.379883902542257 -0.5631253011031908 0.7338788155047845
outer loop
vertex -92.12132 13.43934 -23.27762
vertex -90.00000 13.00000 -22.51666
vertex -92.12132 19.00610 -19.00610
endloop
endfacet
facet normal -0.37988293831931325 -0.5631252673969304 0.7338793404865821
outer loop
vertex -90.00000 13.00000 -22.51666
vertex -90.00000 18.38478 -18.38478
vertex -92.12132 19.00610 -19.00610
endloop
endfacet
facet normal -0.3798829543416725 -0.733879124434208 0.5631255381531928
outer loop
vertex -92.12132 19.00610 -19.00610
vertex -90.00000 18.38478 -18.38478
vertex -92.12132 23.27762 -13.43934
endloop
endfacet
facet normal -0.37988391856473047 -0.7338790211166686 0.5631250223358446
outer loop
vertex -90.00000 18.38478 -18.38478
vertex -90.00000 22.51666 -13.00000
vertex -92.12132 23.27762 -13.43934
endloop
endfacet
facet normal -0.37988395727156743 -0.854620173911688 0.3539951092188283
outer loop
vertex -92.12132 23.27762 -13.43934
vertex -90.00000 22.51666 -13.00000
vertex -92.12132 25.96281 -6.95671
endloop
endfacet
facet normal -0.37988381491492507 -0.8546202083559378 0.3539951788306395
outer loop
vertex -90.00000 22.51666 -13.00000
vertex -90.00000 25.11407 -6.72930
vertex -92.12132 25.96281 -6.95671
endloop
endfacet
facet normal -0.37988382890678773 -0.9171204076425915 0.12074118775548442
outer loop
vertex -92.12132 25.96281 -6.95671
vertex -90.00000 25.11407 -6.72930
vertex -92.12132 26.87868 -0.00000
endloop
endfacet
facet normal -0.37988359810452144 -0.9171204907946745 0.12074128231759819
outer loop
vertex -90.00000 25.11407 -6.72930
vertex -90.00000 26.00000 -0.00000
vertex -92.12132 26.87868 -0.00000
endloop
endfacet
facet normal -0.3798836019397392 -0.9171205000537129 -0.12074119992163888
outer loop
vertex -92.12132 26.87868 -0.00000
vertex -90.00000 26.00000 -0.00000
vertex -92.12132 25.96281 6.95671
endloop
endfacet
facet normal -0.3798838327419982 -0.9171203952604888 -0.12074126974027574
outer loop
vertex -90.00000 26.00000 -0.00000
vertex -90.00000 25.11407 6.72930
vertex -92.12132 25.96281 6.95671
endloop
endfacet
facet normal -0.3798838172804532 -0.8546202270256792 -0.353995131219354
outer loop
vertex -92.12132 25.96281 6.95671
vertex -90.00000 25.11407 6.72930
vertex -92.12132 23.27762 13.43934
endloop
endfacet
facet normal -0.3798839596370862 -0.8546201534469424 -0.35399515608659554
outer loop
vertex -90.00000 25.11407 6.72930
vertex -90.00000 22.51666 13.00000
vertex -92.12132 23.27762 13.43934
endloop
endfacet
facet normal -0.379883902542257 -0.7338788155047845 -0.5631253011031908
outer loop
vertex -92.12132 23.27762 13.43934
vertex -90.00000 22.51666 13.00000
vertex -92.12132 19.00610 19.00610
endloop
endfacet
facet normal -0.37988293831931325 -0.7338793404865821 -0.5631252673969304
outer loop
vertex -90.00000 22.51666 13.00000
vertex -90.00000 18.38478 18.38478
vertex -92.12132 19.00610 19.00610
endloop
endfacet
facet normal -0.3798829543416725 -0.5631255381531928 -0.733879124434208
outer loop
vertex -92.12132 19.00610 19.00610
vertex -90.00000 18.38478 18.38478
vertex -92.12132 13.43934 23.27762
endloop
endfacet
facet normal -0.37988391856473047 -0.5631250223358446 -0.7338790211166686
outer loop
vertex -90.00000 18.38478 18.38478
vertex -90.00000 13.00000 22.51666
vertex -92.12132 13.43934 23.27762
endloop
endfacet
facet normal -0.37988395727156743 -0.35399510921882826 -0.8546201739116879
outer loop
vertex -92.12132 13.43934 23.27762
vertex -90.00000 13.00000 22.51666
vertex -92.12132 6.95671 25.96281
endloop
endfacet
facet normal -0.37988381491492496 -0.3539951788306395 -0.8546202083559378
outer loop
vertex -90.00000 13.00000 22.51666
vertex -90.00000 6.72930 25.11407
vertex -92.12132 6.95671 25.96281
endloop
endfacet
facet normal -0.37988382890678773 -0.12074118775548447 -0.9171204076425916
outer loop
vertex -92.12132 6.95671 25.96281
vertex -90.00000 6.72930 25.11407
vertex -92.12132 0.00000 26.87868
endloop
endfacet
facet normal -0.3798835981045214 -0.12074128231759822 -0.9171204907946745
outer loop
vertex -90.00000 6.72930 25.11407
vertex -90.00000 0.00000 26.00000
vertex -92.12132 0.00000 26.87868
endloop
endfacet
facet normal -0.37988360193973925 0.12074119992163883 -0.9171205000537129
outer loop
vertex -92.12132 0.00000 26.87868
vertex -90.00000 0.00000 26.00000
vertex -92.12132 -6.95671 25.96281
endloop
endfacet
facet normal -0.37988383274199833 0.12074126974027571 -0.9171203952604888
outer loop
vertex -90.00000 0.00000 26.00000
vertex -90.00000 -6.72930 25.11407
vertex -92.12132 -6.95671 25.96281
endloop
endfacet
facet normal -0.37988381728045334 0.35399513121935405 -0.8546202270256793
outer loop
vertex -92.12132 -6.95671 25.96281
vertex -90.00000 -6.72930 25.11407
vertex -92.12132 -13.43934 23.27762
endloop
endfacet
facet normal -0.3798839596370862 0.35399515608659554 -0.8546201534469424
outer loop
vertex -90.00000 -6.72930 25.11407
vertex -90.00000 -13.00000 22.51666
vertex -92.12132 -13.43934 23.27762
endloop
endfacet
facet normal -0.379883902542257 0.5631253011031908 -0.7338788155047845
outer loop
vertex -92.12132 -13.43934 23.27762
vertex -90.00000 -13.00000 22.51666
vertex -92.12132 -19.00610 19.00610
endloop
endfacet
facet normal -0.37988293831931325 0.5631252673969304 -0.7338793404865821
outer loop
vertex -90.00000 -13.00000 22.51666
vertex -90.00000 -18.38478 18.38478
vertex -92.12132 -19.00610 19.00610
endloop
endfacet
facet normal -0.3798829543416725 0.733879124434208 -0.5631255381531928
outer loop
vertex -92.12132 -19.00610 19.00610
vertex -90.00000 -18.38478 18.38478
vertex -92.12132 -23.27762 13.43934
endloop
endfacet
facet normal -0.37988391856473047 0.7338790211166686 -0.5631250223358446
outer loop
vertex -90.00000 -18.38478 18.38478
vertex -90.00000 -22.51666 13.00000
vertex -92.12132 -23.27762 13.43934
endloop
endfacet
facet normal -0.3798839572715675 0.854620173911688 -0.35399510921882826
outer loop
vertex -92.12132 -23.27762 13.43934
vertex -90.00000 -22.51666 13.00000
vertex -92.12132 -25.96281 6.95671
endloop
endfacet
facet normal -0.37988381491492484 0.8546202083559378 -0.3539951788306395
outer loop
vertex -90.00000 -22.51666 13.00000
vertex -90.00000 -25.11407 6.72930
vertex -92.12132 -25.96281 6.95671
endloop
endfacet
facet normal -0.3798838289067876 0.9171204076425916 -0.1207411877554845
outer loop
vertex -92.12132 -25.96281 6.95671
vertex -90.00000 -25.11407 6.72930
vertex -92.12132 -26.87868 0.00000
endloop
endfacet
facet normal -0.3798835981045214 0.9171204907946744 -0.12074128231759822
outer loop
vertex -90.00000 -25.11407 6.72930
vertex -90.00000 -26.00000 0.00000
vertex -92.12132 -26.87868 0.00000
endloop
endfacet
facet normal -0.37988360193973925 0.9171205000537129 0.1207411999216388
outer loop
vertex -92.12132 -26.87868 0.00000
vertex -90.00000 -26.00000 0.00000
vertex -92.12132 -25.96281 -6.95671
endloop
endfacet
facet normal -0.3798838327419984 0.9171203952604889 0.12074126974027571
outer loop
vertex -90.00000 -26.00000 0.00000
vertex -90.00000 -25.11407 -6.72930
vertex -92.12132 -25.96281 -6.95671
endloop
endfacet
facet normal -0.37988381728045345 0.8546202270256792 0.35399513121935405
outer loop
vertex -92.12132 -25.96281 -6.95671
vertex -90.00000 -25.11407 -6.72930
vertex -92.12132 -23.27762 -13.43934
endloop
endfacet
facet normal -0.3798839596370862 0.8546201534469424 0.35399515608659554
outer loop
vertex -90.00000 -25.11407 -6.72930
vertex -90.00000 -22.51666 -13.00000
vertex -92.12132 -23.27762 -13.43934
endloop
endfacet
facet normal -0.379883902542257 0.7338788155047845 0.5631253011031908
outer loop
vertex -92.12132 -23.27762 -13.43934
vertex -90.00000 -22.51666 -13.00000
vertex -92.12132 -19.00610 -19.00610
endloop
endfacet
facet normal -0.37988293831931325 0.7338793404865821 0.5631252673969304
outer loop
vertex -90.00000 -22.51666 -13.00000
vertex -90.00000 -18.38478 -18.38478
vertex -92.12132 -19.00610 -19.00610
endloop
endfacet
facet normal -0.3798829543416725 0.5631255381531928 0.733879124434208
outer loop
vertex -92.12132 -19.00610 -19.00610
vertex -90.00000 -18.38478 -18.38478
vertex -92.12132 -13.43934 -23.27762
endloop
endfacet
facet normal -0.37988391856473047 0.5631250223358446 0.7338790211166686
outer loop
vertex -90.00000 -18.38478 -18.38478
vertex -90.00000 -13.00000 -22.51666
vertex -92.12132 -13.43934 -23.27762
endloop
endfacet
facet normal -0.37988395727156743 0.35399510921882826 0.8546201739116879
outer loop
vertex -92.12132 -13.43934 -23.27762
vertex -90.00000 -13.00000 -22.51666
vertex -92.12132 -6.95671 -25.96281
endloop
endfacet
facet normal -0.37988381491492496 0.3539951788306395 0.8546202083559378
outer loop
vertex -90.00000 -13.00000 -22.51666
vertex -90.00000 -6.72930 -25.11407
vertex -92.12132 -6.95671 -25.96281
endloop
endfacet
facet normal -0.37988382890678773 0.12074118775548452 0.9171204076425916
outer loop
vertex -92.12132 -6.95671 -25.96281
vertex -90.00000 -6.72930 -25.11407
vertex -92.12132 -0.00000 -26.87868
endloop
endfacet
facet normal -0.3798835981045214 0.12074128231759824 0.9171204907946744
outer loop
vertex -90.00000 -6.72930 -25.11407
vertex -90.00000 -0.00000 -26.00000
vertex -92.12132 -0.00000 -26.87868
endloop
endfacet
facet normal -0.9227092412505711 -0.050317435086883765 0.3821986549388587
outer loop
vertex -93.00000 0.00000 -29.00000
vertex -92.12132 0.00000 -26.87868
vertex -93.00000 7.50575 -28.01185
endloop
endfacet
facet normal -0.9227092052156997 -0.050317417382410946 0.38219874426556666
outer loop
vertex -92.12132 0.00000 -26.87868
vertex -92.12132 6.95671 -25.96281
vertex -93.00000 7.50575 -28.01185
endloop
endfacet
facet normal -0.9227092042237311 -0.14752318998928193 0.35615254155515286
outer loop
vertex -93.00000 7.50575 -28.01185
vertex -92.12132 6.95671 -25.96281
vertex -93.00000 14.50000 -25.11474
endloop
endfacet
facet normal -0.9227091556328548 -0.14752319810451842 0.3561526640814567
outer loop
vertex -92.12132 6.95671 -25.96281
vertex -92.12132 13.43934 -23.27762
vertex -93.00000 14.50000 -25.11474
endloop
endfacet
facet normal -0.9227091680689657 -0.23467562805677544 0.3058351529135184
outer loop
vertex -93.00000 14.50000 -25.11474
vertex -92.12132 13.43934 -23.27762
vertex -93.00000 20.50610 -20.50610
endloop
endfacet
facet normal -0.922709222244496 -0.23467558396021318 0.3058350233016
outer loop
vertex -92.12132 13.43934 -23.27762
vertex -92.12132 19.00610 -19.00610
vertex -93.00000 20.50610 -20.50610
endloop
endfacet
facet normal -0.9227092201878362 -0.3058350539430248 0.23467555211402477
outer loop
vertex -93.00000 20.50610 -20.50610
vertex -92.12132 19.00610 -19.00610
vertex -93.00000 25.11474 -14.50000
endloop
endfacet
facet normal -0.9227091660123039 -0.305835130083026 0.23467566589652394
outer loop
vertex -92.12132 19.00610 -19.00610
vertex -92.12132 23.27762 -13.43934
vertex -93.00000 25.11474 -14.50000
endloop
endfacet
facet normal -0.9227091574775147 -0.3561526449278644 0.1475232328076544
outer loop
vertex -93.00000 25.11474 -14.50000
vertex -92.12132 23.27762 -13.43934
vertex -93.00000 28.01185 -7.50575
endloop
endfacet
facet normal -0.9227092060683832 -0.3561525525503441 0.14752315190683954
outer loop
vertex -92.12132 23.27762 -13.43934
vertex -92.12132 25.96281 -6.95671
vertex -93.00000 28.01185 -7.50575
endloop
endfacet
facet normal -0.9227092065836898 -0.38219873720621844 0.05031744591759311
outer loop
vertex -93.00000 28.01185 -7.50575
vertex -92.12132 25.96281 -6.95671
vertex -93.00000 29.00000 -0.00000
endloop
endfacet
facet normal -0.9227092426185617 -0.38219865550549886 0.05031740569692679
outer loop
vertex -92.12132 25.96281 -6.95671
vertex -92.12132 26.87868 -0.00000
vertex -93.00000 29.00000 -0.00000
endloop
endfacet
facet normal -0.9227092412505711 -0.3821986549388587 -0.05031743508688376
outer loop
vertex -93.00000 29.00000 -0.00000
vertex -92.12132 26.87868 -0.00000
vertex -93.00000 28.01185 7.50575
endloop
endfacet
facet normal -0.9227092052156995 -0.3821987442655666 -0.05031741738241094
outer loop
vertex -92.12132 26.87868 -0.00000
vertex -92.12132 25.96281 6.95671
vertex -93.00000 28.01185 7.50575
endloop
endfacet
facet normal -0.922709204223731 -0.35615254155515286 -0.1475231899892819
outer loop
vertex -93.00000 28.01185 7.50575
vertex -92.12132 25.96281 6.95671
vertex -93.00000 25.11474 14.50000
endloop
endfacet
facet normal -0.922709155632855 -0.35615266408145674 -0.14752319810451842
outer loop
vertex -92.12132 25.96281 6.95671
vertex -92.12132 23.27762 13.43934
vertex -93.00000 25.11474 14.50000
endloop
endfacet
facet normal -0.9227091680689657 -0.3058351529135184 -0.23467562805677544
outer loop
vertex -93.00000 25.11474 14.50000
vertex -92.12132 23.27762 13.43934
vertex -93.00000 20.50610 20.50610
endloop
endfacet
facet normal -0.922709222244496 -0.3058350233016 -0.23467558396021318
outer loop
vertex -92.12132 23.27762 13.43934
vertex -92.12132 19.00610 19.00610
vertex -93.00000 20.50610 20.50610
endloop
endfacet
facet normal -0.9227092201878362 -0.23467555211402477 -0.3058350539430248
outer loop
vertex -93.00000 20.50610 20.50610
vertex -92.12132 19.00610 19.00610
vertex -93.00000 14.50000 25.11474
endloop
endfacet
facet normal -0.9227091660123039 -0.23467566589652394 -0.305835130083026
outer loop
vertex -92.12132 19.00610 19.00610
vertex -92.12132 13.43934 23.27762
vertex -93.00000 14.50000 25.11474
endloop
endfacet
facet normal -0.9227091574775147 -0.14752323280765436 -0.3561526449278644
outer loop
vertex -93.00000 14.50000 25.11474
vertex -92.12132 13.43934 23.27762
vertex -93.00000 7.50575 28.01185
endloop
endfacet
facet normal -0.9227092060683831 -0.14752315190683948 -0.35615255255034406
outer loop
vertex -92.12132 13.43934 23.27762
vertex -92.12132 6.95671 25.96281
vertex -93.00000 7.50575 28.01185
endloop
endfacet
facet normal -0.9227092065836897 -0.050317445917593115 -0.3821987372062184
outer loop
vertex -93.00000 7.50575 28.01185
vertex -92.12132 6.95671 25.96281
vertex -93.00000 0.00000 29.00000
endloop
endfacet
facet normal -0.9227092426185618 -0.05031740569692681 -0.3821986555054989
outer loop
vertex -92.12132 6.95671 25.96281
vertex -92.12132 0.00000 26.87868
vertex -93.00000 0.00000 29.00000
endloop
endfacet
facet normal -0.9227092412505711 0.050317435086883744 -0.3821986549388587
outer loop
vertex -93.00000 0.00000 29.00000
vertex -92.12132 0.00000 26.87868
vertex -93.00000 -7.50575 28.01185
endloop
endfacet
facet normal -0.9227092052156997 0.050317417382410926 -0.3821987442655667
outer loop
vertex -92.12132 0.00000 26.87868
vertex -92.12132 -6.95671 25.96281
vertex -93.00000 -7.50575 28.01185
endloop
endfacet
facet normal -0.9227092042237311 0.14752318998928193 -0.35615254155515286
outer loop
vertex -93.00000 -7.50575 28.01185
vertex -92.12132 -6.95671 25.96281
vertex -93.00000 -14.50000 25.11474
endloop
endfacet
facet normal -0.9227091556328548 0.14752319810451842 -0.3561526640814567
outer loop
vertex -92.12132 -6.95671 25.96281
vertex -92.12132 -13.43934 23.27762
vertex -93.00000 -14.50000 25.11474
endloop
endfacet
facet normal -0.9227091680689657 0.23467562805677544 -0.3058351529135184
outer loop
vertex -93.00000 -14.50000 25.11474
vertex -92.12132 -13.43934 23.27762
vertex -93.00000 -20.50610 20.50610
endloop
endfacet
facet normal -0.922709222244496 0.23467558396021318 -0.3058350233016
outer loop
vertex -92.12132 -13.43934 23.27762
vertex -92.12132 -19.00610 19.00610
vertex -93.00000 -20.50610 20.50610
endloop
endfacet
facet normal -0.9227092201878362 0.3058350539430248 -0.23467555211402477
outer loop
vertex -93.00000 -20.50610 20.50610
vertex -92.12132 -19.00610 19.00610
vertex -93.00000 -25.11474 14.50000
endloop
endfacet
facet normal -0.9227091660123039 0.305835130083026 -0.23467566589652394
outer loop
vertex -92.12132 -19.00610 19.00610
vertex -92.12132 -23.27762 13.43934
vertex -93.00000 -25.11474 14.50000
endloop
endfacet
facet normal -0.9227091574775146 0.3561526449278644 -0.14752323280765434
outer loop
vertex -93.00000 -25.11474 14.50000
vertex -92.12132 -23.27762 13.43934
vertex -93.00000 -28.01185 7.50575
endloop
endfacet
facet normal -0.9227092060683832 0.3561525525503441 -0.14752315190683948
outer loop
vertex -92.12132 -23.27762 13.43934
vertex -92.12132 -25.96281 6.95671
vertex -93.00000 -28.01185 7.50575
endloop
endfacet
facet normal -0.9227092065836896 0.38219873720621833 -0.050317445917593115
outer loop
vertex -93.00000 -28.01185 7.50575
vertex -92.12132 -25.96281 6.95671
vertex -93.00000 -29.00000 0.00000
endloop
endfacet
facet normal -0.9227092426185618 0.38219865550549903 -0.05031740569692683
outer loop
vertex -92.12132 -25.96281 6.95671
vertex -92.12132 -26.87868 0.00000
vertex -93.00000 -29.00000 0.00000
endloop
endfacet
facet normal -0.9227092412505711 0.38219865493885863 0.05031743508688373
outer loop
vertex -93.00000 -29.00000 0.00000
vertex -92.12132 -26.87868 0.00000
vertex -93.00000 -28.01185 -7.50575
endloop
endfacet
facet normal -0.9227092052156998 0.38219874426556666 0.05031741738241092
outer loop
vertex -92.12132 -26.87868 0.00000
vertex -92.12132 -25.96281 -6.95671
vertex -93.00000 -28.01185 -7.50575
endloop
endfacet
facet normal -0.9227092042237313 0.3561525415551529 0.147523189989282
outer loop
vertex -93.00000 -28.01185 -7.50575
vertex -92.12132 -25.96281 -6.95671
vertex -93.00000 -25.11474 -14.50000
endloop
endfacet
facet normal -0.9227091556328549 0.3561526640814568 0.14752319810451847
outer loop
vertex -92.12132 -25.96281 -6.95671
vertex -92.12132 -23.27762 -13.43934
vertex -93.00000 -25.11474 -14.50000
endloop
endfacet
facet normal -0.9227091680689657 0.3058351529135184 0.23467562805677544
outer loop
vertex -93.00000 -25.11474 -14.50000
vertex -92.12132 -23.27762 -13.43934
vertex -93.00000 -20.50610 -20.50610
endloop
endfacet
facet normal -0.922709222244496 0.3058350233016 0.23467558396021318
outer loop
vertex -92.12132 -23.27762 -13.43934
vertex -92.12132 -19.00610 -19.00610
vertex -93.00000 -20.50610 -20.50610
endloop
endfacet
facet normal -0.9227092201878362 0.23467555211402477 0.3058350539430248
outer loop
vertex -93.00000 -20.50610 -20.50610
vertex -92.12132 -19.00610 -19.00610
vertex -93.00000 -14.50000 -25.11474
endloop
endfacet
facet normal -0.9227091660123039 0.23467566589652394 0.305835130083026
outer loop
vertex -92.12132 -19.00610 -19.00610
vertex -92.12132 -13.43934 -23.27762
vertex -93.00000 -14.50000 -25.11474
endloop
endfacet
facet normal -0.9227091574775147 0.14752323280765436 0.3561526449278644
outer loop
vertex -93.00000 -14.50000 -25.11474
vertex -92.12132 -13.43934 -23.27762
vertex -93.00000 -7.50575 -28.01185
endloop
endfacet
facet normal -0.9227092060683831 0.14752315190683948 0.35615255255034406
outer loop
vertex -92.12132 -13.43934 -23.27762
vertex -92.12132 -6.95671 -25.96281
vertex -93.00000 -7.50575 -28.01185
endloop
endfacet
facet normal -0.9227092065836896 0.05031744591759312 0.38219873720621833
outer loop
vertex -93.00000 -7.50575 -28.01185
vertex -92.12132 -6.95671 -25.96281
vertex -93.00000 -0.00000 -29.00000
endloop
endfacet
facet normal -0.9227092426185618 0.05031740569692682 0.38219865550549886
outer loop
vertex -92.12132 -6.95671 -25.96281
vertex -92.12132 -0.00000 -26.87868
vertex -93.00000 -0.00000 -29.00000
endloop
endfacet
facet normal -0.9227092402073708 0.05031745749901892 -0.382198654506751
outer loop
vertex -92.12132 0.00000 -31.12132
vertex -93.00000 0.00000 -29.00000
vertex -92.12132 8.05479 -30.06089
endloop
endfacet
facet normal -0.9227092106415716 0.0503174446498201 -0.38219872757653184
outer loop
vertex -93.00000 0.00000 -29.00000
vertex -93.00000 7.50575 -28.01185
vertex -92.12132 8.05479 -30.06089
endloop
endfacet
facet normal -0.9227092180377484 0.1475231395174145 -0.35615252667234026
outer loop
vertex -92.12132 8.05479 -30.06089
vertex -93.00000 7.50575 -28.01185
vertex -92.12132 15.56066 -26.95185
endloop
endfacet
facet normal -0.9227092723660809 0.14752312757255726 -0.35615239086782613
outer loop
vertex -93.00000 7.50575 -28.01185
vertex -93.00000 14.50000 -25.11474
vertex -92.12132 15.56066 -26.95185
endloop
endfacet
facet normal -0.9227092651399054 0.23467551348477786 -0.30583494796316435
outer loop
vertex -92.12132 15.56066 -26.95185
vertex -93.00000 14.50000 -25.11474
vertex -92.12132 22.00610 -22.00610
endloop
endfacet
facet normal -0.9227092201878362 0.23467555211402477 -0.3058350539430248
outer loop
vertex -93.00000 14.50000 -25.11474
vertex -93.00000 20.50610 -20.50610
vertex -92.12132 22.00610 -22.00610
endloop
endfacet
facet normal -0.9227092217739233 0.3058350303124912 -0.2346755766736668
outer loop
vertex -92.12132 22.00610 -22.00610
vertex -93.00000 20.50610 -20.50610
vertex -92.12132 26.95185 -15.56066
endloop
endfacet
facet normal -0.9227092667259977 0.30583496556991885 -0.23467548430293786
outer loop
vertex -93.00000 20.50610 -20.50610
vertex -93.00000 25.11474 -14.50000
vertex -92.12132 26.95185 -15.56066
endloop
endfacet
facet normal -0.9227092704491605 0.3561524107717833 -0.14752309150985382
outer loop
vertex -92.12132 26.95185 -15.56066
vertex -93.00000 25.11474 -14.50000
vertex -92.12132 30.06089 -8.05479
endloop
endfacet
facet normal -0.922709216120831 0.3561525152463773 -0.14752317909183202
outer loop
vertex -93.00000 25.11474 -14.50000
vertex -93.00000 28.01185 -7.50575
vertex -92.12132 30.06089 -8.05479
endloop
endfacet
facet normal -0.9227092116847719 0.3821987221932239 -0.05031746641012101
outer loop
vertex -92.12132 30.06089 -8.05479
vertex -93.00000 28.01185 -7.50575
vertex -92.12132 31.12132 -0.00000
endloop
endfacet
facet normal -0.9227092412505711 0.3821986549388587 -0.050317435086883786
outer loop
vertex -93.00000 28.01185 -7.50575
vertex -93.00000 29.00000 -0.00000
vertex -92.12132 31.12132 -0.00000
endloop
endfacet
facet normal -0.9227092402073708 0.382198654506751 0.050317457499018906
outer loop
vertex -92.12132 31.12132 -0.00000
vertex -93.00000 29.00000 -0.00000
vertex -92.12132 30.06089 8.05479
endloop
endfacet
facet normal -0.9227092106415716 0.38219872757653184 0.05031744464982009
outer loop
vertex -93.00000 29.00000 -0.00000
vertex -93.00000 28.01185 7.50575
vertex -92.12132 30.06089 8.05479
endloop
endfacet
facet normal -0.9227092180377485 0.35615252667234026 0.1475231395174145
outer loop
vertex -92.12132 30.06089 8.05479
vertex -93.00000 28.01185 7.50575
vertex -92.12132 26.95185 15.56066
endloop
endfacet
facet normal -0.9227092723660807 0.3561523908678261 0.1475231275725572
outer loop
vertex -93.00000 28.01185 7.50575
vertex -93.00000 25.11474 14.50000
vertex -92.12132 26.95185 15.56066
endloop
endfacet
facet normal -0.9227092651399054 0.30583494796316435 0.23467551348477786
outer loop
vertex -92.12132 26.95185 15.56066
vertex -93.00000 25.11474 14.50000
vertex -92.12132 22.00610 22.00610
endloop
endfacet
facet normal -0.9227092201878362 0.3058350539430248 0.23467555211402477
outer loop
vertex -93.00000 25.11474 14.50000
vertex -93.00000 20.50610 20.50610
vertex -92.12132 22.00610 22.00610
endloop
endfacet
facet normal -0.9227092217739233 0.2346755766736668 0.3058350303124912
outer loop
vertex -92.12132 22.00610 22.00610
vertex -93.00000 20.50610 20.50610
vertex -92.12132 15.56066 26.95185
endloop
endfacet
facet normal -0.9227092667259975 0.2346754843029378 0.3058349655699188
outer loop
vertex -93.00000 20.50610 20.50610
vertex -93.00000 14.50000 25.11474
vertex -92.12132 15.56066 26.95185
endloop
endfacet
facet normal -0.9227092704491605 0.14752309150985382 0.3561524107717833
outer loop
vertex -92.12132 15.56066 26.95185
vertex -93.00000 14.50000 25.11474
vertex -92.12132 8.05479 30.06089
endloop
endfacet
facet normal -0.922709216120831 0.14752317909183194 0.3561525152463772
outer loop
vertex -93.00000 14.50000 25.11474
vertex -93.00000 7.50575 28.01185
vertex -92.12132 8.05479 30.06089
endloop
endfacet
facet normal -0.9227092116847719 0.050317466410121026 0.3821987221932239
outer loop
vertex -92.12132 8.05479 30.06089
vertex -93.00000 7.50575 28.01185
vertex -92.12132 0.00000 31.12132
endloop
endfacet
facet normal -0.922709241250571 0.050317435086883786 0.3821986549388586
outer loop
vertex -93.00000 7.50575 28.01185
vertex -93.00000 0.00000 29.00000
vertex -92.12132 0.00000 31.12132
endloop
endfacet
facet normal -0.9227092402073709 -0.0503174574990189 0.38219865450675106
outer loop
vertex -92.12132 0.00000 31.12132
vertex -93.00000 0.00000 29.00000
vertex -92.12132 -8.05479 30.06089
endloop
endfacet
facet normal -0.9227092106415716 -0.050317444649820076 0.38219872757653184
outer loop
vertex -93.00000 0.00000 29.00000
vertex -93.00000 -7.50575 28.01185
vertex -92.12132 -8.05479 30.06089
endloop
endfacet
facet normal -0.9227092180377484 -0.1475231395174145 0.35615252667234026
outer loop
vertex -92.12132 -8.05479 30.06089
vertex -93.00000 -7.50575 28.01185
vertex -92.12132 -15.56066 26.95185
endloop
endfacet
facet normal -0.9227092723660809 -0.14752312757255726 0.35615239086782613
outer loop
vertex -93.00000 -7.50575 28.01185
vertex -93.00000 -14.50000 25.11474
vertex -92.12132 -15.56066 26.95185
endloop
endfacet
facet normal -0.9227092651399054 -0.23467551348477786 0.30583494796316435
outer loop
vertex -92.12132 -15.56066 26.95185
vertex -93.00000 -14.50000 25.11474
vertex -92.12132 -22.00610 22.00610
endloop
endfacet
facet normal -0.9227092201878362 -0.23467555211402477 0.3058350539430248
outer loop
vertex -93.00000 -14.50000 25.11474
vertex -93.00000 -20.50610 20.50610
vertex -92.12132 -22.00610 22.00610
endloop
endfacet
facet normal -0.9227092217739233 -0.3058350303124912 0.2346755766736668
outer loop
vertex -92.12132 -22.00610 22.00610
vertex -93.00000 -20.50610 20.50610
vertex -92.12132 -26.95185 15.56066
endloop
endfacet
facet normal -0.9227092667259977 -0.30583496556991885 0.23467548430293786
outer loop
vertex -93.00000 -20.50610 20.50610
vertex -93.00000 -25.11474 14.50000
vertex -92.12132 -26.95185 15.56066
endloop
endfacet
facet normal -0.9227092704491605 -0.3561524107717833 0.14752309150985382
outer loop
vertex -92.12132 -26.95185 15.56066
vertex -93.00000 -25.11474 14.50000
vertex -92.12132 -30.06089 8.05479
endloop
endfacet
facet normal -0.922709216120831 -0.35615251524637714 0.1475231790918319
outer loop
vertex -93.00000 -25.11474 14.50000
vertex -93.00000 -28.01185 7.50575
vertex -92.12132 -30.06089 8.05479
endloop
endfacet
facet normal -0.9227092116847719 -0.3821987221932239 0.05031746641012103
outer loop
vertex -92.12132 -30.06089 8.05479
vertex -93.00000 -28.01185 7.50575
vertex -92.12132 -31.12132 0.00000
endloop
endfacet
facet normal -0.9227092412505711 -0.3821986549388587 0.0503174350868838
outer loop
vertex -93.00000 -28.01185 7.50575
vertex -93.00000 -29.00000 0.00000
vertex -92.12132 -31.12132 0.00000
endloop
endfacet
facet normal -0.9227092402073708 -0.382198654506751 -0.05031745749901889
outer loop
vertex -92.12132 -31.12132 0.00000
vertex -93.00000 -29.00000 0.00000
vertex -92.12132 -30.06089 -8.05479
endloop
endfacet
facet normal -0.9227092106415717 -0.38219872757653184 -0.05031744464982007
outer loop
vertex -93.00000 -29.00000 0.00000
vertex -93.00000 -28.01185 -7.50575
vertex -92.12132 -30.06089 -8.05479
endloop
endfacet
facet normal -0.9227092180377484 -0.3561525266723404 -0.14752313951741455
outer loop
vertex -92.12132 -30.06089 -8.05479
vertex -93.00000 -28.01185 -7.50575
vertex -92.12132 -26.95185 -15.56066
endloop
endfacet
facet normal -0.9227092723660809 -0.3561523908678261 -0.14752312757255726
outer loop
vertex -93.00000 -28.01185 -7.50575
vertex -93.00000 -25.11474 -14.50000
vertex -92.12132 -26.95185 -15.56066
endloop
endfacet
facet normal -0.9227092651399054 -0.30583494796316435 -0.23467551348477786
outer loop
vertex -92.12132 -26.95185 -15.56066
vertex -93.00000 -25.11474 -14.50000
vertex -92.12132 -22.00610 -22.00610
endloop
endfacet
facet normal -0.9227092201878362 -0.3058350539430248 -0.23467555211402477
outer loop
vertex -93.00000 -25.11474 -14.50000
vertex -93.00000 -20.50610 -20.50610
vertex -92.12132 -22.00610 -22.00610
endloop
endfacet
facet normal -0.9227092217739233 -0.2346755766736668 -0.3058350303124912
outer loop
vertex -92.12132 -22.00610 -22.00610
vertex -93.00000 -20.50610 -20.50610
vertex -92.12132 -15.56066 -26.95185
endloop
endfacet
facet normal -0.9227092667259975 -0.2346754843029378 -0.3058349655699188
outer loop
vertex -93.00000 -20.50610 -20.50610
vertex -93.00000 -14.50000 -25.11474
vertex -92.12132 -15.56066 -26.95185
endloop
endfacet
facet normal -0.9227092704491605 -0.14752309150985382 -0.3561524107717833
outer loop
vertex -92.12132 -15.56066 -26.95185
vertex -93.00000 -14.50000 -25.11474
vertex -92.12132 -8.05479 -30.06089
endloop
endfacet
facet normal -0.922709216120831 -0.14752317909183194 -0.3561525152463772
outer loop
vertex -93.00000 -14.50000 -25.11474
vertex -93.00000 -7.50575 -28.01185
vertex -92.12132 -8.05479 -30.06089
endloop
endfacet
facet normal -0.9227092116847719 -0.05031746641012104 -0.3821987221932239
outer loop
vertex -92.12132 -8.05479 -30.06089
vertex -93.00000 -7.50575 -28.01185
vertex -92.12132 -0.00000 -31.12132
endloop
endfacet
facet normal -0.922709241250571 -0.0503174350868838 -0.3821986549388586
outer loop
vertex -93.00000 -7.50575 -28.01185
vertex -93.00000 -0.00000 -29.00000
vertex -92.12132 -0.00000 -31.12132
endloop
endfacet
facet normal -0.379883599496815 0.12074125240551833 -0.9171204941559699
outer loop
vertex -90.00000 0.00000 -32.00000
vertex -92.12132 0.00000 -31.12132
vertex -90.00000 8.28221 -30.90963
endloop
endfacet
facet normal -0.37988383462276887 0.12074130994528028 -0.9171203891883544
outer loop
vertex -92.12132 0.00000 -31.12132
vertex -92.12132 8.05479 -30.06089
vertex -90.00000 8.28221 -30.90963
endloop
endfacet
facet normal -0.37988381034164126 0.35399527087763477 -0.8546201722616813
outer loop
vertex -90.00000 8.28221 -30.90963
vertex -92.12132 8.05479 -30.06089
vertex -90.00000 16.00000 -27.71281
endloop
endfacet
facet normal -0.3798832995745813 0.3539952091588613 -0.8546204248652749
outer loop
vertex -92.12132 8.05479 -30.06089
vertex -92.12132 15.56066 -26.95185
vertex -90.00000 16.00000 -27.71281
endloop
endfacet
facet normal -0.3798833474313503 0.5631252766418824 -0.7338791216210987
outer loop
vertex -90.00000 16.00000 -27.71281
vertex -92.12132 15.56066 -26.95185
vertex -90.00000 22.62742 -22.62742
endloop
endfacet
facet normal -0.37988395111231954 0.5631252698305989 -0.7338788143593655
outer loop
vertex -92.12132 15.56066 -26.95185
vertex -92.12132 22.00610 -22.00610
vertex -90.00000 22.62742 -22.62742
endloop
endfacet
facet normal -0.3798839427087908 0.7338789276759847 -0.5631251278225567
outer loop
vertex -90.00000 22.62742 -22.62742
vertex -92.12132 22.00610 -22.00610
vertex -90.00000 27.71281 -16.00000
endloop
endfacet
facet normal -0.37988333902784704 0.7338790137802856 -0.5631254228517206
outer loop
vertex -92.12132 22.00610 -22.00610
vertex -92.12132 26.95185 -15.56066
vertex -90.00000 27.71281 -16.00000
endloop
endfacet
facet normal -0.3798833066847325 0.8546203633538086 -0.3539953500305867
outer loop
vertex -90.00000 27.71281 -16.00000
vertex -92.12132 26.95185 -15.56066
vertex -90.00000 30.90963 -8.28221
endloop
endfacet
facet normal -0.3798838174517754 0.8546202283778253 -0.3539951277711319
outer loop
vertex -92.12132 26.95185 -15.56066
vertex -92.12132 30.06089 -8.05479
vertex -90.00000 30.90963 -8.28221
endloop
endfacet
facet normal -0.37988383134970793 0.9171203997555456 -0.12074123997746172
outer loop
vertex -90.00000 30.90963 -8.28221
vertex -92.12132 30.06089 -8.05479
vertex -90.00000 32.00000 -0.00000
endloop
endfacet
facet normal -0.3798835962237454 0.9171204862540777 -0.12074132272423792
outer loop
vertex -92.12132 30.06089 -8.05479
vertex -92.12132 31.12132 -0.00000
vertex -90.00000 32.00000 -0.00000
endloop
endfacet
facet normal -0.37988359949681505 0.9171204941559697 0.1207412524055183
outer loop
vertex -90.00000 32.00000 -0.00000
vertex -92.12132 31.12132 -0.00000
vertex -90.00000 30.90963 8.28221
endloop
endfacet
facet normal -0.37988383462276887 0.9171203891883544 0.12074130994528025
outer loop
vertex -92.12132 31.12132 -0.00000
vertex -92.12132 30.06089 8.05479
vertex -90.00000 30.90963 8.28221
endloop
endfacet
facet normal -0.37988381034164126 0.8546201722616813 0.35399527087763477
outer loop
vertex -90.00000 30.90963 8.28221
vertex -92.12132 30.06089 8.05479
vertex -90.00000 27.71281 16.00000
endloop
endfacet
facet normal -0.3798832995745813 0.8546204248652749 0.3539952091588613
outer loop
vertex -92.12132 30.06089 8.05479
vertex -92.12132 26.95185 15.56066
vertex -90.00000 27.71281 16.00000
endloop
endfacet
facet normal -0.3798833474313503 0.7338791216210987 0.5631252766418824
outer loop
vertex -90.00000 27.71281 16.00000
vertex -92.12132 26.95185 15.56066
vertex -90.00000 22.62742 22.62742
endloop
endfacet
facet normal -0.37988395111231954 0.7338788143593655 0.5631252698305989
outer loop
vertex -92.12132 26.95185 15.56066
vertex -92.12132 22.00610 22.00610
vertex -90.00000 22.62742 22.62742
endloop
endfacet
facet normal -0.3798839427087908 0.5631251278225567 0.7338789276759847
outer loop
vertex -90.00000 22.62742 22.62742
vertex -92.12132 22.00610 22.00610
vertex -90.00000 16.00000 27.71281
endloop
endfacet
facet normal -0.37988333902784704 0.5631254228517206 0.7338790137802856
outer loop
vertex -92.12132 22.00610 22.00610
vertex -92.12132 15.56066 26.95185
vertex -90.00000 16.00000 27.71281
endloop
endfacet
facet normal -0.3798833066847325 0.35399535003058724 0.8546203633538083
outer loop
vertex -90.00000 16.00000 27.71281
vertex -92.12132 15.56066 26.95185
vertex -90.00000 8.28221 30.90963
endloop
endfacet
facet normal -0.3798838174517776 0.35399512777113157 0.8546202283778244
outer loop
vertex -92.12132 15.56066 26.95185
vertex -92.12132 8.05479 30.06089
vertex -90.00000 8.28221 30.90963
endloop
endfacet
facet normal -0.3798838313497101 0.12074123997746161 0.9171203997555446
outer loop
vertex -90.00000 8.28221 30.90963
vertex -92.12132 8.05479 30.06089
vertex -90.00000 0.00000 32.00000
endloop
endfacet
facet normal -0.37988359622374746 0.12074132272423779 0.9171204862540767
outer loop
vertex -92.12132 8.05479 30.06089
vertex -92.12132 0.00000 31.12132
vertex -90.00000 0.00000 32.00000
endloop
endfacet
facet normal -0.3798835994968172 -0.12074125240551817 0.917120494155969
outer loop
vertex -90.00000 0.00000 32.00000
vertex -92.12132 0.00000 31.12132
vertex -90.00000 -8.28221 30.90963
endloop
endfacet
facet normal -0.37988383462277103 -0.1207413099452801 0.9171203891883535
outer loop
vertex -92.12132 0.00000 31.12132
vertex -92.12132 -8.05479 30.06089
vertex -90.00000 -8.28221 30.90963
endloop
endfacet
facet normal -0.3798838103416434 -0.3539952708776351 0.8546201722616802
outer loop
vertex -90.00000 -8.28221 30.90963
vertex -92.12132 -8.05479 30.06089
vertex -90.00000 -16.00000 27.71281
endloop
endfacet
facet normal -0.3798832995745813 -0.3539952091588613 0.8546204248652749
outer loop
vertex -92.12132 -8.05479 30.06089
vertex -92.12132 -15.56066 26.95185
vertex -90.00000 -16.00000 27.71281
endloop
endfacet
facet normal -0.3798833474313503 -0.5631252766418824 0.7338791216210987
outer loop
vertex -90.00000 -16.00000 27.71281
vertex -92.12132 -15.56066 26.95185
vertex -90.00000 -22.62742 22.62742
endloop
endfacet
facet normal -0.37988395111231954 -0.5631252698305989 0.7338788143593655
outer loop
vertex -92.12132 -15.56066 26.95185
vertex -92.12132 -22.00610 22.00610
vertex -90.00000 -22.62742 22.62742
endloop
endfacet
facet normal -0.3798839427087908 -0.7338789276759847 0.5631251278225567
outer loop
vertex -90.00000 -22.62742 22.62742
vertex -92.12132 -22.00610 22.00610
vertex -90.00000 -27.71281 16.00000
endloop
endfacet
facet normal -0.37988333902784704 -0.7338790137802856 0.5631254228517206
outer loop
vertex -92.12132 -22.00610 22.00610
vertex -92.12132 -26.95185 15.56066
vertex -90.00000 -27.71281 16.00000
endloop
endfacet
facet normal -0.3798833066847325 -0.8546203633538086 0.3539953500305867
outer loop
vertex -90.00000 -27.71281 16.00000
vertex -92.12132 -26.95185 15.56066
vertex -90.00000 -30.90963 8.28221
endloop
endfacet
facet normal -0.3798838174517754 -0.8546202283778253 0.3539951277711319
outer loop
vertex -92.12132 -26.95185 15.56066
vertex -92.12132 -30.06089 8.05479
vertex -90.00000 -30.90963 8.28221
endloop
endfacet
facet normal -0.3798838313497079 -0.9171203997555455 0.12074123997746175
outer loop
vertex -90.00000 -30.90963 8.28221
vertex -92.12132 -30.06089 8.05479
vertex -90.00000 -32.00000 0.00000
endloop
endfacet
facet normal -0.37988359622374535 -0.9171204862540777 0.12074132272423797
outer loop
vertex -92.12132 -30.06089 8.05479
vertex -92.12132 -31.12132 0.00000
vertex -90.00000 -32.00000 0.00000
endloop
endfacet
facet normal -0.379883599496815 -0.91712049415597 -0.12074125240551828
outer loop
vertex -90.00000 -32.00000 0.00000
vertex -92.12132 -31.12132 0.00000
vertex -90.00000 -30.90963 -8.28221
endloop
endfacet
facet normal -0.37988383462276887 -0.9171203891883544 -0.12074130994528019
outer loop
vertex -92.12132 -31.12132 0.00000
vertex -92.12132 -30.06089 -8.05479
vertex -90.00000 -30.90963 -8.28221
endloop
endfacet
facet normal -0.37988381034164126 -0.8546201722616813 -0.35399527087763477
outer loop
vertex -90.00000 -30.90963 -8.28221
vertex -92.12132 -30.06089 -8.05479
vertex -90.00000 -27.71281 -16.00000
endloop
endfacet
facet normal -0.3798832995745813 -0.8546204248652749 -0.3539952091588613
outer loop
vertex -92.12132 -30.06089 -8.05479
vertex -92.12132 -26.95185 -15.56066
vertex -90.00000 -27.71281 -16.00000
endloop
endfacet
facet normal -0.3798833474313503 -0.7338791216210987 -0.5631252766418824
outer loop
vertex -90.00000 -27.71281 -16.00000
vertex -92.12132 -26.95185 -15.56066
vertex -90.00000 -22.62742 -22.62742
endloop
endfacet
facet normal -0.37988395111231954 -0.7338788143593655 -0.5631252698305989
outer loop
vertex -92.12132 -26.95185 -15.56066
vertex -92.12132 -22.00610 -22.00610
vertex -90.00000 -22.62742 -22.62742
endloop
endfacet
facet normal -0.3798839427087908 -0.5631251278225567 -0.7338789276759847
outer loop
vertex -90.00000 -22.62742 -22.62742
vertex -92.12132 -22.00610 -22.00610
vertex -90.00000 -16.00000 -27.71281
endloop
endfacet
facet normal -0.37988333902784704 -0.5631254228517206 -0.7338790137802856
outer loop
vertex -92.12132 -22.00610 -22.00610
vertex -92.12132 -15.56066 -26.95185
vertex -90.00000 -16.00000 -27.71281
endloop
endfacet
facet normal -0.37988330668473247 -0.35399535003058663 -0.8546203633538085
outer loop
vertex -90.00000 -16.00000 -27.71281
vertex -92.12132 -15.56066 -26.95185
vertex -90.00000 -8.28221 -30.90963
endloop
endfacet
facet normal -0.3798838174517754 -0.3539951277711319 -0.8546202283778253
outer loop
vertex -92.12132 -15.56066 -26.95185
vertex -92.12132 -8.05479 -30.06089
vertex -90.00000 -8.28221 -30.90963
endloop
endfacet
facet normal -0.3798838313497079 -0.12074123997746178 -0.9171203997555455
outer loop
vertex -90.00000 -8.28221 -30.90963
vertex -92.12132 -8.05479 -30.06089
vertex -90.00000 -0.00000 -32.00000
endloop
endfacet
facet normal -0.3798835962237453 -0.12074132272423799 -0.9171204862540776
outer loop
vertex -92.12132 -8.05479 -30.06089
vertex -92.12132 -0.00000 -31.12132
vertex -90.00000 -0.00000 -32.00000
endloop
endfacet
facet normal 0.37988359622374535 0.12074132272423788 -0.9171204862540776
outer loop
vertex -77.87868 0.00000 -31.12132
vertex -80.00000 0.00000 -32.00000
vertex -77.87868 8.05479 -30.06089
endloop
endfacet
facet normal 0.37988383134970793 0.12074123997746168 -0.9171203997555455
outer loop
vertex -80.00000 0.00000 -32.00000
vertex -80.00000 8.28221 -30.90963
vertex -77.87868 8.05479 -30.06089
endloop
endfacet
facet normal 0.3798838174517754 0.3539951277711319 -0.8546202283778253
outer loop
vertex -77.87868 8.05479 -30.06089
vertex -80.00000 8.28221 -30.90963
vertex -77.87868 15.56066 -26.95185
endloop
endfacet
facet normal 0.37988330668473247 0.35399535003058663 -0.8546203633538085
outer loop
vertex -80.00000 8.28221 -30.90963
vertex -80.00000 16.00000 -27.71281
vertex -77.87868 15.56066 -26.95185
endloop
endfacet
facet normal 0.37988333902784704 0.5631254228517206 -0.7338790137802856
outer loop
vertex -77.87868 15.56066 -26.95185
vertex -80.00000 16.00000 -27.71281
vertex -77.87868 22.00610 -22.00610
endloop
endfacet
facet normal 0.3798839427087908 0.5631251278225567 -0.7338789276759847
outer loop
vertex -80.00000 16.00000 -27.71281
vertex -80.00000 22.62742 -22.62742
vertex -77.87868 22.00610 -22.00610
endloop
endfacet
facet normal 0.37988395111231954 0.7338788143593655 -0.5631252698305989
outer loop
vertex -77.87868 22.00610 -22.00610
vertex -80.00000 22.62742 -22.62742
vertex -77.87868 26.95185 -15.56066
endloop
endfacet
facet normal 0.3798833474313503 0.7338791216210987 -0.5631252766418824
outer loop
vertex -80.00000 22.62742 -22.62742
vertex -80.00000 27.71281 -16.00000
vertex -77.87868 26.95185 -15.56066
endloop
endfacet
facet normal 0.3798832995745813 0.8546204248652749 -0.3539952091588613
outer loop
vertex -77.87868 26.95185 -15.56066
vertex -80.00000 27.71281 -16.00000
vertex -77.87868 30.06089 -8.05479
endloop
endfacet
facet normal 0.37988381034164126 0.8546201722616813 -0.35399527087763477
outer loop
vertex -80.00000 27.71281 -16.00000
vertex -80.00000 30.90963 -8.28221
vertex -77.87868 30.06089 -8.05479
endloop
endfacet
facet normal 0.3798838346227688 0.9171203891883543 -0.12074130994528029
outer loop
vertex -77.87868 30.06089 -8.05479
vertex -80.00000 30.90963 -8.28221
vertex -77.87868 31.12132 -0.00000
endloop
endfacet
facet normal 0.379883599496815 0.9171204941559697 -0.12074125240551836
outer loop
vertex -80.00000 30.90963 -8.28221
vertex -80.00000 32.00000 -0.00000
vertex -77.87868 31.12132 -0.00000
endloop
endfacet
facet normal 0.3798835962237454 0.9171204862540777 0.12074132272423788
outer loop
vertex -77.87868 31.12132 -0.00000
vertex -80.00000 32.00000 -0.00000
vertex -77.87868 30.06089 8.05479
endloop
endfacet
facet normal 0.37988383134970793 0.9171203997555456 0.12074123997746167
outer loop
vertex -80.00000 32.00000 -0.00000
vertex -80.00000 30.90963 8.28221
vertex -77.87868 30.06089 8.05479
endloop
endfacet
facet normal 0.3798838174517754 0.8546202283778253 0.3539951277711319
outer loop
vertex -77.87868 30.06089 8.05479
vertex -80.00000 30.90963 8.28221
vertex -77.87868 26.95185 15.56066
endloop
endfacet
facet normal 0.3798833066847325 0.8546203633538086 0.3539953500305867
outer loop
vertex -80.00000 30.90963 8.28221
vertex -80.00000 27.71281 16.00000
vertex -77.87868 26.95185 15.56066
endloop
endfacet
facet normal 0.37988333902784704 0.7338790137802856 0.5631254228517206
outer loop
vertex -77.87868 26.95185 15.56066
vertex -80.00000 27.71281 16.00000
vertex -77.87868 22.00610 22.00610
endloop
endfacet
facet normal 0.3798839427087908 0.7338789276759847 0.5631251278225567
outer loop
vertex -80.00000 27.71281 16.00000
vertex -80.00000 22.62742 22.62742
vertex -77.87868 22.00610 22.00610
endloop
endfacet
facet normal 0.37988395111231954 0.5631252698305989 0.7338788143593655
outer loop
vertex -77.87868 22.00610 22.00610
vertex -80.00000 22.62742 22.62742
vertex -77.87868 15.56066 26.95185
endloop
endfacet
facet normal 0.3798833474313503 0.5631252766418824 0.7338791216210987
outer loop
vertex -80.00000 22.62742 22.62742
vertex -80.00000 16.00000 27.71281
vertex -77.87868 15.56066 26.95185
endloop
endfacet
facet normal 0.3798832995745813 0.3539952091588613 0.8546204248652749
outer loop
vertex -77.87868 15.56066 26.95185
vertex -80.00000 16.00000 27.71281
vertex -77.87868 8.05479 30.06089
endloop
endfacet
facet normal 0.37988381034164126 0.35399527087763477 0.8546201722616813
outer loop
vertex -80.00000 16.00000 27.71281
vertex -80.00000 8.28221 30.90963
vertex -77.87868 8.05479 30.06089
endloop
endfacet
facet normal 0.37988383462276887 0.12074130994528032 0.9171203891883544
outer loop
vertex -77.87868 8.05479 30.06089
vertex -80.00000 8.28221 30.90963
vertex -77.87868 0.00000 31.12132
endloop
endfacet
facet normal 0.37988359949681505 0.12074125240551839 0.9171204941559699
outer loop
vertex -80.00000 8.28221 30.90963
vertex -80.00000 0.00000 32.00000
vertex -77.87868 0.00000 31.12132
endloop
endfacet
facet normal 0.3798835962237454 -0.12074132272423783 0.9171204862540776
outer loop
vertex -77.87868 0.00000 31.12132
vertex -80.00000 0.00000 32.00000
vertex -77.87868 -8.05479 30.06089
endloop
endfacet
facet normal 0.37988383134970793 -0.12074123997746164 0.9171203997555455
outer loop
vertex -80.00000 0.00000 32.00000
vertex -80.00000 -8.28221 30.90963
vertex -77.87868 -8.05479 30.06089
endloop
endfacet
facet normal 0.3798838174517754 -0.3539951277711319 0.8546202283778253
outer loop
vertex -77.87868 -8.05479 30.06089
vertex -80.00000 -8.28221 30.90963
vertex -77.87868 -15.56066 26.95185
endloop
endfacet
facet normal 0.37988330668473247 -0.35399535003058663 0.8546203633538085
outer loop
vertex -80.00000 -8.28221 30.90963
vertex -80.00000 -16.00000 27.71281
vertex -77.87868 -15.56066 26.95185
endloop
endfacet
facet normal 0.37988333902784704 -0.5631254228517206 0.7338790137802856
outer loop
vertex -77.87868 -15.56066 26.95185
vertex -80.00000 -16.00000 27.71281
vertex -77.87868 -22.00610 22.00610
endloop
endfacet
facet normal 0.3798839427087908 -0.5631251278225567 0.7338789276759847
outer loop
vertex -80.00000 -16.00000 27.71281
vertex -80.00000 -22.62742 22.62742
vertex -77.87868 -22.00610 22.00610
endloop
endfacet
facet normal 0.37988395111231954 -0.7338788143593655 0.5631252698305989
outer loop
vertex -77.87868 -22.00610 22.00610
vertex -80.00000 -22.62742 22.62742
vertex -77.87868 -26.95185 15.56066
endloop
endfacet
facet normal 0.3798833474313503 -0.7338791216210987 0.5631252766418824
outer loop
vertex -80.00000 -22.62742 22.62742
vertex -80.00000 -27.71281 16.00000
vertex -77.87868 -26.95185 15.56066
endloop
endfacet
facet normal 0.3798832995745813 -0.8546204248652749 0.3539952091588613
outer loop
vertex -77.87868 -26.95185 15.56066
vertex -80.00000 -27.71281 16.00000
vertex -77.87868 -30.06089 8.05479
endloop
endfacet
facet normal 0.37988381034164126 -0.8546201722616813 0.35399527087763477
outer loop
vertex -80.00000 -27.71281 16.00000
vertex -80.00000 -30.90963 8.28221
vertex -77.87868 -30.06089 8.05479
endloop
endfacet
facet normal 0.3798838346227689 -0.9171203891883545 0.12074130994528037
outer loop
vertex -77.87868 -30.06089 8.05479
vertex -80.00000 -30.90963 8.28221
vertex -77.87868 -31.12132 0.00000
endloop
endfacet
facet normal 0.379883599496815 -0.9171204941559697 0.1207412524055184
outer loop
vertex -80.00000 -30.90963 8.28221
vertex -80.00000 -32.00000 0.00000
vertex -77.87868 -31.12132 0.00000
endloop
endfacet
facet normal 0.3798835962237454 -0.9171204862540777 -0.1207413227242378
outer loop
vertex -77.87868 -31.12132 0.00000
vertex -80.00000 -32.00000 0.00000
vertex -77.87868 -30.06089 -8.05479
endloop
endfacet
facet normal 0.379883831349708 -0.9171203997555456 -0.12074123997746163
outer loop
vertex -80.00000 -32.00000 0.00000
vertex -80.00000 -30.90963 -8.28221
vertex -77.87868 -30.06089 -8.05479
endloop
endfacet
facet normal 0.3798838174517754 -0.8546202283778253 -0.3539951277711319
outer loop
vertex -77.87868 -30.06089 -8.05479
vertex -80.00000 -30.90963 -8.28221
vertex -77.87868 -26.95185 -15.56066
endloop
endfacet
facet normal 0.3798833066847325 -0.8546203633538086 -0.3539953500305867
outer loop
vertex -80.00000 -30.90963 -8.28221
vertex -80.00000 -27.71281 -16.00000
vertex -77.87868 -26.95185 -15.56066
endloop
endfacet
facet normal 0.37988333902784704 -0.7338790137802856 -0.5631254228517206
outer loop
vertex -77.87868 -26.95185 -15.56066
vertex -80.00000 -27.71281 -16.00000
vertex -77.87868 -22.00610 -22.00610
endloop
endfacet
facet normal 0.3798839427087908 -0.7338789276759847 -0.5631251278225567
outer loop
vertex -80.00000 -27.71281 -16.00000
vertex -80.00000 -22.62742 -22.62742
vertex -77.87868 -22.00610 -22.00610
endloop
endfacet
facet normal 0.37988395111231954 -0.5631252698305989 -0.7338788143593655
outer loop
vertex -77.87868 -22.00610 -22.00610
vertex -80.00000 -22.62742 -22.62742
vertex -77.87868 -15.56066 -26.95185
endloop
endfacet
facet normal 0.3798833474313503 -0.5631252766418824 -0.7338791216210987
outer loop
vertex -80.00000 -22.62742 -22.62742
vertex -80.00000 -16.00000 -27.71281
vertex -77.87868 -15.56066 -26.95185
endloop
endfacet
facet normal 0.3798832995745813 -0.3539952091588613 -0.8546204248652749
outer loop
vertex -77.87868 -15.56066 -26.95185
vertex -80.00000 -16.00000 -27.71281
vertex -77.87868 -8.05479 -30.06089
endloop
endfacet
facet normal 0.37988381034164126 -0.35399527087763477 -0.8546201722616813
outer loop
vertex -80.00000 -16.00000 -27.71281
vertex -80.00000 -8.28221 -30.90963
vertex -77.87868 -8.05479 -30.06089
endloop
endfacet
facet normal 0.3798838346227688 -0.12074130994528037 -0.9171203891883544
outer loop
vertex -77.87868 -8.05479 -30.06089
vertex -80.00000 -8.28221 -30.90963
vertex -77.87868 -0.00000 -31.12132
endloop
endfacet
facet normal 0.3798835994968151 -0.12074125240551846 -0.91712049415597
outer loop
vertex -80.00000 -8.28221 -30.90963
vertex -80.00000 -0.00000 -32.00000
vertex -77.87868 -0.00000 -31.12132
endloop
endfacet
facet normal 0.9227092412505711 0.050317435086883765 -0.3821986549388587
outer loop
vertex -77.00000 0.00000 -29.00000
vertex -77.87868 0.00000 -31.12132
vertex -77.00000 7.50575 -28.01185
endloop
endfacet
facet normal 0.9227092116847717 0.05031746641012099 -0.38219872219322387
outer loop
vertex -77.87868 0.00000 -31.12132
vertex -77.87868 8.05479 -30.06089
vertex -77.00000 7.50575 -28.01185
endloop
endfacet
facet normal 0.922709216120831 0.14752317909183194 -0.3561525152463772
outer loop
vertex -77.00000 7.50575 -28.01185
vertex -77.87868 8.05479 -30.06089
vertex -77.00000 14.50000 -25.11474
endloop
endfacet
facet normal 0.9227092704491605 0.14752309150985382 -0.3561524107717833
outer loop
vertex -77.87868 8.05479 -30.06089
vertex -77.87868 15.56066 -26.95185
vertex -77.00000 14.50000 -25.11474
endloop
endfacet
facet normal 0.9227092667259975 0.2346754843029378 -0.3058349655699188
outer loop
vertex -77.00000 14.50000 -25.11474
vertex -77.87868 15.56066 -26.95185
vertex -77.00000 20.50610 -20.50610
endloop
endfacet
facet normal 0.9227092217739233 0.2346755766736668 -0.3058350303124912
outer loop
vertex -77.87868 15.56066 -26.95185
vertex -77.87868 22.00610 -22.00610
vertex -77.00000 20.50610 -20.50610
endloop
endfacet
facet normal 0.9227092201878362 0.3058350539430248 -0.23467555211402477
outer loop
vertex -77.00000 20.50610 -20.50610
vertex -77.87868 22.00610 -22.00610
vertex -77.00000 25.11474 -14.50000
endloop
endfacet
facet normal 0.9227092651399054 0.30583494796316435 -0.23467551348477786
outer loop
vertex -77.87868 22.00610 -22.00610
vertex -77.87868 26.95185 -15.56066
vertex -77.00000 25.11474 -14.50000
endloop
endfacet
facet normal 0.9227092723660808 0.3561523908678261 -0.1475231275725572
outer loop
vertex -77.00000 25.11474 -14.50000
vertex -77.87868 26.95185 -15.56066
vertex -77.00000 28.01185 -7.50575
endloop
endfacet
facet normal 0.9227092180377484 0.35615252667234026 -0.1475231395174145
outer loop
vertex -77.87868 26.95185 -15.56066
vertex -77.87868 30.06089 -8.05479
vertex -77.00000 28.01185 -7.50575
endloop
endfacet
facet normal 0.9227092106415719 0.38219872757653184 -0.05031744464982012
outer loop
vertex -77.00000 28.01185 -7.50575
vertex -77.87868 30.06089 -8.05479
vertex -77.00000 29.00000 -0.00000
endloop
endfacet
facet normal 0.9227092402073708 0.38219865450675095 -0.050317457499018926
outer loop
vertex -77.87868 30.06089 -8.05479
vertex -77.87868 31.12132 -0.00000
vertex -77.00000 29.00000 -0.00000
endloop
endfacet
facet normal 0.9227092412505711 0.3821986549388587 0.05031743508688376
outer loop
vertex -77.00000 29.00000 -0.00000
vertex -77.87868 31.12132 -0.00000
vertex -77.00000 28.01185 7.50575
endloop
endfacet
facet normal 0.9227092116847718 0.3821987221932239 0.050317466410120984
outer loop
vertex -77.87868 31.12132 -0.00000
vertex -77.87868 30.06089 8.05479
vertex -77.00000 28.01185 7.50575
endloop
endfacet
facet normal 0.922709216120831 0.35615251524637725 0.147523179091832
outer loop
vertex -77.00000 28.01185 7.50575
vertex -77.87868 30.06089 8.05479
vertex -77.00000 25.11474 14.50000
endloop
endfacet
facet normal 0.9227092704491605 0.3561524107717833 0.14752309150985382
outer loop
vertex -77.87868 30.06089 8.05479
vertex -77.87868 26.95185 15.56066
vertex -77.00000 25.11474 14.50000
endloop
endfacet
facet normal 0.9227092667259977 0.30583496556991885 0.23467548430293786
outer loop
vertex -77.00000 25.11474 14.50000
vertex -77.87868 26.95185 15.56066
vertex -77.00000 20.50610 20.50610
endloop
endfacet
facet normal 0.9227092217739233 0.3058350303124912 0.2346755766736668
outer loop
vertex -77.87868 26.95185 15.56066
vertex -77.87868 22.00610 22.00610
vertex -77.00000 20.50610 20.50610
endloop
endfacet
facet normal 0.9227092201878362 0.23467555211402477 0.3058350539430248
outer loop
vertex -77.00000 20.50610 20.50610
vertex -77.87868 22.00610 22.00610
vertex -77.00000 14.50000 25.11474
endloop
endfacet
facet normal 0.9227092651399054 0.23467551348477786 0.30583494796316435
outer loop
vertex -77.87868 22.00610 22.00610
vertex -77.87868 15.56066 26.95185
vertex -77.00000 14.50000 25.11474
endloop
endfacet
facet normal 0.9227092723660809 0.14752312757255726 0.35615239086782613
outer loop
vertex -77.00000 14.50000 25.11474
vertex -77.87868 15.56066 26.95185
vertex -77.00000 7.50575 28.01185
endloop
endfacet
facet normal 0.9227092180377484 0.1475231395174145 0.35615252667234026
outer loop
vertex -77.87868 15.56066 26.95185
vertex -77.87868 8.05479 30.06089
vertex -77.00000 7.50575 28.01185
endloop
endfacet
facet normal 0.9227092106415719 0.05031744464982013 0.38219872757653184
outer loop
vertex -77.00000 7.50575 28.01185
vertex -77.87868 8.05479 30.06089
vertex -77.00000 0.00000 29.00000
endloop
endfacet
facet normal 0.9227092402073709 0.05031745749901895 0.382198654506751
outer loop
vertex -77.87868 8.05479 30.06089
vertex -77.87868 0.00000 31.12132
vertex -77.00000 0.00000 29.00000
endloop
endfacet
facet normal 0.9227092412505711 -0.050317435086883744 0.3821986549388587
outer loop
vertex -77.00000 0.00000 29.00000
vertex -77.87868 0.00000 31.12132
vertex -77.00000 -7.50575 28.01185
endloop
endfacet
facet normal 0.9227092116847718 -0.05031746641012097 0.3821987221932239
outer loop
vertex -77.87868 0.00000 31.12132
vertex -77.87868 -8.05479 30.06089
vertex -77.00000 -7.50575 28.01185
endloop
endfacet
facet normal 0.922709216120831 -0.14752317909183194 0.3561525152463772
outer loop
vertex -77.00000 -7.50575 28.01185
vertex -77.87868 -8.05479 30.06089
vertex -77.00000 -14.50000 25.11474
endloop
endfacet
facet normal 0.9227092704491605 -0.14752309150985382 0.3561524107717833
outer loop
vertex -77.87868 -8.05479 30.06089
vertex -77.87868 -15.56066 26.95185
vertex -77.00000 -14.50000 25.11474
endloop
endfacet
facet normal 0.9227092667259975 -0.2346754843029378 0.3058349655699188
outer loop
vertex -77.00000 -14.50000 25.11474
vertex -77.87868 -15.56066 26.95185
vertex -77.00000 -20.50610 20.50610
endloop
endfacet
facet normal 0.9227092217739233 -0.2346755766736668 0.3058350303124912
outer loop
vertex -77.87868 -15.56066 26.95185
vertex -77.87868 -22.00610 22.00610
vertex -77.00000 -20.50610 20.50610
endloop
endfacet
facet normal 0.9227092201878362 -0.3058350539430248 0.23467555211402477
outer loop
vertex -77.00000 -20.50610 20.50610
vertex -77.87868 -22.00610 22.00610
vertex -77.00000 -25.11474 14.50000
endloop
endfacet
facet normal 0.9227092651399054 -0.30583494796316435 0.23467551348477786
outer loop
vertex -77.87868 -22.00610 22.00610
vertex -77.87868 -26.95185 15.56066
vertex -77.00000 -25.11474 14.50000
endloop
endfacet
facet normal 0.9227092723660808 -0.3561523908678261 0.14752312757255726
outer loop
vertex -77.00000 -25.11474 14.50000
vertex -77.87868 -26.95185 15.56066
vertex -77.00000 -28.01185 7.50575
endloop
endfacet
facet normal 0.9227092180377484 -0.35615252667234026 0.1475231395174145
outer loop
vertex -77.87868 -26.95185 15.56066
vertex -77.87868 -30.06089 8.05479
vertex -77.00000 -28.01185 7.50575
endloop
endfacet
facet normal 0.9227092106415716 -0.3821987275765318 0.05031744464982013
outer loop
vertex -77.00000 -28.01185 7.50575
vertex -77.87868 -30.06089 8.05479
vertex -77.00000 -29.00000 0.00000
endloop
endfacet
facet normal 0.9227092402073708 -0.38219865450675095 0.05031745749901895
outer loop
vertex -77.87868 -30.06089 8.05479
vertex -77.87868 -31.12132 0.00000
vertex -77.00000 -29.00000 0.00000
endloop
endfacet
facet normal 0.9227092412505711 -0.38219865493885863 -0.05031743508688373
outer loop
vertex -77.00000 -29.00000 0.00000
vertex -77.87868 -31.12132 0.00000
vertex -77.00000 -28.01185 -7.50575
endloop
endfacet
facet normal 0.9227092116847718 -0.3821987221932238 -0.05031746641012095
outer loop
vertex -77.87868 -31.12132 0.00000
vertex -77.87868 -30.06089 -8.05479
vertex -77.00000 -28.01185 -7.50575
endloop
endfacet
facet normal 0.9227092161208309 -0.3561525152463772 -0.1475231790918319
outer loop
vertex -77.00000 -28.01185 -7.50575
vertex -77.87868 -30.06089 -8.05479
vertex -77.00000 -25.11474 -14.50000
endloop
endfacet
facet normal 0.9227092704491605 -0.3561524107717833 -0.14752309150985382
outer loop
vertex -77.87868 -30.06089 -8.05479
vertex -77.87868 -26.95185 -15.56066
vertex -77.00000 -25.11474 -14.50000
endloop
endfacet
facet normal 0.9227092667259977 -0.30583496556991885 -0.23467548430293786
outer loop
vertex -77.00000 -25.11474 -14.50000
vertex -77.87868 -26.95185 -15.56066
vertex -77.00000 -20.50610 -20.50610
endloop
endfacet
facet normal 0.9227092217739233 -0.3058350303124912 -0.2346755766736668
outer loop
vertex -77.87868 -26.95185 -15.56066
vertex -77.87868 -22.00610 -22.00610
vertex -77.00000 -20.50610 -20.50610
endloop
endfacet
facet normal 0.9227092201878362 -0.23467555211402477 -0.3058350539430248
outer loop
vertex -77.00000 -20.50610 -20.50610
vertex -77.87868 -22.00610 -22.00610
vertex -77.00000 -14.50000 -25.11474
endloop
endfacet
facet normal 0.9227092651399054 -0.23467551348477786 -0.30583494796316435
outer loop
vertex -77.87868 -22.00610 -22.00610
vertex -77.87868 -15.56066 -26.95185
vertex -77.00000 -14.50000 -25.11474
endloop
endfacet
facet normal 0.9227092723660809 -0.14752312757255726 -0.35615239086782613
outer loop
vertex -77.00000 -14.50000 -25.11474
vertex -77.87868 -15.56066 -26.95185
vertex -77.00000 -7.50575 -28.01185
endloop
endfacet
facet normal 0.9227092180377484 -0.1475231395174145 -0.35615252667234026
outer loop
vertex -77.87868 -15.56066 -26.95185
vertex -77.87868 -8.05479 -30.06089
vertex -77.00000 -7.50575 -28.01185
endloop
endfacet
facet normal 0.9227092106415716 -0.050317444649820145 -0.3821987275765318
outer loop
vertex -77.00000 -7.50575 -28.01185
vertex -77.87868 -8.05479 -30.06089
vertex -77.00000 -0.00000 -29.00000
endloop
endfacet
facet normal 0.9227092402073709 -0.05031745749901897 -0.382198654506751
outer loop
vertex -77.87868 -8.05479 -30.06089
vertex -77.87868 -0.00000 -31.12132
vertex -77.00000 -0.00000 -29.00000
endloop
endfacet
facet normal 0.9227092426185618 -0.05031740569692679 0.3821986555054989
outer loop
vertex -77.87868 0.00000 -26.87868
vertex -77.00000 0.00000 -29.00000
vertex -77.87868 6.95671 -25.96281
endloop
endfacet
facet normal 0.9227092065836896 -0.05031744591759308 0.3821987372062184
outer loop
vertex -77.00000 0.00000 -29.00000
vertex -77.00000 7.50575 -28.01185
vertex -77.87868 6.95671 -25.96281
endloop
endfacet
facet normal 0.9227092060683831 -0.14752315190683948 0.35615255255034406
outer loop
vertex -77.87868 6.95671 -25.96281
vertex -77.00000 7.50575 -28.01185
vertex -77.87868 13.43934 -23.27762
endloop
endfacet
facet normal 0.9227091574775147 -0.14752323280765436 0.3561526449278644
outer loop
vertex -77.00000 7.50575 -28.01185
vertex -77.00000 14.50000 -25.11474
vertex -77.87868 13.43934 -23.27762
endloop
endfacet
facet normal 0.9227091660123039 -0.23467566589652394 0.305835130083026
outer loop
vertex -77.87868 13.43934 -23.27762
vertex -77.00000 14.50000 -25.11474
vertex -77.87868 19.00610 -19.00610
endloop
endfacet
facet normal 0.9227092201878362 -0.23467555211402477 0.3058350539430248
outer loop
vertex -77.00000 14.50000 -25.11474
vertex -77.00000 20.50610 -20.50610
vertex -77.87868 19.00610 -19.00610
endloop
endfacet
facet normal 0.922709222244496 -0.3058350233016 0.23467558396021318
outer loop
vertex -77.87868 19.00610 -19.00610
vertex -77.00000 20.50610 -20.50610
vertex -77.87868 23.27762 -13.43934
endloop
endfacet
facet normal 0.9227091680689657 -0.3058351529135184 0.23467562805677544
outer loop
vertex -77.00000 20.50610 -20.50610
vertex -77.00000 25.11474 -14.50000
vertex -77.87868 23.27762 -13.43934
endloop
endfacet
facet normal 0.9227091556328549 -0.35615266408145674 0.14752319810451842
outer loop
vertex -77.87868 23.27762 -13.43934
vertex -77.00000 25.11474 -14.50000
vertex -77.87868 25.96281 -6.95671
endloop
endfacet
facet normal 0.9227092042237311 -0.35615254155515286 0.1475231899892819
outer loop
vertex -77.00000 25.11474 -14.50000
vertex -77.00000 28.01185 -7.50575
vertex -77.87868 25.96281 -6.95671
endloop
endfacet
facet normal 0.9227092052156997 -0.3821987442655666 0.05031741738241096
outer loop
vertex -77.87868 25.96281 -6.95671
vertex -77.00000 28.01185 -7.50575
vertex -77.87868 26.87868 -0.00000
endloop
endfacet
facet normal 0.922709241250571 -0.38219865493885863 0.05031743508688377
outer loop
vertex -77.00000 28.01185 -7.50575
vertex -77.00000 29.00000 -0.00000
vertex -77.87868 26.87868 -0.00000
endloop
endfacet
facet normal 0.9227092426185618 -0.382198655505499 -0.050317405696926776
outer loop
vertex -77.87868 26.87868 -0.00000
vertex -77.00000 29.00000 -0.00000
vertex -77.87868 25.96281 6.95671
endloop
endfacet
facet normal 0.9227092065836898 -0.38219873720621844 -0.05031744591759307
outer loop
vertex -77.00000 29.00000 -0.00000
vertex -77.00000 28.01185 7.50575
vertex -77.87868 25.96281 6.95671
endloop
endfacet
facet normal 0.9227092060683832 -0.3561525525503441 -0.14752315190683954
outer loop
vertex -77.87868 25.96281 6.95671
vertex -77.00000 28.01185 7.50575
vertex -77.87868 23.27762 13.43934
endloop
endfacet
facet normal 0.9227091574775146 -0.3561526449278644 -0.1475232328076544
outer loop
vertex -77.00000 28.01185 7.50575
vertex -77.00000 25.11474 14.50000
vertex -77.87868 23.27762 13.43934
endloop
endfacet
facet normal 0.9227091660123039 -0.305835130083026 -0.23467566589652394
outer loop
vertex -77.87868 23.27762 13.43934
vertex -77.00000 25.11474 14.50000
vertex -77.87868 19.00610 19.00610
endloop
endfacet
facet normal 0.9227092201878362 -0.3058350539430248 -0.23467555211402477
outer loop
vertex -77.00000 25.11474 14.50000
vertex -77.00000 20.50610 20.50610
vertex -77.87868 19.00610 19.00610
endloop
endfacet
facet normal 0.922709222244496 -0.23467558396021318 -0.3058350233016
outer loop
vertex -77.87868 19.00610 19.00610
vertex -77.00000 20.50610 20.50610
vertex -77.87868 13.43934 23.27762
endloop
endfacet
facet normal 0.9227091680689657 -0.23467562805677544 -0.3058351529135184
outer loop
vertex -77.00000 20.50610 20.50610
vertex -77.00000 14.50000 25.11474
vertex -77.87868 13.43934 23.27762
endloop
endfacet
facet normal 0.9227091556328548 -0.14752319810451842 -0.3561526640814567
outer loop
vertex -77.87868 13.43934 23.27762
vertex -77.00000 14.50000 25.11474
vertex -77.87868 6.95671 25.96281
endloop
endfacet
facet normal 0.9227092042237311 -0.14752318998928193 -0.35615254155515286
outer loop
vertex -77.00000 14.50000 25.11474
vertex -77.00000 7.50575 28.01185
vertex -77.87868 6.95671 25.96281
endloop
endfacet
facet normal 0.9227092052156997 -0.050317417382410974 -0.3821987442655666
outer loop
vertex -77.87868 6.95671 25.96281
vertex -77.00000 7.50575 28.01185
vertex -77.87868 0.00000 26.87868
endloop
endfacet
facet normal 0.922709241250571 -0.050317435086883786 -0.3821986549388586
outer loop
vertex -77.00000 7.50575 28.01185
vertex -77.00000 0.00000 29.00000
vertex -77.87868 0.00000 26.87868
endloop
endfacet
facet normal 0.9227092426185619 0.05031740569692676 -0.382198655505499
outer loop
vertex -77.87868 0.00000 26.87868
vertex -77.00000 0.00000 29.00000
vertex -77.87868 -6.95671 25.96281
endloop
endfacet
facet normal 0.9227092065836897 0.050317445917593066 -0.38219873720621844
outer loop
vertex -77.00000 0.00000 29.00000
vertex -77.00000 -7.50575 28.01185
vertex -77.87868 -6.95671 25.96281
endloop
endfacet
facet normal 0.9227092060683831 0.14752315190683948 -0.35615255255034406
outer loop
vertex -77.87868 -6.95671 25.96281
vertex -77.00000 -7.50575 28.01185
vertex -77.87868 -13.43934 23.27762
endloop
endfacet
facet normal 0.9227091574775147 0.14752323280765436 -0.3561526449278644
outer loop
vertex -77.00000 -7.50575 28.01185
vertex -77.00000 -14.50000 25.11474
vertex -77.87868 -13.43934 23.27762
endloop
endfacet
facet normal 0.9227091660123039 0.23467566589652394 -0.305835130083026
outer loop
vertex -77.87868 -13.43934 23.27762
vertex -77.00000 -14.50000 25.11474
vertex -77.87868 -19.00610 19.00610
endloop
endfacet
facet normal 0.9227092201878362 0.23467555211402477 -0.3058350539430248
outer loop
vertex -77.00000 -14.50000 25.11474
vertex -77.00000 -20.50610 20.50610
vertex -77.87868 -19.00610 19.00610
endloop
endfacet
facet normal 0.922709222244496 0.3058350233016 -0.23467558396021318
outer loop
vertex -77.87868 -19.00610 19.00610
vertex -77.00000 -20.50610 20.50610
vertex -77.87868 -23.27762 13.43934
endloop
endfacet
facet normal 0.9227091680689657 0.3058351529135184 -0.23467562805677544
outer loop
vertex -77.00000 -20.50610 20.50610
vertex -77.00000 -25.11474 14.50000
vertex -77.87868 -23.27762 13.43934
endloop
endfacet
facet normal 0.9227091556328549 0.3561526640814567 -0.14752319810451844
outer loop
vertex -77.87868 -23.27762 13.43934
vertex -77.00000 -25.11474 14.50000
vertex -77.87868 -25.96281 6.95671
endloop
endfacet
facet normal 0.9227092042237311 0.3561525415551529 -0.147523189989282
outer loop
vertex -77.00000 -25.11474 14.50000
vertex -77.00000 -28.01185 7.50575
vertex -77.87868 -25.96281 6.95671
endloop
endfacet
facet normal 0.9227092052156998 0.38219874426556666 -0.05031741738241098
outer loop
vertex -77.87868 -25.96281 6.95671
vertex -77.00000 -28.01185 7.50575
vertex -77.87868 -26.87868 0.00000
endloop
endfacet
facet normal 0.9227092412505711 0.3821986549388587 -0.0503174350868838
outer loop
vertex -77.00000 -28.01185 7.50575
vertex -77.00000 -29.00000 0.00000
vertex -77.87868 -26.87868 0.00000
endloop
endfacet
facet normal 0.9227092426185618 0.3821986555054989 0.050317405696926755
outer loop
vertex -77.87868 -26.87868 0.00000
vertex -77.00000 -29.00000 0.00000
vertex -77.87868 -25.96281 -6.95671
endloop
endfacet
facet normal 0.9227092065836898 0.38219873720621844 0.05031744591759305
outer loop
vertex -77.00000 -29.00000 0.00000
vertex -77.00000 -28.01185 -7.50575
vertex -77.87868 -25.96281 -6.95671
endloop
endfacet
facet normal 0.9227092060683832 0.3561525525503441 0.14752315190683948
outer loop
vertex -77.87868 -25.96281 -6.95671
vertex -77.00000 -28.01185 -7.50575
vertex -77.87868 -23.27762 -13.43934
endloop
endfacet
facet normal 0.9227091574775147 0.3561526449278644 0.14752323280765434
outer loop
vertex -77.00000 -28.01185 -7.50575
vertex -77.00000 -25.11474 -14.50000
vertex -77.87868 -23.27762 -13.43934
endloop
endfacet
facet normal 0.9227091660123039 0.305835130083026 0.23467566589652394
outer loop
vertex -77.87868 -23.27762 -13.43934
vertex -77.00000 -25.11474 -14.50000
vertex -77.87868 -19.00610 -19.00610
endloop
endfacet
facet normal 0.9227092201878362 0.3058350539430248 0.23467555211402477
outer loop
vertex -77.00000 -25.11474 -14.50000
vertex -77.00000 -20.50610 -20.50610
vertex -77.87868 -19.00610 -19.00610
endloop
endfacet
facet normal 0.922709222244496 0.23467558396021318 0.3058350233016
outer loop
vertex -77.87868 -19.00610 -19.00610
vertex -77.00000 -20.50610 -20.50610
vertex -77.87868 -13.43934 -23.27762
endloop
endfacet
facet normal 0.9227091680689657 0.23467562805677544 0.3058351529135184
outer loop
vertex -77.00000 -20.50610 -20.50610
vertex -77.00000 -14.50000 -25.11474
vertex -77.87868 -13.43934 -23.27762
endloop
endfacet
facet normal 0.9227091556328548 0.14752319810451842 0.3561526640814567
outer loop
vertex -77.87868 -13.43934 -23.27762
vertex -77.00000 -14.50000 -25.11474
vertex -77.87868 -6.95671 -25.96281
endloop
endfacet
facet normal 0.9227092042237311 0.14752318998928193 0.35615254155515286
outer loop
vertex -77.00000 -14.50000 -25.11474
vertex -77.00000 -7.50575 -28.01185
vertex -77.87868 -6.95671 -25.96281
endloop
endfacet
facet normal 0.9227092052156998 0.050317417382410995 0.38219874426556666
outer loop
vertex -77.87868 -6.95671 -25.96281
vertex -77.00000 -7.50575 -28.01185
vertex -77.87868 -0.00000 -26.87868
endloop
endfacet
facet normal 0.922709241250571 0.0503174350868838 0.3821986549388586
outer loop
vertex -77.00000 -7.50575 -28.01185
vertex -77.00000 -0.00000 -29.00000
vertex -77.87868 -0.00000 -26.87868
endloop
endfacet
facet normal 0.37988359810452144 -0.12074128231759818 0.9171204907946745
outer loop
vertex -80.00000 0.00000 -26.00000
vertex -77.87868 0.00000 -26.87868
vertex -80.00000 6.72930 -25.11407
endloop
endfacet
facet normal 0.37988382890678773 -0.12074118775548442 0.9171204076425916
outer loop
vertex -77.87868 0.00000 -26.87868
vertex -77.87868 6.95671 -25.96281
vertex -80.00000 6.72930 -25.11407
endloop
endfacet
facet normal 0.37988381491492496 -0.3539951788306395 0.8546202083559378
outer loop
vertex -80.00000 6.72930 -25.11407
vertex -77.87868 6.95671 -25.96281
vertex -80.00000 13.00000 -22.51666
endloop
endfacet
facet normal 0.37988395727156743 -0.35399510921882826 0.8546201739116879
outer loop
vertex -77.87868 6.95671 -25.96281
vertex -77.87868 13.43934 -23.27762
vertex -80.00000 13.00000 -22.51666
endloop
endfacet
facet normal 0.37988391856473047 -0.5631250223358446 0.7338790211166686
outer loop
vertex -80.00000 13.00000 -22.51666
vertex -77.87868 13.43934 -23.27762
vertex -80.00000 18.38478 -18.38478
endloop
endfacet
facet normal 0.3798829543416725 -0.5631255381531928 0.733879124434208
outer loop
vertex -77.87868 13.43934 -23.27762
vertex -77.87868 19.00610 -19.00610
vertex -80.00000 18.38478 -18.38478
endloop
endfacet
facet normal 0.37988293831931325 -0.7338793404865821 0.5631252673969304
outer loop
vertex -80.00000 18.38478 -18.38478
vertex -77.87868 19.00610 -19.00610
vertex -80.00000 22.51666 -13.00000
endloop
endfacet
facet normal 0.379883902542257 -0.7338788155047845 0.5631253011031908
outer loop
vertex -77.87868 19.00610 -19.00610
vertex -77.87868 23.27762 -13.43934
vertex -80.00000 22.51666 -13.00000
endloop
endfacet
facet normal 0.3798839596370862 -0.8546201534469424 0.35399515608659554
outer loop
vertex -80.00000 22.51666 -13.00000
vertex -77.87868 23.27762 -13.43934
vertex -80.00000 25.11407 -6.72930
endloop
endfacet
facet normal 0.3798838172804532 -0.8546202270256792 0.353995131219354
outer loop
vertex -77.87868 23.27762 -13.43934
vertex -77.87868 25.96281 -6.95671
vertex -80.00000 25.11407 -6.72930
endloop
endfacet
facet normal 0.3798838327419982 -0.9171203952604889 0.12074126974027583
outer loop
vertex -80.00000 25.11407 -6.72930
vertex -77.87868 25.96281 -6.95671
vertex -80.00000 26.00000 -0.00000
endloop
endfacet
facet normal 0.3798836019397392 -0.917120500053713 0.12074119992163894
outer loop
vertex -77.87868 25.96281 -6.95671
vertex -77.87868 26.87868 -0.00000
vertex -80.00000 26.00000 -0.00000
endloop
endfacet
facet normal 0.3798835981045215 -0.9171204907946746 -0.12074128231759815
outer loop
vertex -80.00000 26.00000 -0.00000
vertex -77.87868 26.87868 -0.00000
vertex -80.00000 25.11407 6.72930
endloop
endfacet
facet normal 0.37988382890678773 -0.9171204076425914 -0.12074118775548437
outer loop
vertex -77.87868 26.87868 -0.00000
vertex -77.87868 25.96281 6.95671
vertex -80.00000 25.11407 6.72930
endloop
endfacet
facet normal 0.3798838149149251 -0.8546202083559378 -0.3539951788306395
outer loop
vertex -80.00000 25.11407 6.72930
vertex -77.87868 25.96281 6.95671
vertex -80.00000 22.51666 13.00000
endloop
endfacet
facet normal 0.3798839572715675 -0.854620173911688 -0.3539951092188283
outer loop
vertex -77.87868 25.96281 6.95671
vertex -77.87868 23.27762 13.43934
vertex -80.00000 22.51666 13.00000
endloop
endfacet
facet normal 0.37988391856473047 -0.7338790211166686 -0.5631250223358446
outer loop
vertex -80.00000 22.51666 13.00000
vertex -77.87868 23.27762 13.43934
vertex -80.00000 18.38478 18.38478
endloop
endfacet
facet normal 0.3798829543416725 -0.733879124434208 -0.5631255381531928
outer loop
vertex -77.87868 23.27762 13.43934
vertex -77.87868 19.00610 19.00610
vertex -80.00000 18.38478 18.38478
endloop
endfacet
facet normal 0.37988293831931325 -0.5631252673969304 -0.7338793404865821
outer loop
vertex -80.00000 18.38478 18.38478
vertex -77.87868 19.00610 19.00610
vertex -80.00000 13.00000 22.51666
endloop
endfacet
facet normal 0.379883902542257 -0.5631253011031908 -0.7338788155047845
outer loop
vertex -77.87868 19.00610 19.00610
vertex -77.87868 13.43934 23.27762
vertex -80.00000 13.00000 22.51666
endloop
endfacet
facet normal 0.3798839596370862 -0.35399515608659554 -0.8546201534469424
outer loop
vertex -80.00000 13.00000 22.51666
vertex -77.87868 13.43934 23.27762
vertex -80.00000 6.72930 25.11407
endloop
endfacet
facet normal 0.37988381728045334 -0.35399513121935405 -0.8546202270256793
outer loop
vertex -77.87868 13.43934 23.27762
vertex -77.87868 6.95671 25.96281
vertex -80.00000 6.72930 25.11407
endloop
endfacet
facet normal 0.37988383274199833 -0.12074126974027585 -0.9171203952604889
outer loop
vertex -80.00000 6.72930 25.11407
vertex -77.87868 6.95671 25.96281
vertex -80.00000 0.00000 26.00000
endloop
endfacet
facet normal 0.37988360193973925 -0.12074119992163897 -0.917120500053713
outer loop
vertex -77.87868 6.95671 25.96281
vertex -77.87868 0.00000 26.87868
vertex -80.00000 0.00000 26.00000
endloop
endfacet
facet normal 0.37988359810452144 0.12074128231759809 -0.9171204907946744
outer loop
vertex -80.00000 0.00000 26.00000
vertex -77.87868 0.00000 26.87868
vertex -80.00000 -6.72930 25.11407
endloop
endfacet
facet normal 0.3798838289067877 0.12074118775548434 -0.9171204076425915
outer loop
vertex -77.87868 0.00000 26.87868
vertex -77.87868 -6.95671 25.96281
vertex -80.00000 -6.72930 25.11407
endloop
endfacet
facet normal 0.37988381491492496 0.3539951788306395 -0.8546202083559378
outer loop
vertex -80.00000 -6.72930 25.11407
vertex -77.87868 -6.95671 25.96281
vertex -80.00000 -13.00000 22.51666
endloop
endfacet
facet normal 0.37988395727156743 0.35399510921882826 -0.8546201739116879
outer loop
vertex -77.87868 -6.95671 25.96281
vertex -77.87868 -13.43934 23.27762
vertex -80.00000 -13.00000 22.51666
endloop
endfacet
facet normal 0.37988391856473047 0.5631250223358446 -0.7338790211166686
outer loop
vertex -80.00000 -13.00000 22.51666
vertex -77.87868 -13.43934 23.27762
vertex -80.00000 -18.38478 18.38478
endloop
endfacet
facet normal 0.3798829543416725 0.5631255381531928 -0.733879124434208
outer loop
vertex -77.87868 -13.43934 23.27762
vertex -77.87868 -19.00610 19.00610
vertex -80.00000 -18.38478 18.38478
endloop
endfacet
facet normal 0.37988293831931325 0.7338793404865821 -0.5631252673969304
outer loop
vertex -80.00000 -18.38478 18.38478
vertex -77.87868 -19.00610 19.00610
vertex -80.00000 -22.51666 13.00000
endloop
endfacet
facet normal 0.379883902542257 0.7338788155047845 -0.5631253011031908
outer loop
vertex -77.87868 -19.00610 19.00610
vertex -77.87868 -23.27762 13.43934
vertex -80.00000 -22.51666 13.00000
endloop
endfacet
facet normal 0.3798839596370862 0.8546201534469424 -0.35399515608659554
outer loop
vertex -80.00000 -22.51666 13.00000
vertex -77.87868 -23.27762 13.43934
vertex -80.00000 -25.11407 6.72930
endloop
endfacet
facet normal 0.37988381728045345 0.8546202270256792 -0.35399513121935405
outer loop
vertex -77.87868 -23.27762 13.43934
vertex -77.87868 -25.96281 6.95671
vertex -80.00000 -25.11407 6.72930
endloop
endfacet
facet normal 0.37988383274199833 0.9171203952604888 -0.12074126974027585
outer loop
vertex -80.00000 -25.11407 6.72930
vertex -77.87868 -25.96281 6.95671
vertex -80.00000 -26.00000 0.00000
endloop
endfacet
facet normal 0.37988360193973925 0.9171205000537129 -0.12074119992163897
outer loop
vertex -77.87868 -25.96281 6.95671
vertex -77.87868 -26.87868 0.00000
vertex -80.00000 -26.00000 0.00000
endloop
endfacet
facet normal 0.3798835981045214 0.9171204907946745 0.12074128231759809
outer loop
vertex -80.00000 -26.00000 0.00000
vertex -77.87868 -26.87868 0.00000
vertex -80.00000 -25.11407 -6.72930
endloop
endfacet
facet normal 0.3798838289067876 0.9171204076425916 0.12074118775548434
outer loop
vertex -77.87868 -26.87868 0.00000
vertex -77.87868 -25.96281 -6.95671
vertex -80.00000 -25.11407 -6.72930
endloop
endfacet
facet normal 0.3798838149149249 0.854620208355938 0.3539951788306396
outer loop
vertex -80.00000 -25.11407 -6.72930
vertex -77.87868 -25.96281 -6.95671
vertex -80.00000 -22.51666 -13.00000
endloop
endfacet
facet normal 0.37988395727156743 0.854620173911688 0.35399510921882826
outer loop
vertex -77.87868 -25.96281 -6.95671
vertex -77.87868 -23.27762 -13.43934
vertex -80.00000 -22.51666 -13.00000
endloop
endfacet
facet normal 0.37988391856473047 0.7338790211166686 0.5631250223358446
outer loop
vertex -80.00000 -22.51666 -13.00000
vertex -77.87868 -23.27762 -13.43934
vertex -80.00000 -18.38478 -18.38478
endloop
endfacet
facet normal 0.3798829543416725 0.733879124434208 0.5631255381531928
outer loop
vertex -77.87868 -23.27762 -13.43934
vertex -77.87868 -19.00610 -19.00610
vertex -80.00000 -18.38478 -18.38478
endloop
endfacet
facet normal 0.37988293831931325 0.5631252673969304 0.7338793404865821
outer loop
vertex -80.00000 -18.38478 -18.38478
vertex -77.87868 -19.00610 -19.00610
vertex -80.00000 -13.00000 -22.51666
endloop
endfacet
facet normal 0.379883902542257 0.5631253011031908 0.7338788155047845
outer loop
vertex -77.87868 -19.00610 -19.00610
vertex -77.87868 -13.43934 -23.27762
vertex -80.00000 -13.00000 -22.51666
endloop
endfacet
facet normal 0.3798839596370862 0.35399515608659554 0.8546201534469424
outer loop
vertex -80.00000 -13.00000 -22.51666
vertex -77.87868 -13.43934 -23.27762
vertex -80.00000 -6.72930 -25.11407
endloop
endfacet
facet normal 0.37988381728045334 0.35399513121935405 0.8546202270256793
outer loop
vertex -77.87868 -13.43934 -23.27762
vertex -77.87868 -6.95671 -25.96281
vertex -80.00000 -6.72930 -25.11407
endloop
endfacet
facet normal 0.37988383274199833 0.1207412697402759 0.917120395260489
outer loop
vertex -80.00000 -6.72930 -25.11407
vertex -77.87868 -6.95671 -25.96281
vertex -80.00000 -0.00000 -26.00000
endloop
endfacet
facet normal 0.37988360193973925 0.120741199921639 0.9171205000537129
outer loop
vertex -77.87868 -6.95671 -25.96281
vertex -77.87868 -0.00000 -26.87868
vertex -80.00000 -0.00000 -26.00000
endloop
endfacet
facet normal -0.3798836019397393 -0.12074119992163891 0.917120500053713
outer loop
vertex -82.12132 0.00000 -26.87868
vertex -80.00000 0.00000 -26.00000
vertex -82.12132 6.95671 -25.96281
endloop
endfacet
facet normal -0.37988383274199833 -0.1207412697402758 0.917120395260489
outer loop
vertex -80.00000 0.00000 -26.00000
vertex -80.00000 6.72930 -25.11407
vertex -82.12132 6.95671 -25.96281
endloop
endfacet
facet normal -0.37988381728045334 -0.35399513121935405 0.8546202270256793
outer loop
vertex -82.12132 6.95671 -25.96281
vertex -80.00000 6.72930 -25.11407
vertex -82.12132 13.43934 -23.27762
endloop
endfacet
facet normal -0.3798839596370862 -0.35399515608659554 0.8546201534469424
outer loop
vertex -80.00000 6.72930 -25.11407
vertex -80.00000 13.00000 -22.51666
vertex -82.12132 13.43934 -23.27762
endloop
endfacet
facet normal -0.379883902542257 -0.5631253011031908 0.7338788155047845
outer loop
vertex -82.12132 13.43934 -23.27762
vertex -80.00000 13.00000 -22.51666
vertex -82.12132 19.00610 -19.00610
endloop
endfacet
facet normal -0.37988293831931325 -0.5631252673969304 0.7338793404865821
outer loop
vertex -80.00000 13.00000 -22.51666
vertex -80.00000 18.38478 -18.38478
vertex -82.12132 19.00610 -19.00610
endloop
endfacet
facet normal -0.3798829543416725 -0.733879124434208 0.5631255381531928
outer loop
vertex -82.12132 19.00610 -19.00610
vertex -80.00000 18.38478 -18.38478
vertex -82.12132 23.27762 -13.43934
endloop
endfacet
facet normal -0.37988391856473047 -0.7338790211166686 0.5631250223358446
outer loop
vertex -80.00000 18.38478 -18.38478
vertex -80.00000 22.51666 -13.00000
vertex -82.12132 23.27762 -13.43934
endloop
endfacet
facet normal -0.37988395727156743 -0.854620173911688 0.3539951092188283
outer loop
vertex -82.12132 23.27762 -13.43934
vertex -80.00000 22.51666 -13.00000
vertex -82.12132 25.96281 -6.95671
endloop
endfacet
facet normal -0.37988381491492507 -0.8546202083559378 0.3539951788306395
outer loop
vertex -80.00000 22.51666 -13.00000
vertex -80.00000 25.11407 -6.72930
vertex -82.12132 25.96281 -6.95671
endloop
endfacet
facet normal -0.37988382890678773 -0.9171204076425915 0.12074118775548442
outer loop
vertex -82.12132 25.96281 -6.95671
vertex -80.00000 25.11407 -6.72930
vertex -82.12132 26.87868 -0.00000
endloop
endfacet
facet normal -0.37988359810452144 -0.9171204907946745 0.12074128231759819
outer loop
vertex -80.00000 25.11407 -6.72930
vertex -80.00000 26.00000 -0.00000
vertex -82.12132 26.87868 -0.00000
endloop
endfacet
facet normal -0.3798836019397392 -0.9171205000537129 -0.12074119992163888
outer loop
vertex -82.12132 26.87868 -0.00000
vertex -80.00000 26.00000 -0.00000
vertex -82.12132 25.96281 6.95671
endloop
endfacet
facet normal -0.3798838327419982 -0.9171203952604888 -0.12074126974027574
outer loop
vertex -80.00000 26.00000 -0.00000
vertex -80.00000 25.11407 6.72930
vertex -82.12132 25.96281 6.95671
endloop
endfacet
facet normal -0.3798838172804532 -0.8546202270256792 -0.353995131219354
outer loop
vertex -82.12132 25.96281 6.95671
vertex -80.00000 25.11407 6.72930
vertex -82.12132 23.27762 13.43934
endloop
endfacet
facet normal -0.3798839596370862 -0.8546201534469424 -0.35399515608659554
outer loop
vertex -80.00000 25.11407 6.72930
vertex -80.00000 22.51666 13.00000
vertex -82.12132 23.27762 13.43934
endloop
endfacet
facet normal -0.379883902542257 -0.7338788155047845 -0.5631253011031908
outer loop
vertex -82.12132 23.27762 13.43934
vertex -80.00000 22.51666 13.00000
vertex -82.12132 19.00610 19.00610
endloop
endfacet
facet normal -0.37988293831931325 -0.7338793404865821 -0.5631252673969304
outer loop
vertex -80.00000 22.51666 13.00000
vertex -80.00000 18.38478 18.38478
vertex -82.12132 19.00610 19.00610
endloop
endfacet
facet normal -0.3798829543416725 -0.5631255381531928 -0.733879124434208
outer loop
vertex -82.12132 19.00610 19.00610
vertex -80.00000 18.38478 18.38478
vertex -82.12132 13.43934 23.27762
endloop
endfacet
facet normal -0.37988391856473047 -0.5631250223358446 -0.7338790211166686
outer loop
vertex -80.00000 18.38478 18.38478
vertex -80.00000 13.00000 22.51666
vertex -82.12132 13.43934 23.27762
endloop
endfacet
facet normal -0.37988395727156743 -0.35399510921882826 -0.8546201739116879
outer loop
vertex -82.12132 13.43934 23.27762
vertex -80.00000 13.00000 22.51666
vertex -82.12132 6.95671 25.96281
endloop
endfacet
facet normal -0.37988381491492496 -0.3539951788306395 -0.8546202083559378
outer loop
vertex -80.00000 13.00000 22.51666
vertex -80.00000 6.72930 25.11407
vertex -82.12132 6.95671 25.96281
endloop
endfacet
facet normal -0.37988382890678773 -0.12074118775548447 -0.9171204076425916
outer loop
vertex -82.12132 6.95671 25.96281
vertex -80.00000 6.72930 25.11407
vertex -82.12132 0.00000 26.87868
endloop
endfacet
facet normal -0.3798835981045214 -0.12074128231759822 -0.9171204907946745
outer loop
vertex -80.00000 6.72930 25.11407
vertex -80.00000 0.00000 26.00000
vertex -82.12132 0.00000 26.87868
endloop
endfacet
facet normal -0.37988360193973925 0.12074119992163883 -0.9171205000537129
outer loop
vertex -82.12132 0.00000 26.87868
vertex -80.00000 0.00000 26.00000
vertex -82.12132 -6.95671 25.96281
endloop
endfacet
facet normal -0.37988383274199833 0.12074126974027571 -0.9171203952604888
outer loop
vertex -80.00000 0.00000 26.00000
vertex -80.00000 -6.72930 25.11407
vertex -82.12132 -6.95671 25.96281
endloop
endfacet
facet normal -0.37988381728045334 0.35399513121935405 -0.8546202270256793
outer loop
vertex -82.12132 -6.95671 25.96281
vertex -80.00000 -6.72930 25.11407
vertex -82.12132 -13.43934 23.27762
endloop
endfacet
facet normal -0.3798839596370862 0.35399515608659554 -0.8546201534469424
outer loop
vertex -80.00000 -6.72930 25.11407
vertex -80.00000 -13.00000 22.51666
vertex -82.12132 -13.43934 23.27762
endloop
endfacet
facet normal -0.379883902542257 0.5631253011031908 -0.7338788155047845
outer loop
vertex -82.12132 -13.43934 23.27762
vertex -80.00000 -13.00000 22.51666
vertex -82.12132 -19.00610 19.00610
endloop
endfacet
facet normal -0.37988293831931325 0.5631252673969304 -0.7338793404865821
outer loop
vertex -80.00000 -13.00000 22.51666
vertex -80.00000 -18.38478 18.38478
vertex -82.12132 -19.00610 19.00610
endloop
endfacet
facet normal -0.3798829543416725 0.733879124434208 -0.5631255381531928
outer loop
vertex -82.12132 -19.00610 19.00610
vertex -80.00000 -18.38478 18.38478
vertex -82.12132 -23.27762 13.43934
endloop
endfacet
facet normal -0.37988391856473047 0.7338790211166686 -0.5631250223358446
outer loop
vertex -80.00000 -18.38478 18.38478
vertex -80.00000 -22.51666 13.00000
vertex -82.12132 -23.27762 13.43934
endloop
endfacet
facet normal -0.3798839572715675 0.854620173911688 -0.35399510921882826
outer loop
vertex -82.12132 -23.27762 13.43934
vertex -80.00000 -22.51666 13.00000
vertex -82.12132 -25.96281 6.95671
endloop
endfacet
facet normal -0.37988381491492484 0.8546202083559378 -0.3539951788306395
outer loop
vertex -80.00000 -22.51666 13.00000
vertex -80.00000 -25.11407 6.72930
vertex -82.12132 -25.96281 6.95671
endloop
endfacet
facet normal -0.3798838289067876 0.9171204076425916 -0.1207411877554845
outer loop
vertex -82.12132 -25.96281 6.95671
vertex -80.00000 -25.11407 6.72930
vertex -82.12132 -26.87868 0.00000
endloop
endfacet
facet normal -0.3798835981045214 0.9171204907946744 -0.12074128231759822
outer loop
vertex -80.00000 -25.11407 6.72930
vertex -80.00000 -26.00000 0.00000
vertex -82.12132 -26.87868 0.00000
endloop
endfacet
facet normal -0.37988360193973925 0.9171205000537129 0.1207411999216388
outer loop
vertex -82.12132 -26.87868 0.00000
vertex -80.00000 -26.00000 0.00000
vertex -82.12132 -25.96281 -6.95671
endloop
endfacet
facet normal -0.3798838327419984 0.9171203952604889 0.12074126974027571
outer loop
vertex -80.00000 -26.00000 0.00000
vertex -80.00000 -25.11407 -6.72930
vertex -82.12132 -25.96281 -6.95671
endloop
endfacet
facet normal -0.37988381728045345 0.8546202270256792 0.35399513121935405
outer loop
vertex -82.12132 -25.96281 -6.95671
vertex -80.00000 -25.11407 -6.72930
vertex -82.12132 -23.27762 -13.43934
endloop
endfacet
facet normal -0.3798839596370862 0.8546201534469424 0.35399515608659554
outer loop
vertex -80.00000 -25.11407 -6.72930
vertex -80.00000 -22.51666 -13.00000
vertex -82.12132 -23.27762 -13.43934
endloop
endfacet
facet normal -0.379883902542257 0.7338788155047845 0.5631253011031908
outer loop
vertex -82.12132 -23.27762 -13.43934
vertex -80.00000 -22.51666 -13.00000
vertex -82.12132 -19.00610 -19.00610
endloop
endfacet
facet normal -0.37988293831931325 0.7338793404865821 0.5631252673969304
outer loop
vertex -80.00000 -22.51666 -13.00000
vertex -80.00000 -18.38478 -18.38478
vertex -82.12132 -19.00610 -19.00610
endloop
endfacet
facet normal -0.3798829543416725 0.5631255381531928 0.733879124434208
outer loop
vertex -82.12132 -19.00610 -19.00610
vertex -80.00000 -18.38478 -18.38478
vertex -82.12132 -13.43934 -23.27762
endloop
endfacet
facet normal -0.37988391856473047 0.5631250223358446 0.7338790211166686
outer loop
vertex -80.00000 -18.38478 -18.38478
vertex -80.00000 -13.00000 -22.51666
vertex -82.12132 -13.43934 -23.27762
endloop
endfacet
facet normal -0.37988395727156743 0.35399510921882826 0.8546201739116879
outer loop
vertex -82.12132 -13.43934 -23.27762
vertex -80.00000 -13.00000 -22.51666
vertex -82.12132 -6.95671 -25.96281
endloop
endfacet
facet normal -0.37988381491492496 0.3539951788306395 0.8546202083559378
outer loop
vertex -80.00000 -13.00000 -22.51666
vertex -80.00000 -6.72930 -25.11407
vertex -82.12132 -6.95671 -25.96281
endloop
endfacet
facet normal -0.37988382890678773 0.12074118775548452 0.9171204076425916
outer loop
vertex -82.12132 -6.95671 -25.96281
vertex -80.00000 -6.72930 -25.11407
vertex -82.12132 -0.00000 -26.87868
endloop
endfacet
facet normal -0.3798835981045214 0.12074128231759824 0.9171204907946744
outer loop
vertex -80.00000 -6.72930 -25.11407
vertex -80.00000 -0.00000 -26.00000
vertex -82.12132 -0.00000 -26.87868
endloop
endfacet
facet normal -0.9227092412505711 -0.050317435086883765 0.3821986549388587
outer loop
vertex -83.00000 0.00000 -29.00000
vertex -82.12132 0.00000 -26.87868
vertex -83.00000 7.50575 -28.01185
endloop
endfacet
facet normal -0.9227092052156997 -0.050317417382410946 0.38219874426556666
outer loop
vertex -82.12132 0.00000 -26.87868
vertex -82.12132 6.95671 -25.96281
vertex -83.00000 7.50575 -28.01185
endloop
endfacet
facet normal -0.9227092042237311 -0.14752318998928193 0.35615254155515286
outer loop
vertex -83.00000 7.50575 -28.01185
vertex -82.12132 6.95671 -25.96281
vertex -83.00000 14.50000 -25.11474
endloop
endfacet
facet normal -0.9227091556328548 -0.14752319810451842 0.3561526640814567
outer loop
vertex -82.12132 6.95671 -25.96281
vertex -82.12132 13.43934 -23.27762
vertex -83.00000 14.50000 -25.11474
endloop
endfacet
facet normal -0.9227091680689657 -0.23467562805677544 0.3058351529135184
outer loop
vertex -83.00000 14.50000 -25.11474
vertex -82.12132 13.43934 -23.27762
vertex -83.00000 20.50610 -20.50610
endloop
endfacet
facet normal -0.922709222244496 -0.23467558396021318 0.3058350233016
outer loop
vertex -82.12132 13.43934 -23.27762
vertex -82.12132 19.00610 -19.00610
vertex -83.00000 20.50610 -20.50610
endloop
endfacet
facet normal -0.9227092201878362 -0.3058350539430248 0.23467555211402477
outer loop
vertex -83.00000 20.50610 -20.50610
vertex -82.12132 19.00610 -19.00610
vertex -83.00000 25.11474 -14.50000
endloop
endfacet
facet normal -0.9227091660123039 -0.305835130083026 0.23467566589652394
outer loop
vertex -82.12132 19.00610 -19.00610
vertex -82.12132 23.27762 -13.43934
vertex -83.00000 25.11474 -14.50000
endloop
endfacet
facet normal -0.9227091574775147 -0.3561526449278644 0.1475232328076544
outer loop
vertex -83.00000 25.11474 -14.50000
vertex -82.12132 23.27762 -13.43934
vertex -83.00000 28.01185 -7.50575
endloop
endfacet
facet normal -0.9227092060683832 -0.3561525525503441 0.14752315190683954
outer loop
vertex -82.12132 23.27762 -13.43934
vertex -82.12132 25.96281 -6.95671
vertex -83.00000 28.01185 -7.50575
endloop
endfacet
facet normal -0.9227092065836898 -0.38219873720621844 0.05031744591759311
outer loop
vertex -83.00000 28.01185 -7.50575
vertex -82.12132 25.96281 -6.95671
vertex -83.00000 29.00000 -0.00000
endloop
endfacet
facet normal -0.9227092426185617 -0.38219865550549886 0.05031740569692679
outer loop
vertex -82.12132 25.96281 -6.95671
vertex -82.12132 26.87868 -0.00000
vertex -83.00000 29.00000 -0.00000
endloop
endfacet
facet normal -0.9227092412505711 -0.3821986549388587 -0.05031743508688376
outer loop
vertex -83.00000 29.00000 -0.00000
vertex -82.12132 26.87868 -0.00000
vertex -83.00000 28.01185 7.50575
endloop
endfacet
facet normal -0.9227092052156995 -0.3821987442655666 -0.05031741738241094
outer loop
vertex -82.12132 26.87868 -0.00000
vertex -82.12132 25.96281 6.95671
vertex -83.00000 28.01185 7.50575
endloop
endfacet
facet normal -0.922709204223731 -0.35615254155515286 -0.1475231899892819
outer loop
vertex -83.00000 28.01185 7.50575
vertex -82.12132 25.96281 6.95671
vertex -83.00000 25.11474 14.50000
endloop
endfacet
facet normal -0.922709155632855 -0.35615266408145674 -0.14752319810451842
outer loop
vertex -82.12132 25.96281 6.95671
vertex -82.12132 23.27762 13.43934
vertex -83.00000 25.11474 14.50000
endloop
endfacet
facet normal -0.9227091680689657 -0.3058351529135184 -0.23467562805677544
outer loop
vertex -83.00000 25.11474 14.50000
vertex -82.12132 23.27762 13.43934
vertex -83.00000 20.50610 20.50610
endloop
endfacet
facet normal -0.922709222244496 -0.3058350233016 -0.23467558396021318
outer loop
vertex -82.12132 23.27762 13.43934
vertex -82.12132 19.00610 19.00610
vertex -83.00000 20.50610 20.50610
endloop
endfacet
facet normal -0.9227092201878362 -0.23467555211402477 -0.3058350539430248
outer loop
vertex -83.00000 20.50610 20.50610
vertex -82.12132 19.00610 19.00610
vertex -83.00000 14.50000 25.11474
endloop
endfacet
facet normal -0.9227091660123039 -0.23467566589652394 -0.305835130083026
outer loop
vertex -82.12132 19.00610 19.00610
vertex -82.12132 13.43934 23.27762
vertex -83.00000 14.50000 25.11474
endloop
endfacet
facet normal -0.9227091574775147 -0.14752323280765436 -0.3561526449278644
outer loop
vertex -83.00000 14.50000 25.11474
vertex -82.12132 13.43934 23.27762
vertex -83.00000 7.50575 28.01185
endloop
endfacet
facet normal -0.9227092060683831 -0.14752315190683948 -0.35615255255034406
outer loop
vertex -82.12132 13.43934 23.27762
vertex -82.12132 6.95671 25.96281
vertex -83.00000 7.50575 28.01185
endloop
endfacet
facet normal -0.9227092065836897 -0.050317445917593115 -0.3821987372062184
outer loop
vertex -83.00000 7.50575 28.01185
vertex -82.12132 6.95671 25.96281
vertex -83.00000 0.00000 29.00000
endloop
endfacet
facet normal -0.9227092426185618 -0.05031740569692681 -0.3821986555054989
outer loop
vertex -82.12132 6.95671 25.96281
vertex -82.12132 0.00000 26.87868
vertex -83.00000 0.00000 29.00000
endloop
endfacet
facet normal -0.9227092412505711 0.050317435086883744 -0.3821986549388587
outer loop
vertex -83.00000 0.00000 29.00000
vertex -82.12132 0.00000 26.87868
vertex -83.00000 -7.50575 28.01185
endloop
endfacet
facet normal -0.9227092052156997 0.050317417382410926 -0.3821987442655667
outer loop
vertex -82.12132 0.00000 26.87868
vertex -82.12132 -6.95671 25.96281
vertex -83.00000 -7.50575 28.01185
endloop
endfacet
facet normal -0.9227092042237311 0.14752318998928193 -0.35615254155515286
outer loop
vertex -83.00000 -7.50575 28.01185
vertex -82.12132 -6.95671 25.96281
vertex -83.00000 -14.50000 25.11474
endloop
endfacet
facet normal -0.9227091556328548 0.14752319810451842 -0.3561526640814567
outer loop
vertex -82.12132 -6.95671 25.96281
vertex -82.12132 -13.43934 23.27762
vertex -83.00000 -14.50000 25.11474
endloop
endfacet
facet normal -0.9227091680689657 0.23467562805677544 -0.3058351529135184
outer loop
vertex -83.00000 -14.50000 25.11474
vertex -82.12132 -13.43934 23.27762
vertex -83.00000 -20.50610 20.50610
endloop
endfacet
facet normal -0.922709222244496 0.23467558396021318 -0.3058350233016
outer loop
vertex -82.12132 -13.43934 23.27762
vertex -82.12132 -19.00610 19.00610
vertex -83.00000 -20.50610 20.50610
endloop
endfacet
facet normal -0.9227092201878362 0.3058350539430248 -0.23467555211402477
outer loop
vertex -83.00000 -20.50610 20.50610
vertex -82.12132 -19.00610 19.00610
vertex -83.00000 -25.11474 14.50000
endloop
endfacet
facet normal -0.9227091660123039 0.305835130083026 -0.23467566589652394
outer loop
vertex -82.12132 -19.00610 19.00610
vertex -82.12132 -23.27762 13.43934
vertex -83.00000 -25.11474 14.50000
endloop
endfacet
facet normal -0.9227091574775146 0.3561526449278644 -0.14752323280765434
outer loop
vertex -83.00000 -25.11474 14.50000
vertex -82.12132 -23.27762 13.43934
vertex -83.00000 -28.01185 7.50575
endloop
endfacet
facet normal -0.9227092060683832 0.3561525525503441 -0.14752315190683948
outer loop
vertex -82.12132 -23.27762 13.43934
vertex -82.12132 -25.96281 6.95671
vertex -83.00000 -28.01185 7.50575
endloop
endfacet
facet normal -0.9227092065836896 0.38219873720621833 -0.050317445917593115
outer loop
vertex -83.00000 -28.01185 7.50575
vertex -82.12132 -25.96281 6.95671
vertex -83.00000 -29.00000 0.00000
endloop
endfacet
facet normal -0.9227092426185618 0.38219865550549903 -0.05031740569692683
outer loop
vertex -82.12132 -25.96281 6.95671
vertex -82.12132 -26.87868 0.00000
vertex -83.00000 -29.00000 0.00000
endloop
endfacet
facet normal -0.9227092412505711 0.38219865493885863 0.05031743508688373
outer loop
vertex -83.00000 -29.00000 0.00000
vertex -82.12132 -26.87868 0.00000
vertex -83.00000 -28.01185 -7.50575
endloop
endfacet
facet normal -0.9227092052156998 0.38219874426556666 0.05031741738241092
outer loop
vertex -82.12132 -26.87868 0.00000
vertex -82.12132 -25.96281 -6.95671
vertex -83.00000 -28.01185 -7.50575
endloop
endfacet
facet normal -0.9227092042237313 0.3561525415551529 0.147523189989282
outer loop
vertex -83.00000 -28.01185 -7.50575
vertex -82.12132 -25.96281 -6.95671
vertex -83.00000 -25.11474 -14.50000
endloop
endfacet
facet normal -0.9227091556328549 0.3561526640814568 0.14752319810451847
outer loop
vertex -82.12132 -25.96281 -6.95671
vertex -82.12132 -23.27762 -13.43934
vertex -83.00000 -25.11474 -14.50000
endloop
endfacet
facet normal -0.9227091680689657 0.3058351529135184 0.23467562805677544
outer loop
vertex -83.00000 -25.11474 -14.50000
vertex -82.12132 -23.27762 -13.43934
vertex -83.00000 -20.50610 -20.50610
endloop
endfacet
facet normal -0.922709222244496 0.3058350233016 0.23467558396021318
outer loop
vertex -82.12132 -23.27762 -13.43934
vertex -82.12132 -19.00610 -19.00610
vertex -83.00000 -20.50610 -20.50610
endloop
endfacet
facet normal -0.9227092201878362 0.23467555211402477 0.3058350539430248
outer loop
vertex -83.00000 -20.50610 -20.50610
vertex -82.12132 -19.00610 -19.00610
vertex -83.00000 -14.50000 -25.11474
endloop
endfacet
facet normal -0.9227091660123039 0.23467566589652394 0.305835130083026
outer loop
vertex -82.12132 -19.00610 -19.00610
vertex -82.12132 -13.43934 -23.27762
vertex -83.00000 -14.50000 -25.11474
endloop
endfacet
facet normal -0.9227091574775147 0.14752323280765436 0.3561526449278644
outer loop
vertex -83.00000 -14.50000 -25.11474
vertex -82.12132 -13.43934 -23.27762
vertex -83.00000 -7.50575 -28.01185
endloop
endfacet
facet normal -0.9227092060683831 0.14752315190683948 0.35615255255034406
outer loop
vertex -82.12132 -13.43934 -23.27762
vertex -82.12132 -6.95671 -25.96281
vertex -83.00000 -7.50575 -28.01185
endloop
endfacet
facet normal -0.9227092065836896 0.05031744591759312 0.38219873720621833
outer loop
vertex -83.00000 -7.50575 -28.01185
vertex -82.12132 -6.95671 -25.96281
vertex -83.00000 -0.00000 -29.00000
endloop
endfacet
facet normal -0.9227092426185618 0.05031740569692682 0.38219865550549886
outer loop
vertex -82.12132 -6.95671 -25.96281
vertex -82.12132 -0.00000 -26.87868
vertex -83.00000 -0.00000 -29.00000
endloop
endfacet
facet normal -0.9227092402073708 0.05031745749901892 -0.382198654506751
outer loop
vertex -82.12132 0.00000 -31.12132
vertex -83.00000 0.00000 -29.00000
vertex -82.12132 8.05479 -30.06089
endloop
endfacet
facet normal -0.9227092106415716 0.0503174446498201 -0.38219872757653184
outer loop
vertex -83.00000 0.00000 -29.00000
vertex -83.00000 7.50575 -28.01185
vertex -82.12132 8.05479 -30.06089
endloop
endfacet
facet normal -0.9227092180377484 0.1475231395174145 -0.35615252667234026
outer loop
vertex -82.12132 8.05479 -30.06089
vertex -83.00000 7.50575 -28.01185
vertex -82.12132 15.56066 -26.95185
endloop
endfacet
facet normal -0.9227092723660809 0.14752312757255726 -0.35615239086782613
outer loop
vertex -83.00000 7.50575 -28.01185
vertex -83.00000 14.50000 -25.11474
vertex -82.12132 15.56066 -26.95185
endloop
endfacet
facet normal -0.9227092651399054 0.23467551348477786 -0.30583494796316435
outer loop
vertex -82.12132 15.56066 -26.95185
vertex -83.00000 14.50000 -25.11474
vertex -82.12132 22.00610 -22.00610
endloop
endfacet
facet normal -0.9227092201878362 0.23467555211402477 -0.3058350539430248
outer loop
vertex -83.00000 14.50000 -25.11474
vertex -83.00000 20.50610 -20.50610
vertex -82.12132 22.00610 -22.00610
endloop
endfacet
facet normal -0.9227092217739233 0.3058350303124912 -0.2346755766736668
outer loop
vertex -82.12132 22.00610 -22.00610
vertex -83.00000 20.50610 -20.50610
vertex -82.12132 26.95185 -15.56066
endloop
endfacet
facet normal -0.9227092667259977 0.30583496556991885 -0.23467548430293786
outer loop
vertex -83.00000 20.50610 -20.50610
vertex -83.00000 25.11474 -14.50000
vertex -82.12132 26.95185 -15.56066
endloop
endfacet
facet normal -0.9227092704491605 0.3561524107717833 -0.14752309150985382
outer loop
vertex -82.12132 26.95185 -15.56066
vertex -83.00000 25.11474 -14.50000
vertex -82.12132 30.06089 -8.05479
endloop
endfacet
facet normal -0.922709216120831 0.3561525152463773 -0.14752317909183202
outer loop
vertex -83.00000 25.11474 -14.50000
vertex -83.00000 28.01185 -7.50575
vertex -82.12132 30.06089 -8.05479
endloop
endfacet
facet normal -0.9227092116847719 0.3821987221932239 -0.05031746641012101
outer loop
vertex -82.12132 30.06089 -8.05479
vertex -83.00000 28.01185 -7.50575
vertex -82.12132 31.12132 -0.00000
endloop
endfacet
facet normal -0.9227092412505711 0.3821986549388587 -0.050317435086883786
outer loop
vertex -83.00000 28.01185 -7.50575
vertex -83.00000 29.00000 -0.00000
vertex -82.12132 31.12132 -0.00000
endloop
endfacet
facet normal -0.9227092402073708 0.382198654506751 0.050317457499018906
outer loop
vertex -82.12132 31.12132 -0.00000
vertex -83.00000 29.00000 -0.00000
vertex -82.12132 30.06089 8.05479
endloop
endfacet
facet normal -0.9227092106415716 0.38219872757653184 0.05031744464982009
outer loop
vertex -83.00000 29.00000 -0.00000
vertex -83.00000 28.01185 7.50575
vertex -82.12132 30.06089 8.05479
endloop
endfacet
facet normal -0.9227092180377485 0.35615252667234026 0.1475231395174145
outer loop
vertex -82.12132 30.06089 8.05479
vertex -83.00000 28.01185 7.50575
vertex -82.12132 26.95185 15.56066
endloop
endfacet
facet normal -0.9227092723660807 0.3561523908678261 0.1475231275725572
outer loop
vertex -83.00000 28.01185 7.50575
vertex -83.00000 25.11474 14.50000
vertex -82.12132 26.95185 15.56066
endloop
endfacet
facet normal -0.9227092651399054 0.30583494796316435 0.23467551348477786
outer loop
vertex -82.12132 26.95185 15.56066
vertex -83.00000 25.11474 14.50000
vertex -82.12132 22.00610 22.00610
endloop
endfacet
facet normal -0.9227092201878362 0.3058350539430248 0.23467555211402477
outer loop
vertex -83.00000 25.11474 14.50000
vertex -83.00000 20.50610 20.50610
vertex -82.12132 22.00610 22.00610
endloop
endfacet
facet normal -0.9227092217739233 0.2346755766736668 0.3058350303124912
outer loop
vertex -82.12132 22.00610 22.00610
vertex -83.00000 20.50610 20.50610
vertex -82.12132 15.56066 26.95185
endloop
endfacet
facet normal -0.9227092667259975 0.2346754843029378 0.3058349655699188
outer loop
vertex -83.00000 20.50610 20.50610
vertex -83.00000 14.50000 25.11474
vertex -82.12132 15.56066 26.95185
endloop
endfacet
facet normal -0.9227092704491605 0.14752309150985382 0.3561524107717833
outer loop
vertex -82.12132 15.56066 26.95185
vertex -83.00000 14.50000 25.11474
vertex -82.12132 8.05479 30.06089
endloop
endfacet
facet normal -0.922709216120831 0.14752317909183194 0.3561525152463772
outer loop
vertex -83.00000 14.50000 25.11474
vertex -83.00000 7.50575 28.01185
vertex -82.12132 8.05479 30.06089
endloop
endfacet
facet normal -0.9227092116847719 0.050317466410121026 0.3821987221932239
outer loop
vertex -82.12132 8.05479 30.06089
vertex -83.00000 7.50575 28.01185
vertex -82.12132 0.00000 31.12132
endloop
endfacet
facet normal -0.922709241250571 0.050317435086883786 0.3821986549388586
outer loop
vertex -83.00000 7.50575 28.01185
vertex -83.00000 0.00000 29.00000
vertex -82.12132 0.00000 31.12132
endloop
endfacet
facet normal -0.9227092402073709 -0.0503174574990189 0.38219865450675106
outer loop
vertex -82.12132 0.00000 31.12132
vertex -83.00000 0.00000 29.00000
vertex -82.12132 -8.05479 30.06089
endloop
endfacet
facet normal -0.9227092106415716 -0.050317444649820076 0.38219872757653184
outer loop
vertex -83.00000 0.00000 29.00000
vertex -83.00000 -7.50575 28.01185
vertex -82.12132 -8.05479 30.06089
endloop
endfacet
facet normal -0.9227092180377484 -0.1475231395174145 0.35615252667234026
outer loop
vertex -82.12132 -8.05479 30.06089
vertex -83.00000 -7.50575 28.01185
vertex -82.12132 -15.56066 26.95185
endloop
endfacet
facet normal -0.9227092723660809 -0.14752312757255726 0.35615239086782613
outer loop
vertex -83.00000 -7.50575 28.01185
vertex -83.00000 -14.50000 25.11474
vertex -82.12132 -15.56066 26.95185
endloop
endfacet
facet normal -0.9227092651399054 -0.23467551348477786 0.30583494796316435
outer loop
vertex -82.12132 -15.56066 26.95185
vertex -83.00000 -14.50000 25.11474
vertex -82.12132 -22.00610 22.00610
endloop
endfacet
facet normal -0.9227092201878362 -0.23467555211402477 0.3058350539430248
outer loop
vertex -83.00000 -14.50000 25.11474
vertex -83.00000 -20.50610 20.50610
vertex -82.12132 -22.00610 22.00610
endloop
endfacet
facet normal -0.9227092217739233 -0.3058350303124912 0.2346755766736668
outer loop
vertex -82.12132 -22.00610 22.00610
vertex -83.00000 -20.50610 20.50610
vertex -82.12132 -26.95185 15.56066
endloop
endfacet
facet normal -0.9227092667259977 -0.30583496556991885 0.23467548430293786
outer loop
vertex -83.00000 -20.50610 20.50610
vertex -83.00000 -25.11474 14.50000
vertex -82.12132 -26.95185 15.56066
endloop
endfacet
facet normal -0.9227092704491605 -0.3561524107717833 0.14752309150985382
outer loop
vertex -82.12132 -26.95185 15.56066
vertex -83.00000 -25.11474 14.50000
vertex -82.12132 -30.06089 8.05479
endloop
endfacet
facet normal -0.922709216120831 -0.35615251524637714 0.1475231790918319
outer loop
vertex -83.00000 -25.11474 14.50000
vertex -83.00000 -28.01185 7.50575
vertex -82.12132 -30.06089 8.05479
endloop
endfacet
facet normal -0.9227092116847719 -0.3821987221932239 0.05031746641012103
outer loop
vertex -82.12132 -30.06089 8.05479
vertex -83.00000 -28.01185 7.50575
vertex -82.12132 -31.12132 0.00000
endloop
endfacet
facet normal -0.9227092412505711 -0.3821986549388587 0.0503174350868838
outer loop
vertex -83.00000 -28.01185 7.50575
vertex -83.00000 -29.00000 0.00000
vertex -82.12132 -31.12132 0.00000
endloop
endfacet
facet normal -0.9227092402073708 -0.382198654506751 -0.05031745749901889
outer loop
vertex -82.12132 -31.12132 0.00000
vertex -83.00000 -29.00000 0.00000
vertex -82.12132 -30.06089 -8.05479
endloop
endfacet
facet normal -0.9227092106415717 -0.38219872757653184 -0.05031744464982007
outer loop
vertex -83.00000 -29.00000 0.00000
vertex -83.00000 -28.01185 -7.50575
vertex -82.12132 -30.06089 -8.05479
endloop
endfacet
facet normal -0.9227092180377484 -0.3561525266723404 -0.14752313951741455
outer loop
vertex -82.12132 -30.06089 -8.05479
vertex -83.00000 -28.01185 -7.50575
vertex -82.12132 -26.95185 -15.56066
endloop
endfacet
facet normal -0.9227092723660809 -0.3561523908678261 -0.14752312757255726
outer loop
vertex -83.00000 -28.01185 -7.50575
vertex -83.00000 -25.11474 -14.50000
vertex -82.12132 -26.95185 -15.56066
endloop
endfacet
facet normal -0.9227092651399054 -0.30583494796316435 -0.23467551348477786
outer loop
vertex -82.12132 -26.95185 -15.56066
vertex -83.00000 -25.11474 -14.50000
vertex -82.12132 -22.00610 -22.00610
endloop
endfacet
facet normal -0.9227092201878362 -0.3058350539430248 -0.23467555211402477
outer loop
vertex -83.00000 -25.11474 -14.50000
vertex -83.00000 -20.50610 -20.50610
vertex -82.12132 -22.00610 -22.00610
endloop
endfacet
facet normal -0.9227092217739233 -0.2346755766736668 -0.3058350303124912
outer loop
vertex -82.12132 -22.00610 -22.00610
vertex -83.00000 -20.50610 -20.50610
vertex -82.12132 -15.56066 -26.95185
endloop
endfacet
facet normal -0.9227092667259975 -0.2346754843029378 -0.3058349655699188
outer loop
vertex -83.00000 -20.50610 -20.50610
vertex -83.00000 -14.50000 -25.11474
vertex -82.12132 -15.56066 -26.95185
endloop
endfacet
facet normal -0.9227092704491605 -0.14752309150985382 -0.3561524107717833
outer loop
vertex -82.12132 -15.56066 -26.95185
vertex -83.00000 -14.50000 -25.11474
vertex -82.12132 -8.05479 -30.06089
endloop
endfacet
facet normal -0.922709216120831 -0.14752317909183194 -0.3561525152463772
outer loop
vertex -83.00000 -14.50000 -25.11474
vertex -83.00000 -7.50575 -28.01185
vertex -82.12132 -8.05479 -30.06089
endloop
endfacet
facet normal -0.9227092116847719 -0.05031746641012104 -0.3821987221932239
outer loop
vertex -82.12132 -8.05479 -30.06089
vertex -83.00000 -7.50575 -28.01185
vertex -82.12132 -0.00000 -31.12132
endloop
endfacet
facet normal -0.922709241250571 -0.0503174350868838 -0.3821986549388586
outer loop
vertex -83.00000 -7.50575 -28.01185
vertex -83.00000 -0.00000 -29.00000
vertex -82.12132 -0.00000 -31.12132
endloop
endfacet
facet normal -0.379883599496815 0.12074125240551833 -0.9171204941559699
outer loop
vertex -80.00000 0.00000 -32.00000
vertex -82.12132 0.00000 -31.12132
vertex -80.00000 8.28221 -30.90963
endloop
endfacet
facet normal -0.37988383462276887 0.12074130994528028 -0.9171203891883544
outer loop
vertex -82.12132 0.00000 -31.12132
vertex -82.12132 8.05479 -30.06089
vertex -80.00000 8.28221 -30.90963
endloop
endfacet
facet normal -0.37988381034164126 0.35399527087763477 -0.8546201722616813
outer loop
vertex -80.00000 8.28221 -30.90963
vertex -82.12132 8.05479 -30.06089
vertex -80.00000 16.00000 -27.71281
endloop
endfacet
facet normal -0.3798832995745813 0.3539952091588613 -0.8546204248652749
outer loop
vertex -82.12132 8.05479 -30.06089
vertex -82.12132 15.56066 -26.95185
vertex -80.00000 16.00000 -27.71281
endloop
endfacet
facet normal -0.3798833474313503 0.5631252766418824 -0.7338791216210987
outer loop
vertex -80.00000 16.00000 -27.71281
vertex -82.12132 15.56066 -26.95185
vertex -80.00000 22.62742 -22.62742
endloop
endfacet
facet normal -0.37988395111231954 0.5631252698305989 -0.7338788143593655
outer loop
vertex -82.12132 15.56066 -26.95185
vertex -82.12132 22.00610 -22.00610
vertex -80.00000 22.62742 -22.62742
endloop
endfacet
facet normal -0.3798839427087908 0.7338789276759847 -0.5631251278225567
outer loop
vertex -80.00000 22.62742 -22.62742
vertex -82.12132 22.00610 -22.00610
vertex -80.00000 27.71281 -16.00000
endloop
endfacet
facet normal -0.37988333902784704 0.7338790137802856 -0.5631254228517206
outer loop
vertex -82.12132 22.00610 -22.00610
vertex -82.12132 26.95185 -15.56066
vertex -80.00000 27.71281 -16.00000
endloop
endfacet
facet normal -0.3798833066847325 0.8546203633538086 -0.3539953500305867
outer loop
vertex -80.00000 27.71281 -16.00000
vertex -82.12132 26.95185 -15.56066
vertex -80.00000 30.90963 -8.28221
endloop
endfacet
facet normal -0.3798838174517754 0.8546202283778253 -0.3539951277711319
outer loop
vertex -82.12132 26.95185 -15.56066
vertex -82.12132 30.06089 -8.05479
vertex -80.00000 30.90963 -8.28221
endloop
endfacet
facet normal -0.37988383134970793 0.9171203997555456 -0.12074123997746172
outer loop
vertex -80.00000 30.90963 -8.28221
vertex -82.12132 30.06089 -8.05479
vertex -80.00000 32.00000 -0.00000
endloop
endfacet
facet normal -0.3798835962237454 0.9171204862540777 -0.12074132272423792
outer loop
vertex -82.12132 30.06089 -8.05479
vertex -82.12132 31.12132 -0.00000
vertex -80.00000 32.00000 -0.00000
endloop
endfacet
facet normal -0.37988359949681505 0.9171204941559697 0.1207412524055183
outer loop
vertex -80.00000 32.00000 -0.00000
vertex -82.12132 31.12132 -0.00000
vertex -80.00000 30.90963 8.28221
endloop
endfacet
facet normal -0.37988383462276887 0.9171203891883544 0.12074130994528025
outer loop
vertex -82.12132 31.12132 -0.00000
vertex -82.12132 30.06089 8.05479
vertex -80.00000 30.90963 8.28221
endloop
endfacet
facet normal -0.37988381034164126 0.8546201722616813 0.35399527087763477
outer loop
vertex -80.00000 30.90963 8.28221
vertex -82.12132 30.06089 8.05479
vertex -80.00000 27.71281 16.00000
endloop
endfacet
facet normal -0.3798832995745813 0.8546204248652749 0.3539952091588613
outer loop
vertex -82.12132 30.06089 8.05479
vertex -82.12132 26.95185 15.56066
vertex -80.00000 27.71281 16.00000
endloop
endfacet
facet normal -0.3798833474313503 0.7338791216210987 0.5631252766418824
outer loop
vertex -80.00000 27.71281 16.00000
vertex -82.12132 26.95185 15.56066
vertex -80.00000 22.62742 22.62742
endloop
endfacet
facet normal -0.37988395111231954 0.7338788143593655 0.5631252698305989
outer loop
vertex -82.12132 26.95185 15.56066
vertex -82.12132 22.00610 22.00610
vertex -80.00000 22.62742 22.62742
endloop
endfacet
facet normal -0.3798839427087908 0.5631251278225567 0.7338789276759847
outer loop
vertex -80.00000 22.62742 22.62742
vertex -82.12132 22.00610 22.00610
vertex -80.00000 16.00000 27.71281
endloop
endfacet
facet normal -0.37988333902784704 0.5631254228517206 0.7338790137802856
outer loop
vertex -82.12132 22.00610 22.00610
vertex -82.12132 15.56066 26.95185
vertex -80.00000 16.00000 27.71281
endloop
endfacet
facet normal -0.3798833066847325 0.35399535003058724 0.8546203633538083
outer loop
vertex -80.00000 16.00000 27.71281
vertex -82.12132 15.56066 26.95185
vertex -80.00000 8.28221 30.90963
endloop
endfacet
facet normal -0.3798838174517776 0.35399512777113157 0.8546202283778244
outer loop
vertex -82.12132 15.56066 26.95185
vertex -82.12132 8.05479 30.06089
vertex -80.00000 8.28221 30.90963
endloop
endfacet
facet normal -0.3798838313497101 0.12074123997746161 0.9171203997555446
outer loop
vertex -80.00000 8.28221 30.90963
vertex -82.12132 8.05479 30.06089
vertex -80.00000 0.00000 32.00000
endloop
endfacet
facet normal -0.37988359622374746 0.12074132272423779 0.9171204862540767
outer loop
vertex -82.12132 8.05479 30.06089
vertex -82.12132 0.00000 31.12132
vertex -80.00000 0.00000 32.00000
endloop
endfacet
facet normal -0.3798835994968172 -0.12074125240551817 0.917120494155969
outer loop
vertex -80.00000 0.00000 32.00000
vertex -82.12132 0.00000 31.12132
vertex -80.00000 -8.28221 30.90963
endloop
endfacet
facet normal -0.37988383462277103 -0.1207413099452801 0.9171203891883535
outer loop
vertex -82.12132 0.00000 31.12132
vertex -82.12132 -8.05479 30.06089
vertex -80.00000 -8.28221 30.90963
endloop
endfacet
facet normal -0.3798838103416434 -0.3539952708776351 0.8546201722616802
outer loop
vertex -80.00000 -8.28221 30.90963
vertex -82.12132 -8.05479 30.06089
vertex -80.00000 -16.00000 27.71281
endloop
endfacet
facet normal -0.3798832995745813 -0.3539952091588613 0.8546204248652749
outer loop
vertex -82.12132 -8.05479 30.06089
vertex -82.12132 -15.56066 26.95185
vertex -80.00000 -16.00000 27.71281
endloop
endfacet
facet normal -0.3798833474313503 -0.5631252766418824 0.7338791216210987
outer loop
vertex -80.00000 -16.00000 27.71281
vertex -82.12132 -15.56066 26.95185
vertex -80.00000 -22.62742 22.62742
endloop
endfacet
facet normal -0.37988395111231954 -0.5631252698305989 0.7338788143593655
outer loop
vertex -82.12132 -15.56066 26.95185
vertex -82.12132 -22.00610 22.00610
vertex -80.00000 -22.62742 22.62742
endloop
endfacet
facet normal -0.3798839427087908 -0.7338789276759847 0.5631251278225567
outer loop
vertex -80.00000 -22.62742 22.62742
vertex -82.12132 -22.00610 22.00610
vertex -80.00000 -27.71281 16.00000
endloop
endfacet
facet normal -0.37988333902784704 -0.7338790137802856 0.5631254228517206
outer loop
vertex -82.12132 -22.00610 22.00610
vertex -82.12132 -26.95185 15.56066
vertex -80.00000 -27.71281 16.00000
endloop
endfacet
facet normal -0.3798833066847325 -0.8546203633538086 0.3539953500305867
outer loop
vertex -80.00000 -27.71281 16.00000
vertex -82.12132 -26.95185 15.56066
vertex -80.00000 -30.90963 8.28221
endloop
endfacet
facet normal -0.3798838174517754 -0.8546202283778253 0.3539951277711319
outer loop
vertex -82.12132 -26.95185 15.56066
vertex -82.12132 -30.06089 8.05479
vertex -80.00000 -30.90963 8.28221
endloop
endfacet
facet normal -0.3798838313497079 -0.9171203997555455 0.12074123997746175
outer loop
vertex -80.00000 -30.90963 8.28221
vertex -82.12132 -30.06089 8.05479
vertex -80.00000 -32.00000 0.00000
endloop
endfacet
facet normal -0.37988359622374535 -0.9171204862540777 0.12074132272423797
outer loop
vertex -82.12132 -30.06089 8.05479
vertex -82.12132 -31.12132 0.00000
vertex -80.00000 -32.00000 0.00000
endloop
endfacet
facet normal -0.379883599496815 -0.91712049415597 -0.12074125240551828
outer loop
vertex -80.00000 -32.00000 0.00000
vertex -82.12132 -31.12132 0.00000
vertex -80.00000 -30.90963 -8.28221
endloop
endfacet
facet normal -0.37988383462276887 -0.9171203891883544 -0.12074130994528019
outer loop
vertex -82.12132 -31.12132 0.00000
vertex -82.12132 -30.06089 -8.05479
vertex -80.00000 -30.90963 -8.28221
endloop
endfacet
facet normal -0.37988381034164126 -0.8546201722616813 -0.35399527087763477
outer loop
vertex -80.00000 -30.90963 -8.28221
vertex -82.12132 -30.06089 -8.05479
vertex -80.00000 -27.71281 -16.00000
endloop
endfacet
facet normal -0.3798832995745813 -0.8546204248652749 -0.3539952091588613
outer loop
vertex -82.12132 -30.06089 -8.05479
vertex -82.12132 -26.95185 -15.56066
vertex -80.00000 -27.71281 -16.00000
endloop
endfacet
facet normal -0.3798833474313503 -0.7338791216210987 -0.5631252766418824
outer loop
vertex -80.00000 -27.71281 -16.00000
vertex -82.12132 -26.95185 -15.56066
vertex -80.00000 -22.62742 -22.62742
endloop
endfacet
facet normal -0.37988395111231954 -0.7338788143593655 -0.5631252698305989
outer loop
vertex -82.12132 -26.95185 -15.56066
vertex -82.12132 -22.00610 -22.00610
vertex -80.00000 -22.62742 -22.62742
endloop
endfacet
facet normal -0.3798839427087908 -0.5631251278225567 -0.7338789276759847
outer loop
vertex -80.00000 -22.62742 -22.62742
vertex -82.12132 -22.00610 -22.00610
vertex -80.00000 -16.00000 -27.71281
endloop
endfacet
facet normal -0.37988333902784704 -0.5631254228517206 -0.7338790137802856
outer loop
vertex -82.12132 -22.00610 -22.00610
vertex -82.12132 -15.56066 -26.95185
vertex -80.00000 -16.00000 -27.71281
endloop
endfacet
facet normal -0.37988330668473247 -0.35399535003058663 -0.8546203633538085
outer loop
vertex -80.00000 -16.00000 -27.71281
vertex -82.12132 -15.56066 -26.95185
vertex -80.00000 -8.28221 -30.90963
endloop
endfacet
facet normal -0.3798838174517754 -0.3539951277711319 -0.8546202283778253
outer loop
vertex -82.12132 -15.56066 -26.95185
vertex -82.12132 -8.05479 -30.06089
vertex -80.00000 -8.28221 -30.90963
endloop
endfacet
facet normal -0.3798838313497079 -0.12074123997746178 -0.9171203997555455
outer loop
vertex -80.00000 -8.28221 -30.90963
vertex -82.12132 -8.05479 -30.06089
vertex -80.00000 -0.00000 -32.00000
endloop
endfacet
facet normal -0.3798835962237453 -0.12074132272423799 -0.9171204862540776
outer loop
vertex -82.12132 -8.05479 -30.06089
vertex -82.12132 -0.00000 -31.12132
vertex -80.00000 -0.00000 -32.00000
endloop
endfacet
facet normal 0.37988359622374535 0.12074132272423788 -0.9171204862540776
outer loop
vertex -67.87868 0.00000 -31.12132
vertex -70.00000 0.00000 -32.00000
vertex -67.87868 8.05479 -30.06089
endloop
endfacet
facet normal 0.37988383134970793 0.12074123997746168 -0.9171203997555455
outer loop
vertex -70.00000 0.00000 -32.00000
vertex -70.00000 8.28221 -30.90963
vertex -67.87868 8.05479 -30.06089
endloop
endfacet
facet normal 0.3798838174517754 0.3539951277711319 -0.8546202283778253
outer loop
vertex -67.87868 8.05479 -30.06089
vertex -70.00000 8.28221 -30.90963
vertex -67.87868 15.56066 -26.95185
endloop
endfacet
facet normal 0.37988330668473247 0.35399535003058663 -0.8546203633538085
outer loop
vertex -70.00000 8.28221 -30.90963
vertex -70.00000 16.00000 -27.71281
vertex -67.87868 15.56066 -26.95185
endloop
endfacet
facet normal 0.37988333902784704 0.5631254228517206 -0.7338790137802856
outer loop
vertex -67.87868 15.56066 -26.95185
vertex -70.00000 16.00000 -27.71281
vertex -67.87868 22.00610 -22.00610
endloop
endfacet
facet normal 0.3798839427087908 0.5631251278225567 -0.7338789276759847
outer loop
vertex -70.00000 16.00000 -27.71281
vertex -70.00000 22.62742 -22.62742
vertex -67.87868 22.00610 -22.00610
endloop
endfacet
facet normal 0.37988395111231954 0.7338788143593655 -0.5631252698305989
outer loop
vertex -67.87868 22.00610 -22.00610
vertex -70.00000 22.62742 -22.62742
vertex -67.87868 26.95185 -15.56066
endloop
endfacet
facet normal 0.3798833474313503 0.7338791216210987 -0.5631252766418824
outer loop
vertex -70.00000 22.62742 -22.62742
vertex -70.00000 27.71281 -16.00000
vertex -67.87868 26.95185 -15.56066
endloop
endfacet
facet normal 0.3798832995745813 0.8546204248652749 -0.3539952091588613
outer loop
vertex -67.87868 26.95185 -15.56066
vertex -70.00000 27.71281 -16.00000
vertex -67.87868 30.06089 -8.05479
endloop
endfacet
facet normal 0.37988381034164126 0.8546201722616813 -0.35399527087763477
outer loop
vertex -70.00000 27.71281 -16.00000
vertex -70.00000 30.90963 -8.28221
vertex -67.87868 30.06089 -8.05479
endloop
endfacet
facet normal 0.3798838346227688 0.9171203891883543 -0.12074130994528029
outer loop
vertex -67.87868 30.06089 -8.05479
vertex -70.00000 30.90963 -8.28221
vertex -67.87868 31.12132 -0.00000
endloop
endfacet
facet normal 0.379883599496815 0.9171204941559697 -0.12074125240551836
outer loop
vertex -70.00000 30.90963 -8.28221
vertex -70.00000 32.00000 -0.00000
vertex -67.87868 31.12132 -0.00000
endloop
endfacet
facet normal 0.3798835962237454 0.9171204862540777 0.12074132272423788
outer loop
vertex -67.87868 31.12132 -0.00000
vertex -70.00000 32.00000 -0.00000
vertex -67.87868 30.06089 8.05479
endloop
endfacet
facet normal 0.37988383134970793 0.9171203997555456 0.12074123997746167
outer loop
vertex -70.00000 32.00000 -0.00000
vertex -70.00000 30.90963 8.28221
vertex -67.87868 30.06089 8.05479
endloop
endfacet
facet normal 0.3798838174517754 0.8546202283778253 0.3539951277711319
outer loop
vertex -67.87868 30.06089 8.05479
vertex -70.00000 30.90963 8.28221
vertex -67.87868 26.95185 15.56066
endloop
endfacet
facet normal 0.3798833066847325 0.8546203633538086 0.3539953500305867
outer loop
vertex -70.00000 30.90963 8.28221
vertex -70.00000 27.71281 16.00000
vertex -67.87868 26.95185 15.56066
endloop
endfacet
facet normal 0.37988333902784704 0.7338790137802856 0.5631254228517206
outer loop
vertex -67.87868 26.95185 15.56066
vertex -70.00000 27.71281 16.00000
vertex -67.87868 22.00610 22.00610
endloop
endfacet
facet normal 0.3798839427087908 0.7338789276759847 0.5631251278225567
outer loop
vertex -70.00000 27.71281 16.00000
vertex -70.00000 22.62742 22.62742
vertex -67.87868 22.00610 22.00610
endloop
endfacet
facet normal 0.37988395111231954 0.5631252698305989 0.7338788143593655
outer loop
vertex -67.87868 22.00610 22.00610
vertex -70.00000 22.62742 22.62742
vertex -67.87868 15.56066 26.95185
endloop
endfacet
facet normal 0.3798833474313503 0.5631252766418824 0.7338791216210987
outer loop
vertex -70.00000 22.62742 22.62742
vertex -70.00000 16.00000 27.71281
vertex -67.87868 15.56066 26.95185
endloop
endfacet
facet normal 0.3798832995745813 0.3539952091588613 0.8546204248652749
outer loop
vertex -67.87868 15.56066 26.95185
vertex -70.00000 16.00000 27.71281
vertex -67.87868 8.05479 30.06089
endloop
endfacet
facet normal 0.37988381034164126 0.35399527087763477 0.8546201722616813
outer loop
vertex -70.00000 16.00000 27.71281
vertex -70.00000 8.28221 30.90963
vertex -67.87868 8.05479 30.06089
endloop
endfacet
facet normal 0.37988383462276887 0.12074130994528032 0.9171203891883544
outer loop
vertex -67.87868 8.05479 30.06089
vertex -70.00000 8.28221 30.90963
vertex -67.87868 0.00000 31.12132
endloop
endfacet
facet normal 0.37988359949681505 0.12074125240551839 0.9171204941559699
outer loop
vertex -70.00000 8.28221 30.90963
vertex -70.00000 0.00000 32.00000
vertex -67.87868 0.00000 31.12132
endloop
endfacet
facet normal 0.3798835962237454 -0.12074132272423783 0.9171204862540776
outer loop
vertex -67.87868 0.00000 31.12132
vertex -70.00000 0.00000 32.00000
vertex -67.87868 -8.05479 30.06089
endloop
endfacet
facet normal 0.37988383134970793 -0.12074123997746164 0.9171203997555455
outer loop
vertex -70.00000 0.00000 32.00000
vertex -70.00000 -8.28221 30.90963
vertex -67.87868 -8.05479 30.06089
endloop
endfacet
facet normal 0.3798838174517754 -0.3539951277711319 0.8546202283778253
outer loop
vertex -67.87868 -8.05479 30.06089
vertex -70.00000 -8.28221 30.90963
vertex -67.87868 -15.56066 26.95185
endloop
endfacet
facet normal 0.37988330668473247 -0.35399535003058663 0.8546203633538085
outer loop
vertex -70.00000 -8.28221 30.90963
vertex -70.00000 -16.00000 27.71281
vertex -67.87868 -15.56066 26.95185
endloop
endfacet
facet normal 0.37988333902784704 -0.5631254228517206 0.7338790137802856
outer loop
vertex -67.87868 -15.56066 26.95185
vertex -70.00000 -16.00000 27.71281
vertex -67.87868 -22.00610 22.00610
endloop
endfacet
facet normal 0.3798839427087908 -0.5631251278225567 0.7338789276759847
outer loop
vertex -70.00000 -16.00000 27.71281
vertex -70.00000 -22.62742 22.62742
vertex -67.87868 -22.00610 22.00610
endloop
endfacet
facet normal 0.37988395111231954 -0.7338788143593655 0.5631252698305989
outer loop
vertex -67.87868 -22.00610 22.00610
vertex -70.00000 -22.62742 22.62742
vertex -67.87868 -26.95185 15.56066
endloop
endfacet
facet normal 0.3798833474313503 -0.7338791216210987 0.5631252766418824
outer loop
vertex -70.00000 -22.62742 22.62742
vertex -70.00000 -27.71281 16.00000
vertex -67.87868 -26.95185 15.56066
endloop
endfacet
facet normal 0.3798832995745813 -0.8546204248652749 0.3539952091588613
outer loop
vertex -67.87868 -26.95185 15.56066
vertex -70.00000 -27.71281 16.00000
vertex -67.87868 -30.06089 8.05479
endloop
endfacet
facet normal 0.37988381034164126 -0.8546201722616813 0.35399527087763477
outer loop
vertex -70.00000 -27.71281 16.00000
vertex -70.00000 -30.90963 8.28221
vertex -67.87868 -30.06089 8.05479
endloop
endfacet
facet normal 0.3798838346227689 -0.9171203891883545 0.12074130994528037
outer loop
vertex -67.87868 -30.06089 8.05479
vertex -70.00000 -30.90963 8.28221
vertex -67.87868 -31.12132 0.00000
endloop
endfacet
facet normal 0.379883599496815 -0.9171204941559697 0.1207412524055184
outer loop
vertex -70.00000 -30.90963 8.28221
vertex -70.00000 -32.00000 0.00000
vertex -67.87868 -31.12132 0.00000
endloop
endfacet
facet normal 0.3798835962237454 -0.9171204862540777 -0.1207413227242378
outer loop
vertex -67.87868 -31.12132 0.00000
vertex -70.00000 -32.00000 0.00000
vertex -67.87868 -30.06089 -8.05479
endloop
endfacet
facet normal 0.379883831349708 -0.9171203997555456 -0.12074123997746163
outer loop
vertex -70.00000 -32.00000 0.00000
vertex -70.00000 -30.90963 -8.28221
vertex -67.87868 -30.06089 -8.05479
endloop
endfacet
facet normal 0.3798838174517754 -0.8546202283778253 -0.3539951277711319
outer loop
vertex -67.87868 -30.06089 -8.05479
vertex -70.00000 -30.90963 -8.28221
vertex -67.87868 -26.95185 -15.56066
endloop
endfacet
facet normal 0.3798833066847325 -0.8546203633538086 -0.3539953500305867
outer loop
vertex -70.00000 -30.90963 -8.28221
vertex -70.00000 -27.71281 -16.00000
vertex -67.87868 -26.95185 -15.56066
endloop
endfacet
facet normal 0.37988333902784704 -0.7338790137802856 -0.5631254228517206
outer loop
vertex -67.87868 -26.95185 -15.56066
vertex -70.00000 -27.71281 -16.00000
vertex -67.87868 -22.00610 -22.00610
endloop
endfacet
facet normal 0.3798839427087908 -0.7338789276759847 -0.5631251278225567
outer loop
vertex -70.00000 -27.71281 -16.00000
vertex -70.00000 -22.62742 -22.62742
vertex -67.87868 -22.00610 -22.00610
endloop
endfacet
facet normal 0.37988395111231954 -0.5631252698305989 -0.7338788143593655
outer loop
vertex -67.87868 -22.00610 -22.00610
vertex -70.00000 -22.62742 -22.62742
vertex -67.87868 -15.56066 -26.95185
endloop
endfacet
facet normal 0.3798833474313503 -0.5631252766418824 -0.7338791216210987
outer loop
vertex -70.00000 -22.62742 -22.62742
vertex -70.00000 -16.00000 -27.71281
vertex -67.87868 -15.56066 -26.95185
endloop
endfacet
facet normal 0.3798832995745813 -0.3539952091588613 -0.8546204248652749
outer loop
vertex -67.87868 -15.56066 -26.95185
vertex -70.00000 -16.00000 -27.71281
vertex -67.87868 -8.05479 -30.06089
endloop
endfacet
facet normal 0.37988381034164126 -0.35399527087763477 -0.8546201722616813
outer loop
vertex -70.00000 -16.00000 -27.71281
vertex -70.00000 -8.28221 -30.90963
vertex -67.87868 -8.05479 -30.06089
endloop
endfacet
facet normal 0.3798838346227688 -0.12074130994528037 -0.9171203891883544
outer loop
vertex -67.87868 -8.05479 -30.06089
vertex -70.00000 -8.28221 -30.90963
vertex -67.87868 -0.00000 -31.12132
endloop
endfacet
facet normal 0.3798835994968151 -0.12074125240551846 -0.91712049415597
outer loop
vertex -70.00000 -8.28221 -30.90963
vertex -70.00000 -0.00000 -32.00000
vertex -67.87868 -0.00000 -31.12132
endloop
endfacet
facet normal 0.9227092412505711 0.050317435086883765 -0.3821986549388587
outer loop
vertex -67.00000 0.00000 -29.00000
vertex -67.87868 0.00000 -31.12132
vertex -67.00000 7.50575 -28.01185
endloop
endfacet
facet normal 0.9227092116847717 0.05031746641012099 -0.38219872219322387
outer loop
vertex -67.87868 0.00000 -31.12132
vertex -67.87868 8.05479 -30.06089
vertex -67.00000 7.50575 -28.01185
endloop
endfacet
facet normal 0.922709216120831 0.14752317909183194 -0.3561525152463772
outer loop
vertex -67.00000 7.50575 -28.01185
vertex -67.87868 8.05479 -30.06089
vertex -67.00000 14.50000 -25.11474
endloop
endfacet
facet normal 0.9227092704491605 0.14752309150985382 -0.3561524107717833
outer loop
vertex -67.87868 8.05479 -30.06089
vertex -67.87868 15.56066 -26.95185
vertex -67.00000 14.50000 -25.11474
endloop
endfacet
facet normal 0.9227092667259975 0.2346754843029378 -0.3058349655699188
outer loop
vertex -67.00000 14.50000 -25.11474
vertex -67.87868 15.56066 -26.95185
vertex -67.00000 20.50610 -20.50610
endloop
endfacet
facet normal 0.9227092217739233 0.2346755766736668 -0.3058350303124912
outer loop
vertex -67.87868 15.56066 -26.95185
vertex -67.87868 22.00610 -22.00610
vertex -67.00000 20.50610 -20.50610
endloop
endfacet
facet normal 0.9227092201878362 0.3058350539430248 -0.23467555211402477
outer loop
vertex -67.00000 20.50610 -20.50610
vertex -67.87868 22.00610 -22.00610
vertex -67.00000 25.11474 -14.50000
endloop
endfacet
facet normal 0.9227092651399054 0.30583494796316435 -0.23467551348477786
outer loop
vertex -67.87868 22.00610 -22.00610
vertex -67.87868 26.95185 -15.56066
vertex -67.00000 25.11474 -14.50000
endloop
endfacet
facet normal 0.9227092723660808 0.3561523908678261 -0.1475231275725572
outer loop
vertex -67.00000 25.11474 -14.50000
vertex -67.87868 26.95185 -15.56066
vertex -67.00000 28.01185 -7.50575
endloop
endfacet
facet normal 0.9227092180377484 0.35615252667234026 -0.1475231395174145
outer loop
vertex -67.87868 26.95185 -15.56066
vertex -67.87868 30.06089 -8.05479
vertex -67.00000 28.01185 -7.50575
endloop
endfacet
facet normal 0.9227092106415719 0.38219872757653184 -0.05031744464982012
outer loop
vertex -67.00000 28.01185 -7.50575
vertex -67.87868 30.06089 -8.05479
vertex -67.00000 29.00000 -0.00000
endloop
endfacet
facet normal 0.9227092402073708 0.38219865450675095 -0.050317457499018926
outer loop
vertex -67.87868 30.06089 -8.05479
vertex -67.87868 31.12132 -0.00000
vertex -67.00000 29.00000 -0.00000
endloop
endfacet
facet normal 0.9227092412505711 0.3821986549388587 0.05031743508688376
outer loop
vertex -67.00000 29.00000 -0.00000
vertex -67.87868 31.12132 -0.00000
vertex -67.00000 28.01185 7.50575
endloop
endfacet
facet normal 0.9227092116847718 0.3821987221932239 0.050317466410120984
outer loop
vertex -67.87868 31.12132 -0.00000
vertex -67.87868 30.06089 8.05479
vertex -67.00000 28.01185 7.50575
endloop
endfacet
facet normal 0.922709216120831 0.35615251524637725 0.147523179091832
outer loop
vertex -67.00000 28.01185 7.50575
vertex -67.87868 30.06089 8.05479
vertex -67.00000 25.11474 14.50000
endloop
endfacet
facet normal 0.9227092704491605 0.3561524107717833 0.14752309150985382
outer loop
vertex -67.87868 30.06089 8.05479
vertex -67.87868 26.95185 15.56066
vertex -67.00000 25.11474 14.50000
endloop
endfacet
facet normal 0.9227092667259977 0.30583496556991885 0.23467548430293786
outer loop
vertex -67.00000 25.11474 14.50000
vertex -67.87868 26.95185 15.56066
vertex -67.00000 20.50610 20.50610
endloop
endfacet
facet normal 0.9227092217739233 0.3058350303124912 0.2346755766736668
outer loop
vertex -67.87868 26.95185 15.56066
vertex -67.87868 22.00610 22.00610
vertex -67.00000 20.50610 20.50610
endloop
endfacet
facet normal 0.9227092201878362 0.23467555211402477 0.3058350539430248
outer loop
vertex -67.00000 20.50610 20.50610
vertex -67.87868 22.00610 22.00610
vertex -67.00000 14.50000 25.11474
endloop
endfacet
facet normal 0.9227092651399054 0.23467551348477786 0.30583494796316435
outer loop
vertex -67.87868 22.00610 22.00610
vertex -67.87868 15.56066 26.95185
vertex -67.00000 14.50000 25.11474
endloop
endfacet
facet normal 0.9227092723660809 0.14752312757255726 0.35615239086782613
outer loop
vertex -67.00000 14.50000 25.11474
vertex -67.87868 15.56066 26.95185
vertex -67.00000 7.50575 28.01185
endloop
endfacet
facet normal 0.9227092180377484 0.1475231395174145 0.35615252667234026
outer loop
vertex -67.87868 15.56066 26.95185
vertex -67.87868 8.05479 30.06089
vertex -67.00000 7.50575 28.01185
endloop
endfacet
facet normal 0.9227092106415719 0.05031744464982013 0.38219872757653184
outer loop
vertex -67.00000 7.50575 28.01185
vertex -67.87868 8.05479 30.06089
vertex -67.00000 0.00000 29.00000
endloop
endfacet
facet normal 0.9227092402073709 0.05031745749901895 0.382198654506751
outer loop
vertex -67.87868 8.05479 30.06089
vertex -67.87868 0.00000 31.12132
vertex -67.00000 0.00000 29.00000
endloop
endfacet
facet normal 0.9227092412505711 -0.050317435086883744 0.3821986549388587
outer loop
vertex -67.00000 0.00000 29.00000
vertex -67.87868 0.00000 31.12132
vertex -67.00000 -7.50575 28.01185
endloop
endfacet
facet normal 0.9227092116847718 -0.05031746641012097 0.3821987221932239
outer loop
vertex -67.87868 0.00000 31.12132
vertex -67.87868 -8.05479 30.06089
vertex -67.00000 -7.50575 28.01185
endloop
endfacet
facet normal 0.922709216120831 -0.14752317909183194 0.3561525152463772
outer loop
vertex -67.00000 -7.50575 28.01185
vertex -67.87868 -8.05479 30.06089
vertex -67.00000 -14.50000 25.11474
endloop
endfacet
facet normal 0.9227092704491605 -0.14752309150985382 0.3561524107717833
outer loop
vertex -67.87868 -8.05479 30.06089
vertex -67.87868 -15.56066 26.95185
vertex -67.00000 -14.50000 25.11474
endloop
endfacet
facet normal 0.9227092667259975 -0.2346754843029378 0.3058349655699188
outer loop
vertex -67.00000 -14.50000 25.11474
vertex -67.87868 -15.56066 26.95185
vertex -67.00000 -20.50610 20.50610
endloop
endfacet
facet normal 0.9227092217739233 -0.2346755766736668 0.3058350303124912
outer loop
vertex -67.87868 -15.56066 26.95185
vertex -67.87868 -22.00610 22.00610
vertex -67.00000 -20.50610 20.50610
endloop
endfacet
facet normal 0.9227092201878362 -0.3058350539430248 0.23467555211402477
outer loop
vertex -67.00000 -20.50610 20.50610
vertex -67.87868 -22.00610 22.00610
vertex -67.00000 -25.11474 14.50000
endloop
endfacet
facet normal 0.9227092651399054 -0.30583494796316435 0.23467551348477786
outer loop
vertex -67.87868 -22.00610 22.00610
vertex -67.87868 -26.95185 15.56066
vertex -67.00000 -25.11474 14.50000
endloop
endfacet
facet normal 0.9227092723660808 -0.3561523908678261 0.14752312757255726
outer loop
vertex -67.00000 -25.11474 14.50000
vertex -67.87868 -26.95185 15.56066
vertex -67.00000 -28.01185 7.50575
endloop
endfacet
facet normal 0.9227092180377484 -0.35615252667234026 0.1475231395174145
outer loop
vertex -67.87868 -26.95185 15.56066
vertex -67.87868 -30.06089 8.05479
vertex -67.00000 -28.01185 7.50575
endloop
endfacet
facet normal 0.9227092106415716 -0.3821987275765318 0.05031744464982013
outer loop
vertex -67.00000 -28.01185 7.50575
vertex -67.87868 -30.06089 8.05479
vertex -67.00000 -29.00000 0.00000
endloop
endfacet
facet normal 0.9227092402073708 -0.38219865450675095 0.05031745749901895
outer loop
vertex -67.87868 -30.06089 8.05479
vertex -67.87868 -31.12132 0.00000
vertex -67.00000 -29.00000 0.00000
endloop
endfacet
facet normal 0.9227092412505711 -0.38219865493885863 -0.05031743508688373
outer loop
vertex -67.00000 -29.00000 0.00000
vertex -67.87868 -31.12132 0.00000
vertex -67.00000 -28.01185 -7.50575
endloop
endfacet
facet normal 0.9227092116847718 -0.3821987221932238 -0.05031746641012095
outer loop
vertex -67.87868 -31.12132 0.00000
vertex -67.87868 -30.06089 -8.05479
vertex -67.00000 -28.01185 -7.50575
endloop
endfacet
facet normal 0.9227092161208309 -0.3561525152463772 -0.1475231790918319
outer loop
vertex -67.00000 -28.01185 -7.50575
vertex -67.87868 -30.06089 -8.05479
vertex -67.00000 -25.11474 -14.50000
endloop
endfacet
facet normal 0.9227092704491605 -0.3561524107717833 -0.14752309150985382
outer loop
vertex -67.87868 -30.06089 -8.05479
vertex -67.87868 -26.95185 -15.56066
vertex -67.00000 -25.11474 -14.50000
endloop
endfacet
facet normal 0.9227092667259977 -0.30583496556991885 -0.23467548430293786
outer loop
vertex -67.00000 -25.11474 -14.50000
vertex -67.87868 -26.95185 -15.56066
vertex -67.00000 -20.50610 -20.50610
endloop
endfacet
facet normal 0.9227092217739233 -0.3058350303124912 -0.2346755766736668
outer loop
vertex -67.87868 -26.95185 -15.56066
vertex -67.87868 -22.00610 -22.00610
vertex -67.00000 -20.50610 -20.50610
endloop
endfacet
facet normal 0.9227092201878362 -0.23467555211402477 -0.3058350539430248
outer loop
vertex -67.00000 -20.50610 -20.50610
vertex -67.87868 -22.00610 -22.00610
vertex -67.00000 -14.50000 -25.11474
endloop
endfacet
facet normal 0.9227092651399054 -0.23467551348477786 -0.30583494796316435
outer loop
vertex -67.87868 -22.00610 -22.00610
vertex -67.87868 -15.56066 -26.95185
vertex -67.00000 -14.50000 -25.11474
endloop
endfacet
facet normal 0.9227092723660809 -0.14752312757255726 -0.35615239086782613
outer loop
vertex -67.00000 -14.50000 -25.11474
vertex -67.87868 -15.56066 -26.95185
vertex -67.00000 -7.50575 -28.01185
endloop
endfacet
facet normal 0.9227092180377484 -0.1475231395174145 -0.35615252667234026
outer loop
vertex -67.87868 -15.56066 -26.95185
vertex -67.87868 -8.05479 -30.06089
vertex -67.00000 -7.50575 -28.01185
endloop
endfacet
facet normal 0.9227092106415716 -0.050317444649820145 -0.3821987275765318
outer loop
vertex -67.00000 -7.50575 -28.01185
vertex -67.87868 -8.05479 -30.06089
vertex -67.00000 -0.00000 -29.00000
endloop
endfacet
facet normal 0.9227092402073709 -0.05031745749901897 -0.382198654506751
outer loop
vertex -67.87868 -8.05479 -30.06089
vertex -67.87868 -0.00000 -31.12132
vertex -67.00000 -0.00000 -29.00000
endloop
endfacet
facet normal 0.9227092426185618 -0.05031740569692679 0.3821986555054989
outer loop
vertex -67.87868 0.00000 -26.87868
vertex -67.00000 0.00000 -29.00000
vertex -67.87868 6.95671 -25.96281
endloop
endfacet
facet normal 0.9227092065836896 -0.05031744591759308 0.3821987372062184
outer loop
vertex -67.00000 0.00000 -29.00000
vertex -67.00000 7.50575 -28.01185
vertex -67.87868 6.95671 -25.96281
endloop
endfacet
facet normal 0.9227092060683831 -0.14752315190683948 0.35615255255034406
outer loop
vertex -67.87868 6.95671 -25.96281
vertex -67.00000 7.50575 -28.01185
vertex -67.87868 13.43934 -23.27762
endloop
endfacet
facet normal 0.9227091574775147 -0.14752323280765436 0.3561526449278644
outer loop
vertex -67.00000 7.50575 -28.01185
vertex -67.00000 14.50000 -25.11474
vertex -67.87868 13.43934 -23.27762
endloop
endfacet
facet normal 0.9227091660123039 -0.23467566589652394 0.305835130083026
outer loop
vertex -67.87868 13.43934 -23.27762
vertex -67.00000 14.50000 -25.11474
vertex -67.87868 19.00610 -19.00610
endloop
endfacet
facet normal 0.9227092201878362 -0.23467555211402477 0.3058350539430248
outer loop
vertex -67.00000 14.50000 -25.11474
vertex -67.00000 20.50610 -20.50610
vertex -67.87868 19.00610 -19.00610
endloop
endfacet
facet normal 0.922709222244496 -0.3058350233016 0.23467558396021318
outer loop
vertex -67.87868 19.00610 -19.00610
vertex -67.00000 20.50610 -20.50610
vertex -67.87868 23.27762 -13.43934
endloop
endfacet
facet normal 0.9227091680689657 -0.3058351529135184 0.23467562805677544
outer loop
vertex -67.00000 20.50610 -20.50610
vertex -67.00000 25.11474 -14.50000
vertex -67.87868 23.27762 -13.43934
endloop
endfacet
facet normal 0.9227091556328549 -0.35615266408145674 0.14752319810451842
outer loop
vertex -67.87868 23.27762 -13.43934
vertex -67.00000 25.11474 -14.50000
vertex -67.87868 25.96281 -6.95671
endloop
endfacet
facet normal 0.9227092042237311 -0.35615254155515286 0.1475231899892819
outer loop
vertex -67.00000 25.11474 -14.50000
vertex -67.00000 28.01185 -7.50575
vertex -67.87868 25.96281 -6.95671
endloop
endfacet
facet normal 0.9227092052156997 -0.3821987442655666 0.05031741738241096
outer loop
vertex -67.87868 25.96281 -6.95671
vertex -67.00000 28.01185 -7.50575
vertex -67.87868 26.87868 -0.00000
endloop
endfacet
facet normal 0.922709241250571 -0.38219865493885863 0.05031743508688377
outer loop
vertex -67.00000 28.01185 -7.50575
vertex -67.00000 29.00000 -0.00000
vertex -67.87868 26.87868 -0.00000
endloop
endfacet
facet normal 0.9227092426185618 -0.382198655505499 -0.050317405696926776
outer loop
vertex -67.87868 26.87868 -0.00000
vertex -67.00000 29.00000 -0.00000
vertex -67.87868 25.96281 6.95671
endloop
endfacet
facet normal 0.9227092065836898 -0.38219873720621844 -0.05031744591759307
outer loop
vertex -67.00000 29.00000 -0.00000
vertex -67.00000 28.01185 7.50575
vertex -67.87868 25.96281 6.95671
endloop
endfacet
facet normal 0.9227092060683832 -0.3561525525503441 -0.14752315190683954
outer loop
vertex -67.87868 25.96281 6.95671
vertex -67.00000 28.01185 7.50575
vertex -67.87868 23.27762 13.43934
endloop
endfacet
facet normal 0.9227091574775146 -0.3561526449278644 -0.1475232328076544
outer loop
vertex -67.00000 28.01185 7.50575
vertex -67.00000 25.11474 14.50000
vertex -67.87868 23.27762 13.43934
endloop
endfacet
facet normal 0.9227091660123039 -0.305835130083026 -0.23467566589652394
outer loop
vertex -67.87868 23.27762 13.43934
vertex -67.00000 25.11474 14.50000
vertex -67.87868 19.00610 19.00610
endloop
endfacet
facet normal 0.9227092201878362 -0.3058350539430248 -0.23467555211402477
outer loop
vertex -67.00000 25.11474 14.50000
vertex -67.00000 20.50610 20.50610
vertex -67.87868 19.00610 19.00610
endloop
endfacet
facet normal 0.922709222244496 -0.23467558396021318 -0.3058350233016
outer loop
vertex -67.87868 19.00610 19.00610
vertex -67.00000 20.50610 20.50610
vertex -67.87868 13.43934 23.27762
endloop
endfacet
facet normal 0.9227091680689657 -0.23467562805677544 -0.3058351529135184
outer loop
vertex -67.00000 20.50610 20.50610
vertex -67.00000 14.50000 25.11474
vertex -67.87868 13.43934 23.27762
endloop
endfacet
facet normal 0.9227091556328548 -0.14752319810451842 -0.3561526640814567
outer loop
vertex -67.87868 13.43934 23.27762
vertex -67.00000 14.50000 25.11474
vertex -67.87868 6.95671 25.96281
endloop
endfacet
facet normal 0.9227092042237311 -0.14752318998928193 -0.35615254155515286
outer loop
vertex -67.00000 14.50000 25.11474
vertex -67.00000 7.50575 28.01185
vertex -67.87868 6.95671 25.96281
endloop
endfacet
facet normal 0.9227092052156997 -0.050317417382410974 -0.3821987442655666
outer loop
vertex -67.87868 6.95671 25.96281
vertex -67.00000 7.50575 28.01185
vertex -67.87868 0.00000 26.87868
endloop
endfacet
facet normal 0.922709241250571 -0.050317435086883786 -0.3821986549388586
outer loop
vertex -67.00000 7.50575 28.01185
vertex -67.00000 0.00000 29.00000
vertex -67.87868 0.00000 26.87868
endloop
endfacet
facet normal 0.9227092426185619 0.05031740569692676 -0.382198655505499
outer loop
vertex -67.87868 0.00000 26.87868
vertex -67.00000 0.00000 29.00000
vertex -67.87868 -6.95671 25.96281
endloop
endfacet
facet normal 0.9227092065836897 0.050317445917593066 -0.38219873720621844
outer loop
vertex -67.00000 0.00000 29.00000
vertex -67.00000 -7.50575 28.01185
vertex -67.87868 -6.95671 25.96281
endloop
endfacet
facet normal 0.9227092060683831 0.14752315190683948 -0.35615255255034406
outer loop
vertex -67.87868 -6.95671 25.96281
vertex -67.00000 -7.50575 28.01185
vertex -67.87868 -13.43934 23.27762
endloop
endfacet
facet normal 0.9227091574775147 0.14752323280765436 -0.3561526449278644
outer loop
vertex -67.00000 -7.50575 28.01185
vertex -67.00000 -14.50000 25.11474
vertex -67.87868 -13.43934 23.27762
endloop
endfacet
facet normal 0.9227091660123039 0.23467566589652394 -0.305835130083026
outer loop
vertex -67.87868 -13.43934 23.27762
vertex -67.00000 -14.50000 25.11474
vertex -67.87868 -19.00610 19.00610
endloop
endfacet
facet normal 0.9227092201878362 0.23467555211402477 -0.3058350539430248
outer loop
vertex -67.00000 -14.50000 25.11474
vertex -67.00000 -20.50610 20.50610
vertex -67.87868 -19.00610 19.00610
endloop
endfacet
facet normal 0.922709222244496 0.3058350233016 -0.23467558396021318
outer loop
vertex -67.87868 -19.00610 19.00610
vertex -67.00000 -20.50610 20.50610
vertex -67.87868 -23.27762 13.43934
endloop
endfacet
facet normal 0.9227091680689657 0.3058351529135184 -0.23467562805677544
outer loop
vertex -67.00000 -20.50610 20.50610
vertex -67.00000 -25.11474 14.50000
vertex -67.87868 -23.27762 13.43934
endloop
endfacet
facet normal 0.9227091556328549 0.3561526640814567 -0.14752319810451844
outer loop
vertex -67.87868 -23.27762 13.43934
vertex -67.00000 -25.11474 14.50000
vertex -67.87868 -25.96281 6.95671
endloop
endfacet
facet normal 0.9227092042237311 0.3561525415551529 -0.147523189989282
outer loop
vertex -67.00000 -25.11474 14.50000
vertex -67.00000 -28.01185 7.50575
vertex -67.87868 -25.96281 6.95671
endloop
endfacet
facet normal 0.9227092052156998 0.38219874426556666 -0.05031741738241098
outer loop
vertex -67.87868 -25.96281 6.95671
vertex -67.00000 -28.01185 7.50575
vertex -67.87868 -26.87868 0.00000
endloop
endfacet
facet normal 0.9227092412505711 0.3821986549388587 -0.0503174350868838
outer loop
vertex -67.00000 -28.01185 7.50575
vertex -67.00000 -29.00000 0.00000
vertex -67.87868 -26.87868 0.00000
endloop
endfacet
facet normal 0.9227092426185618 0.3821986555054989 0.050317405696926755
outer loop
vertex -67.87868 -26.87868 0.00000
vertex -67.00000 -29.00000 0.00000
vertex -67.87868 -25.96281 -6.95671
endloop
endfacet
facet normal 0.9227092065836898 0.38219873720621844 0.05031744591759305
outer loop
vertex -67.00000 -29.00000 0.00000
vertex -67.00000 -28.01185 -7.50575
vertex -67.87868 -25.96281 -6.95671
endloop
endfacet
facet normal 0.9227092060683832 0.3561525525503441 0.14752315190683948
outer loop
vertex -67.87868 -25.96281 -6.95671
vertex -67.00000 -28.01185 -7.50575
vertex -67.87868 -23.27762 -13.43934
endloop
endfacet
facet normal 0.9227091574775147 0.3561526449278644 0.14752323280765434
outer loop
vertex -67.00000 -28.01185 -7.50575
vertex -67.00000 -25.11474 -14.50000
vertex -67.87868 -23.27762 -13.43934
endloop
endfacet
facet normal 0.9227091660123039 0.305835130083026 0.23467566589652394
outer loop
vertex -67.87868 -23.27762 -13.43934
vertex -67.00000 -25.11474 -14.50000
vertex -67.87868 -19.00610 -19.00610
endloop
endfacet
facet normal 0.9227092201878362 0.3058350539430248 0.23467555211402477
outer loop
vertex -67.00000 -25.11474 -14.50000
vertex -67.00000 -20.50610 -20.50610
vertex -67.87868 -19.00610 -19.00610
endloop
endfacet
facet normal 0.922709222244496 0.23467558396021318 0.3058350233016
outer loop
vertex -67.87868 -19.00610 -19.00610
vertex -67.00000 -20.50610 -20.50610
vertex -67.87868 -13.43934 -23.27762
endloop
endfacet
facet normal 0.9227091680689657 0.23467562805677544 0.3058351529135184
outer loop
vertex -67.00000 -20.50610 -20.50610
vertex -67.00000 -14.50000 -25.11474
vertex -67.87868 -13.43934 -23.27762
endloop
endfacet
facet normal 0.9227091556328548 0.14752319810451842 0.3561526640814567
outer loop
vertex -67.87868 -13.43934 -23.27762
vertex -67.00000 -14.50000 -25.11474
vertex -67.87868 -6.95671 -25.96281
endloop
endfacet
facet normal 0.9227092042237311 0.14752318998928193 0.35615254155515286
outer loop
vertex -67.00000 -14.50000 -25.11474
vertex -67.00000 -7.50575 -28.01185
vertex -67.87868 -6.95671 -25.96281
endloop
endfacet
facet normal 0.9227092052156998 0.050317417382410995 0.38219874426556666
outer loop
vertex -67.87868 -6.95671 -25.96281
vertex -67.00000 -7.50575 -28.01185
vertex -67.87868 -0.00000 -26.87868
endloop
endfacet
facet normal 0.922709241250571 0.0503174350868838 0.3821986549388586
outer loop
vertex -67.00000 -7.50575 -28.01185
vertex -67.00000 -0.00000 -29.00000
vertex -67.87868 -0.00000 -26.87868
endloop
endfacet
facet normal 0.37988359810452144 -0.12074128231759818 0.9171204907946745
outer loop
vertex -70.00000 0.00000 -26.00000
vertex -67.87868 0.00000 -26.87868
vertex -70.00000 6.72930 -25.11407
endloop
endfacet
facet normal 0.37988382890678773 -0.12074118775548442 0.9171204076425916
outer loop
vertex -67.87868 0.00000 -26.87868
vertex -67.87868 6.95671 -25.96281
vertex -70.00000 6.72930 -25.11407
endloop
endfacet
facet normal 0.37988381491492496 -0.3539951788306395 0.8546202083559378
outer loop
vertex -70.00000 6.72930 -25.11407
vertex -67.87868 6.95671 -25.96281
vertex -70.00000 13.00000 -22.51666
endloop
endfacet
facet normal 0.37988395727156743 -0.35399510921882826 0.8546201739116879
outer loop
vertex -67.87868 6.95671 -25.96281
vertex -67.87868 13.43934 -23.27762
vertex -70.00000 13.00000 -22.51666
endloop
endfacet
facet normal 0.37988391856473047 -0.5631250223358446 0.7338790211166686
outer loop
vertex -70.00000 13.00000 -22.51666
vertex -67.87868 13.43934 -23.27762
vertex -70.00000 18.38478 -18.38478
endloop
endfacet
facet normal 0.3798829543416725 -0.5631255381531928 0.733879124434208
outer loop
vertex -67.87868 13.43934 -23.27762
vertex -67.87868 19.00610 -19.00610
vertex -70.00000 18.38478 -18.38478
endloop
endfacet
facet normal 0.37988293831931325 -0.7338793404865821 0.5631252673969304
outer loop
vertex -70.00000 18.38478 -18.38478
vertex -67.87868 19.00610 -19.00610
vertex -70.00000 22.51666 -13.00000
endloop
endfacet
facet normal 0.379883902542257 -0.7338788155047845 0.5631253011031908
outer loop
vertex -67.87868 19.00610 -19.00610
vertex -67.87868 23.27762 -13.43934
vertex -70.00000 22.51666 -13.00000
endloop
endfacet
facet normal 0.3798839596370862 -0.8546201534469424 0.35399515608659554
outer loop
vertex -70.00000 22.51666 -13.00000
vertex -67.87868 23.27762 -13.43934
vertex -70.00000 25.11407 -6.72930
endloop
endfacet
facet normal 0.3798838172804532 -0.8546202270256792 0.353995131219354
outer loop
vertex -67.87868 23.27762 -13.43934
vertex -67.87868 25.96281 -6.95671
vertex -70.00000 25.11407 -6.72930
endloop
endfacet
facet normal 0.3798838327419982 -0.9171203952604889 0.12074126974027583
outer loop
vertex -70.00000 25.11407 -6.72930
vertex -67.87868 25.96281 -6.95671
vertex -70.00000 26.00000 -0.00000
endloop
endfacet
facet normal 0.3798836019397392 -0.917120500053713 0.12074119992163894
outer loop
vertex -67.87868 25.96281 -6.95671
vertex -67.87868 26.87868 -0.00000
vertex -70.00000 26.00000 -0.00000
endloop
endfacet
facet normal 0.3798835981045215 -0.9171204907946746 -0.12074128231759815
outer loop
vertex -70.00000 26.00000 -0.00000
vertex -67.87868 26.87868 -0.00000
vertex -70.00000 25.11407 6.72930
endloop
endfacet
facet normal 0.37988382890678773 -0.9171204076425914 -0.12074118775548437
outer loop
vertex -67.87868 26.87868 -0.00000
vertex -67.87868 25.96281 6.95671
vertex -70.00000 25.11407 6.72930
endloop
endfacet
facet normal 0.3798838149149251 -0.8546202083559378 -0.3539951788306395
outer loop
vertex -70.00000 25.11407 6.72930
vertex -67.87868 25.96281 6.95671
vertex -70.00000 22.51666 13.00000
endloop
endfacet
facet normal 0.3798839572715675 -0.854620173911688 -0.3539951092188283
outer loop
vertex -67.87868 25.96281 6.95671
vertex -67.87868 23.27762 13.43934
vertex -70.00000 22.51666 13.00000
endloop
endfacet
facet normal 0.37988391856473047 -0.7338790211166686 -0.5631250223358446
outer loop
vertex -70.00000 22.51666 13.00000
vertex -67.87868 23.27762 13.43934
vertex -70.00000 18.38478 18.38478
endloop
endfacet
facet normal 0.3798829543416725 -0.733879124434208 -0.5631255381531928
outer loop
vertex -67.87868 23.27762 13.43934
vertex -67.87868 19.00610 19.00610
vertex -70.00000 18.38478 18.38478
endloop
endfacet
facet normal 0.37988293831931325 -0.5631252673969304 -0.7338793404865821
outer loop
vertex -70.00000 18.38478 18.38478
vertex -67.87868 19.00610 19.00610
vertex -70.00000 13.00000 22.51666
endloop
endfacet
facet normal 0.379883902542257 -0.5631253011031908 -0.7338788155047845
outer loop
vertex -67.87868 19.00610 19.00610
vertex -67.87868 13.43934 23.27762
vertex -70.00000 13.00000 22.51666
endloop
endfacet
facet normal 0.3798839596370862 -0.35399515608659554 -0.8546201534469424
outer loop
vertex -70.00000 13.00000 22.51666
vertex -67.87868 13.43934 23.27762
vertex -70.00000 6.72930 25.11407
endloop
endfacet
facet normal 0.37988381728045334 -0.35399513121935405 -0.8546202270256793
outer loop
vertex -67.87868 13.43934 23.27762
vertex -67.87868 6.95671 25.96281
vertex -70.00000 6.72930 25.11407
endloop
endfacet
facet normal 0.37988383274199833 -0.12074126974027585 -0.9171203952604889
outer loop
vertex -70.00000 6.72930 25.11407
vertex -67.87868 6.95671 25.96281
vertex -70.00000 0.00000 26.00000
endloop
endfacet
facet normal 0.37988360193973925 -0.12074119992163897 -0.917120500053713
outer loop
vertex -67.87868 6.95671 25.96281
vertex -67.87868 0.00000 26.87868
vertex -70.00000 0.00000 26.00000
endloop
endfacet
facet normal 0.37988359810452144 0.12074128231759809 -0.9171204907946744
outer loop
vertex -70.00000 0.00000 26.00000
vertex -67.87868 0.00000 26.87868
vertex -70.00000 -6.72930 25.11407
endloop
endfacet
facet normal 0.3798838289067877 0.12074118775548434 -0.9171204076425915
outer loop
vertex -67.87868 0.00000 26.87868
vertex -67.87868 -6.95671 25.96281
vertex -70.00000 -6.72930 25.11407
endloop
endfacet
facet normal 0.37988381491492496 0.3539951788306395 -0.8546202083559378
outer loop
vertex -70.00000 -6.72930 25.11407
vertex -67.87868 -6.95671 25.96281
vertex -70.00000 -13.00000 22.51666
endloop
endfacet
facet normal 0.37988395727156743 0.35399510921882826 -0.8546201739116879
outer loop
vertex -67.87868 -6.95671 25.96281
vertex -67.87868 -13.43934 23.27762
vertex -70.00000 -13.00000 22.51666
endloop
endfacet
facet normal 0.37988391856473047 0.5631250223358446 -0.7338790211166686
outer loop
vertex -70.00000 -13.00000 22.51666
vertex -67.87868 -13.43934 23.27762
vertex -70.00000 -18.38478 18.38478
endloop
endfacet
facet normal 0.3798829543416725 0.5631255381531928 -0.733879124434208
outer loop
vertex -67.87868 -13.43934 23.27762
vertex -67.87868 -19.00610 19.00610
vertex -70.00000 -18.38478 18.38478
endloop
endfacet
facet normal 0.37988293831931325 0.7338793404865821 -0.5631252673969304
outer loop
vertex -70.00000 -18.38478 18.38478
vertex -67.87868 -19.00610 19.00610
vertex -70.00000 -22.51666 13.00000
endloop
endfacet
facet normal 0.379883902542257 0.7338788155047845 -0.5631253011031908
outer loop
vertex -67.87868 -19.00610 19.00610
vertex -67.87868 -23.27762 13.43934
vertex -70.00000 -22.51666 13.00000
endloop
endfacet
facet normal 0.3798839596370862 0.8546201534469424 -0.35399515608659554
outer loop
vertex -70.00000 -22.51666 13.00000
vertex -67.87868 -23.27762 13.43934
vertex -70.00000 -25.11407 6.72930
endloop
endfacet
facet normal 0.37988381728045345 0.8546202270256792 -0.35399513121935405
outer loop
vertex -67.87868 -23.27762 13.43934
vertex -67.87868 -25.96281 6.95671
vertex -70.00000 -25.11407 6.72930
endloop
endfacet
facet normal 0.37988383274199833 0.9171203952604888 -0.12074126974027585
outer loop
vertex -70.00000 -25.11407 6.72930
vertex -67.87868 -25.96281 6.95671
vertex -70.00000 -26.00000 0.00000
endloop
endfacet
facet normal 0.37988360193973925 0.9171205000537129 -0.12074119992163897
outer loop
vertex -67.87868 -25.96281 6.95671
vertex -67.87868 -26.87868 0.00000
vertex -70.00000 -26.00000 0.00000
endloop
endfacet
facet normal 0.3798835981045214 0.9171204907946745 0.12074128231759809
outer loop
vertex -70.00000 -26.00000 0.00000
vertex -67.87868 -26.87868 0.00000
vertex -70.00000 -25.11407 -6.72930
endloop
endfacet
facet normal 0.3798838289067876 0.9171204076425916 0.12074118775548434
outer loop
vertex -67.87868 -26.87868 0.00000
vertex -67.87868 -25.96281 -6.95671
vertex -70.00000 -25.11407 -6.72930
endloop
endfacet
facet normal 0.3798838149149249 0.854620208355938 0.3539951788306396
outer loop
vertex -70.00000 -25.11407 -6.72930
vertex -67.87868 -25.96281 -6.95671
vertex -70.00000 -22.51666 -13.00000
endloop
endfacet
facet normal 0.37988395727156743 0.854620173911688 0.35399510921882826
outer loop
vertex -67.87868 -25.96281 -6.95671
vertex -67.87868 -23.27762 -13.43934
vertex -70.00000 -22.51666 -13.00000
endloop
endfacet
facet normal 0.37988391856473047 0.7338790211166686 0.5631250223358446
outer loop
vertex -70.00000 -22.51666 -13.00000
vertex -67.87868 -23.27762 -13.43934
vertex -70.00000 -18.38478 -18.38478
endloop
endfacet
facet normal 0.3798829543416725 0.733879124434208 0.5631255381531928
outer loop
vertex -67.87868 -23.27762 -13.43934
vertex -67.87868 -19.00610 -19.00610
vertex -70.00000 -18.38478 -18.38478
endloop
endfacet
facet normal 0.37988293831931325 0.5631252673969304 0.7338793404865821
outer loop
vertex -70.00000 -18.38478 -18.38478
vertex -67.87868 -19.00610 -19.00610
vertex -70.00000 -13.00000 -22.51666
endloop
endfacet
facet normal 0.379883902542257 0.5631253011031908 0.7338788155047845
outer loop
vertex -67.87868 -19.00610 -19.00610
vertex -67.87868 -13.43934 -23.27762
vertex -70.00000 -13.00000 -22.51666
endloop
endfacet
facet normal 0.3798839596370862 0.35399515608659554 0.8546201534469424
outer loop
vertex -70.00000 -13.00000 -22.51666
vertex -67.87868 -13.43934 -23.27762
vertex -70.00000 -6.72930 -25.11407
endloop
endfacet
facet normal 0.37988381728045334 0.35399513121935405 0.8546202270256793
outer loop
vertex -67.87868 -13.43934 -23.27762
vertex -67.87868 -6.95671 -25.96281
vertex -70.00000 -6.72930 -25.11407
endloop
endfacet
facet normal 0.37988383274199833 0.1207412697402759 0.917120395260489
outer loop
vertex -70.00000 -6.72930 -25.11407
vertex -67.87868 -6.95671 -25.96281
vertex -70.00000 -0.00000 -26.00000
endloop
endfacet
facet normal 0.37988360193973925 0.120741199921639 0.9171205000537129
outer loop
vertex -67.87868 -6.95671 -25.96281
vertex -67.87868 -0.00000 -26.87868
vertex -70.00000 -0.00000 -26.00000
endloop
endfacet
facet normal -0.3798836019397393 -0.12074119992163891 0.917120500053713
outer loop
vertex -72.12132 0.00000 -26.87868
vertex -70.00000 0.00000 -26.00000
vertex -72.12132 6.95671 -25.96281
endloop
endfacet
facet normal -0.37988383274199833 -0.1207412697402758 0.917120395260489
outer loop
vertex -70.00000 0.00000 -26.00000
vertex -70.00000 6.72930 -25.11407
vertex -72.12132 6.95671 -25.96281
endloop
endfacet
facet normal -0.37988381728045334 -0.35399513121935405 0.8546202270256793
outer loop
vertex -72.12132 6.95671 -25.96281
vertex -70.00000 6.72930 -25.11407
vertex -72.12132 13.43934 -23.27762
endloop
endfacet
facet normal -0.3798839596370862 -0.35399515608659554 0.8546201534469424
outer loop
vertex -70.00000 6.72930 -25.11407
vertex -70.00000 13.00000 -22.51666
vertex -72.12132 13.43934 -23.27762
endloop
endfacet
facet normal -0.379883902542257 -0.5631253011031908 0.7338788155047845
outer loop
vertex -72.12132 13.43934 -23.27762
vertex -70.00000 13.00000 -22.51666
vertex -72.12132 19.00610 -19.00610
endloop
endfacet
facet normal -0.37988293831931325 -0.5631252673969304 0.7338793404865821
outer loop
vertex -70.00000 13.00000 -22.51666
vertex -70.00000 18.38478 -18.38478
vertex -72.12132 19.00610 -19.00610
endloop
endfacet
facet normal -0.3798829543416725 -0.733879124434208 0.5631255381531928
outer loop
vertex -72.12132 19.00610 -19.00610
vertex -70.00000 18.38478 -18.38478
vertex -72.12132 23.27762 -13.43934
endloop
endfacet
facet normal -0.37988391856473047 -0.7338790211166686 0.5631250223358446
outer loop
vertex -70.00000 18.38478 -18.38478
vertex -70.00000 22.51666 -13.00000
vertex -72.12132 23.27762 -13.43934
endloop
endfacet
facet normal -0.37988395727156743 -0.854620173911688 0.3539951092188283
outer loop
vertex -72.12132 23.27762 -13.43934
vertex -70.00000 22.51666 -13.00000
vertex -72.12132 25.96281 -6.95671
endloop
endfacet
facet normal -0.37988381491492507 -0.8546202083559378 0.3539951788306395
outer loop
vertex -70.00000 22.51666 -13.00000
vertex -70.00000 25.11407 -6.72930
vertex -72.12132 25.96281 -6.95671
endloop
endfacet
facet normal -0.37988382890678773 -0.9171204076425915 0.12074118775548442
outer loop
vertex -72.12132 25.96281 -6.95671
vertex -70.00000 25.11407 -6.72930
vertex -72.12132 26.87868 -0.00000
endloop
endfacet
facet normal -0.37988359810452144 -0.9171204907946745 0.12074128231759819
outer loop
vertex -70.00000 25.11407 -6.72930
vertex -70.00000 26.00000 -0.00000
vertex -72.12132 26.87868 -0.00000
endloop
endfacet
facet normal -0.3798836019397392 -0.9171205000537129 -0.12074119992163888
outer loop
vertex -72.12132 26.87868 -0.00000
vertex -70.00000 26.00000 -0.00000
vertex -72.12132 25.96281 6.95671
endloop
endfacet
facet normal -0.3798838327419982 -0.9171203952604888 -0.12074126974027574
outer loop
vertex -70.00000 26.00000 -0.00000
vertex -70.00000 25.11407 6.72930
vertex -72.12132 25.96281 6.95671
endloop
endfacet
facet normal -0.3798838172804532 -0.8546202270256792 -0.353995131219354
outer loop
vertex -72.12132 25.96281 6.95671
vertex -70.00000 25.11407 6.72930
vertex -72.12132 23.27762 13.43934
endloop
endfacet
facet normal -0.3798839596370862 -0.8546201534469424 -0.35399515608659554
outer loop
vertex -70.00000 25.11407 6.72930
vertex -70.00000 22.51666 13.00000
vertex -72.12132 23.27762 13.43934
endloop
endfacet
facet normal -0.379883902542257 -0.7338788155047845 -0.5631253011031908
outer loop
vertex -72.12132 23.27762 13.43934
vertex -70.00000 22.51666 13.00000
vertex -72.12132 19.00610 19.00610
endloop
endfacet
facet normal -0.37988293831931325 -0.7338793404865821 -0.5631252673969304
outer loop
vertex -70.00000 22.51666 13.00000
vertex -70.00000 18.38478 18.38478
vertex -72.12132 19.00610 19.00610
endloop
endfacet
facet normal -0.3798829543416725 -0.5631255381531928 -0.733879124434208
outer loop
vertex -72.12132 19.00610 19.00610
vertex -70.00000 18.38478 18.38478
vertex -72.12132 13.43934 23.27762
endloop
endfacet
facet normal -0.37988391856473047 -0.5631250223358446 -0.7338790211166686
outer loop
vertex -70.00000 18.38478 18.38478
vertex -70.00000 13.00000 22.51666
vertex -72.12132 13.43934 23.27762
endloop
endfacet
facet normal -0.37988395727156743 -0.35399510921882826 -0.8546201739116879
outer loop
vertex -72.12132 13.43934 23.27762
vertex -70.00000 13.00000 22.51666
vertex -72.12132 6.95671 25.96281
endloop
endfacet
facet normal -0.37988381491492496 -0.3539951788306395 -0.8546202083559378
outer loop
vertex -70.00000 13.00000 22.51666
vertex -70.00000 6.72930 25.11407
vertex -72.12132 6.95671 25.96281
endloop
endfacet
facet normal -0.37988382890678773 -0.12074118775548447 -0.9171204076425916
outer loop
vertex -72.12132 6.95671 25.96281
vertex -70.00000 6.72930 25.11407
vertex -72.12132 0.00000 26.87868
endloop
endfacet
facet normal -0.3798835981045214 -0.12074128231759822 -0.9171204907946745
outer loop
vertex -70.00000 6.72930 25.11407
vertex -70.00000 0.00000 26.00000
vertex -72.12132 0.00000 26.87868
endloop
endfacet
facet normal -0.37988360193973925 0.12074119992163883 -0.9171205000537129
outer loop
vertex -72.12132 0.00000 26.87868
vertex -70.00000 0.00000 26.00000
vertex -72.12132 -6.95671 25.96281
endloop
endfacet
facet normal -0.37988383274199833 0.12074126974027571 -0.9171203952604888
outer loop
vertex -70.00000 0.00000 26.00000
vertex -70.00000 -6.72930 25.11407
vertex -72.12132 -6.95671 25.96281
endloop
endfacet
facet normal -0.37988381728045334 0.35399513121935405 -0.8546202270256793
outer loop
vertex -72.12132 -6.95671 25.96281
vertex -70.00000 -6.72930 25.11407
vertex -72.12132 -13.43934 23.27762
endloop
endfacet
facet normal -0.3798839596370862 0.35399515608659554 -0.8546201534469424
outer loop
vertex -70.00000 -6.72930 25.11407
vertex -70.00000 -13.00000 22.51666
vertex -72.12132 -13.43934 23.27762
endloop
endfacet
facet normal -0.379883902542257 0.5631253011031908 -0.7338788155047845
outer loop
vertex -72.12132 -13.43934 23.27762
vertex -70.00000 -13.00000 22.51666
vertex -72.12132 -19.00610 19.00610
endloop
endfacet
facet normal -0.37988293831931325 0.5631252673969304 -0.7338793404865821
outer loop
vertex -70.00000 -13.00000 22.51666
vertex -70.00000 -18.38478 18.38478
vertex -72.12132 -19.00610 19.00610
endloop
endfacet
facet normal -0.3798829543416725 0.733879124434208 -0.5631255381531928
outer loop
vertex -72.12132 -19.00610 19.00610
vertex -70.00000 -18.38478 18.38478
vertex -72.12132 -23.27762 13.43934
endloop
endfacet
facet normal -0.37988391856473047 0.7338790211166686 -0.5631250223358446
outer loop
vertex -70.00000 -18.38478 18.38478
vertex -70.00000 -22.51666 13.00000
vertex -72.12132 -23.27762 13.43934
endloop
endfacet
facet normal -0.3798839572715675 0.854620173911688 -0.35399510921882826
outer loop
vertex -72.12132 -23.27762 13.43934
vertex -70.00000 -22.51666 13.00000
vertex -72.12132 -25.96281 6.95671
endloop
endfacet
facet normal -0.37988381491492484 0.8546202083559378 -0.3539951788306395
outer loop
vertex -70.00000 -22.51666 13.00000
vertex -70.00000 -25.11407 6.72930
vertex -72.12132 -25.96281 6.95671
endloop
endfacet
facet normal -0.3798838289067876 0.9171204076425916 -0.1207411877554845
outer loop
vertex -72.12132 -25.96281 6.95671
vertex -70.00000 -25.11407 6.72930
vertex -72.12132 -26.87868 0.00000
endloop
endfacet
facet normal -0.3798835981045214 0.9171204907946744 -0.12074128231759822
outer loop
vertex -70.00000 -25.11407 6.72930
vertex -70.00000 -26.00000 0.00000
vertex -72.12132 -26.87868 0.00000
endloop
endfacet
facet normal -0.37988360193973925 0.9171205000537129 0.1207411999216388
outer loop
vertex -72.12132 -26.87868 0.00000
vertex -70.00000 -26.00000 0.00000
vertex -72.12132 -25.96281 -6.95671
endloop
endfacet
facet normal -0.3798838327419984 0.9171203952604889 0.12074126974027571
outer loop
vertex -70.00000 -26.00000 0.00000
vertex -70.00000 -25.11407 -6.72930
vertex -72.12132 -25.96281 -6.95671
endloop
endfacet
facet normal -0.37988381728045345 0.8546202270256792 0.35399513121935405
outer loop
vertex -72.12132 -25.96281 -6.95671
vertex -70.00000 -25.11407 -6.72930
vertex -72.12132 -23.27762 -13.43934
endloop
endfacet
facet normal -0.3798839596370862 0.8546201534469424 0.35399515608659554
outer loop
vertex -70.00000 -25.11407 -6.72930
vertex -70.00000 -22.51666 -13.00000
vertex -72.12132 -23.27762 -13.43934
endloop
endfacet
facet normal -0.379883902542257 0.7338788155047845 0.5631253011031908
outer loop
vertex -72.12132 -23.27762 -13.43934
vertex -70.00000 -22.51666 -13.00000
vertex -72.12132 -19.00610 -19.00610
endloop
endfacet
facet normal -0.37988293831931325 0.7338793404865821 0.5631252673969304
outer loop
vertex -70.00000 -22.51666 -13.00000
vertex -70.00000 -18.38478 -18.38478
vertex -72.12132 -19.00610 -19.00610
endloop
endfacet
facet normal -0.3798829543416725 0.5631255381531928 0.733879124434208
outer loop
vertex -72.12132 -19.00610 -19.00610
vertex -70.00000 -18.38478 -18.38478
vertex -72.12132 -13.43934 -23.27762
endloop
endfacet
facet normal -0.37988391856473047 0.5631250223358446 0.7338790211166686
outer loop
vertex -70.00000 -18.38478 -18.38478
vertex -70.00000 -13.00000 -22.51666
vertex -72.12132 -13.43934 -23.27762
endloop
endfacet
facet normal -0.37988395727156743 0.35399510921882826 0.8546201739116879
outer loop
vertex -72.12132 -13.43934 -23.27762
vertex -70.00000 -13.00000 -22.51666
vertex -72.12132 -6.95671 -25.96281
endloop
endfacet
facet normal -0.37988381491492496 0.3539951788306395 0.8546202083559378
outer loop
vertex -70.00000 -13.00000 -22.51666
vertex -70.00000 -6.72930 -25.11407
vertex -72.12132 -6.95671 -25.96281
endloop
endfacet
facet normal -0.37988382890678773 0.12074118775548452 0.9171204076425916
outer loop
vertex -72.12132 -6.95671 -25.96281
vertex -70.00000 -6.72930 -25.11407
vertex -72.12132 -0.00000 -26.87868
endloop
endfacet
facet normal -0.3798835981045214 0.12074128231759824 0.9171204907946744
outer loop
vertex -70.00000 -6.72930 -25.11407
vertex -70.00000 -0.00000 -26.00000
vertex -72.12132 -0.00000 -26.87868
endloop
endfacet
facet normal -0.9227092412505711 -0.050317435086883765 0.3821986549388587
outer loop
vertex -73.00000 0.00000 -29.00000
vertex -72.12132 0.00000 -26.87868
vertex -73.00000 7.50575 -28.01185
endloop
endfacet
facet normal -0.9227092052156997 -0.050317417382410946 0.38219874426556666
outer loop
vertex -72.12132 0.00000 -26.87868
vertex -72.12132 6.95671 -25.96281
vertex -73.00000 7.50575 -28.01185
endloop
endfacet
facet normal -0.9227092042237311 -0.14752318998928193 0.35615254155515286
outer loop
vertex -73.00000 7.50575 -28.01185
vertex -72.12132 6.95671 -25.96281
vertex -73.00000 14.50000 -25.11474
endloop
endfacet
facet normal -0.9227091556328548 -0.14752319810451842 0.3561526640814567
outer loop
vertex -72.12132 6.95671 -25.96281
vertex -72.12132 13.43934 -23.27762
vertex -73.00000 14.50000 -25.11474
endloop
endfacet
facet normal -0.9227091680689657 -0.23467562805677544 0.3058351529135184
outer loop
vertex -73.00000 14.50000 -25.11474
vertex -72.12132 13.43934 -23.27762
vertex -73.00000 20.50610 -20.50610
endloop
endfacet
facet normal -0.922709222244496 -0.23467558396021318 0.3058350233016
outer loop
vertex -72.12132 13.43934 -23.27762
vertex -72.12132 19.00610 -19.00610
vertex -73.00000 20.50610 -20.50610
endloop
endfacet
facet normal -0.9227092201878362 -0.3058350539430248 0.23467555211402477
outer loop
vertex -73.00000 20.50610 -20.50610
vertex -72.12132 19.00610 -19.00610
vertex -73.00000 25.11474 -14.50000
endloop
endfacet
facet normal -0.9227091660123039 -0.305835130083026 0.23467566589652394
outer loop
vertex -72.12132 19.00610 -19.00610
vertex -72.12132 23.27762 -13.43934
vertex -73.00000 25.11474 -14.50000
endloop
endfacet
facet normal -0.9227091574775147 -0.3561526449278644 0.1475232328076544
outer loop
vertex -73.00000 25.11474 -14.50000
vertex -72.12132 23.27762 -13.43934
vertex -73.00000 28.01185 -7.50575
endloop
endfacet
facet normal -0.9227092060683832 -0.3561525525503441 0.14752315190683954
outer loop
vertex -72.12132 23.27762 -13.43934
vertex -72.12132 25.96281 -6.95671
vertex -73.00000 28.01185 -7.50575
endloop
endfacet
facet normal -0.9227092065836898 -0.38219873720621844 0.05031744591759311
outer loop
vertex -73.00000 28.01185 -7.50575
vertex -72.12132 25.96281 -6.95671
vertex -73.00000 29.00000 -0.00000
endloop
endfacet
facet normal -0.9227092426185617 -0.38219865550549886 0.05031740569692679
outer loop
vertex -72.12132 25.96281 -6.95671
vertex -72.12132 26.87868 -0.00000
vertex -73.00000 29.00000 -0.00000
endloop
endfacet
facet normal -0.9227092412505711 -0.3821986549388587 -0.05031743508688376
outer loop
vertex -73.00000 29.00000 -0.00000
vertex -72.12132 26.87868 -0.00000
vertex -73.00000 28.01185 7.50575
endloop
endfacet
facet normal -0.9227092052156995 -0.3821987442655666 -0.05031741738241094
outer loop
vertex -72.12132 26.87868 -0.00000
vertex -72.12132 25.96281 6.95671
vertex -73.00000 28.01185 7.50575
endloop
endfacet
facet normal -0.922709204223731 -0.35615254155515286 -0.1475231899892819
outer loop
vertex -73.00000 28.01185 7.50575
vertex -72.12132 25.96281 6.95671
vertex -73.00000 25.11474 14.50000
endloop
endfacet
facet normal -0.922709155632855 -0.35615266408145674 -0.14752319810451842
outer loop
vertex -72.12132 25.96281 6.95671
vertex -72.12132 23.27762 13.43934
vertex -73.00000 25.11474 14.50000
endloop
endfacet
facet normal -0.9227091680689657 -0.3058351529135184 -0.23467562805677544
outer loop
vertex -73.00000 25.11474 14.50000
vertex -72.12132 23.27762 13.43934
vertex -73.00000 20.50610 20.50610
endloop
endfacet
facet normal -0.922709222244496 -0.3058350233016 -0.23467558396021318
outer loop
vertex -72.12132 23.27762 13.43934
vertex -72.12132 19.00610 19.00610
vertex -73.00000 20.50610 20.50610
endloop
endfacet
facet normal -0.9227092201878362 -0.23467555211402477 -0.3058350539430248
outer loop
vertex -73.00000 20.50610 20.50610
vertex -72.12132 19.00610 19.00610
vertex -73.00000 14.50000 25.11474
endloop
endfacet
facet normal -0.9227091660123039 -0.23467566589652394 -0.305835130083026
outer loop
vertex -72.12132 19.00610 19.00610
vertex -72.12132 13.43934 23.27762
vertex -73.00000 14.50000 25.11474
endloop
endfacet
facet normal -0.9227091574775147 -0.14752323280765436 -0.3561526449278644
outer loop
vertex -73.00000 14.50000 25.11474
vertex -72.12132 13.43934 23.27762
vertex -73.00000 7.50575 28.01185
endloop
endfacet
facet normal -0.9227092060683831 -0.14752315190683948 -0.35615255255034406
outer loop
vertex -72.12132 13.43934 23.27762
vertex -72.12132 6.95671 25.96281
vertex -73.00000 7.50575 28.01185
endloop
endfacet
facet normal -0.9227092065836897 -0.050317445917593115 -0.3821987372062184
outer loop
vertex -73.00000 7.50575 28.01185
vertex -72.12132 6.95671 25.96281
vertex -73.00000 0.00000 29.00000
endloop
endfacet
facet normal -0.9227092426185618 -0.05031740569692681 -0.3821986555054989
outer loop
vertex -72.12132 6.95671 25.96281
vertex -72.12132 0.00000 26.87868
vertex -73.00000 0.00000 29.00000
endloop
endfacet
facet normal -0.9227092412505711 0.050317435086883744 -0.3821986549388587
outer loop
vertex -73.00000 0.00000 29.00000
vertex -72.12132 0.00000 26.87868
vertex -73.00000 -7.50575 28.01185
endloop
endfacet
facet normal -0.9227092052156997 0.050317417382410926 -0.3821987442655667
outer loop
vertex -72.12132 0.00000 26.87868
vertex -72.12132 -6.95671 25.96281
vertex -73.00000 -7.50575 28.01185
endloop
endfacet
facet normal -0.9227092042237311 0.14752318998928193 -0.35615254155515286
outer loop
vertex -73.00000 -7.50575 28.01185
vertex -72.12132 -6.95671 25.96281
vertex -73.00000 -14.50000 25.11474
endloop
endfacet
facet normal -0.9227091556328548 0.14752319810451842 -0.3561526640814567
outer loop
vertex -72.12132 -6.95671 25.96281
vertex -72.12132 -13.43934 23.27762
vertex -73.00000 -14.50000 25.11474
endloop
endfacet
facet normal -0.9227091680689657 0.23467562805677544 -0.3058351529135184
outer loop
vertex -73.00000 -14.50000 25.11474
vertex -72.12132 -13.43934 23.27762
vertex -73.00000 -20.50610 20.50610
endloop
endfacet
facet normal -0.922709222244496 0.23467558396021318 -0.3058350233016
outer loop
vertex -72.12132 -13.43934 23.27762
vertex -72.12132 -19.00610 19.00610
vertex -73.00000 -20.50610 20.50610
endloop
endfacet
facet normal -0.9227092201878362 0.3058350539430248 -0.23467555211402477
outer loop
vertex -73.00000 -20.50610 20.50610
vertex -72.12132 -19.00610 19.00610
vertex -73.00000 -25.11474 14.50000
endloop
endfacet
facet normal -0.9227091660123039 0.305835130083026 -0.23467566589652394
outer loop
vertex -72.12132 -19.00610 19.00610
vertex -72.12132 -23.27762 13.43934
vertex -73.00000 -25.11474 14.50000
endloop
endfacet
facet normal -0.9227091574775146 0.3561526449278644 -0.14752323280765434
outer loop
vertex -73.00000 -25.11474 14.50000
vertex -72.12132 -23.27762 13.43934
vertex -73.00000 -28.01185 7.50575
endloop
endfacet
facet normal -0.9227092060683832 0.3561525525503441 -0.14752315190683948
outer loop
vertex -72.12132 -23.27762 13.43934
vertex -72.12132 -25.96281 6.95671
vertex -73.00000 -28.01185 7.50575
endloop
endfacet
facet normal -0.9227092065836896 0.38219873720621833 -0.050317445917593115
outer loop
vertex -73.00000 -28.01185 7.50575
vertex -72.12132 -25.96281 6.95671
vertex -73.00000 -29.00000 0.00000
endloop
endfacet
facet normal -0.9227092426185618 0.38219865550549903 -0.05031740569692683
outer loop
vertex -72.12132 -25.96281 6.95671
vertex -72.12132 -26.87868 0.00000
vertex -73.00000 -29.00000 0.00000
endloop
endfacet
facet normal -0.9227092412505711 0.38219865493885863 0.05031743508688373
outer loop
vertex -73.00000 -29.00000 0.00000
vertex -72.12132 -26.87868 0.00000
vertex -73.00000 -28.01185 -7.50575
endloop
endfacet
facet normal -0.9227092052156998 0.38219874426556666 0.05031741738241092
outer loop
vertex -72.12132 -26.87868 0.00000
vertex -72.12132 -25.96281 -6.95671
vertex -73.00000 -28.01185 -7.50575
endloop
endfacet
facet normal -0.9227092042237313 0.3561525415551529 0.147523189989282
outer loop
vertex -73.00000 -28.01185 -7.50575
vertex -72.12132 -25.96281 -6.95671
vertex -73.00000 -25.11474 -14.50000
endloop
endfacet
facet normal -0.9227091556328549 0.3561526640814568 0.14752319810451847
outer loop
vertex -72.12132 -25.96281 -6.95671
vertex -72.12132 -23.27762 -13.43934
vertex -73.00000 -25.11474 -14.50000
endloop
endfacet
facet normal -0.9227091680689657 0.3058351529135184 0.23467562805677544
outer loop
vertex -73.00000 -25.11474 -14.50000
vertex -72.12132 -23.27762 -13.43934
vertex -73.00000 -20.50610 -20.50610
endloop
endfacet
facet normal -0.922709222244496 0.3058350233016 0.23467558396021318
outer loop
vertex -72.12132 -23.27762 -13.43934
vertex -72.12132 -19.00610 -19.00610
vertex -73.00000 -20.50610 -20.50610
endloop
endfacet
facet normal -0.9227092201878362 0.23467555211402477 0.3058350539430248
outer loop
vertex -73.00000 -20.50610 -20.50610
vertex -72.12132 -19.00610 -19.00610
vertex -73.00000 -14.50000 -25.11474
endloop
endfacet
facet normal -0.9227091660123039 0.23467566589652394 0.305835130083026
outer loop
vertex -72.12132 -19.00610 -19.00610
vertex -72.12132 -13.43934 -23.27762
vertex -73.00000 -14.50000 -25.11474
endloop
endfacet
facet normal -0.9227091574775147 0.14752323280765436 0.3561526449278644
outer loop
vertex -73.00000 -14.50000 -25.11474
vertex -72.12132 -13.43934 -23.27762
vertex -73.00000 -7.50575 -28.01185
endloop
endfacet
facet normal -0.9227092060683831 0.14752315190683948 0.35615255255034406
outer loop
vertex -72.12132 -13.43934 -23.27762
vertex -72.12132 -6.95671 -25.96281
vertex -73.00000 -7.50575 -28.01185
endloop
endfacet
facet normal -0.9227092065836896 0.05031744591759312 0.38219873720621833
outer loop
vertex -73.00000 -7.50575 -28.01185
vertex -72.12132 -6.95671 -25.96281
vertex -73.00000 -0.00000 -29.00000
endloop
endfacet
facet normal -0.9227092426185618 0.05031740569692682 0.38219865550549886
outer loop
vertex -72.12132 -6.95671 -25.96281
vertex -72.12132 -0.00000 -26.87868
vertex -73.00000 -0.00000 -29.00000
endloop
endfacet
facet normal -0.9227092402073708 0.05031745749901892 -0.382198654506751
outer loop
vertex -72.12132 0.00000 -31.12132
vertex -73.00000 0.00000 -29.00000
vertex -72.12132 8.05479 -30.06089
endloop
endfacet
facet normal -0.9227092106415716 0.0503174446498201 -0.38219872757653184
outer loop
vertex -73.00000 0.00000 -29.00000
vertex -73.00000 7.50575 -28.01185
vertex -72.12132 8.05479 -30.06089
endloop
endfacet
facet normal -0.9227092180377484 0.1475231395174145 -0.35615252667234026
outer loop
vertex -72.12132 8.05479 -30.06089
vertex -73.00000 7.50575 -28.01185
vertex -72.12132 15.56066 -26.95185
endloop
endfacet
facet normal -0.9227092723660809 0.14752312757255726 -0.35615239086782613
outer loop
vertex -73.00000 7.50575 -28.01185
vertex -73.00000 14.50000 -25.11474
vertex -72.12132 15.56066 -26.95185
endloop
endfacet
facet normal -0.9227092651399054 0.23467551348477786 -0.30583494796316435
outer loop
vertex -72.12132 15.56066 -26.95185
vertex -73.00000 14.50000 -25.11474
vertex -72.12132 22.00610 -22.00610
endloop
endfacet
facet normal -0.9227092201878362 0.23467555211402477 -0.3058350539430248
outer loop
vertex -73.00000 14.50000 -25.11474
vertex -73.00000 20.50610 -20.50610
vertex -72.12132 22.00610 -22.00610
endloop
endfacet
facet normal -0.9227092217739233 0.3058350303124912 -0.2346755766736668
outer loop
vertex -72.12132 22.00610 -22.00610
vertex -73.00000 20.50610 -20.50610
vertex -72.12132 26.95185 -15.56066
endloop
endfacet
facet normal -0.9227092667259977 0.30583496556991885 -0.23467548430293786
outer loop
vertex -73.00000 20.50610 -20.50610
vertex -73.00000 25.11474 -14.50000
vertex -72.12132 26.95185 -15.56066
endloop
endfacet
facet normal -0.9227092704491605 0.3561524107717833 -0.14752309150985382
outer loop
vertex -72.12132 26.95185 -15.56066
vertex -73.00000 25.11474 -14.50000
vertex -72.12132 30.06089 -8.05479
endloop
endfacet
facet normal -0.922709216120831 0.3561525152463773 -0.14752317909183202
outer loop
vertex -73.00000 25.11474 -14.50000
vertex -73.00000 28.01185 -7.50575
vertex -72.12132 30.06089 -8.05479
endloop
endfacet
facet normal -0.9227092116847719 0.3821987221932239 -0.05031746641012101
outer loop
vertex -72.12132 30.06089 -8.05479
vertex -73.00000 28.01185 -7.50575
vertex -72.12132 31.12132 -0.00000
endloop
endfacet
facet normal -0.9227092412505711 0.3821986549388587 -0.050317435086883786
outer loop
vertex -73.00000 28.01185 -7.50575
vertex -73.00000 29.00000 -0.00000
vertex -72.12132 31.12132 -0.00000
endloop
endfacet
facet normal -0.9227092402073708 0.382198654506751 0.050317457499018906
outer loop
vertex -72.12132 31.12132 -0.00000
vertex -73.00000 29.00000 -0.00000
vertex -72.12132 30.06089 8.05479
endloop
endfacet
facet normal -0.9227092106415716 0.38219872757653184 0.05031744464982009
outer loop
vertex -73.00000 29.00000 -0.00000
vertex -73.00000 28.01185 7.50575
vertex -72.12132 30.06089 8.05479
endloop
endfacet
facet normal -0.9227092180377485 0.35615252667234026 0.1475231395174145
outer loop
vertex -72.12132 30.06089 8.05479
vertex -73.00000 28.01185 7.50575
vertex -72.12132 26.95185 15.56066
endloop
endfacet
facet normal -0.9227092723660807 0.3561523908678261 0.1475231275725572
outer loop
vertex -73.00000 28.01185 7.50575
vertex -73.00000 25.11474 14.50000
vertex -72.12132 26.95185 15.56066
endloop
endfacet
facet normal -0.9227092651399054 0.30583494796316435 0.23467551348477786
outer loop
vertex -72.12132 26.95185 15.56066
vertex -73.00000 25.11474 14.50000
vertex -72.12132 22.00610 22.00610
endloop
endfacet
facet normal -0.9227092201878362 0.3058350539430248 0.23467555211402477
outer loop
vertex -73.00000 25.11474 14.50000
vertex -73.00000 20.50610 20.50610
vertex -72.12132 22.00610 22.00610
endloop
endfacet
facet normal -0.9227092217739233 0.2346755766736668 0.3058350303124912
outer loop
vertex -72.12132 22.00610 22.00610
vertex -73.00000 20.50610 20.50610
vertex -72.12132 15.56066 26.95185
endloop
endfacet
facet normal -0.9227092667259975 0.2346754843029378 0.3058349655699188
outer loop
vertex -73.00000 20.50610 20.50610
vertex -73.00000 14.50000 25.11474
vertex -72.12132 15.56066 26.95185
endloop
endfacet
facet normal -0.9227092704491605 0.14752309150985382 0.3561524107717833
outer loop
vertex -72.12132 15.56066 26.95185
vertex -73.00000 14.50000 25.11474
vertex -72.12132 8.05479 30.06089
endloop
endfacet
facet normal -0.922709216120831 0.14752317909183194 0.3561525152463772
outer loop
vertex -73.00000 14.50000 25.11474
vertex -73.00000 7.50575 28.01185
vertex -72.12132 8.05479 30.06089
endloop
endfacet
facet normal -0.9227092116847719 0.050317466410121026 0.3821987221932239
outer loop
vertex -72.12132 8.05479 30.06089
vertex -73.00000 7.50575 28.01185
vertex -72.12132 0.00000 31.12132
endloop
endfacet
facet normal -0.922709241250571 0.050317435086883786 0.3821986549388586
outer loop
vertex -73.00000 7.50575 28.01185
vertex -73.00000 0.00000 29.00000
vertex -72.12132 0.00000 31.12132
endloop
endfacet
facet normal -0.9227092402073709 -0.0503174574990189 0.38219865450675106
outer loop
vertex -72.12132 0.00000 31.12132
vertex -73.00000 0.00000 29.00000
vertex -72.12132 -8.05479 30.06089
endloop
endfacet
facet normal -0.9227092106415716 -0.050317444649820076 0.38219872757653184
outer loop
vertex -73.00000 0.00000 29.00000
vertex -73.00000 -7.50575 28.01185
vertex -72.12132 -8.05479 30.06089
endloop
endfacet
facet normal -0.9227092180377484 -0.1475231395174145 0.35615252667234026
outer loop
vertex -72.12132 -8.05479 30.06089
vertex -73.00000 -7.50575 28.01185
vertex -72.12132 -15.56066 26.95185
endloop
endfacet
facet normal -0.9227092723660809 -0.14752312757255726 0.35615239086782613
outer loop
vertex -73.00000 -7.50575 28.01185
vertex -73.00000 -14.50000 25.11474
vertex -72.12132 -15.56066 26.95185
endloop
endfacet
facet normal -0.9227092651399054 -0.23467551348477786 0.30583494796316435
outer loop
vertex -72.12132 -15.56066 26.95185
vertex -73.00000 -14.50000 25.11474
vertex -72.12132 -22.00610 22.00610
endloop
endfacet
facet normal -0.9227092201878362 -0.23467555211402477 0.3058350539430248
outer loop
vertex -73.00000 -14.50000 25.11474
vertex -73.00000 -20.50610 20.50610
vertex -72.12132 -22.00610 22.00610
endloop
endfacet
facet normal -0.9227092217739233 -0.3058350303124912 0.2346755766736668
outer loop
vertex -72.12132 -22.00610 22.00610
vertex -73.00000 -20.50610 20.50610
vertex -72.12132 -26.95185 15.56066
endloop
endfacet
facet normal -0.9227092667259977 -0.30583496556991885 0.23467548430293786
outer loop
vertex -73.00000 -20.50610 20.50610
vertex -73.00000 -25.11474 14.50000
vertex -72.12132 -26.95185 15.56066
endloop
endfacet
facet normal -0.9227092704491605 -0.3561524107717833 0.14752309150985382
outer loop
vertex -72.12132 -26.95185 15.56066
vertex -73.00000 -25.11474 14.50000
vertex -72.12132 -30.06089 8.05479
endloop
endfacet
facet normal -0.922709216120831 -0.35615251524637714 0.1475231790918319
outer loop
vertex -73.00000 -25.11474 14.50000
vertex -73.00000 -28.01185 7.50575
vertex -72.12132 -30.06089 8.05479
endloop
endfacet
facet normal -0.9227092116847719 -0.3821987221932239 0.05031746641012103
outer loop
vertex -72.12132 -30.06089 8.05479
vertex -73.00000 -28.01185 7.50575
vertex -72.12132 -31.12132 0.00000
endloop
endfacet
facet normal -0.9227092412505711 -0.3821986549388587 0.0503174350868838
outer loop
vertex -73.00000 -28.01185 7.50575
vertex -73.00000 -29.00000 0.00000
vertex -72.12132 -31.12132 0.00000
endloop
endfacet
facet normal -0.9227092402073708 -0.382198654506751 -0.05031745749901889
outer loop
vertex -72.12132 -31.12132 0.00000
vertex -73.00000 -29.00000 0.00000
vertex -72.12132 -30.06089 -8.05479
endloop
endfacet
facet normal -0.9227092106415717 -0.38219872757653184 -0.05031744464982007
outer loop
vertex -73.00000 -29.00000 0.00000
vertex -73.00000 -28.01185 -7.50575
vertex -72.12132 -30.06089 -8.05479
endloop
endfacet
facet normal -0.9227092180377484 -0.3561525266723404 -0.14752313951741455
outer loop
vertex -72.12132 -30.06089 -8.05479
vertex -73.00000 -28.01185 -7.50575
vertex -72.12132 -26.95185 -15.56066
endloop
endfacet
facet normal -0.9227092723660809 -0.3561523908678261 -0.14752312757255726
outer loop
vertex -73.00000 -28.01185 -7.50575
vertex -73.00000 -25.11474 -14.50000
vertex -72.12132 -26.95185 -15.56066
endloop
endfacet
facet normal -0.9227092651399054 -0.30583494796316435 -0.23467551348477786
outer loop
vertex -72.12132 -26.95185 -15.56066
vertex -73.00000 -25.11474 -14.50000
vertex -72.12132 -22.00610 -22.00610
endloop
endfacet
facet normal -0.9227092201878362 -0.3058350539430248 -0.23467555211402477
outer loop
vertex -73.00000 -25.11474 -14.50000
vertex -73.00000 -20.50610 -20.50610
vertex -72.12132 -22.00610 -22.00610
endloop
endfacet
facet normal -0.9227092217739233 -0.2346755766736668 -0.3058350303124912
outer loop
vertex -72.12132 -22.00610 -22.00610
vertex -73.00000 -20.50610 -20.50610
vertex -72.12132 -15.56066 -26.95185
endloop
endfacet
facet normal -0.9227092667259975 -0.2346754843029378 -0.3058349655699188
outer loop
vertex -73.00000 -20.50610 -20.50610
vertex -73.00000 -14.50000 -25.11474
vertex -72.12132 -15.56066 -26.95185
endloop
endfacet
facet normal -0.9227092704491605 -0.14752309150985382 -0.3561524107717833
outer loop
vertex -72.12132 -15.56066 -26.95185
vertex -73.00000 -14.50000 -25.11474
vertex -72.12132 -8.05479 -30.06089
endloop
endfacet
facet normal -0.922709216120831 -0.14752317909183194 -0.3561525152463772
outer loop
vertex -73.00000 -14.50000 -25.11474
vertex -73.00000 -7.50575 -28.01185
vertex -72.12132 -8.05479 -30.06089
endloop
endfacet
facet normal -0.9227092116847719 -0.05031746641012104 -0.3821987221932239
outer loop
vertex -72.12132 -8.05479 -30.06089
vertex -73.00000 -7.50575 -28.01185
vertex -72.12132 -0.00000 -31.12132
endloop
endfacet
facet normal -0.922709241250571 -0.0503174350868838 -0.3821986549388586
outer loop
vertex -73.00000 -7.50575 -28.01185
vertex -73.00000 -0.00000 -29.00000
vertex -72.12132 -0.00000 -31.12132
endloop
endfacet
facet normal -0.379883599496815 0.12074125240551833 -0.9171204941559699
outer loop
vertex -70.00000 0.00000 -32.00000
vertex -72.12132 0.00000 -31.12132
vertex -70.00000 8.28221 -30.90963
endloop
endfacet
facet normal -0.37988383462276887 0.12074130994528028 -0.9171203891883544
outer loop
vertex -72.12132 0.00000 -31.12132
vertex -72.12132 8.05479 -30.06089
vertex -70.00000 8.28221 -30.90963
endloop
endfacet
facet normal -0.37988381034164126 0.35399527087763477 -0.8546201722616813
outer loop
vertex -70.00000 8.28221 -30.90963
vertex -72.12132 8.05479 -30.06089
vertex -70.00000 16.00000 -27.71281
endloop
endfacet
facet normal -0.3798832995745813 0.3539952091588613 -0.8546204248652749
outer loop
vertex -72.12132 8.05479 -30.06089
vertex -72.12132 15.56066 -26.95185
vertex -70.00000 16.00000 -27.71281
endloop
endfacet
facet normal -0.3798833474313503 0.5631252766418824 -0.7338791216210987
outer loop
vertex -70.00000 16.00000 -27.71281
vertex -72.12132 15.56066 -26.95185
vertex -70.00000 22.62742 -22.62742
endloop
endfacet
facet normal -0.37988395111231954 0.5631252698305989 -0.7338788143593655
outer loop
vertex -72.12132 15.56066 -26.95185
vertex -72.12132 22.00610 -22.00610
vertex -70.00000 22.62742 -22.62742
endloop
endfacet
facet normal -0.3798839427087908 0.7338789276759847 -0.5631251278225567
outer loop
vertex -70.00000 22.62742 -22.62742
vertex -72.12132 22.00610 -22.00610
vertex -70.00000 27.71281 -16.00000
endloop
endfacet
facet normal -0.37988333902784704 0.7338790137802856 -0.5631254228517206
outer loop
vertex -72.12132 22.00610 -22.00610
vertex -72.12132 26.95185 -15.56066
vertex -70.00000 27.71281 -16.00000
endloop
endfacet
facet normal -0.3798833066847325 0.8546203633538086 -0.3539953500305867
outer loop
vertex -70.00000 27.71281 -16.00000
vertex -72.12132 26.95185 -15.56066
vertex -70.00000 30.90963 -8.28221
endloop
endfacet
facet normal -0.3798838174517754 0.8546202283778253 -0.3539951277711319
outer loop
vertex -72.12132 26.95185 -15.56066
vertex -72.12132 30.06089 -8.05479
vertex -70.00000 30.90963 -8.28221
endloop
endfacet
facet normal -0.37988383134970793 0.9171203997555456 -0.12074123997746172
outer loop
vertex -70.00000 30.90963 -8.28221
vertex -72.12132 30.06089 -8.05479
vertex -70.00000 32.00000 -0.00000
endloop
endfacet
facet normal -0.3798835962237454 0.9171204862540777 -0.12074132272423792
outer loop
vertex -72.12132 30.06089 -8.05479
vertex -72.12132 31.12132 -0.00000
vertex -70.00000 32.00000 -0.00000
endloop
endfacet
facet normal -0.37988359949681505 0.9171204941559697 0.1207412524055183
outer loop
vertex -70.00000 32.00000 -0.00000
vertex -72.12132 31.12132 -0.00000
vertex -70.00000 30.90963 8.28221
endloop
endfacet
facet normal -0.37988383462276887 0.9171203891883544 0.12074130994528025
outer loop
vertex -72.12132 31.12132 -0.00000
vertex -72.12132 30.06089 8.05479
vertex -70.00000 30.90963 8.28221
endloop
endfacet
facet normal -0.37988381034164126 0.8546201722616813 0.35399527087763477
outer loop
vertex -70.00000 30.90963 8.28221
vertex -72.12132 30.06089 8.05479
vertex -70.00000 27.71281 16.00000
endloop
endfacet
facet normal -0.3798832995745813 0.8546204248652749 0.3539952091588613
outer loop
vertex -72.12132 30.06089 8.05479
vertex -72.12132 26.95185 15.56066
vertex -70.00000 27.71281 16.00000
endloop
endfacet
facet normal -0.3798833474313503 0.7338791216210987 0.5631252766418824
outer loop
vertex -70.00000 27.71281 16.00000
vertex -72.12132 26.95185 15.56066
vertex -70.00000 22.62742 22.62742
endloop
endfacet
facet normal -0.37988395111231954 0.7338788143593655 0.5631252698305989
outer loop
vertex -72.12132 26.95185 15.56066
vertex -72.12132 22.00610 22.00610
vertex -70.00000 22.62742 22.62742
endloop
endfacet
facet normal -0.3798839427087908 0.5631251278225567 0.7338789276759847
outer loop
vertex -70.00000 22.62742 22.62742
vertex -72.12132 22.00610 22.00610
vertex -70.00000 16.00000 27.71281
endloop
endfacet
facet normal -0.37988333902784704 0.5631254228517206 0.7338790137802856
outer loop
vertex -72.12132 22.00610 22.00610
vertex -72.12132 15.56066 26.95185
vertex -70.00000 16.00000 27.71281
endloop
endfacet
facet normal -0.3798833066847325 0.35399535003058724 0.8546203633538083
outer loop
vertex -70.00000 16.00000 27.71281
vertex -72.12132 15.56066 26.95185
vertex -70.00000 8.28221 30.90963
endloop
endfacet
facet normal -0.3798838174517776 0.35399512777113157 0.8546202283778244
outer loop
vertex -72.12132 15.56066 26.95185
vertex -72.12132 8.05479 30.06089
vertex -70.00000 8.28221 30.90963
endloop
endfacet
facet normal -0.3798838313497101 0.12074123997746161 0.9171203997555446
outer loop
vertex -70.00000 8.28221 30.90963
vertex -72.12132 8.05479 30.06089
vertex -70.00000 0.00000 32.00000
endloop
endfacet
facet normal -0.37988359622374746 0.12074132272423779 0.9171204862540767
outer loop
vertex -72.12132 8.05479 30.06089
vertex -72.12132 0.00000 31.12132
vertex -70.00000 0.00000 32.00000
endloop
endfacet
facet normal -0.3798835994968172 -0.12074125240551817 0.917120494155969
outer loop
vertex -70.00000 0.00000 32.00000
vertex -72.12132 0.00000 31.12132
vertex -70.00000 -8.28221 30.90963
endloop
endfacet
facet normal -0.37988383462277103 -0.1207413099452801 0.9171203891883535
outer loop
vertex -72.12132 0.00000 31.12132
vertex -72.12132 -8.05479 30.06089
vertex -70.00000 -8.28221 30.90963
endloop
endfacet
facet normal -0.3798838103416434 -0.3539952708776351 0.8546201722616802
outer loop
vertex -70.00000 -8.28221 30.90963
vertex -72.12132 -8.05479 30.06089
vertex -70.00000 -16.00000 27.71281
endloop
endfacet
facet normal -0.3798832995745813 -0.3539952091588613 0.8546204248652749
outer loop
vertex -72.12132 -8.05479 30.06089
vertex -72.12132 -15.56066 26.95185
vertex -70.00000 -16.00000 27.71281
endloop
endfacet
facet normal -0.3798833474313503 -0.5631252766418824 0.7338791216210987
outer loop
vertex -70.00000 -16.00000 27.71281
vertex -72.12132 -15.56066 26.95185
vertex -70.00000 -22.62742 22.62742
endloop
endfacet
facet normal -0.37988395111231954 -0.5631252698305989 0.7338788143593655
outer loop
vertex -72.12132 -15.56066 26.95185
vertex -72.12132 -22.00610 22.00610
vertex -70.00000 -22.62742 22.62742
endloop
endfacet
facet normal -0.3798839427087908 -0.7338789276759847 0.5631251278225567
outer loop
vertex -70.00000 -22.62742 22.62742
vertex -72.12132 -22.00610 22.00610
vertex -70.00000 -27.71281 16.00000
endloop
endfacet
facet normal -0.37988333902784704 -0.7338790137802856 0.5631254228517206
outer loop
vertex -72.12132 -22.00610 22.00610
vertex -72.12132 -26.95185 15.56066
vertex -70.00000 -27.71281 16.00000
endloop
endfacet
facet normal -0.3798833066847325 -0.8546203633538086 0.3539953500305867
outer loop
vertex -70.00000 -27.71281 16.00000
vertex -72.12132 -26.95185 15.56066
vertex -70.00000 -30.90963 8.28221
endloop
endfacet
facet normal -0.3798838174517754 -0.8546202283778253 0.3539951277711319
outer loop
vertex -72.12132 -26.95185 15.56066
vertex -72.12132 -30.06089 8.05479
vertex -70.00000 -30.90963 8.28221
endloop
endfacet
facet normal -0.3798838313497079 -0.9171203997555455 0.12074123997746175
outer loop
vertex -70.00000 -30.90963 8.28221
vertex -72.12132 -30.06089 8.05479
vertex -70.00000 -32.00000 0.00000
endloop
endfacet
facet normal -0.37988359622374535 -0.9171204862540777 0.12074132272423797
outer loop
vertex -72.12132 -30.06089 8.05479
vertex -72.12132 -31.12132 0.00000
vertex -70.00000 -32.00000 0.00000
endloop
endfacet
facet normal -0.379883599496815 -0.91712049415597 -0.12074125240551828
outer loop
vertex -70.00000 -32.00000 0.00000
vertex -72.12132 -31.12132 0.00000
vertex -70.00000 -30.90963 -8.28221
endloop
endfacet
facet normal -0.37988383462276887 -0.9171203891883544 -0.12074130994528019
outer loop
vertex -72.12132 -31.12132 0.00000
vertex -72.12132 -30.06089 -8.05479
vertex -70.00000 -30.90963 -8.28221
endloop
endfacet
facet normal -0.37988381034164126 -0.8546201722616813 -0.35399527087763477
outer loop
vertex -70.00000 -30.90963 -8.28221
vertex -72.12132 -30.06089 -8.05479
vertex -70.00000 -27.71281 -16.00000
endloop
endfacet
facet normal -0.3798832995745813 -0.8546204248652749 -0.3539952091588613
outer loop
vertex -72.12132 -30.06089 -8.05479
vertex -72.12132 -26.95185 -15.56066
vertex -70.00000 -27.71281 -16.00000
endloop
endfacet
facet normal -0.3798833474313503 -0.7338791216210987 -0.5631252766418824
outer loop
vertex -70.00000 -27.71281 -16.00000
vertex -72.12132 -26.95185 -15.56066
vertex -70.00000 -22.62742 -22.62742
endloop
endfacet
facet normal -0.37988395111231954 -0.7338788143593655 -0.5631252698305989
outer loop
vertex -72.12132 -26.95185 -15.56066
vertex -72.12132 -22.00610 -22.00610
vertex -70.00000 -22.62742 -22.62742
endloop
endfacet
facet normal -0.3798839427087908 -0.5631251278225567 -0.7338789276759847
outer loop
vertex -70.00000 -22.62742 -22.62742
vertex -72.12132 -22.00610 -22.00610
vertex -70.00000 -16.00000 -27.71281
endloop
endfacet
facet normal -0.37988333902784704 -0.5631254228517206 -0.7338790137802856
outer loop
vertex -72.12132 -22.00610 -22.00610
vertex -72.12132 -15.56066 -26.95185
vertex -70.00000 -16.00000 -27.71281
endloop
endfacet
facet normal -0.37988330668473247 -0.35399535003058663 -0.8546203633538085
outer loop
vertex -70.00000 -16.00000 -27.71281
vertex -72.12132 -15.56066 -26.95185
vertex -70.00000 -8.28221 -30.90963
endloop
endfacet
facet normal -0.3798838174517754 -0.3539951277711319 -0.8546202283778253
outer loop
vertex -72.12132 -15.56066 -26.95185
vertex -72.12132 -8.05479 -30.06089
vertex -70.00000 -8.28221 -30.90963
endloop
endfacet
facet normal -0.3798838313497079 -0.12074123997746178 -0.9171203997555455
outer loop
vertex -70.00000 -8.28221 -30.90963
vertex -72.12132 -8.05479 -30.06089
vertex -70.00000 -0.00000 -32.00000
endloop
endfacet
facet normal -0.3798835962237453 -0.12074132272423799 -0.9171204862540776
outer loop
vertex -72.12132 -8.05479 -30.06089
vertex -72.12132 -0.00000 -31.12132
vertex -70.00000 -0.00000 -32.00000
endloop
endfacet
facet normal 2.8982661574634745e-17 0.13052630386773023 0.9914448466751082
outer loop
vertex 57.50000 0.00000 23.00000
vertex 112.50000 -0.00000 23.00000
vertex 57.50000 5.95284 22.21629
endloop
endfacet
facet normal 2.958521382302156e-17 0.13052630386773023 0.9914448466751082
outer loop
vertex 112.50000 -0.00000 23.00000
vertex 112.50000 5.95284 22.21629
vertex 57.50000 5.95284 22.21629
endloop
endfacet
facet normal 8.651771138625754e-17 0.3826832553893815 0.9238796058170056
outer loop
vertex 57.50000 5.95284 22.21629
vertex 112.50000 5.95284 22.21629
vertex 57.50000 11.50000 19.91858
endloop
endfacet
facet normal 7.530782164821169e-17 0.38268325538938136 0.9238796058170056
outer loop
vertex 112.50000 5.95284 22.21629
vertex 112.50000 11.50000 19.91858
vertex 57.50000 11.50000 19.91858
endloop
endfacet
facet normal 1.1796845495178759e-16 0.6087614153526856 0.7933533507698793
outer loop
vertex 57.50000 11.50000 19.91858
vertex 112.50000 11.50000 19.91858
vertex 57.50000 16.26346 16.26346
endloop
endfacet
facet normal 1.6137388279157885e-16 0.6087614153526859 0.7933533507698791
outer loop
vertex 112.50000 11.50000 19.91858
vertex 112.50000 16.26346 16.26346
vertex 57.50000 16.26346 16.26346
endloop
endfacet
facet normal 2.049859855565354e-16 0.7933533507698791 0.6087614153526856
outer loop
vertex 57.50000 16.26346 16.26346
vertex 112.50000 16.26346 16.26346
vertex 57.50000 19.91858 11.50000
endloop
endfacet
facet normal 2.0440691820266648e-16 0.7933533507698791 0.6087614153526856
outer loop
vertex 112.50000 16.26346 16.26346
vertex 112.50000 19.91858 11.50000
vertex 57.50000 19.91858 11.50000
endloop
endfacet
facet normal 2.3871125186551933e-16 0.9238796058170056 0.38268325538938147
outer loop
vertex 57.50000 19.91858 11.50000
vertex 112.50000 19.91858 11.50000
vertex 57.50000 22.21629 5.95284
endloop
endfacet
facet normal 2.3668172518009395e-16 0.9238796058170056 0.38268325538938147
outer loop
vertex 112.50000 19.91858 11.50000
vertex 112.50000 22.21629 5.95284
vertex 57.50000 22.21629 5.95284
endloop
endfacet
facet normal 2.5616870316792164e-16 0.9914448466751082 0.1305263038677303
outer loop
vertex 57.50000 22.21629 5.95284
vertex 112.50000 22.21629 5.95284
vertex 57.50000 23.00000 0.00000
endloop
endfacet
facet normal 2.581982297281882e-16 0.9914448466751082 0.1305263038677303
outer loop
vertex 112.50000 22.21629 5.95284
vertex 112.50000 23.00000 0.00000
vertex 57.50000 23.00000 0.00000
endloop
endfacet
facet normal 2.561687031679216e-16 0.9914448466751082 -0.13052630386773018
outer loop
vertex 57.50000 23.00000 0.00000
vertex 112.50000 23.00000 0.00000
vertex 57.50000 22.21629 -5.95284
endloop
endfacet
facet normal 2.58198229728188e-16 0.9914448466751082 -0.13052630386773018
outer loop
vertex 112.50000 23.00000 0.00000
vertex 112.50000 22.21629 -5.95284
vertex 57.50000 22.21629 -5.95284
endloop
endfacet
facet normal 2.3871125186551933e-16 0.9238796058170056 -0.38268325538938147
outer loop
vertex 57.50000 22.21629 -5.95284
vertex 112.50000 22.21629 -5.95284
vertex 57.50000 19.91858 -11.50000
endloop
endfacet
facet normal 2.3668172518009395e-16 0.9238796058170056 -0.38268325538938147
outer loop
vertex 112.50000 22.21629 -5.95284
vertex 112.50000 19.91858 -11.50000
vertex 57.50000 19.91858 -11.50000
endloop
endfacet
facet normal 2.049859855565354e-16 0.7933533507698791 -0.6087614153526856
outer loop
vertex 57.50000 19.91858 -11.50000
vertex 112.50000 19.91858 -11.50000
vertex 57.50000 16.26346 -16.26346
endloop
endfacet
facet normal 2.0440691820266648e-16 0.7933533507698791 -0.6087614153526856
outer loop
vertex 112.50000 19.91858 -11.50000
vertex 112.50000 16.26346 -16.26346
vertex 57.50000 16.26346 -16.26346
endloop
endfacet
facet normal 1.5729127326905012e-16 0.6087614153526856 -0.7933533507698793
outer loop
vertex 57.50000 16.26346 -16.26346
vertex 112.50000 16.26346 -16.26346
vertex 57.50000 11.50000 -19.91858
endloop
endfacet
facet normal 1.1834084738049116e-16 0.6087614153526859 -0.7933533507698791
outer loop
vertex 112.50000 16.26346 -16.26346
vertex 112.50000 11.50000 -19.91858
vertex 57.50000 11.50000 -19.91858
endloop
endfacet
facet normal 7.41580383310779e-17 0.3826832553893815 -0.9238796058170056
outer loop
vertex 57.50000 11.50000 -19.91858
vertex 112.50000 11.50000 -19.91858
vertex 57.50000 5.95284 -22.21629
endloop
endfacet
facet normal 8.606608188367051e-17 0.38268325538938136 -0.9238796058170056
outer loop
vertex 112.50000 11.50000 -19.91858
vertex 112.50000 5.95284 -22.21629
vertex 57.50000 5.95284 -22.21629
endloop
endfacet
facet normal 2.950961905780994e-17 0.1305263038677303 -0.9914448466751082
outer loop
vertex 57.50000 5.95284 -22.21629
vertex 112.50000 5.95284 -22.21629
vertex 57.50000 0.00000 -23.00000
endloop
endfacet
facet normal 2.958521382302157e-17 0.1305263038677303 -0.9914448466751082
outer loop
vertex 112.50000 5.95284 -22.21629
vertex 112.50000 -0.00000 -23.00000
vertex 57.50000 0.00000 -23.00000
endloop
endfacet
facet normal -2.898266157463473e-17 -0.13052630386773018 -0.9914448466751082
outer loop
vertex 57.50000 0.00000 -23.00000
vertex 112.50000 -0.00000 -23.00000
vertex 57.50000 -5.95284 -22.21629
endloop
endfacet
facet normal -2.958521382302154e-17 -0.13052630386773018 -0.9914448466751082
outer loop
vertex 112.50000 -0.00000 -23.00000
vertex 112.50000 -5.95284 -22.21629
vertex 57.50000 -5.95284 -22.21629
endloop
endfacet
facet normal -8.651771138625751e-17 -0.38268325538938136 -0.9238796058170056
outer loop
vertex 57.50000 -5.95284 -22.21629
vertex 112.50000 -5.95284 -22.21629
vertex 57.50000 -11.50000 -19.91858
endloop
endfacet
facet normal -7.530782164821173e-17 -0.3826832553893815 -0.9238796058170056
outer loop
vertex 112.50000 -5.95284 -22.21629
vertex 112.50000 -11.50000 -19.91858
vertex 57.50000 -11.50000 -19.91858
endloop
endfacet
facet normal -1.1796845495178766e-16 -0.6087614153526859 -0.7933533507698791
outer loop
vertex 57.50000 -11.50000 -19.91858
vertex 112.50000 -11.50000 -19.91858
vertex 57.50000 -16.26346 -16.26346
endloop
endfacet
facet normal -1.6137388279157876e-16 -0.6087614153526856 -0.7933533507698793
outer loop
vertex 112.50000 -11.50000 -19.91858
vertex 112.50000 -16.26346 -16.26346
vertex 57.50000 -16.26346 -16.26346
endloop
endfacet
facet normal -2.049859855565354e-16 -0.7933533507698791 -0.6087614153526856
outer loop
vertex 57.50000 -16.26346 -16.26346
vertex 112.50000 -16.26346 -16.26346
vertex 57.50000 -19.91858 -11.50000
endloop
endfacet
facet normal -2.0440691820266648e-16 -0.7933533507698791 -0.6087614153526856
outer loop
vertex 112.50000 -16.26346 -16.26346
vertex 112.50000 -19.91858 -11.50000
vertex 57.50000 -19.91858 -11.50000
endloop
endfacet
facet normal -2.3871125186551933e-16 -0.9238796058170056 -0.38268325538938147
outer loop
vertex 57.50000 -19.91858 -11.50000
vertex 112.50000 -19.91858 -11.50000
vertex 57.50000 -22.21629 -5.95284
endloop
endfacet
facet normal -2.3668172518009395e-16 -0.9238796058170056 -0.38268325538938147
outer loop
vertex 112.50000 -19.91858 -11.50000
vertex 112.50000 -22.21629 -5.95284
vertex 57.50000 -22.21629 -5.95284
endloop
endfacet
facet normal -2.561687031679216e-16 -0.9914448466751081 -0.13052630386773031
outer loop
vertex 57.50000 -22.21629 -5.95284
vertex 112.50000 -22.21629 -5.95284
vertex 57.50000 -23.00000 -0.00000
endloop
endfacet
facet normal -2.5550866483518633e-16 -0.9914448466751081 -0.13052630386773031
outer loop
vertex 112.50000 -22.21629 -5.95284
vertex 112.50000 -23.00000 -0.00000
vertex 57.50000 -23.00000 -0.00000
endloop
endfacet
facet normal -2.5616870316792164e-16 -0.9914448466751082 0.13052630386773015
outer loop
vertex 57.50000 -23.00000 -0.00000
vertex 112.50000 -23.00000 -0.00000
vertex 57.50000 -22.21629 5.95284
endloop
endfacet
facet normal -2.55508664835186e-16 -0.9914448466751082 0.13052630386773015
outer loop
vertex 112.50000 -23.00000 -0.00000
vertex 112.50000 -22.21629 5.95284
vertex 57.50000 -22.21629 5.95284
endloop
endfacet
facet normal -2.3871125186551933e-16 -0.9238796058170056 0.38268325538938147
outer loop
vertex 57.50000 -22.21629 5.95284
vertex 112.50000 -22.21629 5.95284
vertex 57.50000 -19.91858 11.50000
endloop
endfacet
facet normal -2.3668172518009395e-16 -0.9238796058170056 0.38268325538938147
outer loop
vertex 112.50000 -22.21629 5.95284
vertex 112.50000 -19.91858 11.50000
vertex 57.50000 -19.91858 11.50000
endloop
endfacet
facet normal -2.049859855565354e-16 -0.7933533507698791 0.6087614153526856
outer loop
vertex 57.50000 -19.91858 11.50000
vertex 112.50000 -19.91858 11.50000
vertex 57.50000 -16.26346 16.26346
endloop
endfacet
facet normal -2.0440691820266648e-16 -0.7933533507698791 0.6087614153526856
outer loop
vertex 112.50000 -19.91858 11.50000
vertex 112.50000 -16.26346 16.26346
vertex 57.50000 -16.26346 16.26346
endloop
endfacet
facet normal -1.572912732690502e-16 -0.6087614153526859 0.7933533507698791
outer loop
vertex 57.50000 -16.26346 16.26346
vertex 112.50000 -16.26346 16.26346
vertex 57.50000 -11.50000 19.91858
endloop
endfacet
facet normal -1.1834084738049108e-16 -0.6087614153526856 0.7933533507698793
outer loop
vertex 112.50000 -16.26346 16.26346
vertex 112.50000 -11.50000 19.91858
vertex 57.50000 -11.50000 19.91858
endloop
endfacet
facet normal -7.415803833107786e-17 -0.38268325538938136 0.9238796058170056
outer loop
vertex 57.50000 -11.50000 19.91858
vertex 112.50000 -11.50000 19.91858
vertex 57.50000 -5.95284 22.21629
endloop
endfacet
facet normal -8.606608188367054e-17 -0.3826832553893815 0.9238796058170056
outer loop
vertex 112.50000 -11.50000 19.91858
vertex 112.50000 -5.95284 22.21629
vertex 57.50000 -5.95284 22.21629
endloop
endfacet
facet normal -2.950961905780995e-17 -0.13052630386773034 0.9914448466751082
outer loop
vertex 57.50000 -5.95284 22.21629
vertex 112.50000 -5.95284 22.21629
vertex 57.50000 0.00000 23.00000
endloop
endfacet
facet normal -2.9585213823021584e-17 -0.13052630386773034 0.9914448466751082
outer loop
vertex 112.50000 -5.95284 22.21629
vertex 112.50000 -0.00000 23.00000
vertex 57.50000 0.00000 23.00000
endloop
endfacet
facet normal -1 0 0
outer loop
vertex 57.50000 0.00000 23.00000
vertex 57.50000 5.95284 22.21629
vertex 57.50000 0.00000 0.00000
endloop
endfacet
facet normal -1 0 0
outer loop
vertex 57.50000 5.95284 22.21629
vertex 57.50000 11.50000 19.91858
vertex 57.50000 0.00000 0.00000
endloop
endfacet
facet normal -1 0 0
outer loop
vertex 57.50000 11.50000 19.91858
vertex 57.50000 16.26346 16.26346
vertex 57.50000 0.00000 0.00000
endloop
endfacet
facet normal -1 0 0
outer loop
vertex 57.50000 16.26346 16.26346
vertex 57.50000 19.91858 11.50000
vertex 57.50000 0.00000 0.00000
endloop
endfacet
facet normal -1 0 0
outer loop
vertex 57.50000 19.91858 11.50000
vertex 57.50000 22.21629 5.95284
vertex 57.50000 0.00000 0.00000
endloop
endfacet
facet normal -1 0 0
outer loop
vertex 57.50000 22.21629 5.95284
vertex 57.50000 23.00000 0.00000
vertex 57.50000 0.00000 0.00000
endloop
endfacet
facet normal -1 0 0
outer loop
vertex 57.50000 23.00000 0.00000
vertex 57.50000 22.21629 -5.95284
vertex 57.50000 0.00000 0.00000
endloop
endfacet
facet normal -1 0 0
outer loop
vertex 57.50000 22.21629 -5.95284
vertex 57.50000 19.91858 -11.50000
vertex 57.50000 0.00000 0.00000
endloop
endfacet
facet normal -1 0 0
outer loop
vertex 57.50000 19.91858 -11.50000
vertex 57.50000 16.26346 -16.26346
vertex 57.50000 0.00000 0.00000
endloop
endfacet
facet normal -1 0 0
outer loop
vertex 57.50000 16.26346 -16.26346
vertex 57.50000 11.50000 -19.91858
vertex 57.50000 0.00000 0.00000
endloop
endfacet
facet normal -1 0 0
outer loop
vertex 57.50000 11.50000 -19.91858
vertex 57.50000 5.95284 -22.21629
vertex 57.50000 0.00000 0.00000
endloop
endfacet
facet normal -1 0 0
outer loop
vertex 57.50000 5.95284 -22.21629
vertex 57.50000 0.00000 -23.00000
vertex 57.50000 0.00000 0.00000
endloop
endfacet
facet normal -1 0 0
outer loop
vertex 57.50000 0.00000 -23.00000
vertex 57.50000 -5.95284 -22.21629
vertex 57.50000 0.00000 0.00000
endloop
endfacet
facet normal -1 0 0
outer loop
vertex 57.50000 -5.95284 -22.21629
vertex 57.50000 -11.50000 -19.91858
vertex 57.50000 0.00000 0.00000
endloop
endfacet
facet normal -1 0 0
outer loop
vertex 57.50000 -11.50000 -19.91858
vertex 57.50000 -16.26346 -16.26346
vertex 57.50000 0.00000 0.00000
endloop
endfacet
facet normal -1 0 0
outer loop
vertex 57.50000 -16.26346 -16.26346
vertex 57.50000 -19.91858 -11.50000
vertex 57.50000 0.00000 0.00000
endloop
endfacet
facet normal -1 0 0
outer loop
vertex 57.50000 -19.91858 -11.50000
vertex 57.50000 -22.21629 -5.95284
vertex 57.50000 0.00000 0.00000
endloop
endfacet
facet normal -1 0 0
outer loop
vertex 57.50000 -22.21629 -5.95284
vertex 57.50000 -23.00000 -0.00000
vertex 57.50000 0.00000 0.00000
endloop
endfacet
facet normal -1 0 0
outer loop
vertex 57.50000 -23.00000 -0.00000
vertex 57.50000 -22.21629 5.95284
vertex 57.50000 0.00000 0.00000
endloop
endfacet
facet normal -1 0 0
outer loop
vertex 57.50000 -22.21629 5.95284
vertex 57.50000 -19.91858 11.50000
vertex 57.50000 0.00000 0.00000
endloop
endfacet
facet normal -1 0 0
outer loop
vertex 57.50000 -19.91858 11.50000
vertex 57.50000 -16.26346 16.26346
vertex 57.50000 0.00000 0.00000
endloop
endfacet
facet normal -1 0 0
outer loop
vertex 57.50000 -16.26346 16.26346
vertex 57.50000 -11.50000 19.91858
vertex 57.50000 0.00000 0.00000
endloop
endfacet
facet normal -1 0 0
outer loop
vertex 57.50000 -11.50000 19.91858
vertex 57.50000 -5.95284 22.21629
vertex 57.50000 0.00000 0.00000
endloop
endfacet
facet normal -1 0 0
outer loop
vertex 57.50000 -5.95284 22.21629
vertex 57.50000 0.00000 23.00000
vertex 57.50000 0.00000 0.00000
endloop
endfacet
facet normal 1 0 0
outer loop
vertex 112.50000 5.95284 22.21629
vertex 112.50000 -0.00000 23.00000
vertex 112.50000 -0.00000 0.00000
endloop
endfacet
facet normal 1 0 0
outer loop
vertex 112.50000 11.50000 19.91858
vertex 112.50000 5.95284 22.21629
vertex 112.50000 -0.00000 0.00000
endloop
endfacet
facet normal 1 0 0
outer loop
vertex 112.50000 16.26346 16.26346
vertex 112.50000 11.50000 19.91858
vertex 112.50000 -0.00000 0.00000
endloop
endfacet
facet normal 1 0 0
outer loop
vertex 112.50000 19.91858 11.50000
vertex 112.50000 16.26346 16.26346
vertex 112.50000 -0.00000 0.00000
endloop
endfacet
facet normal 1 0 0
outer loop
vertex 112.50000 22.21629 5.95284
vertex 112.50000 19.91858 11.50000
vertex 112.50000 -0.00000 0.00000
endloop
endfacet
facet normal 1 0 0
outer loop
vertex 112.50000 23.00000 0.00000
vertex 112.50000 22.21629 5.95284
vertex 112.50000 -0.00000 0.00000
endloop
endfacet
facet normal 1 0 0
outer loop
vertex 112.50000 22.21629 -5.95284
vertex 112.50000 23.00000 0.00000
vertex 112.50000 -0.00000 0.00000
endloop
endfacet
facet normal 1 0 0
outer loop
vertex 112.50000 19.91858 -11.50000
vertex 112.50000 22.21629 -5.95284
vertex 112.50000 -0.00000 0.00000
endloop
endfacet
facet normal 1 0 0
outer loop
vertex 112.50000 16.26346 -16.26346
vertex 112.50000 19.91858 -11.50000
vertex 112.50000 -0.00000 0.00000
endloop
endfacet
facet normal 1 0 0
outer loop
vertex 112.50000 11.50000 -19.91858
vertex 112.50000 16.26346 -16.26346
vertex 112.50000 -0.00000 0.00000
endloop
endfacet
facet normal 1 0 0
outer loop
vertex 112.50000 5.95284 -22.21629
vertex 112.50000 11.50000 -19.91858
vertex 112.50000 -0.00000 0.00000
endloop
endfacet
facet normal 1 0 0
outer loop
vertex 112.50000 -0.00000 -23.00000
vertex 112.50000 5.95284 -22.21629
vertex 112.50000 -0.00000 0.00000
endloop
endfacet
facet normal 1 0 0
outer loop
vertex 112.50000 -5.95284 -22.21629
vertex 112.50000 -0.00000 -23.00000
vertex 112.50000 -0.00000 0.00000
endloop
endfacet
facet normal 1 0 0
outer loop
vertex 112.50000 -11.50000 -19.91858
vertex 112.50000 -5.95284 -22.21629
vertex 112.50000 -0.00000 0.00000
endloop
endfacet
facet normal 1 0 0
outer loop
vertex 112.50000 -16.26346 -16.26346
vertex 112.50000 -11.50000 -19.91858
vertex 112.50000 -0.00000 0.00000
endloop
endfacet
facet normal 1 0 0
outer loop
vertex 112.50000 -19.91858 -11.50000
vertex 112.50000 -16.26346 -16.26346
vertex 112.50000 -0.00000 0.00000
endloop
endfacet
facet normal 1 0 0
outer loop
vertex 112.50000 -22.21629 -5.95284
vertex 112.50000 -19.91858 -11.50000
vertex 112.50000 -0.00000 0.00000
endloop
endfacet
facet normal 1 0 0
outer loop
vertex 112.50000 -23.00000 -0.00000
vertex 112.50000 -22.21629 -5.95284
vertex 112.50000 -0.00000 0.00000
endloop
endfacet
facet normal 1 0 0
outer loop
vertex 112.50000 -22.21629 5.95284
vertex 112.50000 -23.00000 -0.00000
vertex 112.50000 -0.00000 0.00000
endloop
endfacet
facet normal 1 0 0
outer loop
vertex 112.50000 -19.91858 11.50000
vertex 112.50000 -22.21629 5.95284
vertex 112.50000 -0.00000 0.00000
endloop
endfacet
facet normal 1 0 0
outer loop
vertex 112.50000 -16.26346 16.26346
vertex 112.50000 -19.91858 11.50000
vertex 112.50000 -0.00000 0.00000
endloop
endfacet
facet normal 1 0 0
outer loop
vertex 112.50000 -11.50000 19.91858
vertex 112.50000 -16.26346 16.26346
vertex 112.50000 -0.00000 0.00000
endloop
endfacet
facet normal 1 0 0
outer loop
vertex 112.50000 -5.95284 22.21629
vertex 112.50000 -11.50000 19.91858
vertex 112.50000 -0.00000 0.00000
endloop
endfacet
facet normal 1 0 0
outer loop
vertex 112.50000 -0.00000 23.00000
vertex 112.50000 -5.95284 22.21629
vertex 112.50000 -0.00000 0.00000
endloop
endfacet
facet normal 1 0 0
outer loop
vertex 67.00000 12.00000 12.00000
vertex 67.00000 -12.00000 12.00000
vertex 67.00000 12.00000 -12.00000
endloop
endfacet
facet normal 1 0 0
outer loop
vertex 67.00000 -12.00000 12.00000
vertex 67.00000 -12.00000 -12.00000
vertex 67.00000 12.00000 -12.00000
endloop
endfacet
facet normal -1 0 0
outer loop
vertex 35.00000 12.00000 -12.00000
vertex 35.00000 -12.00000 -12.00000
vertex 35.00000 12.00000 12.00000
endloop
endfacet
facet normal -1 0 0
outer loop
vertex 35.00000 -12.00000 -12.00000
vertex 35.00000 -12.00000 12.00000
vertex 35.00000 12.00000 12.00000
endloop
endfacet
facet normal 0 1 0
outer loop
vertex 35.00000 12.00000 -12.00000
vertex 35.00000 12.00000 12.00000
vertex 67.00000 12.00000 -12.00000
endloop
endfacet
facet normal 0 1 0
outer loop
vertex 35.00000 12.00000 12.00000
vertex 67.00000 12.00000 12.00000
vertex 67.00000 12.00000 -12.00000
endloop
endfacet
facet normal 0 -1 0
outer loop
vertex 35.00000 -12.00000 12.00000
vertex 35.00000 -12.00000 -12.00000
vertex 67.00000 -12.00000 12.00000
endloop
endfacet
facet normal 0 -1 0
outer loop
vertex 35.00000 -12.00000 -12.00000
vertex 67.00000 -12.00000 -12.00000
vertex 67.00000 -12.00000 12.00000
endloop
endfacet
facet normal 0 0 1
outer loop
vertex 35.00000 12.00000 12.00000
vertex 35.00000 -12.00000 12.00000
vertex 67.00000 12.00000 12.00000
endloop
endfacet
facet normal 0 0 1
outer loop
vertex 35.00000 -12.00000 12.00000
vertex 67.00000 -12.00000 12.00000
vertex 67.00000 12.00000 12.00000
endloop
endfacet
facet normal 0 0 -1
outer loop
vertex 67.00000 12.00000 -12.00000
vertex 67.00000 -12.00000 -12.00000
vertex 35.00000 12.00000 -12.00000
endloop
endfacet
facet normal 0 0 -1
outer loop
vertex 67.00000 -12.00000 -12.00000
vertex 35.00000 -12.00000 -12.00000
vertex 35.00000 12.00000 -12.00000
endloop
endfacet
facet normal 2.176414775114445e-17 0.09801700770209057 0.9951847397348538
outer loop
vertex -140.00000 0.00000 60.00000
vertex 140.00000 -0.00000 60.00000
vertex -140.00000 11.70542 58.84712
endloop
endfacet
facet normal 2.2653650466682372e-17 0.09801700770209057 0.9951847397348538
outer loop
vertex 140.00000 -0.00000 60.00000
vertex 140.00000 11.70542 58.84712
vertex -140.00000 11.70542 58.84712
endloop
endfacet
facet normal 6.629774911676245e-17 0.29028467048948303 0.9569403377843428
outer loop
vertex -140.00000 11.70542 58.84712
vertex 140.00000 11.70542 58.84712
vertex -140.00000 22.96101 55.43277
endloop
endfacet
facet normal 6.688220664002655e-17 0.29028467048948303 0.9569403377843428
outer loop
vertex 140.00000 11.70542 58.84712
vertex 140.00000 22.96101 55.43277
vertex -140.00000 22.96101 55.43277
endloop
endfacet
facet normal 1.0766174920142377e-16 0.47139692987487714 0.8819211611615521
outer loop
vertex -140.00000 22.96101 55.43277
vertex 140.00000 22.96101 55.43277
vertex -140.00000 33.33421 49.88818
endloop
endfacet
facet normal 9.492958100086732e-17 0.47139692987487686 0.8819211611615522
outer loop
vertex 140.00000 22.96101 55.43277
vertex 140.00000 33.33421 49.88818
vertex -140.00000 33.33421 49.88818
endloop
endfacet
facet normal 1.2878956885702636e-16 0.6343932156556211 0.7730105095858145
outer loop
vertex -140.00000 33.33421 49.88818
vertex 140.00000 33.33421 49.88818
vertex -140.00000 42.42641 42.42641
endloop
endfacet
facet normal 1.29449431222603e-16 0.6343932156556211 0.7730105095858145
outer loop
vertex 140.00000 33.33421 49.88818
vertex 140.00000 42.42641 42.42641
vertex -140.00000 42.42641 42.42641
endloop
endfacet
facet normal 1.5693057207211823e-16 0.7730105095858145 0.6343932156556211
outer loop
vertex -140.00000 42.42641 42.42641
vertex 140.00000 42.42641 42.42641
vertex -140.00000 49.88818 33.33421
endloop
endfacet
facet normal 1.5533931746712358e-16 0.7730105095858145 0.6343932156556211
outer loop
vertex 140.00000 42.42641 42.42641
vertex 140.00000 49.88818 33.33421
vertex -140.00000 49.88818 33.33421
endloop
endfacet
facet normal 1.79040764164701e-16 0.8819211611615522 0.471396929874877
outer loop
vertex -140.00000 49.88818 33.33421
vertex 140.00000 49.88818 33.33421
vertex -140.00000 55.43277 22.96101
endloop
endfacet
facet normal 1.7907170961527252e-16 0.8819211611615522 0.471396929874877
outer loop
vertex 140.00000 49.88818 33.33421
vertex 140.00000 55.43277 22.96101
vertex -140.00000 55.43277 22.96101
endloop
endfacet
facet normal 1.942705730195661e-16 0.9569403377843428 0.29028467048948303
outer loop
vertex -140.00000 55.43277 22.96101
vertex 140.00000 55.43277 22.96101
vertex -140.00000 58.84712 11.70542
endloop
endfacet
facet normal 1.9417414830975448e-16 0.9569403377843428 0.29028467048948303
outer loop
vertex 140.00000 55.43277 22.96101
vertex 140.00000 58.84712 11.70542
vertex -140.00000 58.84712 11.70542
endloop
endfacet
facet normal 2.0203465358797317e-16 0.9951847397348536 0.09801700770209057
outer loop
vertex -140.00000 58.84712 11.70542
vertex 140.00000 58.84712 11.70542
vertex -140.00000 60.00000 0.00000
endloop
endfacet
facet normal 2.0172536367950492e-16 0.9951847397348536 0.09801700770209057
outer loop
vertex 140.00000 58.84712 11.70542
vertex 140.00000 60.00000 0.00000
vertex -140.00000 60.00000 0.00000
endloop
endfacet
facet normal 2.020346535879732e-16 0.9951847397348536 -0.09801700770209051
outer loop
vertex -140.00000 60.00000 0.00000
vertex 140.00000 60.00000 0.00000
vertex -140.00000 58.84712 -11.70542
endloop
endfacet
facet normal 2.0172536367950482e-16 0.9951847397348536 -0.09801700770209051
outer loop
vertex 140.00000 60.00000 0.00000
vertex 140.00000 58.84712 -11.70542
vertex -140.00000 58.84712 -11.70542
endloop
endfacet
facet normal 1.942705730195661e-16 0.9569403377843428 -0.29028467048948303
outer loop
vertex -140.00000 58.84712 -11.70542
vertex 140.00000 58.84712 -11.70542
vertex -140.00000 55.43277 -22.96101
endloop
endfacet
facet normal 1.9417414830975448e-16 0.9569403377843428 -0.29028467048948303
outer loop
vertex 140.00000 58.84712 -11.70542
vertex 140.00000 55.43277 -22.96101
vertex -140.00000 55.43277 -22.96101
endloop
endfacet
facet normal 1.79040764164701e-16 0.8819211611615522 -0.471396929874877
outer loop
vertex -140.00000 55.43277 -22.96101
vertex 140.00000 55.43277 -22.96101
vertex -140.00000 49.88818 -33.33421
endloop
endfacet
facet normal 1.7907170961527252e-16 0.8819211611615522 -0.471396929874877
outer loop
vertex 140.00000 55.43277 -22.96101
vertex 140.00000 49.88818 -33.33421
vertex -140.00000 49.88818 -33.33421
endloop
endfacet
facet normal 1.5693057207211823e-16 0.7730105095858145 -0.6343932156556211
outer loop
vertex -140.00000 49.88818 -33.33421
vertex 140.00000 49.88818 -33.33421
vertex -140.00000 42.42641 -42.42641
endloop
endfacet
facet normal 1.5533931746712358e-16 0.7730105095858145 -0.6343932156556211
outer loop
vertex 140.00000 49.88818 -33.33421
vertex 140.00000 42.42641 -42.42641
vertex -140.00000 42.42641 -42.42641
endloop
endfacet
facet normal 1.2878956885702636e-16 0.6343932156556211 -0.7730105095858145
outer loop
vertex -140.00000 42.42641 -42.42641
vertex 140.00000 42.42641 -42.42641
vertex -140.00000 33.33421 -49.88818
endloop
endfacet
facet normal 1.29449431222603e-16 0.6343932156556211 -0.7730105095858145
outer loop
vertex 140.00000 42.42641 -42.42641
vertex 140.00000 33.33421 -49.88818
vertex -140.00000 33.33421 -49.88818
endloop
endfacet
facet normal 9.56993326234878e-17 0.47139692987487714 -0.8819211611615521
outer loop
vertex -140.00000 33.33421 -49.88818
vertex 140.00000 33.33421 -49.88818
vertex -140.00000 22.96101 -55.43277
endloop
endfacet
facet normal 1.0787452386462196e-16 0.47139692987487686 -0.8819211611615522
outer loop
vertex 140.00000 33.33421 -49.88818
vertex 140.00000 22.96101 -55.43277
vertex -140.00000 22.96101 -55.43277
endloop
endfacet
facet normal 6.629774911676245e-17 0.29028467048948303 -0.9569403377843428
outer loop
vertex -140.00000 22.96101 -55.43277
vertex 140.00000 22.96101 -55.43277
vertex -140.00000 11.70542 -58.84712
endloop
endfacet
facet normal 6.688220664002655e-17 0.29028467048948303 -0.9569403377843428
outer loop
vertex 140.00000 22.96101 -55.43277
vertex 140.00000 11.70542 -58.84712
vertex -140.00000 11.70542 -58.84712
endloop
endfacet
facet normal 2.23859805440343e-17 0.0980170077020906 -0.9951847397348537
outer loop
vertex -140.00000 11.70542 -58.84712
vertex 140.00000 11.70542 -58.84712
vertex -140.00000 0.00000 -60.00000
endloop
endfacet
facet normal 2.1574905206364173e-17 0.09801700770209061 -0.9951847397348537
outer loop
vertex 140.00000 11.70542 -58.84712
vertex 140.00000 -0.00000 -60.00000
vertex -140.00000 0.00000 -60.00000
endloop
endfacet
facet normal -2.1764147751144436e-17 -0.0980170077020905 -0.9951847397348537
outer loop
vertex -140.00000 0.00000 -60.00000
vertex 140.00000 -0.00000 -60.00000
vertex -140.00000 -11.70542 -58.84712
endloop
endfacet
facet normal -2.2653650466682354e-17 -0.0980170077020905 -0.9951847397348538
outer loop
vertex 140.00000 -0.00000 -60.00000
vertex 140.00000 -11.70542 -58.84712
vertex -140.00000 -11.70542 -58.84712
endloop
endfacet
facet normal -6.629774911676245e-17 -0.29028467048948303 -0.9569403377843428
outer loop
vertex -140.00000 -11.70542 -58.84712
vertex 140.00000 -11.70542 -58.84712
vertex -140.00000 -22.96101 -55.43277
endloop
endfacet
facet normal -6.688220664002655e-17 -0.29028467048948303 -0.9569403377843428
outer loop
vertex 140.00000 -11.70542 -58.84712
vertex 140.00000 -22.96101 -55.43277
vertex -140.00000 -22.96101 -55.43277
endloop
endfacet
facet normal -1.0766174920142372e-16 -0.47139692987487686 -0.8819211611615522
outer loop
vertex -140.00000 -22.96101 -55.43277
vertex 140.00000 -22.96101 -55.43277
vertex -140.00000 -33.33421 -49.88818
endloop
endfacet
facet normal -9.492958100086737e-17 -0.47139692987487714 -0.8819211611615521
outer loop
vertex 140.00000 -22.96101 -55.43277
vertex 140.00000 -33.33421 -49.88818
vertex -140.00000 -33.33421 -49.88818
endloop
endfacet
facet normal -1.2878956885702636e-16 -0.6343932156556211 -0.7730105095858145
outer loop
vertex -140.00000 -33.33421 -49.88818
vertex 140.00000 -33.33421 -49.88818
vertex -140.00000 -42.42641 -42.42641
endloop
endfacet
facet normal -1.29449431222603e-16 -0.6343932156556211 -0.7730105095858145
outer loop
vertex 140.00000 -33.33421 -49.88818
vertex 140.00000 -42.42641 -42.42641
vertex -140.00000 -42.42641 -42.42641
endloop
endfacet
facet normal -1.5693057207211823e-16 -0.7730105095858145 -0.6343932156556211
outer loop
vertex -140.00000 -42.42641 -42.42641
vertex 140.00000 -42.42641 -42.42641
vertex -140.00000 -49.88818 -33.33421
endloop
endfacet
facet normal -1.5533931746712358e-16 -0.7730105095858145 -0.6343932156556211
outer loop
vertex 140.00000 -42.42641 -42.42641
vertex 140.00000 -49.88818 -33.33421
vertex -140.00000 -49.88818 -33.33421
endloop
endfacet
facet normal -1.79040764164701e-16 -0.8819211611615522 -0.471396929874877
outer loop
vertex -140.00000 -49.88818 -33.33421
vertex 140.00000 -49.88818 -33.33421
vertex -140.00000 -55.43277 -22.96101
endloop
endfacet
facet normal -1.7907170961527252e-16 -0.8819211611615522 -0.471396929874877
outer loop
vertex 140.00000 -49.88818 -33.33421
vertex 140.00000 -55.43277 -22.96101
vertex -140.00000 -55.43277 -22.96101
endloop
endfacet
facet normal -1.942705730195661e-16 -0.9569403377843428 -0.29028467048948303
outer loop
vertex -140.00000 -55.43277 -22.96101
vertex 140.00000 -55.43277 -22.96101
vertex -140.00000 -58.84712 -11.70542
endloop
endfacet
facet normal -1.9417414830975448e-16 -0.9569403377843428 -0.29028467048948303
outer loop
vertex 140.00000 -55.43277 -22.96101
vertex 140.00000 -58.84712 -11.70542
vertex -140.00000 -58.84712 -11.70542
endloop
endfacet
facet normal -2.020346535879732e-16 -0.9951847397348536 -0.09801700770209064
outer loop
vertex -140.00000 -58.84712 -11.70542
vertex 140.00000 -58.84712 -11.70542
vertex -140.00000 -60.00000 -0.00000
endloop
endfacet
facet normal -2.0172536367950507e-16 -0.9951847397348536 -0.09801700770209064
outer loop
vertex 140.00000 -58.84712 -11.70542
vertex 140.00000 -60.00000 -0.00000
vertex -140.00000 -60.00000 -0.00000
endloop
endfacet
facet normal -2.0203465358797317e-16 -0.9951847397348536 0.09801700770209044
outer loop
vertex -140.00000 -60.00000 -0.00000
vertex 140.00000 -60.00000 -0.00000
vertex -140.00000 -58.84712 11.70542
endloop
endfacet
facet normal -2.0172536367950468e-16 -0.9951847397348536 0.09801700770209044
outer loop
vertex 140.00000 -60.00000 -0.00000
vertex 140.00000 -58.84712 11.70542
vertex -140.00000 -58.84712 11.70542
endloop
endfacet
facet normal -1.942705730195661e-16 -0.9569403377843428 0.29028467048948303
outer loop
vertex -140.00000 -58.84712 11.70542
vertex 140.00000 -58.84712 11.70542
vertex -140.00000 -55.43277 22.96101
endloop
endfacet
facet normal -1.9417414830975448e-16 -0.9569403377843428 0.29028467048948303
outer loop
vertex 140.00000 -58.84712 11.70542
vertex 140.00000 -55.43277 22.96101
vertex -140.00000 -55.43277 22.96101
endloop
endfacet
facet normal -1.79040764164701e-16 -0.8819211611615522 0.471396929874877
outer loop
vertex -140.00000 -55.43277 22.96101
vertex 140.00000 -55.43277 22.96101
vertex -140.00000 -49.88818 33.33421
endloop
endfacet
facet normal -1.7907170961527252e-16 -0.8819211611615522 0.471396929874877
outer loop
vertex 140.00000 -55.43277 22.96101
vertex 140.00000 -49.88818 33.33421
vertex -140.00000 -49.88818 33.33421
endloop
endfacet
facet normal -1.5693057207211823e-16 -0.7730105095858145 0.6343932156556211
outer loop
vertex -140.00000 -49.88818 33.33421
vertex 140.00000 -49.88818 33.33421
vertex -140.00000 -42.42641 42.42641
endloop
endfacet
facet normal -1.5533931746712358e-16 -0.7730105095858145 0.6343932156556211
outer loop
vertex 140.00000 -49.88818 33.33421
vertex 140.00000 -42.42641 42.42641
vertex -140.00000 -42.42641 42.42641
endloop
endfacet
facet normal -1.2878956885702636e-16 -0.6343932156556211 0.7730105095858145
outer loop
vertex -140.00000 -42.42641 42.42641
vertex 140.00000 -42.42641 42.42641
vertex -140.00000 -33.33421 49.88818
endloop
endfacet
facet normal -1.29449431222603e-16 -0.6343932156556211 0.7730105095858145
outer loop
vertex 140.00000 -42.42641 42.42641
vertex 140.00000 -33.33421 49.88818
vertex -140.00000 -33.33421 49.88818
endloop
endfacet
facet normal -9.569933262348775e-17 -0.47139692987487686 0.8819211611615522
outer loop
vertex -140.00000 -33.33421 49.88818
vertex 140.00000 -33.33421 49.88818
vertex -140.00000 -22.96101 55.43277
endloop
endfacet
facet normal -1.0787452386462202e-16 -0.47139692987487714 0.8819211611615521
outer loop
vertex 140.00000 -33.33421 49.88818
vertex 140.00000 -22.96101 55.43277
vertex -140.00000 -22.96101 55.43277
endloop
endfacet
facet normal -6.629774911676245e-17 -0.29028467048948303 0.9569403377843428
outer loop
vertex -140.00000 -22.96101 55.43277
vertex 140.00000 -22.96101 55.43277
vertex -140.00000 -11.70542 58.84712
endloop
endfacet
facet normal -6.688220664002655e-17 -0.29028467048948303 0.9569403377843428
outer loop
vertex 140.00000 -22.96101 55.43277
vertex 140.00000 -11.70542 58.84712
vertex -140.00000 -11.70542 58.84712
endloop
endfacet
facet normal -2.2385980544034316e-17 -0.09801700770209067 0.9951847397348536
outer loop
vertex -140.00000 -11.70542 58.84712
vertex 140.00000 -11.70542 58.84712
vertex -140.00000 0.00000 60.00000
endloop
endfacet
facet normal -2.1574905206364185e-17 -0.09801700770209067 0.9951847397348537
outer loop
vertex 140.00000 -11.70542 58.84712
vertex 140.00000 -0.00000 60.00000
vertex -140.00000 0.00000 60.00000
endloop
endfacet
facet normal 1 0 0
outer loop
vertex -140.00000 0.00000 -54.00000
vertex -140.00000 0.00000 -60.00000
vertex -140.00000 10.53488 -52.96241
endloop
endfacet
facet normal 0.9999999999999999 0 0
outer loop
vertex -140.00000 0.00000 -60.00000
vertex -140.00000 11.70542 -58.84712
vertex -140.00000 10.53488 -52.96241
endloop
endfacet
facet normal 1 0 0
outer loop
vertex -140.00000 10.53488 -52.96241
vertex -140.00000 11.70542 -58.84712
vertex -140.00000 20.66491 -49.88950
endloop
endfacet
facet normal 1 0 0
outer loop
vertex -140.00000 11.70542 -58.84712
vertex -140.00000 22.96101 -55.43277
vertex -140.00000 20.66491 -49.88950
endloop
endfacet
facet normal 1 0 0
outer loop
vertex -140.00000 20.66491 -49.88950
vertex -140.00000 22.96101 -55.43277
vertex -140.00000 30.00079 -44.89936
endloop
endfacet
facet normal 1 0 0
outer loop
vertex -140.00000 22.96101 -55.43277
vertex -140.00000 33.33421 -49.88818
vertex -140.00000 30.00079 -44.89936
endloop
endfacet
facet normal 1 0 0
outer loop
vertex -140.00000 30.00079 -44.89936
vertex -140.00000 33.33421 -49.88818
vertex -140.00000 38.18377 -38.18377
endloop
endfacet
facet normal 1 0 0
outer loop
vertex -140.00000 33.33421 -49.88818
vertex -140.00000 42.42641 -42.42641
vertex -140.00000 38.18377 -38.18377
endloop
endfacet
facet normal 1 0 0
outer loop
vertex -140.00000 38.18377 -38.18377
vertex -140.00000 42.42641 -42.42641
vertex -140.00000 44.89936 -30.00079
endloop
endfacet
facet normal 1 0 0
outer loop
vertex -140.00000 42.42641 -42.42641
vertex -140.00000 49.88818 -33.33421
vertex -140.00000 44.89936 -30.00079
endloop
endfacet
facet normal 1 0 0
outer loop
vertex -140.00000 44.89936 -30.00079
vertex -140.00000 49.88818 -33.33421
vertex -140.00000 49.88950 -20.66491
endloop
endfacet
facet normal 1 0 0
outer loop
vertex -140.00000 49.88818 -33.33421
vertex -140.00000 55.43277 -22.96101
vertex -140.00000 49.88950 -20.66491
endloop
endfacet
facet normal 1 0 0
outer loop
vertex -140.00000 49.88950 -20.66491
vertex -140.00000 55.43277 -22.96101
vertex -140.00000 52.96241 -10.53488
endloop
endfacet
facet normal 1 0 0
outer loop
vertex -140.00000 55.43277 -22.96101
vertex -140.00000 58.84712 -11.70542
vertex -140.00000 52.96241 -10.53488
endloop
endfacet
facet normal 1 0 0
outer loop
vertex -140.00000 52.96241 -10.53488
vertex -140.00000 58.84712 -11.70542
vertex -140.00000 54.00000 -0.00000
endloop
endfacet
facet normal 1 0 0
outer loop
vertex -140.00000 58.84712 -11.70542
vertex -140.00000 60.00000 -0.00000
vertex -140.00000 54.00000 -0.00000
endloop
endfacet
facet normal 1 0 0
outer loop
vertex -140.00000 54.00000 -0.00000
vertex -140.00000 60.00000 -0.00000
vertex -140.00000 52.96241 10.53488
endloop
endfacet
facet normal 1 0 0
outer loop
vertex -140.00000 60.00000 -0.00000
vertex -140.00000 58.84712 11.70542
vertex -140.00000 52.96241 10.53488
endloop
endfacet
facet normal 1 0 0
outer loop
vertex -140.00000 52.96241 10.53488
vertex -140.00000 58.84712 11.70542
vertex -140.00000 49.88950 20.66491
endloop
endfacet
facet normal 1 0 0
outer loop
vertex -140.00000 58.84712 11.70542
vertex -140.00000 55.43277 22.96101
vertex -140.00000 49.88950 20.66491
endloop
endfacet
facet normal 1 0 0
outer loop
vertex -140.00000 49.88950 20.66491
vertex -140.00000 55.43277 22.96101
vertex -140.00000 44.89936 30.00079
endloop
endfacet
facet normal 1 0 0
outer loop
vertex -140.00000 55.43277 22.96101
vertex -140.00000 49.88818 33.33421
vertex -140.00000 44.89936 30.00079
endloop
endfacet
facet normal 1 0 0
outer loop
vertex -140.00000 44.89936 30.00079
vertex -140.00000 49.88818 33.33421
vertex -140.00000 38.18377 38.18377
endloop
endfacet
facet normal 1 0 0
outer loop
vertex -140.00000 49.88818 33.33421
vertex -140.00000 42.42641 42.42641
vertex -140.00000 38.18377 38.18377
endloop
endfacet
facet normal 1 0 0
outer loop
vertex -140.00000 38.18377 38.18377
vertex -140.00000 42.42641 42.42641
vertex -140.00000 30.00079 44.89936
endloop
endfacet
facet normal 1 0 0
outer loop
vertex -140.00000 42.42641 42.42641
vertex -140.00000 33.33421 49.88818
vertex -140.00000 30.00079 44.89936
endloop
endfacet
facet normal 1 0 0
outer loop
vertex -140.00000 30.00079 44.89936
vertex -140.00000 33.33421 49.88818
vertex -140.00000 20.66491 49.88950
endloop
endfacet
facet normal 1 0 0
outer loop
vertex -140.00000 33.33421 49.88818
vertex -140.00000 22.96101 55.43277
vertex -140.00000 20.66491 49.88950
endloop
endfacet
facet normal 1 0 0
outer loop
vertex -140.00000 20.66491 49.88950
vertex -140.00000 22.96101 55.43277
vertex -140.00000 10.53488 52.96241
endloop
endfacet
facet normal 1 0 0
outer loop
vertex -140.00000 22.96101 55.43277
vertex -140.00000 11.70542 58.84712
vertex -140.00000 10.53488 52.96241
endloop
endfacet
facet normal 0.9999999999999999 0 0
outer loop
vertex -140.00000 10.53488 52.96241
vertex -140.00000 11.70542 58.84712
vertex -140.00000 0.00000 54.00000
endloop
endfacet
facet normal 1 0 0
outer loop
vertex -140.00000 11.70542 58.84712
vertex -140.00000 0.00000 60.00000
vertex -140.00000 0.00000 54.00000
endloop
endfacet
facet normal 1 0 0
outer loop
vertex -140.00000 0.00000 54.00000
vertex -140.00000 0.00000 60.00000
vertex -140.00000 -10.53488 52.96241
endloop
endfacet
facet normal 0.9999999999999999 0 0
outer loop
vertex -140.00000 0.00000 60.00000
vertex -140.00000 -11.70542 58.84712
vertex -140.00000 -10.53488 52.96241
endloop
endfacet
facet normal 1 0 0
outer loop
vertex -140.00000 -10.53488 52.96241
vertex -140.00000 -11.70542 58.84712
vertex -140.00000 -20.66491 49.88950
endloop
endfacet
facet normal 1 0 0
outer loop
vertex -140.00000 -11.70542 58.84712
vertex -140.00000 -22.96101 55.43277
vertex -140.00000 -20.66491 49.88950
endloop
endfacet
facet normal 1 0 0
outer loop
vertex -140.00000 -20.66491 49.88950
vertex -140.00000 -22.96101 55.43277
vertex -140.00000 -30.00079 44.89936
endloop
endfacet
facet normal 1 0 0
outer loop
vertex -140.00000 -22.96101 55.43277
vertex -140.00000 -33.33421 49.88818
vertex -140.00000 -30.00079 44.89936
endloop
endfacet
facet normal 1 0 0
outer loop
vertex -140.00000 -30.00079 44.89936
vertex -140.00000 -33.33421 49.88818
vertex -140.00000 -38.18377 38.18377
endloop
endfacet
facet normal 1 0 0
outer loop
vertex -140.00000 -33.33421 49.88818
vertex -140.00000 -42.42641 42.42641
vertex -140.00000 -38.18377 38.18377
endloop
endfacet
facet normal 1 0 0
outer loop
vertex -140.00000 -38.18377 38.18377
vertex -140.00000 -42.42641 42.42641
vertex -140.00000 -44.89936 30.00079
endloop
endfacet
facet normal 1 0 0
outer loop
vertex -140.00000 -42.42641 42.42641
vertex -140.00000 -49.88818 33.33421
vertex -140.00000 -44.89936 30.00079
endloop
endfacet
facet normal 1 0 0
outer loop
vertex -140.00000 -44.89936 30.00079
vertex -140.00000 -49.88818 33.33421
vertex -140.00000 -49.88950 20.66491
endloop
endfacet
facet normal 1 0 0
outer loop
vertex -140.00000 -49.88818 33.33421
vertex -140.00000 -55.43277 22.96101
vertex -140.00000 -49.88950 20.66491
endloop
endfacet
facet normal 1 0 0
outer loop
vertex -140.00000 -49.88950 20.66491
vertex -140.00000 -55.43277 22.96101
vertex -140.00000 -52.96241 10.53488
endloop
endfacet
facet normal 1 0 0
outer loop
vertex -140.00000 -55.43277 22.96101
vertex -140.00000 -58.84712 11.70542
vertex -140.00000 -52.96241 10.53488
endloop
endfacet
facet normal 1 0 0
outer loop
vertex -140.00000 -52.96241 10.53488
vertex -140.00000 -58.84712 11.70542
vertex -140.00000 -54.00000 0.00000
endloop
endfacet
facet normal 1 0 0
outer loop
vertex -140.00000 -58.84712 11.70542
vertex -140.00000 -60.00000 0.00000
vertex -140.00000 -54.00000 0.00000
endloop
endfacet
facet normal 1 0 0
outer loop
vertex -140.00000 -54.00000 0.00000
vertex -140.00000 -60.00000 0.00000
vertex -140.00000 -52.96241 -10.53488
endloop
endfacet
facet normal 1 0 0
outer loop
vertex -140.00000 -60.00000 0.00000
vertex -140.00000 -58.84712 -11.70542
vertex -140.00000 -52.96241 -10.53488
endloop
endfacet
facet normal 1 0 0
outer loop
vertex -140.00000 -52.96241 -10.53488
vertex -140.00000 -58.84712 -11.70542
vertex -140.00000 -49.88950 -20.66491
endloop
endfacet
facet normal 1 0 0
outer loop
vertex -140.00000 -58.84712 -11.70542
vertex -140.00000 -55.43277 -22.96101
vertex -140.00000 -49.88950 -20.66491
endloop
endfacet
facet normal 1 0 0
outer loop
vertex -140.00000 -49.88950 -20.66491
vertex -140.00000 -55.43277 -22.96101
vertex -140.00000 -44.89936 -30.00079
endloop
endfacet
facet normal 1 0 0
outer loop
vertex -140.00000 -55.43277 -22.96101
vertex -140.00000 -49.88818 -33.33421
vertex -140.00000 -44.89936 -30.00079
endloop
endfacet
facet normal 1 0 0
outer loop
vertex -140.00000 -44.89936 -30.00079
vertex -140.00000 -49.88818 -33.33421
vertex -140.00000 -38.18377 -38.18377
endloop
endfacet
facet normal 1 0 0
outer loop
vertex -140.00000 -49.88818 -33.33421
vertex -140.00000 -42.42641 -42.42641
vertex -140.00000 -38.18377 -38.18377
endloop
endfacet
facet normal 1 0 0
outer loop
vertex -140.00000 -38.18377 -38.18377
vertex -140.00000 -42.42641 -42.42641
vertex -140.00000 -30.00079 -44.89936
endloop
endfacet
facet normal 1 0 0
outer loop
vertex -140.00000 -42.42641 -42.42641
vertex -140.00000 -33.33421 -49.88818
vertex -140.00000 -30.00079 -44.89936
endloop
endfacet
facet normal 1 0 0
outer loop
vertex -140.00000 -30.00079 -44.89936
vertex -140.00000 -33.33421 -49.88818
vertex -140.00000 -20.66491 -49.88950
endloop
endfacet
facet normal 1 0 0
outer loop
vertex -140.00000 -33.33421 -49.88818
vertex -140.00000 -22.96101 -55.43277
vertex -140.00000 -20.66491 -49.88950
endloop
endfacet
facet normal 1 0 0
outer loop
vertex -140.00000 -20.66491 -49.88950
vertex -140.00000 -22.96101 -55.43277
vertex -140.00000 -10.53488 -52.96241
endloop
endfacet
facet normal 1 0 0
outer loop
vertex -140.00000 -22.96101 -55.43277
vertex -140.00000 -11.70542 -58.84712
vertex -140.00000 -10.53488 -52.96241
endloop
endfacet
facet normal 1 0 0
outer loop
vertex -140.00000 -10.53488 -52.96241
vertex -140.00000 -11.70542 -58.84712
vertex -140.00000 -0.00000 -54.00000
endloop
endfacet
facet normal 1 0 0
outer loop
vertex -140.00000 -11.70542 -58.84712
vertex -140.00000 -0.00000 -60.00000
vertex -140.00000 -0.00000 -54.00000
endloop
endfacet
facet normal 1 0 0
outer loop
vertex 140.00000 0.00000 -54.00000
vertex 140.00000 0.00000 -60.00000
vertex 140.00000 10.53488 -52.96241
endloop
endfacet
facet normal 0.9999999999999999 0 0
outer loop
vertex 140.00000 0.00000 -60.00000
vertex 140.00000 11.70542 -58.84712
vertex 140.00000 10.53488 -52.96241
endloop
endfacet
facet normal 1 0 0
outer loop
vertex 140.00000 10.53488 -52.96241
vertex 140.00000 11.70542 -58.84712
vertex 140.00000 20.66491 -49.88950
endloop
endfacet
facet normal 1 0 0
outer loop
vertex 140.00000 11.70542 -58.84712
vertex 140.00000 22.96101 -55.43277
vertex 140.00000 20.66491 -49.88950
endloop
endfacet
facet normal 1 0 0
outer loop
vertex 140.00000 20.66491 -49.88950
vertex 140.00000 22.96101 -55.43277
vertex 140.00000 30.00079 -44.89936
endloop
endfacet
facet normal 1 0 0
outer loop
vertex 140.00000 22.96101 -55.43277
vertex 140.00000 33.33421 -49.88818
vertex 140.00000 30.00079 -44.89936
endloop
endfacet
facet normal 1 0 0
outer loop
vertex 140.00000 30.00079 -44.89936
vertex 140.00000 33.33421 -49.88818
vertex 140.00000 38.18377 -38.18377
endloop
endfacet
facet normal 1 0 0
outer loop
vertex 140.00000 33.33421 -49.88818
vertex 140.00000 42.42641 -42.42641
vertex 140.00000 38.18377 -38.18377
endloop
endfacet
facet normal 1 0 0
outer loop
vertex 140.00000 38.18377 -38.18377
vertex 140.00000 42.42641 -42.42641
vertex 140.00000 44.89936 -30.00079
endloop
endfacet
facet normal 1 0 0
outer loop
vertex 140.00000 42.42641 -42.42641
vertex 140.00000 49.88818 -33.33421
vertex 140.00000 44.89936 -30.00079
endloop
endfacet
facet normal 1 0 0
outer loop
vertex 140.00000 44.89936 -30.00079
vertex 140.00000 49.88818 -33.33421
vertex 140.00000 49.88950 -20.66491
endloop
endfacet
facet normal 1 0 0
outer loop
vertex 140.00000 49.88818 -33.33421
vertex 140.00000 55.43277 -22.96101
vertex 140.00000 49.88950 -20.66491
endloop
endfacet
facet normal 1 0 0
outer loop
vertex 140.00000 49.88950 -20.66491
vertex 140.00000 55.43277 -22.96101
vertex 140.00000 52.96241 -10.53488
endloop
endfacet
facet normal 1 0 0
outer loop
vertex 140.00000 55.43277 -22.96101
vertex 140.00000 58.84712 -11.70542
vertex 140.00000 52.96241 -10.53488
endloop
endfacet
facet normal 1 0 0
outer loop
vertex 140.00000 52.96241 -10.53488
vertex 140.00000 58.84712 -11.70542
vertex 140.00000 54.00000 -0.00000
endloop
endfacet
facet normal 1 0 0
outer loop
vertex 140.00000 58.84712 -11.70542
vertex 140.00000 60.00000 -0.00000
vertex 140.00000 54.00000 -0.00000
endloop
endfacet
facet normal 1 0 0
outer loop
vertex 140.00000 54.00000 -0.00000
vertex 140.00000 60.00000 -0.00000
vertex 140.00000 52.96241 10.53488
endloop
endfacet
facet normal 1 0 0
outer loop
vertex 140.00000 60.00000 -0.00000
vertex 140.00000 58.84712 11.70542
vertex 140.00000 52.96241 10.53488
endloop
endfacet
facet normal 1 0 0
outer loop
vertex 140.00000 52.96241 10.53488
vertex 140.00000 58.84712 11.70542
vertex 140.00000 49.88950 20.66491
endloop
endfacet
facet normal 1 0 0
outer loop
vertex 140.00000 58.84712 11.70542
vertex 140.00000 55.43277 22.96101
vertex 140.00000 49.88950 20.66491
endloop
endfacet
facet normal 1 0 0
outer loop
vertex 140.00000 49.88950 20.66491
vertex 140.00000 55.43277 22.96101
vertex 140.00000 44.89936 30.00079
endloop
endfacet
facet normal 1 0 0
outer loop
vertex 140.00000 55.43277 22.96101
vertex 140.00000 49.88818 33.33421
vertex 140.00000 44.89936 30.00079
endloop
endfacet
facet normal 1 0 0
outer loop
vertex 140.00000 44.89936 30.00079
vertex 140.00000 49.88818 33.33421
vertex 140.00000 38.18377 38.18377
endloop
endfacet
facet normal 1 0 0
outer loop
vertex 140.00000 49.88818 33.33421
vertex 140.00000 42.42641 42.42641
vertex 140.00000 38.18377 38.18377
endloop
endfacet
facet normal 1 0 0
outer loop
vertex 140.00000 38.18377 38.18377
vertex 140.00000 42.42641 42.42641
vertex 140.00000 30.00079 44.89936
endloop
endfacet
facet normal 1 0 0
outer loop
vertex 140.00000 42.42641 42.42641
vertex 140.00000 33.33421 49.88818
vertex 140.00000 30.00079 44.89936
endloop
endfacet
facet normal 1 0 0
outer loop
vertex 140.00000 30.00079 44.89936
vertex 140.00000 33.33421 49.88818
vertex 140.00000 20.66491 49.88950
endloop
endfacet
facet normal 1 0 0
outer loop
vertex 140.00000 33.33421 49.88818
vertex 140.00000 22.96101 55.43277
vertex 140.00000 20.66491 49.88950
endloop
endfacet
facet normal 1 0 0
outer loop
vertex 140.00000 20.66491 49.88950
vertex 140.00000 22.96101 55.43277
vertex 140.00000 10.53488 52.96241
endloop
endfacet
facet normal 1 0 0
outer loop
vertex 140.00000 22.96101 55.43277
vertex 140.00000 11.70542 58.84712
vertex 140.00000 10.53488 52.96241
endloop
endfacet
facet normal 0.9999999999999999 0 0
outer loop
vertex 140.00000 10.53488 52.96241
vertex 140.00000 11.70542 58.84712
vertex 140.00000 0.00000 54.00000
endloop
endfacet
facet normal 1 0 0
outer loop
vertex 140.00000 11.70542 58.84712
vertex 140.00000 0.00000 60.00000
vertex 140.00000 0.00000 54.00000
endloop
endfacet
facet normal 1 0 0
outer loop
vertex 140.00000 0.00000 54.00000
vertex 140.00000 0.00000 60.00000
vertex 140.00000 -10.53488 52.96241
endloop
endfacet
facet normal 0.9999999999999999 0 0
outer loop
vertex 140.00000 0.00000 60.00000
vertex 140.00000 -11.70542 58.84712
vertex 140.00000 -10.53488 52.96241
endloop
endfacet
facet normal 1 0 0
outer loop
vertex 140.00000 -10.53488 52.96241
vertex 140.00000 -11.70542 58.84712
vertex 140.00000 -20.66491 49.88950
endloop
endfacet
facet normal 1 0 0
outer loop
vertex 140.00000 -11.70542 58.84712
vertex 140.00000 -22.96101 55.43277
vertex 140.00000 -20.66491 49.88950
endloop
endfacet
facet normal 1 0 0
outer loop
vertex 140.00000 -20.66491 49.88950
vertex 140.00000 -22.96101 55.43277
vertex 140.00000 -30.00079 44.89936
endloop
endfacet
facet normal 1 0 0
outer loop
vertex 140.00000 -22.96101 55.43277
vertex 140.00000 -33.33421 49.88818
vertex 140.00000 -30.00079 44.89936
endloop
endfacet
facet normal 1 0 0
outer loop
vertex 140.00000 -30.00079 44.89936
vertex 140.00000 -33.33421 49.88818
vertex 140.00000 -38.18377 38.18377
endloop
endfacet
facet normal 1 0 0
outer loop
vertex 140.00000 -33.33421 49.88818
vertex 140.00000 -42.42641 42.42641
vertex 140.00000 -38.18377 38.18377
endloop
endfacet
facet normal 1 0 0
outer loop
vertex 140.00000 -38.18377 38.18377
vertex 140.00000 -42.42641 42.42641
vertex 140.00000 -44.89936 30.00079
endloop
endfacet
facet normal 1 0 0
outer loop
vertex 140.00000 -42.42641 42.42641
vertex 140.00000 -49.88818 33.33421
vertex 140.00000 -44.89936 30.00079
endloop
endfacet
facet normal 1 0 0
outer loop
vertex 140.00000 -44.89936 30.00079
vertex 140.00000 -49.88818 33.33421
vertex 140.00000 -49.88950 20.66491
endloop
endfacet
facet normal 1 0 0
outer loop
vertex 140.00000 -49.88818 33.33421
vertex 140.00000 -55.43277 22.96101
vertex 140.00000 -49.88950 20.66491
endloop
endfacet
facet normal 1 0 0
outer loop
vertex 140.00000 -49.88950 20.66491
vertex 140.00000 -55.43277 22.96101
vertex 140.00000 -52.96241 10.53488
endloop
endfacet
facet normal 1 0 0
outer loop
vertex 140.00000 -55.43277 22.96101
vertex 140.00000 -58.84712 11.70542
vertex 140.00000 -52.96241 10.53488
endloop
endfacet
facet normal 1 0 0
outer loop
vertex 140.00000 -52.96241 10.53488
vertex 140.00000 -58.84712 11.70542
vertex 140.00000 -54.00000 0.00000
endloop
endfacet
facet normal 1 0 0
outer loop
vertex 140.00000 -58.84712 11.70542
vertex 140.00000 -60.00000 0.00000
vertex 140.00000 -54.00000 0.00000
endloop
endfacet
facet normal 1 0 0
outer loop
vertex 140.00000 -54.00000 0.00000
vertex 140.00000 -60.00000 0.00000
vertex 140.00000 -52.96241 -10.53488
endloop
endfacet
facet normal 1 0 0
outer loop
vertex 140.00000 -60.00000 0.00000
vertex 140.00000 -58.84712 -11.70542
vertex 140.00000 -52.96241 -10.53488
endloop
endfacet
facet normal 1 0 0
outer loop
vertex 140.00000 -52.96241 -10.53488
vertex 140.00000 -58.84712 -11.70542
vertex 140.00000 -49.88950 -20.66491
endloop
endfacet
facet normal 1 0 0
outer loop
vertex 140.00000 -58.84712 -11.70542
vertex 140.00000 -55.43277 -22.96101
vertex 140.00000 -49.88950 -20.66491
endloop
endfacet
facet normal 1 0 0
outer loop
vertex 140.00000 -49.88950 -20.66491
vertex 140.00000 -55.43277 -22.96101
vertex 140.00000 -44.89936 -30.00079
endloop
endfacet
facet normal 1 0 0
outer loop
vertex 140.00000 -55.43277 -22.96101
vertex 140.00000 -49.88818 -33.33421
vertex 140.00000 -44.89936 -30.00079
endloop
endfacet
facet normal 1 0 0
outer loop
vertex 140.00000 -44.89936 -30.00079
vertex 140.00000 -49.88818 -33.33421
vertex 140.00000 -38.18377 -38.18377
endloop
endfacet
facet normal 1 0 0
outer loop
vertex 140.00000 -49.88818 -33.33421
vertex 140.00000 -42.42641 -42.42641
vertex 140.00000 -38.18377 -38.18377
endloop
endfacet
facet normal 1 0 0
outer loop
vertex 140.00000 -38.18377 -38.18377
vertex 140.00000 -42.42641 -42.42641
vertex 140.00000 -30.00079 -44.89936
endloop
endfacet
facet normal 1 0 0
outer loop
vertex 140.00000 -42.42641 -42.42641
vertex 140.00000 -33.33421 -49.88818
vertex 140.00000 -30.00079 -44.89936
endloop
endfacet
facet normal 1 0 0
outer loop
vertex 140.00000 -30.00079 -44.89936
vertex 140.00000 -33.33421 -49.88818
vertex 140.00000 -20.66491 -49.88950
endloop
endfacet
facet normal 1 0 0
outer loop
vertex 140.00000 -33.33421 -49.88818
vertex 140.00000 -22.96101 -55.43277
vertex 140.00000 -20.66491 -49.88950
endloop
endfacet
facet normal 1 0 0
outer loop
vertex 140.00000 -20.66491 -49.88950
vertex 140.00000 -22.96101 -55.43277
vertex 140.00000 -10.53488 -52.96241
endloop
endfacet
facet normal 1 0 0
outer loop
vertex 140.00000 -22.96101 -55.43277
vertex 140.00000 -11.70542 -58.84712
vertex 140.00000 -10.53488 -52.96241
endloop
endfacet
facet normal 1 0 0
outer loop
vertex 140.00000 -10.53488 -52.96241
vertex 140.00000 -11.70542 -58.84712
vertex 140.00000 -0.00000 -54.00000
endloop
endfacet
facet normal 1 0 0
outer loop
vertex 140.00000 -11.70542 -58.84712
vertex 140.00000 -0.00000 -60.00000
vertex 140.00000 -0.00000 -54.00000
endloop
endfacet
facet normal 1 0 0
outer loop
vertex 95.00000 66.00000 29.00000
vertex 95.00000 58.00000 29.00000
vertex 95.00000 66.00000 -53.00000
endloop
endfacet
facet normal 1 0 0
outer loop
vertex 95.00000 58.00000 29.00000
vertex 95.00000 58.00000 -53.00000
vertex 95.00000 66.00000 -53.00000
endloop
endfacet
facet normal -1 0 0
outer loop
vertex -95.00000 66.00000 -53.00000
vertex -95.00000 58.00000 -53.00000
vertex -95.00000 66.00000 29.00000
endloop
endfacet
facet normal -1 0 0
outer loop
vertex -95.00000 58.00000 -53.00000
vertex -95.00000 58.00000 29.00000
vertex -95.00000 66.00000 29.00000
endloop
endfacet
facet normal 0 1 0
outer loop
vertex -95.00000 66.00000 -53.00000
vertex -95.00000 66.00000 29.00000
vertex 95.00000 66.00000 -53.00000
endloop
endfacet
facet normal 0 1 0
outer loop
vertex -95.00000 66.00000 29.00000
vertex 95.00000 66.00000 29.00000
vertex 95.00000 66.00000 -53.00000
endloop
endfacet
facet normal 0 -1 0
outer loop
vertex -95.00000 58.00000 29.00000
vertex -95.00000 58.00000 -53.00000
vertex 95.00000 58.00000 29.00000
endloop
endfacet
facet normal 0 -1 0
outer loop
vertex -95.00000 58.00000 -53.00000
vertex 95.00000 58.00000 -53.00000
vertex 95.00000 58.00000 29.00000
endloop
endfacet
facet normal 0 0 1
outer loop
vertex -95.00000 66.00000 29.00000
vertex -95.00000 58.00000 29.00000
vertex 95.00000 66.00000 29.00000
endloop
endfacet
facet normal 0 0 1
outer loop
vertex -95.00000 58.00000 29.00000
vertex 95.00000 58.00000 29.00000
vertex 95.00000 66.00000 29.00000
endloop
endfacet
facet normal 0 0 -1
outer loop
vertex 95.00000 66.00000 -53.00000
vertex 95.00000 58.00000 -53.00000
vertex -95.00000 66.00000 -53.00000
endloop
endfacet
facet normal 0 0 -1
outer loop
vertex 95.00000 58.00000 -53.00000
vertex -95.00000 58.00000 -53.00000
vertex -95.00000 66.00000 -53.00000
endloop
endfacet
facet normal 1 0 0
outer loop
vertex -82.50000 92.00000 29.00000
vertex -82.50000 66.00000 29.00000
vertex -82.50000 92.00000 -53.00000
endloop
endfacet
facet normal 1 0 0
outer loop
vertex -82.50000 66.00000 29.00000
vertex -82.50000 66.00000 -53.00000
vertex -82.50000 92.00000 -53.00000
endloop
endfacet
facet normal -1 0 0
outer loop
vertex -87.50000 92.00000 -53.00000
vertex -87.50000 66.00000 -53.00000
vertex -87.50000 92.00000 29.00000
endloop
endfacet
facet normal -1 0 0
outer loop
vertex -87.50000 66.00000 -53.00000
vertex -87.50000 66.00000 29.00000
vertex -87.50000 92.00000 29.00000
endloop
endfacet
facet normal 0 1 0
outer loop
vertex -87.50000 92.00000 -53.00000
vertex -87.50000 92.00000 29.00000
vertex -82.50000 92.00000 -53.00000
endloop
endfacet
facet normal 0 1 0
outer loop
vertex -87.50000 92.00000 29.00000
vertex -82.50000 92.00000 29.00000
vertex -82.50000 92.00000 -53.00000
endloop
endfacet
facet normal 0 -1 0
outer loop
vertex -87.50000 66.00000 29.00000
vertex -87.50000 66.00000 -53.00000
vertex -82.50000 66.00000 29.00000
endloop
endfacet
facet normal 0 -1 0
outer loop
vertex -87.50000 66.00000 -53.00000
vertex -82.50000 66.00000 -53.00000
vertex -82.50000 66.00000 29.00000
endloop
endfacet
facet normal 0 0 1
outer loop
vertex -87.50000 92.00000 29.00000
vertex -87.50000 66.00000 29.00000
vertex -82.50000 92.00000 29.00000
endloop
endfacet
facet normal 0 0 1
outer loop
vertex -87.50000 66.00000 29.00000
vertex -82.50000 66.00000 29.00000
vertex -82.50000 92.00000 29.00000
endloop
endfacet
facet normal 0 0 -1
outer loop
vertex -82.50000 92.00000 -53.00000
vertex -82.50000 66.00000 -53.00000
vertex -87.50000 92.00000 -53.00000
endloop
endfacet
facet normal 0 0 -1
outer loop
vertex -82.50000 66.00000 -53.00000
vertex -87.50000 66.00000 -53.00000
vertex -87.50000 92.00000 -53.00000
endloop
endfacet
facet normal 1 0 0
outer loop
vertex -65.50000 92.00000 29.00000
vertex -65.50000 66.00000 29.00000
vertex -65.50000 92.00000 -53.00000
endloop
endfacet
facet normal 1 0 0
outer loop
vertex -65.50000 66.00000 29.00000
vertex -65.50000 66.00000 -53.00000
vertex -65.50000 92.00000 -53.00000
endloop
endfacet
facet normal -1 0 0
outer loop
vertex -70.50000 92.00000 -53.00000
vertex -70.50000 66.00000 -53.00000
vertex -70.50000 92.00000 29.00000
endloop
endfacet
facet normal -1 0 0
outer loop
vertex -70.50000 66.00000 -53.00000
vertex -70.50000 66.00000 29.00000
vertex -70.50000 92.00000 29.00000
endloop
endfacet
facet normal 0 1 0
outer loop
vertex -70.50000 92.00000 -53.00000
vertex -70.50000 92.00000 29.00000
vertex -65.50000 92.00000 -53.00000
endloop
endfacet
facet normal 0 1 0
outer loop
vertex -70.50000 92.00000 29.00000
vertex -65.50000 92.00000 29.00000
vertex -65.50000 92.00000 -53.00000
endloop
endfacet
facet normal 0 -1 0
outer loop
vertex -70.50000 66.00000 29.00000
vertex -70.50000 66.00000 -53.00000
vertex -65.50000 66.00000 29.00000
endloop
endfacet
facet normal 0 -1 0
outer loop
vertex -70.50000 66.00000 -53.00000
vertex -65.50000 66.00000 -53.00000
vertex -65.50000 66.00000 29.00000
endloop
endfacet
facet normal 0 0 1
outer loop
vertex -70.50000 92.00000 29.00000
vertex -70.50000 66.00000 29.00000
vertex -65.50000 92.00000 29.00000
endloop
endfacet
facet normal 0 0 1
outer loop
vertex -70.50000 66.00000 29.00000
vertex -65.50000 66.00000 29.00000
vertex -65.50000 92.00000 29.00000
endloop
endfacet
facet normal 0 0 -1
outer loop
vertex -65.50000 92.00000 -53.00000
vertex -65.50000 66.00000 -53.00000
vertex -70.50000 92.00000 -53.00000
endloop
endfacet
facet normal 0 0 -1
outer loop
vertex -65.50000 66.00000 -53.00000
vertex -70.50000 66.00000 -53.00000
vertex -70.50000 92.00000 -53.00000
endloop
endfacet
facet normal 1 0 0
outer loop
vertex -48.50000 92.00000 29.00000
vertex -48.50000 66.00000 29.00000
vertex -48.50000 92.00000 -53.00000
endloop
endfacet
facet normal 1 0 0
outer loop
vertex -48.50000 66.00000 29.00000
vertex -48.50000 66.00000 -53.00000
vertex -48.50000 92.00000 -53.00000
endloop
endfacet
facet normal -1 0 0
outer loop
vertex -53.50000 92.00000 -53.00000
vertex -53.50000 66.00000 -53.00000
vertex -53.50000 92.00000 29.00000
endloop
endfacet
facet normal -1 0 0
outer loop
vertex -53.50000 66.00000 -53.00000
vertex -53.50000 66.00000 29.00000
vertex -53.50000 92.00000 29.00000
endloop
endfacet
facet normal 0 1 0
outer loop
vertex -53.50000 92.00000 -53.00000
vertex -53.50000 92.00000 29.00000
vertex -48.50000 92.00000 -53.00000
endloop
endfacet
facet normal 0 1 0
outer loop
vertex -53.50000 92.00000 29.00000
vertex -48.50000 92.00000 29.00000
vertex -48.50000 92.00000 -53.00000
endloop
endfacet
facet normal 0 -1 0
outer loop
vertex -53.50000 66.00000 29.00000
vertex -53.50000 66.00000 -53.00000
vertex -48.50000 66.00000 29.00000
endloop
endfacet
facet normal 0 -1 0
outer loop
vertex -53.50000 66.00000 -53.00000
vertex -48.50000 66.00000 -53.00000
vertex -48.50000 66.00000 29.00000
endloop
endfacet
facet normal 0 0 1
outer loop
vertex -53.50000 92.00000 29.00000
vertex -53.50000 66.00000 29.00000
vertex -48.50000 92.00000 29.00000
endloop
endfacet
facet normal 0 0 1
outer loop
vertex -53.50000 66.00000 29.00000
vertex -48.50000 66.00000 29.00000
vertex -48.50000 92.00000 29.00000
endloop
endfacet
facet normal 0 0 -1
outer loop
vertex -48.50000 92.00000 -53.00000
vertex -48.50000 66.00000 -53.00000
vertex -53.50000 92.00000 -53.00000
endloop
endfacet
facet normal 0 0 -1
outer loop
vertex -48.50000 66.00000 -53.00000
vertex -53.50000 66.00000 -53.00000
vertex -53.50000 92.00000 -53.00000
endloop
endfacet
facet normal 1 0 0
outer loop
vertex -31.50000 92.00000 29.00000
vertex -31.50000 66.00000 29.00000
vertex -31.50000 92.00000 -53.00000
endloop
endfacet
facet normal 1 0 0
outer loop
vertex -31.50000 66.00000 29.00000
vertex -31.50000 66.00000 -53.00000
vertex -31.50000 92.00000 -53.00000
endloop
endfacet
facet normal -1 0 0
outer loop
vertex -36.50000 92.00000 -53.00000
vertex -36.50000 66.00000 -53.00000
vertex -36.50000 92.00000 29.00000
endloop
endfacet
facet normal -1 0 0
outer loop
vertex -36.50000 66.00000 -53.00000
vertex -36.50000 66.00000 29.00000
vertex -36.50000 92.00000 29.00000
endloop
endfacet
facet normal 0 1 0
outer loop
vertex -36.50000 92.00000 -53.00000
vertex -36.50000 92.00000 29.00000
vertex -31.50000 92.00000 -53.00000
endloop
endfacet
facet normal 0 1 0
outer loop
vertex -36.50000 92.00000 29.00000
vertex -31.50000 92.00000 29.00000
vertex -31.50000 92.00000 -53.00000
endloop
endfacet
facet normal 0 -1 0
outer loop
vertex -36.50000 66.00000 29.00000
vertex -36.50000 66.00000 -53.00000
vertex -31.50000 66.00000 29.00000
endloop
endfacet
facet normal 0 -1 0
outer loop
vertex -36.50000 66.00000 -53.00000
vertex -31.50000 66.00000 -53.00000
vertex -31.50000 66.00000 29.00000
endloop
endfacet
facet normal 0 0 1
outer loop
vertex -36.50000 92.00000 29.00000
vertex -36.50000 66.00000 29.00000
vertex -31.50000 92.00000 29.00000
endloop
endfacet
facet normal 0 0 1
outer loop
vertex -36.50000 66.00000 29.00000
vertex -31.50000 66.00000 29.00000
vertex -31.50000 92.00000 29.00000
endloop
endfacet
facet normal 0 0 -1
outer loop
vertex -31.50000 92.00000 -53.00000
vertex -31.50000 66.00000 -53.00000
vertex -36.50000 92.00000 -53.00000
endloop
endfacet
facet normal 0 0 -1
outer loop
vertex -31.50000 66.00000 -53.00000
vertex -36.50000 66.00000 -53.00000
vertex -36.50000 92.00000 -53.00000
endloop
endfacet
facet normal 1 0 0
outer loop
vertex -14.50000 92.00000 29.00000
vertex -14.50000 66.00000 29.00000
vertex -14.50000 92.00000 -53.00000
endloop
endfacet
facet normal 1 0 0
outer loop
vertex -14.50000 66.00000 29.00000
vertex -14.50000 66.00000 -53.00000
vertex -14.50000 92.00000 -53.00000
endloop
endfacet
facet normal -1 0 0
outer loop
vertex -19.50000 92.00000 -53.00000
vertex -19.50000 66.00000 -53.00000
vertex -19.50000 92.00000 29.00000
endloop
endfacet
facet normal -1 0 0
outer loop
vertex -19.50000 66.00000 -53.00000
vertex -19.50000 66.00000 29.00000
vertex -19.50000 92.00000 29.00000
endloop
endfacet
facet normal 0 1 0
outer loop
vertex -19.50000 92.00000 -53.00000
vertex -19.50000 92.00000 29.00000
vertex -14.50000 92.00000 -53.00000
endloop
endfacet
facet normal 0 1 0
outer loop
vertex -19.50000 92.00000 29.00000
vertex -14.50000 92.00000 29.00000
vertex -14.50000 92.00000 -53.00000
endloop
endfacet
facet normal 0 -1 0
outer loop
vertex -19.50000 66.00000 29.00000
vertex -19.50000 66.00000 -53.00000
vertex -14.50000 66.00000 29.00000
endloop
endfacet
facet normal 0 -1 0
outer loop
vertex -19.50000 66.00000 -53.00000
vertex -14.50000 66.00000 -53.00000
vertex -14.50000 66.00000 29.00000
endloop
endfacet
facet normal 0 0 1
outer loop
vertex -19.50000 92.00000 29.00000
vertex -19.50000 66.00000 29.00000
vertex -14.50000 92.00000 29.00000
endloop
endfacet
facet normal 0 0 1
outer loop
vertex -19.50000 66.00000 29.00000
vertex -14.50000 66.00000 29.00000
vertex -14.50000 92.00000 29.00000
endloop
endfacet
facet normal 0 0 -1
outer loop
vertex -14.50000 92.00000 -53.00000
vertex -14.50000 66.00000 -53.00000
vertex -19.50000 92.00000 -53.00000
endloop
endfacet
facet normal 0 0 -1
outer loop
vertex -14.50000 66.00000 -53.00000
vertex -19.50000 66.00000 -53.00000
vertex -19.50000 92.00000 -53.00000
endloop
endfacet
facet normal 1 0 0
outer loop
vertex 2.50000 92.00000 29.00000
vertex 2.50000 66.00000 29.00000
vertex 2.50000 92.00000 -53.00000
endloop
endfacet
facet normal 1 0 0
outer loop
vertex 2.50000 66.00000 29.00000
vertex 2.50000 66.00000 -53.00000
vertex 2.50000 92.00000 -53.00000
endloop
endfacet
facet normal -1 0 0
outer loop
vertex -2.50000 92.00000 -53.00000
vertex -2.50000 66.00000 -53.00000
vertex -2.50000 92.00000 29.00000
endloop
endfacet
facet normal -1 0 0
outer loop
vertex -2.50000 66.00000 -53.00000
vertex -2.50000 66.00000 29.00000
vertex -2.50000 92.00000 29.00000
endloop
endfacet
facet normal 0 1 0
outer loop
vertex -2.50000 92.00000 -53.00000
vertex -2.50000 92.00000 29.00000
vertex 2.50000 92.00000 -53.00000
endloop
endfacet
facet normal 0 1 0
outer loop
vertex -2.50000 92.00000 29.00000
vertex 2.50000 92.00000 29.00000
vertex 2.50000 92.00000 -53.00000
endloop
endfacet
facet normal 0 -1 0
outer loop
vertex -2.50000 66.00000 29.00000
vertex -2.50000 66.00000 -53.00000
vertex 2.50000 66.00000 29.00000
endloop
endfacet
facet normal 0 -1 0
outer loop
vertex -2.50000 66.00000 -53.00000
vertex 2.50000 66.00000 -53.00000
vertex 2.50000 66.00000 29.00000
endloop
endfacet
facet normal 0 0 1
outer loop
vertex -2.50000 92.00000 29.00000
vertex -2.50000 66.00000 29.00000
vertex 2.50000 92.00000 29.00000
endloop
endfacet
facet normal 0 0 1
outer loop
vertex -2.50000 66.00000 29.00000
vertex 2.50000 66.00000 29.00000
vertex 2.50000 92.00000 29.00000
endloop
endfacet
facet normal 0 0 -1
outer loop
vertex 2.50000 92.00000 -53.00000
vertex 2.50000 66.00000 -53.00000
vertex -2.50000 92.00000 -53.00000
endloop
endfacet
facet normal 0 0 -1
outer loop
vertex 2.50000 66.00000 -53.00000
vertex -2.50000 66.00000 -53.00000
vertex -2.50000 92.00000 -53.00000
endloop
endfacet
facet normal 1 0 0
outer loop
vertex 19.50000 92.00000 29.00000
vertex 19.50000 66.00000 29.00000
vertex 19.50000 92.00000 -53.00000
endloop
endfacet
facet normal 1 0 0
outer loop
vertex 19.50000 66.00000 29.00000
vertex 19.50000 66.00000 -53.00000
vertex 19.50000 92.00000 -53.00000
endloop
endfacet
facet normal -1 0 0
outer loop
vertex 14.50000 92.00000 -53.00000
vertex 14.50000 66.00000 -53.00000
vertex 14.50000 92.00000 29.00000
endloop
endfacet
facet normal -1 0 0
outer loop
vertex 14.50000 66.00000 -53.00000
vertex 14.50000 66.00000 29.00000
vertex 14.50000 92.00000 29.00000
endloop
endfacet
facet normal 0 1 0
outer loop
vertex 14.50000 92.00000 -53.00000
vertex 14.50000 92.00000 29.00000
vertex 19.50000 92.00000 -53.00000
endloop
endfacet
facet normal 0 1 0
outer loop
vertex 14.50000 92.00000 29.00000
vertex 19.50000 92.00000 29.00000
vertex 19.50000 92.00000 -53.00000
endloop
endfacet
facet normal 0 -1 0
outer loop
vertex 14.50000 66.00000 29.00000
vertex 14.50000 66.00000 -53.00000
vertex 19.50000 66.00000 29.00000
endloop
endfacet
facet normal 0 -1 0
outer loop
vertex 14.50000 66.00000 -53.00000
vertex 19.50000 66.00000 -53.00000
vertex 19.50000 66.00000 29.00000
endloop
endfacet
facet normal 0 0 1
outer loop
vertex 14.50000 92.00000 29.00000
vertex 14.50000 66.00000 29.00000
vertex 19.50000 92.00000 29.00000
endloop
endfacet
facet normal 0 0 1
outer loop
vertex 14.50000 66.00000 29.00000
vertex 19.50000 66.00000 29.00000
vertex 19.50000 92.00000 29.00000
endloop
endfacet
facet normal 0 0 -1
outer loop
vertex 19.50000 92.00000 -53.00000
vertex 19.50000 66.00000 -53.00000
vertex 14.50000 92.00000 -53.00000
endloop
endfacet
facet normal 0 0 -1
outer loop
vertex 19.50000 66.00000 -53.00000
vertex 14.50000 66.00000 -53.00000
vertex 14.50000 92.00000 -53.00000
endloop
endfacet
facet normal 1 0 0
outer loop
vertex 36.50000 92.00000 29.00000
vertex 36.50000 66.00000 29.00000
vertex 36.50000 92.00000 -53.00000
endloop
endfacet
facet normal 1 0 0
outer loop
vertex 36.50000 66.00000 29.00000
vertex 36.50000 66.00000 -53.00000
vertex 36.50000 92.00000 -53.00000
endloop
endfacet
facet normal -1 0 0
outer loop
vertex 31.50000 92.00000 -53.00000
vertex 31.50000 66.00000 -53.00000
vertex 31.50000 92.00000 29.00000
endloop
endfacet
facet normal -1 0 0
outer loop
vertex 31.50000 66.00000 -53.00000
vertex 31.50000 66.00000 29.00000
vertex 31.50000 92.00000 29.00000
endloop
endfacet
facet normal 0 1 0
outer loop
vertex 31.50000 92.00000 -53.00000
vertex 31.50000 92.00000 29.00000
vertex 36.50000 92.00000 -53.00000
endloop
endfacet
facet normal 0 1 0
outer loop
vertex 31.50000 92.00000 29.00000
vertex 36.50000 92.00000 29.00000
vertex 36.50000 92.00000 -53.00000
endloop
endfacet
facet normal 0 -1 0
outer loop
vertex 31.50000 66.00000 29.00000
vertex 31.50000 66.00000 -53.00000
vertex 36.50000 66.00000 29.00000
endloop
endfacet
facet normal 0 -1 0
outer loop
vertex 31.50000 66.00000 -53.00000
vertex 36.50000 66.00000 -53.00000
vertex 36.50000 66.00000 29.00000
endloop
endfacet
facet normal 0 0 1
outer loop
vertex 31.50000 92.00000 29.00000
vertex 31.50000 66.00000 29.00000
vertex 36.50000 92.00000 29.00000
endloop
endfacet
facet normal 0 0 1
outer loop
vertex 31.50000 66.00000 29.00000
vertex 36.50000 66.00000 29.00000
vertex 36.50000 92.00000 29.00000
endloop
endfacet
facet normal 0 0 -1
outer loop
vertex 36.50000 92.00000 -53.00000
vertex 36.50000 66.00000 -53.00000
vertex 31.50000 92.00000 -53.00000
endloop
endfacet
facet normal 0 0 -1
outer loop
vertex 36.50000 66.00000 -53.00000
vertex 31.50000 66.00000 -53.00000
vertex 31.50000 92.00000 -53.00000
endloop
endfacet
facet normal 1 0 0
outer loop
vertex 53.50000 92.00000 29.00000
vertex 53.50000 66.00000 29.00000
vertex 53.50000 92.00000 -53.00000
endloop
endfacet
facet normal 1 0 0
outer loop
vertex 53.50000 66.00000 29.00000
vertex 53.50000 66.00000 -53.00000
vertex 53.50000 92.00000 -53.00000
endloop
endfacet
facet normal -1 0 0
outer loop
vertex 48.50000 92.00000 -53.00000
vertex 48.50000 66.00000 -53.00000
vertex 48.50000 92.00000 29.00000
endloop
endfacet
facet normal -1 0 0
outer loop
vertex 48.50000 66.00000 -53.00000
vertex 48.50000 66.00000 29.00000
vertex 48.50000 92.00000 29.00000
endloop
endfacet
facet normal 0 1 0
outer loop
vertex 48.50000 92.00000 -53.00000
vertex 48.50000 92.00000 29.00000
vertex 53.50000 92.00000 -53.00000
endloop
endfacet
facet normal 0 1 0
outer loop
vertex 48.50000 92.00000 29.00000
vertex 53.50000 92.00000 29.00000
vertex 53.50000 92.00000 -53.00000
endloop
endfacet
facet normal 0 -1 0
outer loop
vertex 48.50000 66.00000 29.00000
vertex 48.50000 66.00000 -53.00000
vertex 53.50000 66.00000 29.00000
endloop
endfacet
facet normal 0 -1 0
outer loop
vertex 48.50000 66.00000 -53.00000
vertex 53.50000 66.00000 -53.00000
vertex 53.50000 66.00000 29.00000
endloop
endfacet
facet normal 0 0 1
outer loop
vertex 48.50000 92.00000 29.00000
vertex 48.50000 66.00000 29.00000
vertex 53.50000 92.00000 29.00000
endloop
endfacet
facet normal 0 0 1
outer loop
vertex 48.50000 66.00000 29.00000
vertex 53.50000 66.00000 29.00000
vertex 53.50000 92.00000 29.00000
endloop
endfacet
facet normal 0 0 -1
outer loop
vertex 53.50000 92.00000 -53.00000
vertex 53.50000 66.00000 -53.00000
vertex 48.50000 92.00000 -53.00000
endloop
endfacet
facet normal 0 0 -1
outer loop
vertex 53.50000 66.00000 -53.00000
vertex 48.50000 66.00000 -53.00000
vertex 48.50000 92.00000 -53.00000
endloop
endfacet
facet normal 1 0 0
outer loop
vertex 70.50000 92.00000 29.00000
vertex 70.50000 66.00000 29.00000
vertex 70.50000 92.00000 -53.00000
endloop
endfacet
facet normal 1 0 0
outer loop
vertex 70.50000 66.00000 29.00000
vertex 70.50000 66.00000 -53.00000
vertex 70.50000 92.00000 -53.00000
endloop
endfacet
facet normal -1 0 0
outer loop
vertex 65.50000 92.00000 -53.00000
vertex 65.50000 66.00000 -53.00000
vertex 65.50000 92.00000 29.00000
endloop
endfacet
facet normal -1 0 0
outer loop
vertex 65.50000 66.00000 -53.00000
vertex 65.50000 66.00000 29.00000
vertex 65.50000 92.00000 29.00000
endloop
endfacet
facet normal 0 1 0
outer loop
vertex 65.50000 92.00000 -53.00000
vertex 65.50000 92.00000 29.00000
vertex 70.50000 92.00000 -53.00000
endloop
endfacet
facet normal 0 1 0
outer loop
vertex 65.50000 92.00000 29.00000
vertex 70.50000 92.00000 29.00000
vertex 70.50000 92.00000 -53.00000
endloop
endfacet
facet normal 0 -1 0
outer loop
vertex 65.50000 66.00000 29.00000
vertex 65.50000 66.00000 -53.00000
vertex 70.50000 66.00000 29.00000
endloop
endfacet
facet normal 0 -1 0
outer loop
vertex 65.50000 66.00000 -53.00000
vertex 70.50000 66.00000 -53.00000
vertex 70.50000 66.00000 29.00000
endloop
endfacet
facet normal 0 0 1
outer loop
vertex 65.50000 92.00000 29.00000
vertex 65.50000 66.00000 29.00000
vertex 70.50000 92.00000 29.00000
endloop
endfacet
facet normal 0 0 1
outer loop
vertex 65.50000 66.00000 29.00000
vertex 70.50000 66.00000 29.00000
vertex 70.50000 92.00000 29.00000
endloop
endfacet
facet normal 0 0 -1
outer loop
vertex 70.50000 92.00000 -53.00000
vertex 70.50000 66.00000 -53.00000
vertex 65.50000 92.00000 -53.00000
endloop
endfacet
facet normal 0 0 -1
outer loop
vertex 70.50000 66.00000 -53.00000
vertex 65.50000 66.00000 -53.00000
vertex 65.50000 92.00000 -53.00000
endloop
endfacet
facet normal 1 0 0
outer loop
vertex 87.50000 92.00000 29.00000
vertex 87.50000 66.00000 29.00000
vertex 87.50000 92.00000 -53.00000
endloop
endfacet
facet normal 1 0 0
outer loop
vertex 87.50000 66.00000 29.00000
vertex 87.50000 66.00000 -53.00000
vertex 87.50000 92.00000 -53.00000
endloop
endfacet
facet normal -1 0 0
outer loop
vertex 82.50000 92.00000 -53.00000
vertex 82.50000 66.00000 -53.00000
vertex 82.50000 92.00000 29.00000
endloop
endfacet
facet normal -1 0 0
outer loop
vertex 82.50000 66.00000 -53.00000
vertex 82.50000 66.00000 29.00000
vertex 82.50000 92.00000 29.00000
endloop
endfacet
facet normal 0 1 0
outer loop
vertex 82.50000 92.00000 -53.00000
vertex 82.50000 92.00000 29.00000
vertex 87.50000 92.00000 -53.00000
endloop
endfacet
facet normal 0 1 0
outer loop
vertex 82.50000 92.00000 29.00000
vertex 87.50000 92.00000 29.00000
vertex 87.50000 92.00000 -53.00000
endloop
endfacet
facet normal 0 -1 0
outer loop
vertex 82.50000 66.00000 29.00000
vertex 82.50000 66.00000 -53.00000
vertex 87.50000 66.00000 29.00000
endloop
endfacet
facet normal 0 -1 0
outer loop
vertex 82.50000 66.00000 -53.00000
vertex 87.50000 66.00000 -53.00000
vertex 87.50000 66.00000 29.00000
endloop
endfacet
facet normal 0 0 1
outer loop
vertex 82.50000 92.00000 29.00000
vertex 82.50000 66.00000 29.00000
vertex 87.50000 92.00000 29.00000
endloop
endfacet
facet normal 0 0 1
outer loop
vertex 82.50000 66.00000 29.00000
vertex 87.50000 66.00000 29.00000
vertex 87.50000 92.00000 29.00000
endloop
endfacet
facet normal 0 0 -1
outer loop
vertex 87.50000 92.00000 -53.00000
vertex 87.50000 66.00000 -53.00000
vertex 82.50000 92.00000 -53.00000
endloop
endfacet
facet normal 0 0 -1
outer loop
vertex 87.50000 66.00000 -53.00000
vertex 82.50000 66.00000 -53.00000
vertex 82.50000 92.00000 -53.00000
endloop
endfacet
facet normal 1 0 0
outer loop
vertex 225.00000 -89.00000 110.00000
vertex 225.00000 -99.00000 110.00000
vertex 225.00000 -89.00000 -110.00000
endloop
endfacet
facet normal 1 0 0
outer loop
vertex 225.00000 -99.00000 110.00000
vertex 225.00000 -99.00000 -110.00000
vertex 225.00000 -89.00000 -110.00000
endloop
endfacet
facet normal -1 0 0
outer loop
vertex -225.00000 -89.00000 -110.00000
vertex -225.00000 -99.00000 -110.00000
vertex -225.00000 -89.00000 110.00000
endloop
endfacet
facet normal -1 0 0
outer loop
vertex -225.00000 -99.00000 -110.00000
vertex -225.00000 -99.00000 110.00000
vertex -225.00000 -89.00000 110.00000
endloop
endfacet
facet normal 0 1 0
outer loop
vertex -225.00000 -89.00000 -110.00000
vertex -225.00000 -89.00000 110.00000
vertex 225.00000 -89.00000 -110.00000
endloop
endfacet
facet normal 0 1 0
outer loop
vertex -225.00000 -89.00000 110.00000
vertex 225.00000 -89.00000 110.00000
vertex 225.00000 -89.00000 -110.00000
endloop
endfacet
facet normal 0 -1 0
outer loop
vertex -225.00000 -99.00000 110.00000
vertex -225.00000 -99.00000 -110.00000
vertex 225.00000 -99.00000 110.00000
endloop
endfacet
facet normal 0 -1 0
outer loop
vertex -225.00000 -99.00000 -110.00000
vertex 225.00000 -99.00000 -110.00000
vertex 225.00000 -99.00000 110.00000
endloop
endfacet
facet normal 0 0 1
outer loop
vertex -225.00000 -89.00000 110.00000
vertex -225.00000 -99.00000 110.00000
vertex 225.00000 -89.00000 110.00000
endloop
endfacet
facet normal 0 0 1
outer loop
vertex -225.00000 -99.00000 110.00000
vertex 225.00000 -99.00000 110.00000
vertex 225.00000 -89.00000 110.00000
endloop
endfacet
facet normal 0 0 -1
outer loop
vertex 225.00000 -89.00000 -110.00000
vertex 225.00000 -99.00000 -110.00000
vertex -225.00000 -89.00000 -110.00000
endloop
endfacet
facet normal 0 0 -1
outer loop
vertex 225.00000 -99.00000 -110.00000
vertex -225.00000 -99.00000 -110.00000
vertex -225.00000 -89.00000 -110.00000
endloop
endfacet
facet normal 1 0 0
outer loop
vertex 225.00000 71.00000 -100.00000
vertex 225.00000 -89.00000 -100.00000
vertex 225.00000 71.00000 -110.00000
endloop
endfacet
facet normal 1 0 0
outer loop
vertex 225.00000 -89.00000 -100.00000
vertex 225.00000 -89.00000 -110.00000
vertex 225.00000 71.00000 -110.00000
endloop
endfacet
facet normal -1 0 0
outer loop
vertex -225.00000 71.00000 -110.00000
vertex -225.00000 -89.00000 -110.00000
vertex -225.00000 71.00000 -100.00000
endloop
endfacet
facet normal -1 0 0
outer loop
vertex -225.00000 -89.00000 -110.00000
vertex -225.00000 -89.00000 -100.00000
vertex -225.00000 71.00000 -100.00000
endloop
endfacet
facet normal 0 1 0
outer loop
vertex -225.00000 71.00000 -110.00000
vertex -225.00000 71.00000 -100.00000
vertex 225.00000 71.00000 -110.00000
endloop
endfacet
facet normal 0 1 0
outer loop
vertex -225.00000 71.00000 -100.00000
vertex 225.00000 71.00000 -100.00000
vertex 225.00000 71.00000 -110.00000
endloop
endfacet
facet normal 0 -1 0
outer loop
vertex -225.00000 -89.00000 -100.00000
vertex -225.00000 -89.00000 -110.00000
vertex 225.00000 -89.00000 -100.00000
endloop
endfacet
facet normal 0 -1 0
outer loop
vertex -225.00000 -89.00000 -110.00000
vertex 225.00000 -89.00000 -110.00000
vertex 225.00000 -89.00000 -100.00000
endloop
endfacet
facet normal 0 0 1
outer loop
vertex -225.00000 71.00000 -100.00000
vertex -225.00000 -89.00000 -100.00000
vertex 225.00000 71.00000 -100.00000
endloop
endfacet
facet normal 0 0 1
outer loop
vertex -225.00000 -89.00000 -100.00000
vertex 225.00000 -89.00000 -100.00000
vertex 225.00000 71.00000 -100.00000
endloop
endfacet
facet normal 0 0 -1
outer loop
vertex 225.00000 71.00000 -110.00000
vertex 225.00000 -89.00000 -110.00000
vertex -225.00000 71.00000 -110.00000
endloop
endfacet
facet normal 0 0 -1
outer loop
vertex 225.00000 -89.00000 -110.00000
vertex -225.00000 -89.00000 -110.00000
vertex -225.00000 71.00000 -110.00000
endloop
endfacet
facet normal 1 0 0
outer loop
vertex -35.00000 71.00000 110.00000
vertex -35.00000 -89.00000 110.00000
vertex -35.00000 71.00000 100.00000
endloop
endfacet
facet normal 1 0 0
outer loop
vertex -35.00000 -89.00000 110.00000
vertex -35.00000 -89.00000 100.00000
vertex -35.00000 71.00000 100.00000
endloop
endfacet
facet normal -1 0 0
outer loop
vertex -225.00000 71.00000 100.00000
vertex -225.00000 -89.00000 100.00000
vertex -225.00000 71.00000 110.00000
endloop
endfacet
facet normal -1 0 0
outer loop
vertex -225.00000 -89.00000 100.00000
vertex -225.00000 -89.00000 110.00000
vertex -225.00000 71.00000 110.00000
endloop
endfacet
facet normal 0 1 0
outer loop
vertex -225.00000 71.00000 100.00000
vertex -225.00000 71.00000 110.00000
vertex -35.00000 71.00000 100.00000
endloop
endfacet
facet normal 0 1 0
outer loop
vertex -225.00000 71.00000 110.00000
vertex -35.00000 71.00000 110.00000
vertex -35.00000 71.00000 100.00000
endloop
endfacet
facet normal 0 -1 0
outer loop
vertex -225.00000 -89.00000 110.00000
vertex -225.00000 -89.00000 100.00000
vertex -35.00000 -89.00000 110.00000
endloop
endfacet
facet normal 0 -1 0
outer loop
vertex -225.00000 -89.00000 100.00000
vertex -35.00000 -89.00000 100.00000
vertex -35.00000 -89.00000 110.00000
endloop
endfacet
facet normal 0 0 1
outer loop
vertex -225.00000 71.00000 110.00000
vertex -225.00000 -89.00000 110.00000
vertex -35.00000 71.00000 110.00000
endloop
endfacet
facet normal 0 0 1
outer loop
vertex -225.00000 -89.00000 110.00000
vertex -35.00000 -89.00000 110.00000
vertex -35.00000 71.00000 110.00000
endloop
endfacet
facet normal 0 0 -1
outer loop
vertex -35.00000 71.00000 100.00000
vertex -35.00000 -89.00000 100.00000
vertex -225.00000 71.00000 100.00000
endloop
endfacet
facet normal 0 0 -1
outer loop
vertex -35.00000 -89.00000 100.00000
vertex -225.00000 -89.00000 100.00000
vertex -225.00000 71.00000 100.00000
endloop
endfacet
facet normal 1 0 0
outer loop
vertex 225.00000 71.00000 110.00000
vertex 225.00000 -89.00000 110.00000
vertex 225.00000 71.00000 100.00000
endloop
endfacet
facet normal 1 0 0
outer loop
vertex 225.00000 -89.00000 110.00000
vertex 225.00000 -89.00000 100.00000
vertex 225.00000 71.00000 100.00000
endloop
endfacet
facet normal -1 0 0
outer loop
vertex 35.00000 71.00000 100.00000
vertex 35.00000 -89.00000 100.00000
vertex 35.00000 71.00000 110.00000
endloop
endfacet
facet normal -1 0 0
outer loop
vertex 35.00000 -89.00000 100.00000
vertex 35.00000 -89.00000 110.00000
vertex 35.00000 71.00000 110.00000
endloop
endfacet
facet normal 0 1 0
outer loop
vertex 35.00000 71.00000 100.00000
vertex 35.00000 71.00000 110.00000
vertex 225.00000 71.00000 100.00000
endloop
endfacet
facet normal 0 1 0
outer loop
vertex 35.00000 71.00000 110.00000
vertex 225.00000 71.00000 110.00000
vertex 225.00000 71.00000 100.00000
endloop
endfacet
facet normal 0 -1 0
outer loop
vertex 35.00000 -89.00000 110.00000
vertex 35.00000 -89.00000 100.00000
vertex 225.00000 -89.00000 110.00000
endloop
endfacet
facet normal 0 -1 0
outer loop
vertex 35.00000 -89.00000 100.00000
vertex 225.00000 -89.00000 100.00000
vertex 225.00000 -89.00000 110.00000
endloop
endfacet
facet normal 0 0 1
outer loop
vertex 35.00000 71.00000 110.00000
vertex 35.00000 -89.00000 110.00000
vertex 225.00000 71.00000 110.00000
endloop
endfacet
facet normal 0 0 1
outer loop
vertex 35.00000 -89.00000 110.00000
vertex 225.00000 -89.00000 110.00000
vertex 225.00000 71.00000 110.00000
endloop
endfacet
facet normal 0 0 -1
outer loop
vertex 225.00000 71.00000 100.00000
vertex 225.00000 -89.00000 100.00000
vertex 35.00000 71.00000 100.00000
endloop
endfacet
facet normal 0 0 -1
outer loop
vertex 225.00000 -89.00000 100.00000
vertex 35.00000 -89.00000 100.00000
vertex 35.00000 71.00000 100.00000
endloop
endfacet
facet normal 1 0 0
outer loop
vertex 38.00000 27.00000 132.00000
vertex 38.00000 -27.00000 132.00000
vertex 38.00000 27.00000 104.00000
endloop
endfacet
facet normal 1 0 0
outer loop
vertex 38.00000 -27.00000 132.00000
vertex 38.00000 -27.00000 104.00000
vertex 38.00000 27.00000 104.00000
endloop
endfacet
facet normal -1 0 0
outer loop
vertex -38.00000 27.00000 104.00000
vertex -38.00000 -27.00000 104.00000
vertex -38.00000 27.00000 132.00000
endloop
endfacet
facet normal -1 0 0
outer loop
vertex -38.00000 -27.00000 104.00000
vertex -38.00000 -27.00000 132.00000
vertex -38.00000 27.00000 132.00000
endloop
endfacet
facet normal 0 1 0
outer loop
vertex -38.00000 27.00000 104.00000
vertex -38.00000 27.00000 132.00000
vertex 38.00000 27.00000 104.00000
endloop
endfacet
facet normal 0 1 0
outer loop
vertex -38.00000 27.00000 132.00000
vertex 38.00000 27.00000 132.00000
vertex 38.00000 27.00000 104.00000
endloop
endfacet
facet normal 0 -1 0
outer loop
vertex -38.00000 -27.00000 132.00000
vertex -38.00000 -27.00000 104.00000
vertex 38.00000 -27.00000 132.00000
endloop
endfacet
facet normal 0 -1 0
outer loop
vertex -38.00000 -27.00000 104.00000
vertex 38.00000 -27.00000 104.00000
vertex 38.00000 -27.00000 132.00000
endloop
endfacet
facet normal 0 0 1
outer loop
vertex -38.00000 27.00000 132.00000
vertex -38.00000 -27.00000 132.00000
vertex 38.00000 27.00000 132.00000
endloop
endfacet
facet normal 0 0 1
outer loop
vertex -38.00000 -27.00000 132.00000
vertex 38.00000 -27.00000 132.00000
vertex 38.00000 27.00000 132.00000
endloop
endfacet
facet normal 0 0 -1
outer loop
vertex 38.00000 27.00000 104.00000
vertex 38.00000 -27.00000 104.00000
vertex -38.00000 27.00000 104.00000
endloop
endfacet
facet normal 0 0 -1
outer loop
vertex 38.00000 -27.00000 104.00000
vertex -38.00000 -27.00000 104.00000
vertex -38.00000 27.00000 104.00000
endloop
endfacet
facet normal 1 0 0
outer loop
vertex 26.00000 15.00000 136.00000
vertex 26.00000 -15.00000 136.00000
vertex 26.00000 15.00000 132.00000
endloop
endfacet
facet normal 1 0 0
outer loop
vertex 26.00000 -15.00000 136.00000
vertex 26.00000 -15.00000 132.00000
vertex 26.00000 15.00000 132.00000
endloop
endfacet
facet normal -1 0 0
outer loop
vertex -26.00000 15.00000 132.00000
vertex -26.00000 -15.00000 132.00000
vertex -26.00000 15.00000 136.00000
endloop
endfacet
facet normal -1 0 0
outer loop
vertex -26.00000 -15.00000 132.00000
vertex -26.00000 -15.00000 136.00000
vertex -26.00000 15.00000 136.00000
endloop
endfacet
facet normal 0 1 0
outer loop
vertex -26.00000 15.00000 132.00000
vertex -26.00000 15.00000 136.00000
vertex 26.00000 15.00000 132.00000
endloop
endfacet
facet normal 0 1 0
outer loop
vertex -26.00000 15.00000 136.00000
vertex 26.00000 15.00000 136.00000
vertex 26.00000 15.00000 132.00000
endloop
endfacet
facet normal 0 -1 0
outer loop
vertex -26.00000 -15.00000 136.00000
vertex -26.00000 -15.00000 132.00000
vertex 26.00000 -15.00000 136.00000
endloop
endfacet
facet normal 0 -1 0
outer loop
vertex -26.00000 -15.00000 132.00000
vertex 26.00000 -15.00000 132.00000
vertex 26.00000 -15.00000 136.00000
endloop
endfacet
facet normal 0 0 1
outer loop
vertex -26.00000 15.00000 136.00000
vertex -26.00000 -15.00000 136.00000
vertex 26.00000 15.00000 136.00000
endloop
endfacet
facet normal 0 0 1
outer loop
vertex -26.00000 -15.00000 136.00000
vertex 26.00000 -15.00000 136.00000
vertex 26.00000 15.00000 136.00000
endloop
endfacet
facet normal 0 0 -1
outer loop
vertex 26.00000 15.00000 132.00000
vertex 26.00000 -15.00000 132.00000
vertex -26.00000 15.00000 132.00000
endloop
endfacet
facet normal 0 0 -1
outer loop
vertex 26.00000 -15.00000 132.00000
vertex -26.00000 -15.00000 132.00000
vertex -26.00000 15.00000 132.00000
endloop
endfacet
facet normal 1 0 0
outer loop
vertex 225.00000 107.00000 110.00000
vertex 225.00000 91.00000 110.00000
vertex 225.00000 107.00000 -110.00000
endloop
endfacet
facet normal 1 0 0
outer loop
vertex 225.00000 91.00000 110.00000
vertex 225.00000 91.00000 -110.00000
vertex 225.00000 107.00000 -110.00000
endloop
endfacet
facet normal -1 0 0
outer loop
vertex -225.00000 107.00000 -110.00000
vertex -225.00000 91.00000 -110.00000
vertex -225.00000 107.00000 110.00000
endloop
endfacet
facet normal -1 0 0
outer loop
vertex -225.00000 91.00000 -110.00000
vertex -225.00000 91.00000 110.00000
vertex -225.00000 107.00000 110.00000
endloop
endfacet
facet normal 0 1 0
outer loop
vertex -225.00000 107.00000 -110.00000
vertex -225.00000 107.00000 110.00000
vertex 225.00000 107.00000 -110.00000
endloop
endfacet
facet normal 0 1 0
outer loop
vertex -225.00000 107.00000 110.00000
vertex 225.00000 107.00000 110.00000
vertex 225.00000 107.00000 -110.00000
endloop
endfacet
facet normal 0 -1 0
outer loop
vertex -225.00000 91.00000 110.00000
vertex -225.00000 91.00000 -110.00000
vertex 225.00000 91.00000 110.00000
endloop
endfacet
facet normal 0 -1 0
outer loop
vertex -225.00000 91.00000 -110.00000
vertex 225.00000 91.00000 -110.00000
vertex 225.00000 91.00000 110.00000
endloop
endfacet
facet normal 0 0 1
outer loop
vertex -225.00000 107.00000 110.00000
vertex -225.00000 91.00000 110.00000
vertex 225.00000 107.00000 110.00000
endloop
endfacet
facet normal 0 0 1
outer loop
vertex -225.00000 91.00000 110.00000
vertex 225.00000 91.00000 110.00000
vertex 225.00000 107.00000 110.00000
endloop
endfacet
facet normal 0 0 -1
outer loop
vertex 225.00000 107.00000 -110.00000
vertex 225.00000 91.00000 -110.00000
vertex -225.00000 107.00000 -110.00000
endloop
endfacet
facet normal 0 0 -1
outer loop
vertex 225.00000 91.00000 -110.00000
vertex -225.00000 91.00000 -110.00000
vertex -225.00000 107.00000 -110.00000
endloop
endfacet
facet normal 1 0 0
outer loop
vertex -151.00000 108.10000 27.50000
vertex -151.00000 107.10000 27.50000
vertex -151.00000 108.10000 -47.50000
endloop
endfacet
facet normal 1 0 0
outer loop
vertex -151.00000 107.10000 27.50000
vertex -151.00000 107.10000 -47.50000
vertex -151.00000 108.10000 -47.50000
endloop
endfacet
facet normal -1 0 0
outer loop
vertex -169.00000 108.10000 -47.50000
vertex -169.00000 107.10000 -47.50000
vertex -169.00000 108.10000 27.50000
endloop
endfacet
facet normal -1 0 0
outer loop
vertex -169.00000 107.10000 -47.50000
vertex -169.00000 107.10000 27.50000
vertex -169.00000 108.10000 27.50000
endloop
endfacet
facet normal 0 1 0
outer loop
vertex -169.00000 108.10000 -47.50000
vertex -169.00000 108.10000 27.50000
vertex -151.00000 108.10000 -47.50000
endloop
endfacet
facet normal 0 1 0
outer loop
vertex -169.00000 108.10000 27.50000
vertex -151.00000 108.10000 27.50000
vertex -151.00000 108.10000 -47.50000
endloop
endfacet
facet normal 0 -1 0
outer loop
vertex -169.00000 107.10000 27.50000
vertex -169.00000 107.10000 -47.50000
vertex -151.00000 107.10000 27.50000
endloop
endfacet
facet normal 0 -1 0
outer loop
vertex -169.00000 107.10000 -47.50000
vertex -151.00000 107.10000 -47.50000
vertex -151.00000 107.10000 27.50000
endloop
endfacet
facet normal 0 0 1
outer loop
vertex -169.00000 108.10000 27.50000
vertex -169.00000 107.10000 27.50000
vertex -151.00000 108.10000 27.50000
endloop
endfacet
facet normal 0 0 1
outer loop
vertex -169.00000 107.10000 27.50000
vertex -151.00000 107.10000 27.50000
vertex -151.00000 108.10000 27.50000
endloop
endfacet
facet normal 0 0 -1
outer loop
vertex -151.00000 108.10000 -47.50000
vertex -151.00000 107.10000 -47.50000
vertex -169.00000 108.10000 -47.50000
endloop
endfacet
facet normal 0 0 -1
outer loop
vertex -151.00000 107.10000 -47.50000
vertex -169.00000 107.10000 -47.50000
vertex -169.00000 108.10000 -47.50000
endloop
endfacet
facet normal 1 0 0
outer loop
vertex -111.00000 108.10000 27.50000
vertex -111.00000 107.10000 27.50000
vertex -111.00000 108.10000 -47.50000
endloop
endfacet
facet normal 1 0 0
outer loop
vertex -111.00000 107.10000 27.50000
vertex -111.00000 107.10000 -47.50000
vertex -111.00000 108.10000 -47.50000
endloop
endfacet
facet normal -1 0 0
outer loop
vertex -129.00000 108.10000 -47.50000
vertex -129.00000 107.10000 -47.50000
vertex -129.00000 108.10000 27.50000
endloop
endfacet
facet normal -1 0 0
outer loop
vertex -129.00000 107.10000 -47.50000
vertex -129.00000 107.10000 27.50000
vertex -129.00000 108.10000 27.50000
endloop
endfacet
facet normal 0 1 0
outer loop
vertex -129.00000 108.10000 -47.50000
vertex -129.00000 108.10000 27.50000
vertex -111.00000 108.10000 -47.50000
endloop
endfacet
facet normal 0 1 0
outer loop
vertex -129.00000 108.10000 27.50000
vertex -111.00000 108.10000 27.50000
vertex -111.00000 108.10000 -47.50000
endloop
endfacet
facet normal 0 -1 0
outer loop
vertex -129.00000 107.10000 27.50000
vertex -129.00000 107.10000 -47.50000
vertex -111.00000 107.10000 27.50000
endloop
endfacet
facet normal 0 -1 0
outer loop
vertex -129.00000 107.10000 -47.50000
vertex -111.00000 107.10000 -47.50000
vertex -111.00000 107.10000 27.50000
endloop
endfacet
facet normal 0 0 1
outer loop
vertex -129.00000 108.10000 27.50000
vertex -129.00000 107.10000 27.50000
vertex -111.00000 108.10000 27.50000
endloop
endfacet
facet normal 0 0 1
outer loop
vertex -129.00000 107.10000 27.50000
vertex -111.00000 107.10000 27.50000
vertex -111.00000 108.10000 27.50000
endloop
endfacet
facet normal 0 0 -1
outer loop
vertex -111.00000 108.10000 -47.50000
vertex -111.00000 107.10000 -47.50000
vertex -129.00000 108.10000 -47.50000
endloop
endfacet
facet normal 0 0 -1
outer loop
vertex -111.00000 107.10000 -47.50000
vertex -129.00000 107.10000 -47.50000
vertex -129.00000 108.10000 -47.50000
endloop
endfacet
facet normal 1 0 0
outer loop
vertex -71.00000 108.10000 27.50000
vertex -71.00000 107.10000 27.50000
vertex -71.00000 108.10000 -47.50000
endloop
endfacet
facet normal 1 0 0
outer loop
vertex -71.00000 107.10000 27.50000
vertex -71.00000 107.10000 -47.50000
vertex -71.00000 108.10000 -47.50000
endloop
endfacet
facet normal -1 0 0
outer loop
vertex -89.00000 108.10000 -47.50000
vertex -89.00000 107.10000 -47.50000
vertex -89.00000 108.10000 27.50000
endloop
endfacet
facet normal -1 0 0
outer loop
vertex -89.00000 107.10000 -47.50000
vertex -89.00000 107.10000 27.50000
vertex -89.00000 108.10000 27.50000
endloop
endfacet
facet normal 0 1 0
outer loop
vertex -89.00000 108.10000 -47.50000
vertex -89.00000 108.10000 27.50000
vertex -71.00000 108.10000 -47.50000
endloop
endfacet
facet normal 0 1 0
outer loop
vertex -89.00000 108.10000 27.50000
vertex -71.00000 108.10000 27.50000
vertex -71.00000 108.10000 -47.50000
endloop
endfacet
facet normal 0 -1 0
outer loop
vertex -89.00000 107.10000 27.50000
vertex -89.00000 107.10000 -47.50000
vertex -71.00000 107.10000 27.50000
endloop
endfacet
facet normal 0 -1 0
outer loop
vertex -89.00000 107.10000 -47.50000
vertex -71.00000 107.10000 -47.50000
vertex -71.00000 107.10000 27.50000
endloop
endfacet
facet normal 0 0 1
outer loop
vertex -89.00000 108.10000 27.50000
vertex -89.00000 107.10000 27.50000
vertex -71.00000 108.10000 27.50000
endloop
endfacet
facet normal 0 0 1
outer loop
vertex -89.00000 107.10000 27.50000
vertex -71.00000 107.10000 27.50000
vertex -71.00000 108.10000 27.50000
endloop
endfacet
facet normal 0 0 -1
outer loop
vertex -71.00000 108.10000 -47.50000
vertex -71.00000 107.10000 -47.50000
vertex -89.00000 108.10000 -47.50000
endloop
endfacet
facet normal 0 0 -1
outer loop
vertex -71.00000 107.10000 -47.50000
vertex -89.00000 107.10000 -47.50000
vertex -89.00000 108.10000 -47.50000
endloop
endfacet
facet normal 1 0 0
outer loop
vertex -31.00000 108.10000 27.50000
vertex -31.00000 107.10000 27.50000
vertex -31.00000 108.10000 -47.50000
endloop
endfacet
facet normal 1 0 0
outer loop
vertex -31.00000 107.10000 27.50000
vertex -31.00000 107.10000 -47.50000
vertex -31.00000 108.10000 -47.50000
endloop
endfacet
facet normal -1 0 0
outer loop
vertex -49.00000 108.10000 -47.50000
vertex -49.00000 107.10000 -47.50000
vertex -49.00000 108.10000 27.50000
endloop
endfacet
facet normal -1 0 0
outer loop
vertex -49.00000 107.10000 -47.50000
vertex -49.00000 107.10000 27.50000
vertex -49.00000 108.10000 27.50000
endloop
endfacet
facet normal 0 1 0
outer loop
vertex -49.00000 108.10000 -47.50000
vertex -49.00000 108.10000 27.50000
vertex -31.00000 108.10000 -47.50000
endloop
endfacet
facet normal 0 1 0
outer loop
vertex -49.00000 108.10000 27.50000
vertex -31.00000 108.10000 27.50000
vertex -31.00000 108.10000 -47.50000
endloop
endfacet
facet normal 0 -1 0
outer loop
vertex -49.00000 107.10000 27.50000
vertex -49.00000 107.10000 -47.50000
vertex -31.00000 107.10000 27.50000
endloop
endfacet
facet normal 0 -1 0
outer loop
vertex -49.00000 107.10000 -47.50000
vertex -31.00000 107.10000 -47.50000
vertex -31.00000 107.10000 27.50000
endloop
endfacet
facet normal 0 0 1
outer loop
vertex -49.00000 108.10000 27.50000
vertex -49.00000 107.10000 27.50000
vertex -31.00000 108.10000 27.50000
endloop
endfacet
facet normal 0 0 1
outer loop
vertex -49.00000 107.10000 27.50000
vertex -31.00000 107.10000 27.50000
vertex -31.00000 108.10000 27.50000
endloop
endfacet
facet normal 0 0 -1
outer loop
vertex -31.00000 108.10000 -47.50000
vertex -31.00000 107.10000 -47.50000
vertex -49.00000 108.10000 -47.50000
endloop
endfacet
facet normal 0 0 -1
outer loop
vertex -31.00000 107.10000 -47.50000
vertex -49.00000 107.10000 -47.50000
vertex -49.00000 108.10000 -47.50000
endloop
endfacet
facet normal 1 0 0
outer loop
vertex 9.00000 108.10000 27.50000
vertex 9.00000 107.10000 27.50000
vertex 9.00000 108.10000 -47.50000
endloop
endfacet
facet normal 1 0 0
outer loop
vertex 9.00000 107.10000 27.50000
vertex 9.00000 107.10000 -47.50000
vertex 9.00000 108.10000 -47.50000
endloop
endfacet
facet normal -1 0 0
outer loop
vertex -9.00000 108.10000 -47.50000
vertex -9.00000 107.10000 -47.50000
vertex -9.00000 108.10000 27.50000
endloop
endfacet
facet normal -1 0 0
outer loop
vertex -9.00000 107.10000 -47.50000
vertex -9.00000 107.10000 27.50000
vertex -9.00000 108.10000 27.50000
endloop
endfacet
facet normal 0 1 0
outer loop
vertex -9.00000 108.10000 -47.50000
vertex -9.00000 108.10000 27.50000
vertex 9.00000 108.10000 -47.50000
endloop
endfacet
facet normal 0 1 0
outer loop
vertex -9.00000 108.10000 27.50000
vertex 9.00000 108.10000 27.50000
vertex 9.00000 108.10000 -47.50000
endloop
endfacet
facet normal 0 -1 0
outer loop
vertex -9.00000 107.10000 27.50000
vertex -9.00000 107.10000 -47.50000
vertex 9.00000 107.10000 27.50000
endloop
endfacet
facet normal 0 -1 0
outer loop
vertex -9.00000 107.10000 -47.50000
vertex 9.00000 107.10000 -47.50000
vertex 9.00000 107.10000 27.50000
endloop
endfacet
facet normal 0 0 1
outer loop
vertex -9.00000 108.10000 27.50000
vertex -9.00000 107.10000 27.50000
vertex 9.00000 108.10000 27.50000
endloop
endfacet
facet normal 0 0 1
outer loop
vertex -9.00000 107.10000 27.50000
vertex 9.00000 107.10000 27.50000
vertex 9.00000 108.10000 27.50000
endloop
endfacet
facet normal 0 0 -1
outer loop
vertex 9.00000 108.10000 -47.50000
vertex 9.00000 107.10000 -47.50000
vertex -9.00000 108.10000 -47.50000
endloop
endfacet
facet normal 0 0 -1
outer loop
vertex 9.00000 107.10000 -47.50000
vertex -9.00000 107.10000 -47.50000
vertex -9.00000 108.10000 -47.50000
endloop
endfacet
facet normal 1 0 0
outer loop
vertex 49.00000 108.10000 27.50000
vertex 49.00000 107.10000 27.50000
vertex 49.00000 108.10000 -47.50000
endloop
endfacet
facet normal 1 0 0
outer loop
vertex 49.00000 107.10000 27.50000
vertex 49.00000 107.10000 -47.50000
vertex 49.00000 108.10000 -47.50000
endloop
endfacet
facet normal -1 0 0
outer loop
vertex 31.00000 108.10000 -47.50000
vertex 31.00000 107.10000 -47.50000
vertex 31.00000 108.10000 27.50000
endloop
endfacet
facet normal -1 0 0
outer loop
vertex 31.00000 107.10000 -47.50000
vertex 31.00000 107.10000 27.50000
vertex 31.00000 108.10000 27.50000
endloop
endfacet
facet normal 0 1 0
outer loop
vertex 31.00000 108.10000 -47.50000
vertex 31.00000 108.10000 27.50000
vertex 49.00000 108.10000 -47.50000
endloop
endfacet
facet normal 0 1 0
outer loop
vertex 31.00000 108.10000 27.50000
vertex 49.00000 108.10000 27.50000
vertex 49.00000 108.10000 -47.50000
endloop
endfacet
facet normal 0 -1 0
outer loop
vertex 31.00000 107.10000 27.50000
vertex 31.00000 107.10000 -47.50000
vertex 49.00000 107.10000 27.50000
endloop
endfacet
facet normal 0 -1 0
outer loop
vertex 31.00000 107.10000 -47.50000
vertex 49.00000 107.10000 -47.50000
vertex 49.00000 107.10000 27.50000
endloop
endfacet
facet normal 0 0 1
outer loop
vertex 31.00000 108.10000 27.50000
vertex 31.00000 107.10000 27.50000
vertex 49.00000 108.10000 27.50000
endloop
endfacet
facet normal 0 0 1
outer loop
vertex 31.00000 107.10000 27.50000
vertex 49.00000 107.10000 27.50000
vertex 49.00000 108.10000 27.50000
endloop
endfacet
facet normal 0 0 -1
outer loop
vertex 49.00000 108.10000 -47.50000
vertex 49.00000 107.10000 -47.50000
vertex 31.00000 108.10000 -47.50000
endloop
endfacet
facet normal 0 0 -1
outer loop
vertex 49.00000 107.10000 -47.50000
vertex 31.00000 107.10000 -47.50000
vertex 31.00000 108.10000 -47.50000
endloop
endfacet
facet normal 1 0 0
outer loop
vertex 89.00000 108.10000 27.50000
vertex 89.00000 107.10000 27.50000
vertex 89.00000 108.10000 -47.50000
endloop
endfacet
facet normal 1 0 0
outer loop
vertex 89.00000 107.10000 27.50000
vertex 89.00000 107.10000 -47.50000
vertex 89.00000 108.10000 -47.50000
endloop
endfacet
facet normal -1 0 0
outer loop
vertex 71.00000 108.10000 -47.50000
vertex 71.00000 107.10000 -47.50000
vertex 71.00000 108.10000 27.50000
endloop
endfacet
facet normal -1 0 0
outer loop
vertex 71.00000 107.10000 -47.50000
vertex 71.00000 107.10000 27.50000
vertex 71.00000 108.10000 27.50000
endloop
endfacet
facet normal 0 1 0
outer loop
vertex 71.00000 108.10000 -47.50000
vertex 71.00000 108.10000 27.50000
vertex 89.00000 108.10000 -47.50000
endloop
endfacet
facet normal 0 1 0
outer loop
vertex 71.00000 108.10000 27.50000
vertex 89.00000 108.10000 27.50000
vertex 89.00000 108.10000 -47.50000
endloop
endfacet
facet normal 0 -1 0
outer loop
vertex 71.00000 107.10000 27.50000
vertex 71.00000 107.10000 -47.50000
vertex 89.00000 107.10000 27.50000
endloop
endfacet
facet normal 0 -1 0
outer loop
vertex 71.00000 107.10000 -47.50000
vertex 89.00000 107.10000 -47.50000
vertex 89.00000 107.10000 27.50000
endloop
endfacet
facet normal 0 0 1
outer loop
vertex 71.00000 108.10000 27.50000
vertex 71.00000 107.10000 27.50000
vertex 89.00000 108.10000 27.50000
endloop
endfacet
facet normal 0 0 1
outer loop
vertex 71.00000 107.10000 27.50000
vertex 89.00000 107.10000 27.50000
vertex 89.00000 108.10000 27.50000
endloop
endfacet
facet normal 0 0 -1
outer loop
vertex 89.00000 108.10000 -47.50000
vertex 89.00000 107.10000 -47.50000
vertex 71.00000 108.10000 -47.50000
endloop
endfacet
facet normal 0 0 -1
outer loop
vertex 89.00000 107.10000 -47.50000
vertex 71.00000 107.10000 -47.50000
vertex 71.00000 108.10000 -47.50000
endloop
endfacet
facet normal 1 0 0
outer loop
vertex 129.00000 108.10000 27.50000
vertex 129.00000 107.10000 27.50000
vertex 129.00000 108.10000 -47.50000
endloop
endfacet
facet normal 1 0 0
outer loop
vertex 129.00000 107.10000 27.50000
vertex 129.00000 107.10000 -47.50000
vertex 129.00000 108.10000 -47.50000
endloop
endfacet
facet normal -1 0 0
outer loop
vertex 111.00000 108.10000 -47.50000
vertex 111.00000 107.10000 -47.50000
vertex 111.00000 108.10000 27.50000
endloop
endfacet
facet normal -1 0 0
outer loop
vertex 111.00000 107.10000 -47.50000
vertex 111.00000 107.10000 27.50000
vertex 111.00000 108.10000 27.50000
endloop
endfacet
facet normal 0 1 0
outer loop
vertex 111.00000 108.10000 -47.50000
vertex 111.00000 108.10000 27.50000
vertex 129.00000 108.10000 -47.50000
endloop
endfacet
facet normal 0 1 0
outer loop
vertex 111.00000 108.10000 27.50000
vertex 129.00000 108.10000 27.50000
vertex 129.00000 108.10000 -47.50000
endloop
endfacet
facet normal 0 -1 0
outer loop
vertex 111.00000 107.10000 27.50000
vertex 111.00000 107.10000 -47.50000
vertex 129.00000 107.10000 27.50000
endloop
endfacet
facet normal 0 -1 0
outer loop
vertex 111.00000 107.10000 -47.50000
vertex 129.00000 107.10000 -47.50000
vertex 129.00000 107.10000 27.50000
endloop
endfacet
facet normal 0 0 1
outer loop
vertex 111.00000 108.10000 27.50000
vertex 111.00000 107.10000 27.50000
vertex 129.00000 108.10000 27.50000
endloop
endfacet
facet normal 0 0 1
outer loop
vertex 111.00000 107.10000 27.50000
vertex 129.00000 107.10000 27.50000
vertex 129.00000 108.10000 27.50000
endloop
endfacet
facet normal 0 0 -1
outer loop
vertex 129.00000 108.10000 -47.50000
vertex 129.00000 107.10000 -47.50000
vertex 111.00000 108.10000 -47.50000
endloop
endfacet
facet normal 0 0 -1
outer loop
vertex 129.00000 107.10000 -47.50000
vertex 111.00000 107.10000 -47.50000
vertex 111.00000 108.10000 -47.50000
endloop
endfacet
facet normal 1 0 0
outer loop
vertex 169.00000 108.10000 27.50000
vertex 169.00000 107.10000 27.50000
vertex 169.00000 108.10000 -47.50000
endloop
endfacet
facet normal 1 0 0
outer loop
vertex 169.00000 107.10000 27.50000
vertex 169.00000 107.10000 -47.50000
vertex 169.00000 108.10000 -47.50000
endloop
endfacet
facet normal -1 0 0
outer loop
vertex 151.00000 108.10000 -47.50000
vertex 151.00000 107.10000 -47.50000
vertex 151.00000 108.10000 27.50000
endloop
endfacet
facet normal -1 0 0
outer loop
vertex 151.00000 107.10000 -47.50000
vertex 151.00000 107.10000 27.50000
vertex 151.00000 108.10000 27.50000
endloop
endfacet
facet normal 0 1 0
outer loop
vertex 151.00000 108.10000 -47.50000
vertex 151.00000 108.10000 27.50000
vertex 169.00000 108.10000 -47.50000
endloop
endfacet
facet normal 0 1 0
outer loop
vertex 151.00000 108.10000 27.50000
vertex 169.00000 108.10000 27.50000
vertex 169.00000 108.10000 -47.50000
endloop
endfacet
facet normal 0 -1 0
outer loop
vertex 151.00000 107.10000 27.50000
vertex 151.00000 107.10000 -47.50000
vertex 169.00000 107.10000 27.50000
endloop
endfacet
facet normal 0 -1 0
outer loop
vertex 151.00000 107.10000 -47.50000
vertex 169.00000 107.10000 -47.50000
vertex 169.00000 107.10000 27.50000
endloop
endfacet
facet normal 0 0 1
outer loop
vertex 151.00000 108.10000 27.50000
vertex 151.00000 107.10000 27.50000
vertex 169.00000 108.10000 27.50000
endloop
endfacet
facet normal 0 0 1
outer loop
vertex 151.00000 107.10000 27.50000
vertex 169.00000 107.10000 27.50000
vertex 169.00000 108.10000 27.50000
endloop
endfacet
facet normal 0 0 -1
outer loop
vertex 169.00000 108.10000 -47.50000
vertex 169.00000 107.10000 -47.50000
vertex 151.00000 108.10000 -47.50000
endloop
endfacet
facet normal 0 0 -1
outer loop
vertex 169.00000 107.10000 -47.50000
vertex 151.00000 107.10000 -47.50000
vertex 151.00000 108.10000 -47.50000
endloop
endfacet
facet normal 1 0 0
outer loop
vertex 241.00000 76.00000 110.00000
vertex 241.00000 -94.00000 110.00000
vertex 241.00000 76.00000 -110.00000
endloop
endfacet
facet normal 1 0 0
outer loop
vertex 241.00000 -94.00000 110.00000
vertex 241.00000 -94.00000 -110.00000
vertex 241.00000 76.00000 -110.00000
endloop
endfacet
facet normal -1 0 0
outer loop
vertex 225.00000 76.00000 -110.00000
vertex 225.00000 -94.00000 -110.00000
vertex 225.00000 76.00000 110.00000
endloop
endfacet
facet normal -1 0 0
outer loop
vertex 225.00000 -94.00000 -110.00000
vertex 225.00000 -94.00000 110.00000
vertex 225.00000 76.00000 110.00000
endloop
endfacet
facet normal 0 1 0
outer loop
vertex 225.00000 76.00000 -110.00000
vertex 225.00000 76.00000 110.00000
vertex 241.00000 76.00000 -110.00000
endloop
endfacet
facet normal 0 1 0
outer loop
vertex 225.00000 76.00000 110.00000
vertex 241.00000 76.00000 110.00000
vertex 241.00000 76.00000 -110.00000
endloop
endfacet
facet normal 0 -1 0
outer loop
vertex 225.00000 -94.00000 110.00000
vertex 225.00000 -94.00000 -110.00000
vertex 241.00000 -94.00000 110.00000
endloop
endfacet
facet normal 0 -1 0
outer loop
vertex 225.00000 -94.00000 -110.00000
vertex 241.00000 -94.00000 -110.00000
vertex 241.00000 -94.00000 110.00000
endloop
endfacet
facet normal 0 0 1
outer loop
vertex 225.00000 76.00000 110.00000
vertex 225.00000 -94.00000 110.00000
vertex 241.00000 76.00000 110.00000
endloop
endfacet
facet normal 0 0 1
outer loop
vertex 225.00000 -94.00000 110.00000
vertex 241.00000 -94.00000 110.00000
vertex 241.00000 76.00000 110.00000
endloop
endfacet
facet normal 0 0 -1
outer loop
vertex 241.00000 76.00000 -110.00000
vertex 241.00000 -94.00000 -110.00000
vertex 225.00000 76.00000 -110.00000
endloop
endfacet
facet normal 0 0 -1
outer loop
vertex 241.00000 -94.00000 -110.00000
vertex 225.00000 -94.00000 -110.00000
vertex 225.00000 76.00000 -110.00000
endloop
endfacet
facet normal 1 0 0
outer loop
vertex 245.00000 28.00000 63.00000
vertex 245.00000 -46.00000 63.00000
vertex 245.00000 28.00000 -63.00000
endloop
endfacet
facet normal 1 0 0
outer loop
vertex 245.00000 -46.00000 63.00000
vertex 245.00000 -46.00000 -63.00000
vertex 245.00000 28.00000 -63.00000
endloop
endfacet
facet normal -1 0 0
outer loop
vertex 241.00000 28.00000 -63.00000
vertex 241.00000 -46.00000 -63.00000
vertex 241.00000 28.00000 63.00000
endloop
endfacet
facet normal -1 0 0
outer loop
vertex 241.00000 -46.00000 -63.00000
vertex 241.00000 -46.00000 63.00000
vertex 241.00000 28.00000 63.00000
endloop
endfacet
facet normal 0 1 0
outer loop
vertex 241.00000 28.00000 -63.00000
vertex 241.00000 28.00000 63.00000
vertex 245.00000 28.00000 -63.00000
endloop
endfacet
facet normal 0 1 0
outer loop
vertex 241.00000 28.00000 63.00000
vertex 245.00000 28.00000 63.00000
vertex 245.00000 28.00000 -63.00000
endloop
endfacet
facet normal 0 -1 0
outer loop
vertex 241.00000 -46.00000 63.00000
vertex 241.00000 -46.00000 -63.00000
vertex 245.00000 -46.00000 63.00000
endloop
endfacet
facet normal 0 -1 0
outer loop
vertex 241.00000 -46.00000 -63.00000
vertex 245.00000 -46.00000 -63.00000
vertex 245.00000 -46.00000 63.00000
endloop
endfacet
facet normal 0 0 1
outer loop
vertex 241.00000 28.00000 63.00000
vertex 241.00000 -46.00000 63.00000
vertex 245.00000 28.00000 63.00000
endloop
endfacet
facet normal 0 0 1
outer loop
vertex 241.00000 -46.00000 63.00000
vertex 245.00000 -46.00000 63.00000
vertex 245.00000 28.00000 63.00000
endloop
endfacet
facet normal 0 0 -1
outer loop
vertex 245.00000 28.00000 -63.00000
vertex 245.00000 -46.00000 -63.00000
vertex 241.00000 28.00000 -63.00000
endloop
endfacet
facet normal 0 0 -1
outer loop
vertex 245.00000 -46.00000 -63.00000
vertex 241.00000 -46.00000 -63.00000
vertex 241.00000 28.00000 -63.00000
endloop
endfacet
endsolid XR_DEMO_NONFUNCTIONAL
