solid XR_DEMO_NONFUNCTIONAL
facet normal 0.494270412140799 0.1509538506879677 -0.8561014511403654
outer loop
vertex -101.26795 0.00000 -34.00000
vertex -103.00000 0.00000 -35.00000
vertex -101.26795 9.91858 -32.25109
endloop
endfacet
facet normal 0.4942707197938464 0.1509537525322137 -0.8561012908242318
outer loop
vertex -103.00000 0.00000 -35.00000
vertex -103.00000 10.26060 -33.19078
vertex -101.26795 9.91858 -32.25109
endloop
endfacet
facet normal 0.49427066983590107 0.43465402327385316 -0.7528428687261522
outer loop
vertex -101.26795 9.91858 -32.25109
vertex -103.00000 10.26060 -33.19078
vertex -101.26795 18.64084 -27.21529
endloop
endfacet
facet normal 0.4942705371236359 0.4346540867143846 -0.7528429192295009
outer loop
vertex -103.00000 10.26060 -33.19078
vertex -103.00000 19.28363 -27.98133
vertex -101.26795 18.64084 -27.21529
endloop
endfacet
facet normal 0.4942705563510334 0.6659286344768443 -0.558780521231946
outer loop
vertex -101.26795 18.64084 -27.21529
vertex -103.00000 19.28363 -27.98133
vertex -101.26795 25.11474 -19.50000
endloop
endfacet
facet normal 0.4942705654214132 0.665928629221858 -0.5587805194713696
outer loop
vertex -103.00000 19.28363 -27.98133
vertex -103.00000 25.98076 -20.00000
vertex -101.26795 25.11474 -19.50000
endloop
endfacet
facet normal 0.49427060680304025 0.8168823855662489 -0.29732092997659715
outer loop
vertex -101.26795 25.11474 -19.50000
vertex -103.00000 25.98076 -20.00000
vertex -101.26795 28.55943 -10.03580
endloop
endfacet
facet normal 0.4942705146224422 0.8168824418705289 -0.29732092852422604
outer loop
vertex -103.00000 25.98076 -20.00000
vertex -103.00000 29.54423 -10.20945
vertex -101.26795 28.55943 -10.03580
endloop
endfacet
facet normal 0.4942704987057411 0.869308158312792 0
outer loop
vertex -101.26795 28.55943 -10.03580
vertex -103.00000 29.54423 -10.20945
vertex -101.26795 28.55943 0.03580
endloop
endfacet
facet normal 0.49427049870574097 0.8693081583127918 0
outer loop
vertex -103.00000 29.54423 -10.20945
vertex -103.00000 29.54423 0.20945
vertex -101.26795 28.55943 0.03580
endloop
endfacet
facet normal 0.49427051306005954 0.8168824356521592 0.2973209482063811
outer loop
vertex -101.26795 28.55943 0.03580
vertex -103.00000 29.54423 0.20945
vertex -101.26795 25.11474 9.50000
endloop
endfacet
facet normal 0.4942706052406594 0.8168823934541474 0.2973209109021022
outer loop
vertex -103.00000 29.54423 0.20945
vertex -103.00000 25.98076 10.00000
vertex -101.26795 25.11474 9.50000
endloop
endfacet
facet normal 0.4942705655751488 0.6659286304592168 0.558780517860756
outer loop
vertex -101.26795 25.11474 9.50000
vertex -103.00000 25.98076 10.00000
vertex -101.26795 18.64084 17.21529
endloop
endfacet
facet normal 0.49427055650476864 0.6659286331055646 0.5587805227301866
outer loop
vertex -103.00000 25.98076 10.00000
vertex -103.00000 19.28363 17.98133
vertex -101.26795 18.64084 17.21529
endloop
endfacet
facet normal 0.4942705348742729 0.43465406164204745 0.7528429351818157
outer loop
vertex -101.26795 18.64084 17.21529
vertex -103.00000 19.28363 17.98133
vertex -101.26795 9.91858 22.25109
endloop
endfacet
facet normal 0.4942706675865343 0.4346540496251304 0.7528428549890317
outer loop
vertex -103.00000 19.28363 17.98133
vertex -103.00000 10.26060 23.19078
vertex -101.26795 9.91858 22.25109
endloop
endfacet
facet normal 0.49427072500829466 0.15095381979768543 0.856101275952946
outer loop
vertex -101.26795 9.91858 22.25109
vertex -103.00000 10.26060 23.19078
vertex -101.26795 0.00000 24.00000
endloop
endfacet
facet normal 0.4942704173552601 0.15095378239280727 0.8561014601720768
outer loop
vertex -103.00000 10.26060 23.19078
vertex -103.00000 0.00000 25.00000
vertex -101.26795 0.00000 24.00000
endloop
endfacet
facet normal 0.49427041214079903 -0.15095385068796768 0.8561014511403655
outer loop
vertex -101.26795 0.00000 24.00000
vertex -103.00000 0.00000 25.00000
vertex -101.26795 -9.91858 22.25109
endloop
endfacet
facet normal 0.4942707197938464 -0.15095375253221363 0.8561012908242319
outer loop
vertex -103.00000 0.00000 25.00000
vertex -103.00000 -10.26060 23.19078
vertex -101.26795 -9.91858 22.25109
endloop
endfacet
facet normal 0.49427066983590107 -0.43465402327385316 0.7528428687261522
outer loop
vertex -101.26795 -9.91858 22.25109
vertex -103.00000 -10.26060 23.19078
vertex -101.26795 -18.64084 17.21529
endloop
endfacet
facet normal 0.4942705371236359 -0.4346540867143846 0.7528429192295009
outer loop
vertex -103.00000 -10.26060 23.19078
vertex -103.00000 -19.28363 17.98133
vertex -101.26795 -18.64084 17.21529
endloop
endfacet
facet normal 0.4942705563510334 -0.6659286344768443 0.558780521231946
outer loop
vertex -101.26795 -18.64084 17.21529
vertex -103.00000 -19.28363 17.98133
vertex -101.26795 -25.11474 9.50000
endloop
endfacet
facet normal 0.4942705654214132 -0.665928629221858 0.5587805194713696
outer loop
vertex -103.00000 -19.28363 17.98133
vertex -103.00000 -25.98076 10.00000
vertex -101.26795 -25.11474 9.50000
endloop
endfacet
facet normal 0.49427060680304025 -0.8168823855662489 0.29732092997659715
outer loop
vertex -101.26795 -25.11474 9.50000
vertex -103.00000 -25.98076 10.00000
vertex -101.26795 -28.55943 0.03580
endloop
endfacet
facet normal 0.4942705146224422 -0.8168824418705289 0.29732092852422604
outer loop
vertex -103.00000 -25.98076 10.00000
vertex -103.00000 -29.54423 0.20945
vertex -101.26795 -28.55943 0.03580
endloop
endfacet
facet normal 0.4942704987057411 -0.869308158312792 0
outer loop
vertex -101.26795 -28.55943 0.03580
vertex -103.00000 -29.54423 0.20945
vertex -101.26795 -28.55943 -10.03580
endloop
endfacet
facet normal 0.49427049870574097 -0.8693081583127918 0
outer loop
vertex -103.00000 -29.54423 0.20945
vertex -103.00000 -29.54423 -10.20945
vertex -101.26795 -28.55943 -10.03580
endloop
endfacet
facet normal 0.49427051306005954 -0.8168824356521592 -0.2973209482063811
outer loop
vertex -101.26795 -28.55943 -10.03580
vertex -103.00000 -29.54423 -10.20945
vertex -101.26795 -25.11474 -19.50000
endloop
endfacet
facet normal 0.4942706052406594 -0.8168823934541474 -0.2973209109021022
outer loop
vertex -103.00000 -29.54423 -10.20945
vertex -103.00000 -25.98076 -20.00000
vertex -101.26795 -25.11474 -19.50000
endloop
endfacet
facet normal 0.4942705655751488 -0.6659286304592168 -0.558780517860756
outer loop
vertex -101.26795 -25.11474 -19.50000
vertex -103.00000 -25.98076 -20.00000
vertex -101.26795 -18.64084 -27.21529
endloop
endfacet
facet normal 0.49427055650476864 -0.6659286331055646 -0.5587805227301866
outer loop
vertex -103.00000 -25.98076 -20.00000
vertex -103.00000 -19.28363 -27.98133
vertex -101.26795 -18.64084 -27.21529
endloop
endfacet
facet normal 0.4942705348742729 -0.43465406164204745 -0.7528429351818157
outer loop
vertex -101.26795 -18.64084 -27.21529
vertex -103.00000 -19.28363 -27.98133
vertex -101.26795 -9.91858 -32.25109
endloop
endfacet
facet normal 0.4942706675865343 -0.4346540496251304 -0.7528428549890317
outer loop
vertex -103.00000 -19.28363 -27.98133
vertex -103.00000 -10.26060 -33.19078
vertex -101.26795 -9.91858 -32.25109
endloop
endfacet
facet normal 0.4942707250082947 -0.1509538197976855 -0.8561012759529463
outer loop
vertex -101.26795 -9.91858 -32.25109
vertex -103.00000 -10.26060 -33.19078
vertex -101.26795 -0.00000 -34.00000
endloop
endfacet
facet normal 0.49427041735526 -0.15095378239280732 -0.8561014601720769
outer loop
vertex -103.00000 -10.26060 -33.19078
vertex -103.00000 -0.00000 -35.00000
vertex -101.26795 -0.00000 -34.00000
endloop
endfacet
facet normal 1 0 0
outer loop
vertex -101.26795 0.00000 -32.00000
vertex -101.26795 0.00000 -34.00000
vertex -101.26795 9.23454 -30.37170
endloop
endfacet
facet normal 1 0 0
outer loop
vertex -101.26795 0.00000 -34.00000
vertex -101.26795 9.91858 -32.25109
vertex -101.26795 9.23454 -30.37170
endloop
endfacet
facet normal 1 0 0
outer loop
vertex -101.26795 9.23454 -30.37170
vertex -101.26795 9.91858 -32.25109
vertex -101.26795 17.35526 -25.68320
endloop
endfacet
facet normal 1 0 0
outer loop
vertex -101.26795 9.91858 -32.25109
vertex -101.26795 18.64084 -27.21529
vertex -101.26795 17.35526 -25.68320
endloop
endfacet
facet normal 1 0 0
outer loop
vertex -101.26795 17.35526 -25.68320
vertex -101.26795 18.64084 -27.21529
vertex -101.26795 23.38269 -18.50000
endloop
endfacet
facet normal 1 0 0
outer loop
vertex -101.26795 18.64084 -27.21529
vertex -101.26795 25.11474 -19.50000
vertex -101.26795 23.38269 -18.50000
endloop
endfacet
facet normal 1 0 0
outer loop
vertex -101.26795 23.38269 -18.50000
vertex -101.26795 25.11474 -19.50000
vertex -101.26795 26.58981 -9.68850
endloop
endfacet
facet normal 1 0 0
outer loop
vertex -101.26795 25.11474 -19.50000
vertex -101.26795 28.55943 -10.03580
vertex -101.26795 26.58981 -9.68850
endloop
endfacet
facet normal 1 0 0
outer loop
vertex -101.26795 26.58981 -9.68850
vertex -101.26795 28.55943 -10.03580
vertex -101.26795 26.58981 -0.31150
endloop
endfacet
facet normal 0.9999999999999999 0 0
outer loop
vertex -101.26795 28.55943 -10.03580
vertex -101.26795 28.55943 0.03580
vertex -101.26795 26.58981 -0.31150
endloop
endfacet
facet normal 1 0 0
outer loop
vertex -101.26795 26.58981 -0.31150
vertex -101.26795 28.55943 0.03580
vertex -101.26795 23.38269 8.50000
endloop
endfacet
facet normal 1 0 0
outer loop
vertex -101.26795 28.55943 0.03580
vertex -101.26795 25.11474 9.50000
vertex -101.26795 23.38269 8.50000
endloop
endfacet
facet normal 1 0 0
outer loop
vertex -101.26795 23.38269 8.50000
vertex -101.26795 25.11474 9.50000
vertex -101.26795 17.35526 15.68320
endloop
endfacet
facet normal 1 0 0
outer loop
vertex -101.26795 25.11474 9.50000
vertex -101.26795 18.64084 17.21529
vertex -101.26795 17.35526 15.68320
endloop
endfacet
facet normal 1 0 0
outer loop
vertex -101.26795 17.35526 15.68320
vertex -101.26795 18.64084 17.21529
vertex -101.26795 9.23454 20.37170
endloop
endfacet
facet normal 1 0 0
outer loop
vertex -101.26795 18.64084 17.21529
vertex -101.26795 9.91858 22.25109
vertex -101.26795 9.23454 20.37170
endloop
endfacet
facet normal 1 0 0
outer loop
vertex -101.26795 9.23454 20.37170
vertex -101.26795 9.91858 22.25109
vertex -101.26795 0.00000 22.00000
endloop
endfacet
facet normal 0.9999999999999999 0 0
outer loop
vertex -101.26795 9.91858 22.25109
vertex -101.26795 0.00000 24.00000
vertex -101.26795 0.00000 22.00000
endloop
endfacet
facet normal 1 0 0
outer loop
vertex -101.26795 0.00000 22.00000
vertex -101.26795 0.00000 24.00000
vertex -101.26795 -9.23454 20.37170
endloop
endfacet
facet normal 0.9999999999999999 0 0
outer loop
vertex -101.26795 0.00000 24.00000
vertex -101.26795 -9.91858 22.25109
vertex -101.26795 -9.23454 20.37170
endloop
endfacet
facet normal 1 0 0
outer loop
vertex -101.26795 -9.23454 20.37170
vertex -101.26795 -9.91858 22.25109
vertex -101.26795 -17.35526 15.68320
endloop
endfacet
facet normal 1 0 0
outer loop
vertex -101.26795 -9.91858 22.25109
vertex -101.26795 -18.64084 17.21529
vertex -101.26795 -17.35526 15.68320
endloop
endfacet
facet normal 1 0 0
outer loop
vertex -101.26795 -17.35526 15.68320
vertex -101.26795 -18.64084 17.21529
vertex -101.26795 -23.38269 8.50000
endloop
endfacet
facet normal 1 0 0
outer loop
vertex -101.26795 -18.64084 17.21529
vertex -101.26795 -25.11474 9.50000
vertex -101.26795 -23.38269 8.50000
endloop
endfacet
facet normal 1 0 0
outer loop
vertex -101.26795 -23.38269 8.50000
vertex -101.26795 -25.11474 9.50000
vertex -101.26795 -26.58981 -0.31150
endloop
endfacet
facet normal 1 0 0
outer loop
vertex -101.26795 -25.11474 9.50000
vertex -101.26795 -28.55943 0.03580
vertex -101.26795 -26.58981 -0.31150
endloop
endfacet
facet normal 1 0 0
outer loop
vertex -101.26795 -26.58981 -0.31150
vertex -101.26795 -28.55943 0.03580
vertex -101.26795 -26.58981 -9.68850
endloop
endfacet
facet normal 0.9999999999999999 0 0
outer loop
vertex -101.26795 -28.55943 0.03580
vertex -101.26795 -28.55943 -10.03580
vertex -101.26795 -26.58981 -9.68850
endloop
endfacet
facet normal 1 0 0
outer loop
vertex -101.26795 -26.58981 -9.68850
vertex -101.26795 -28.55943 -10.03580
vertex -101.26795 -23.38269 -18.50000
endloop
endfacet
facet normal 1 0 0
outer loop
vertex -101.26795 -28.55943 -10.03580
vertex -101.26795 -25.11474 -19.50000
vertex -101.26795 -23.38269 -18.50000
endloop
endfacet
facet normal 1 0 0
outer loop
vertex -101.26795 -23.38269 -18.50000
vertex -101.26795 -25.11474 -19.50000
vertex -101.26795 -17.35526 -25.68320
endloop
endfacet
facet normal 1 0 0
outer loop
vertex -101.26795 -25.11474 -19.50000
vertex -101.26795 -18.64084 -27.21529
vertex -101.26795 -17.35526 -25.68320
endloop
endfacet
facet normal 1 0 0
outer loop
vertex -101.26795 -17.35526 -25.68320
vertex -101.26795 -18.64084 -27.21529
vertex -101.26795 -9.23454 -30.37170
endloop
endfacet
facet normal 1 0 0
outer loop
vertex -101.26795 -18.64084 -27.21529
vertex -101.26795 -9.91858 -32.25109
vertex -101.26795 -9.23454 -30.37170
endloop
endfacet
facet normal 1 0 0
outer loop
vertex -101.26795 -9.23454 -30.37170
vertex -101.26795 -9.91858 -32.25109
vertex -101.26795 -0.00000 -32.00000
endloop
endfacet
facet normal 1 0 0
outer loop
vertex -101.26795 -9.91858 -32.25109
vertex -101.26795 -0.00000 -34.00000
vertex -101.26795 -0.00000 -32.00000
endloop
endfacet
facet normal 0.4942704214919033 -0.15095372821408726 0.8561014673369529
outer loop
vertex -103.00000 0.00000 -31.00000
vertex -101.26795 0.00000 -32.00000
vertex -103.00000 8.89252 -29.43201
endloop
endfacet
facet normal 0.4942700109726779 -0.1509538694277354 0.8561016794504396
outer loop
vertex -101.26795 0.00000 -32.00000
vertex -101.26795 9.23454 -30.37170
vertex -103.00000 8.89252 -29.43201
endloop
endfacet
facet normal 0.4942700460294353 -0.4346541698196196 0.7528431936708184
outer loop
vertex -103.00000 8.89252 -29.43201
vertex -101.26795 9.23454 -30.37170
vertex -103.00000 16.71248 -24.91716
endloop
endfacet
facet normal 0.4942701681654517 -0.43465410875612226 0.7528431487389105
outer loop
vertex -101.26795 9.23454 -30.37170
vertex -101.26795 17.35526 -25.68320
vertex -103.00000 16.71248 -24.91716
endloop
endfacet
facet normal 0.49426999270401545 -0.6659289603611719 0.5587806314329992
outer loop
vertex -103.00000 16.71248 -24.91716
vertex -101.26795 17.35526 -25.68320
vertex -103.00000 22.51666 -18.00000
endloop
endfacet
facet normal 0.4942705642655495 -0.6659286199187561 0.5587805315807955
outer loop
vertex -101.26795 17.35526 -25.68320
vertex -101.26795 23.38269 -18.50000
vertex -103.00000 22.51666 -18.00000
endloop
endfacet
facet normal 0.4942706003279008 -0.8168824182568882 0.2973208509241743
outer loop
vertex -103.00000 22.51666 -18.00000
vertex -101.26795 23.38269 -18.50000
vertex -103.00000 25.60500 -9.51485
endloop
endfacet
facet normal 0.49427052103136404 -0.8168824673783979 0.2973208477876461
outer loop
vertex -101.26795 23.38269 -18.50000
vertex -101.26795 26.58981 -9.68850
vertex -103.00000 25.60500 -9.51485
endloop
endfacet
facet normal 0.494270498705741 -0.869308158312792 0
outer loop
vertex -103.00000 25.60500 -9.51485
vertex -101.26795 26.58981 -9.68850
vertex -103.00000 25.60500 -0.48515
endloop
endfacet
facet normal 0.494270498705741 -0.869308158312792 0
outer loop
vertex -101.26795 26.58981 -9.68850
vertex -101.26795 26.58981 -0.31150
vertex -103.00000 25.60500 -0.48515
endloop
endfacet
facet normal 0.4942705195352042 -0.8168824614235964 -0.29732086663556945
outer loop
vertex -103.00000 25.60500 -0.48515
vertex -101.26795 26.58981 -0.31150
vertex -103.00000 22.51666 8.00000
endloop
endfacet
facet normal 0.49427059883174085 -0.816882425810455 -0.297320832658155
outer loop
vertex -101.26795 26.58981 -0.31150
vertex -101.26795 23.38269 8.50000
vertex -103.00000 22.51666 8.00000
endloop
endfacet
facet normal 0.4942705750497413 -0.6659287067165959 -0.5587804185999722
outer loop
vertex -103.00000 22.51666 8.00000
vertex -101.26795 23.38269 8.50000
vertex -103.00000 16.71248 14.91716
endloop
endfacet
facet normal 0.4942700034882723 -0.6659288641690164 -0.5587807365311255
outer loop
vertex -101.26795 23.38269 8.50000
vertex -101.26795 17.35526 15.68320
vertex -103.00000 16.71248 14.91716
endloop
endfacet
facet normal 0.49427017046988597 -0.43465413444253637 -0.7528431323959056
outer loop
vertex -103.00000 16.71248 14.91716
vertex -101.26795 17.35526 15.68320
vertex -103.00000 8.89252 19.43201
endloop
endfacet
facet normal 0.49427004833388194 -0.434654142822948 -0.7528432077443952
outer loop
vertex -101.26795 17.35526 15.68320
vertex -101.26795 9.23454 20.37170
vertex -103.00000 8.89252 19.43201
endloop
endfacet
facet normal 0.49427000322702497 -0.15095376951047515 -0.8561017015404975
outer loop
vertex -103.00000 8.89252 19.43201
vertex -101.26795 9.23454 20.37170
vertex -103.00000 0.00000 21.00000
endloop
endfacet
facet normal 0.49427041374626085 -0.15095382966081727 -0.8561014539211069
outer loop
vertex -101.26795 9.23454 20.37170
vertex -101.26795 0.00000 22.00000
vertex -103.00000 0.00000 21.00000
endloop
endfacet
facet normal 0.4942704214919033 0.1509537282140872 -0.8561014673369528
outer loop
vertex -103.00000 0.00000 21.00000
vertex -101.26795 0.00000 22.00000
vertex -103.00000 -8.89252 19.43201
endloop
endfacet
facet normal 0.49427001097267803 0.15095386942773534 -0.8561016794504395
outer loop
vertex -101.26795 0.00000 22.00000
vertex -101.26795 -9.23454 20.37170
vertex -103.00000 -8.89252 19.43201
endloop
endfacet
facet normal 0.4942700460294353 0.4346541698196196 -0.7528431936708184
outer loop
vertex -103.00000 -8.89252 19.43201
vertex -101.26795 -9.23454 20.37170
vertex -103.00000 -16.71248 14.91716
endloop
endfacet
facet normal 0.4942701681654517 0.43465410875612226 -0.7528431487389105
outer loop
vertex -101.26795 -9.23454 20.37170
vertex -101.26795 -17.35526 15.68320
vertex -103.00000 -16.71248 14.91716
endloop
endfacet
facet normal 0.49426999270401545 0.6659289603611719 -0.5587806314329992
outer loop
vertex -103.00000 -16.71248 14.91716
vertex -101.26795 -17.35526 15.68320
vertex -103.00000 -22.51666 8.00000
endloop
endfacet
facet normal 0.4942705642655495 0.6659286199187561 -0.5587805315807955
outer loop
vertex -101.26795 -17.35526 15.68320
vertex -101.26795 -23.38269 8.50000
vertex -103.00000 -22.51666 8.00000
endloop
endfacet
facet normal 0.4942706003279008 0.8168824182568882 -0.2973208509241743
outer loop
vertex -103.00000 -22.51666 8.00000
vertex -101.26795 -23.38269 8.50000
vertex -103.00000 -25.60500 -0.48515
endloop
endfacet
facet normal 0.49427052103136404 0.8168824673783979 -0.2973208477876461
outer loop
vertex -101.26795 -23.38269 8.50000
vertex -101.26795 -26.58981 -0.31150
vertex -103.00000 -25.60500 -0.48515
endloop
endfacet
facet normal 0.494270498705741 0.869308158312792 0
outer loop
vertex -103.00000 -25.60500 -0.48515
vertex -101.26795 -26.58981 -0.31150
vertex -103.00000 -25.60500 -9.51485
endloop
endfacet
facet normal 0.494270498705741 0.869308158312792 0
outer loop
vertex -101.26795 -26.58981 -0.31150
vertex -101.26795 -26.58981 -9.68850
vertex -103.00000 -25.60500 -9.51485
endloop
endfacet
facet normal 0.4942705195352042 0.8168824614235964 0.29732086663556945
outer loop
vertex -103.00000 -25.60500 -9.51485
vertex -101.26795 -26.58981 -9.68850
vertex -103.00000 -22.51666 -18.00000
endloop
endfacet
facet normal 0.49427059883174085 0.816882425810455 0.297320832658155
outer loop
vertex -101.26795 -26.58981 -9.68850
vertex -101.26795 -23.38269 -18.50000
vertex -103.00000 -22.51666 -18.00000
endloop
endfacet
facet normal 0.4942705750497413 0.6659287067165959 0.5587804185999722
outer loop
vertex -103.00000 -22.51666 -18.00000
vertex -101.26795 -23.38269 -18.50000
vertex -103.00000 -16.71248 -24.91716
endloop
endfacet
facet normal 0.4942700034882723 0.6659288641690164 0.5587807365311255
outer loop
vertex -101.26795 -23.38269 -18.50000
vertex -101.26795 -17.35526 -25.68320
vertex -103.00000 -16.71248 -24.91716
endloop
endfacet
facet normal 0.49427017046988597 0.43465413444253637 0.7528431323959056
outer loop
vertex -103.00000 -16.71248 -24.91716
vertex -101.26795 -17.35526 -25.68320
vertex -103.00000 -8.89252 -29.43201
endloop
endfacet
facet normal 0.49427004833388194 0.434654142822948 0.7528432077443952
outer loop
vertex -101.26795 -17.35526 -25.68320
vertex -101.26795 -9.23454 -30.37170
vertex -103.00000 -8.89252 -29.43201
endloop
endfacet
facet normal 0.494270003227025 0.1509537695104752 0.8561017015404976
outer loop
vertex -103.00000 -8.89252 -29.43201
vertex -101.26795 -9.23454 -30.37170
vertex -103.00000 -0.00000 -31.00000
endloop
endfacet
facet normal 0.49427041374626085 0.15095382966081736 0.8561014539211068
outer loop
vertex -101.26795 -9.23454 -30.37170
vertex -101.26795 -0.00000 -32.00000
vertex -103.00000 -0.00000 -31.00000
endloop
endfacet
facet normal -0.49427041374626085 -0.15095382966081722 0.8561014539211068
outer loop
vertex -104.73205 0.00000 -32.00000
vertex -103.00000 0.00000 -31.00000
vertex -104.73205 9.23454 -30.37170
endloop
endfacet
facet normal -0.49427000322702497 -0.15095376951047507 0.8561017015404975
outer loop
vertex -103.00000 0.00000 -31.00000
vertex -103.00000 8.89252 -29.43201
vertex -104.73205 9.23454 -30.37170
endloop
endfacet
facet normal -0.49427004833388194 -0.434654142822948 0.7528432077443952
outer loop
vertex -104.73205 9.23454 -30.37170
vertex -103.00000 8.89252 -29.43201
vertex -104.73205 17.35526 -25.68320
endloop
endfacet
facet normal -0.49427017046988597 -0.43465413444253637 0.7528431323959056
outer loop
vertex -103.00000 8.89252 -29.43201
vertex -103.00000 16.71248 -24.91716
vertex -104.73205 17.35526 -25.68320
endloop
endfacet
facet normal -0.4942700034882723 -0.6659288641690164 0.5587807365311255
outer loop
vertex -104.73205 17.35526 -25.68320
vertex -103.00000 16.71248 -24.91716
vertex -104.73205 23.38269 -18.50000
endloop
endfacet
facet normal -0.4942705750497413 -0.6659287067165959 0.5587804185999722
outer loop
vertex -103.00000 16.71248 -24.91716
vertex -103.00000 22.51666 -18.00000
vertex -104.73205 23.38269 -18.50000
endloop
endfacet
facet normal -0.49427059883174085 -0.816882425810455 0.297320832658155
outer loop
vertex -104.73205 23.38269 -18.50000
vertex -103.00000 22.51666 -18.00000
vertex -104.73205 26.58981 -9.68850
endloop
endfacet
facet normal -0.4942705195352042 -0.8168824614235964 0.29732086663556945
outer loop
vertex -103.00000 22.51666 -18.00000
vertex -103.00000 25.60500 -9.51485
vertex -104.73205 26.58981 -9.68850
endloop
endfacet
facet normal -0.494270498705741 -0.869308158312792 0
outer loop
vertex -104.73205 26.58981 -9.68850
vertex -103.00000 25.60500 -9.51485
vertex -104.73205 26.58981 -0.31150
endloop
endfacet
facet normal -0.494270498705741 -0.869308158312792 0
outer loop
vertex -103.00000 25.60500 -9.51485
vertex -103.00000 25.60500 -0.48515
vertex -104.73205 26.58981 -0.31150
endloop
endfacet
facet normal -0.49427052103136404 -0.8168824673783979 -0.2973208477876461
outer loop
vertex -104.73205 26.58981 -0.31150
vertex -103.00000 25.60500 -0.48515
vertex -104.73205 23.38269 8.50000
endloop
endfacet
facet normal -0.4942706003279008 -0.8168824182568882 -0.2973208509241743
outer loop
vertex -103.00000 25.60500 -0.48515
vertex -103.00000 22.51666 8.00000
vertex -104.73205 23.38269 8.50000
endloop
endfacet
facet normal -0.4942705642655495 -0.6659286199187561 -0.5587805315807955
outer loop
vertex -104.73205 23.38269 8.50000
vertex -103.00000 22.51666 8.00000
vertex -104.73205 17.35526 15.68320
endloop
endfacet
facet normal -0.49426999270401545 -0.6659289603611719 -0.5587806314329992
outer loop
vertex -103.00000 22.51666 8.00000
vertex -103.00000 16.71248 14.91716
vertex -104.73205 17.35526 15.68320
endloop
endfacet
facet normal -0.4942701681654517 -0.43465410875612226 -0.7528431487389105
outer loop
vertex -104.73205 17.35526 15.68320
vertex -103.00000 16.71248 14.91716
vertex -104.73205 9.23454 20.37170
endloop
endfacet
facet normal -0.4942700460294353 -0.4346541698196196 -0.7528431936708184
outer loop
vertex -103.00000 16.71248 14.91716
vertex -103.00000 8.89252 19.43201
vertex -104.73205 9.23454 20.37170
endloop
endfacet
facet normal -0.49427001097267786 -0.15095386942773545 -0.8561016794504395
outer loop
vertex -104.73205 9.23454 20.37170
vertex -103.00000 8.89252 19.43201
vertex -104.73205 0.00000 22.00000
endloop
endfacet
facet normal -0.4942704214919032 -0.1509537282140873 -0.8561014673369529
outer loop
vertex -103.00000 8.89252 19.43201
vertex -103.00000 0.00000 21.00000
vertex -104.73205 0.00000 22.00000
endloop
endfacet
facet normal -0.49427041374626085 0.15095382966081716 -0.8561014539211068
outer loop
vertex -104.73205 0.00000 22.00000
vertex -103.00000 0.00000 21.00000
vertex -104.73205 -9.23454 20.37170
endloop
endfacet
facet normal -0.49427000322702497 0.150953769510475 -0.8561017015404975
outer loop
vertex -103.00000 0.00000 21.00000
vertex -103.00000 -8.89252 19.43201
vertex -104.73205 -9.23454 20.37170
endloop
endfacet
facet normal -0.49427004833388194 0.434654142822948 -0.7528432077443952
outer loop
vertex -104.73205 -9.23454 20.37170
vertex -103.00000 -8.89252 19.43201
vertex -104.73205 -17.35526 15.68320
endloop
endfacet
facet normal -0.49427017046988597 0.43465413444253637 -0.7528431323959056
outer loop
vertex -103.00000 -8.89252 19.43201
vertex -103.00000 -16.71248 14.91716
vertex -104.73205 -17.35526 15.68320
endloop
endfacet
facet normal -0.4942700034882723 0.6659288641690164 -0.5587807365311255
outer loop
vertex -104.73205 -17.35526 15.68320
vertex -103.00000 -16.71248 14.91716
vertex -104.73205 -23.38269 8.50000
endloop
endfacet
facet normal -0.4942705750497413 0.6659287067165959 -0.5587804185999722
outer loop
vertex -103.00000 -16.71248 14.91716
vertex -103.00000 -22.51666 8.00000
vertex -104.73205 -23.38269 8.50000
endloop
endfacet
facet normal -0.49427059883174085 0.816882425810455 -0.297320832658155
outer loop
vertex -104.73205 -23.38269 8.50000
vertex -103.00000 -22.51666 8.00000
vertex -104.73205 -26.58981 -0.31150
endloop
endfacet
facet normal -0.4942705195352042 0.8168824614235964 -0.29732086663556945
outer loop
vertex -103.00000 -22.51666 8.00000
vertex -103.00000 -25.60500 -0.48515
vertex -104.73205 -26.58981 -0.31150
endloop
endfacet
facet normal -0.494270498705741 0.869308158312792 0
outer loop
vertex -104.73205 -26.58981 -0.31150
vertex -103.00000 -25.60500 -0.48515
vertex -104.73205 -26.58981 -9.68850
endloop
endfacet
facet normal -0.494270498705741 0.869308158312792 0
outer loop
vertex -103.00000 -25.60500 -0.48515
vertex -103.00000 -25.60500 -9.51485
vertex -104.73205 -26.58981 -9.68850
endloop
endfacet
facet normal -0.49427052103136404 0.8168824673783979 0.2973208477876461
outer loop
vertex -104.73205 -26.58981 -9.68850
vertex -103.00000 -25.60500 -9.51485
vertex -104.73205 -23.38269 -18.50000
endloop
endfacet
facet normal -0.4942706003279008 0.8168824182568882 0.2973208509241743
outer loop
vertex -103.00000 -25.60500 -9.51485
vertex -103.00000 -22.51666 -18.00000
vertex -104.73205 -23.38269 -18.50000
endloop
endfacet
facet normal -0.4942705642655495 0.6659286199187561 0.5587805315807955
outer loop
vertex -104.73205 -23.38269 -18.50000
vertex -103.00000 -22.51666 -18.00000
vertex -104.73205 -17.35526 -25.68320
endloop
endfacet
facet normal -0.49426999270401545 0.6659289603611719 0.5587806314329992
outer loop
vertex -103.00000 -22.51666 -18.00000
vertex -103.00000 -16.71248 -24.91716
vertex -104.73205 -17.35526 -25.68320
endloop
endfacet
facet normal -0.4942701681654517 0.43465410875612226 0.7528431487389105
outer loop
vertex -104.73205 -17.35526 -25.68320
vertex -103.00000 -16.71248 -24.91716
vertex -104.73205 -9.23454 -30.37170
endloop
endfacet
facet normal -0.4942700460294353 0.4346541698196196 0.7528431936708184
outer loop
vertex -103.00000 -16.71248 -24.91716
vertex -103.00000 -8.89252 -29.43201
vertex -104.73205 -9.23454 -30.37170
endloop
endfacet
facet normal -0.4942700109726779 0.15095386942773553 0.8561016794504396
outer loop
vertex -104.73205 -9.23454 -30.37170
vertex -103.00000 -8.89252 -29.43201
vertex -104.73205 -0.00000 -32.00000
endloop
endfacet
facet normal -0.4942704214919033 0.15095372821408737 0.8561014673369529
outer loop
vertex -103.00000 -8.89252 -29.43201
vertex -103.00000 -0.00000 -31.00000
vertex -104.73205 -0.00000 -32.00000
endloop
endfacet
facet normal -1 0 0
outer loop
vertex -104.73205 0.00000 -34.00000
vertex -104.73205 0.00000 -32.00000
vertex -104.73205 9.91858 -32.25109
endloop
endfacet
facet normal -1 0 0
outer loop
vertex -104.73205 0.00000 -32.00000
vertex -104.73205 9.23454 -30.37170
vertex -104.73205 9.91858 -32.25109
endloop
endfacet
facet normal -1 0 0
outer loop
vertex -104.73205 9.91858 -32.25109
vertex -104.73205 9.23454 -30.37170
vertex -104.73205 18.64084 -27.21529
endloop
endfacet
facet normal -1 0 0
outer loop
vertex -104.73205 9.23454 -30.37170
vertex -104.73205 17.35526 -25.68320
vertex -104.73205 18.64084 -27.21529
endloop
endfacet
facet normal -1 0 0
outer loop
vertex -104.73205 18.64084 -27.21529
vertex -104.73205 17.35526 -25.68320
vertex -104.73205 25.11474 -19.50000
endloop
endfacet
facet normal -1 0 0
outer loop
vertex -104.73205 17.35526 -25.68320
vertex -104.73205 23.38269 -18.50000
vertex -104.73205 25.11474 -19.50000
endloop
endfacet
facet normal -1 0 0
outer loop
vertex -104.73205 25.11474 -19.50000
vertex -104.73205 23.38269 -18.50000
vertex -104.73205 28.55943 -10.03580
endloop
endfacet
facet normal -1 0 0
outer loop
vertex -104.73205 23.38269 -18.50000
vertex -104.73205 26.58981 -9.68850
vertex -104.73205 28.55943 -10.03580
endloop
endfacet
facet normal -0.9999999999999999 0 0
outer loop
vertex -104.73205 28.55943 -10.03580
vertex -104.73205 26.58981 -9.68850
vertex -104.73205 28.55943 0.03580
endloop
endfacet
facet normal -1 0 0
outer loop
vertex -104.73205 26.58981 -9.68850
vertex -104.73205 26.58981 -0.31150
vertex -104.73205 28.55943 0.03580
endloop
endfacet
facet normal -1 0 0
outer loop
vertex -104.73205 28.55943 0.03580
vertex -104.73205 26.58981 -0.31150
vertex -104.73205 25.11474 9.50000
endloop
endfacet
facet normal -1 0 0
outer loop
vertex -104.73205 26.58981 -0.31150
vertex -104.73205 23.38269 8.50000
vertex -104.73205 25.11474 9.50000
endloop
endfacet
facet normal -1 0 0
outer loop
vertex -104.73205 25.11474 9.50000
vertex -104.73205 23.38269 8.50000
vertex -104.73205 18.64084 17.21529
endloop
endfacet
facet normal -1 0 0
outer loop
vertex -104.73205 23.38269 8.50000
vertex -104.73205 17.35526 15.68320
vertex -104.73205 18.64084 17.21529
endloop
endfacet
facet normal -1 0 0
outer loop
vertex -104.73205 18.64084 17.21529
vertex -104.73205 17.35526 15.68320
vertex -104.73205 9.91858 22.25109
endloop
endfacet
facet normal -1 0 0
outer loop
vertex -104.73205 17.35526 15.68320
vertex -104.73205 9.23454 20.37170
vertex -104.73205 9.91858 22.25109
endloop
endfacet
facet normal -1 0 0
outer loop
vertex -104.73205 9.91858 22.25109
vertex -104.73205 9.23454 20.37170
vertex -104.73205 0.00000 24.00000
endloop
endfacet
facet normal -1 0 0
outer loop
vertex -104.73205 9.23454 20.37170
vertex -104.73205 0.00000 22.00000
vertex -104.73205 0.00000 24.00000
endloop
endfacet
facet normal -1 0 0
outer loop
vertex -104.73205 0.00000 24.00000
vertex -104.73205 0.00000 22.00000
vertex -104.73205 -9.91858 22.25109
endloop
endfacet
facet normal -1 0 0
outer loop
vertex -104.73205 0.00000 22.00000
vertex -104.73205 -9.23454 20.37170
vertex -104.73205 -9.91858 22.25109
endloop
endfacet
facet normal -1 0 0
outer loop
vertex -104.73205 -9.91858 22.25109
vertex -104.73205 -9.23454 20.37170
vertex -104.73205 -18.64084 17.21529
endloop
endfacet
facet normal -1 0 0
outer loop
vertex -104.73205 -9.23454 20.37170
vertex -104.73205 -17.35526 15.68320
vertex -104.73205 -18.64084 17.21529
endloop
endfacet
facet normal -1 0 0
outer loop
vertex -104.73205 -18.64084 17.21529
vertex -104.73205 -17.35526 15.68320
vertex -104.73205 -25.11474 9.50000
endloop
endfacet
facet normal -1 0 0
outer loop
vertex -104.73205 -17.35526 15.68320
vertex -104.73205 -23.38269 8.50000
vertex -104.73205 -25.11474 9.50000
endloop
endfacet
facet normal -1 0 0
outer loop
vertex -104.73205 -25.11474 9.50000
vertex -104.73205 -23.38269 8.50000
vertex -104.73205 -28.55943 0.03580
endloop
endfacet
facet normal -1 0 0
outer loop
vertex -104.73205 -23.38269 8.50000
vertex -104.73205 -26.58981 -0.31150
vertex -104.73205 -28.55943 0.03580
endloop
endfacet
facet normal -0.9999999999999999 0 0
outer loop
vertex -104.73205 -28.55943 0.03580
vertex -104.73205 -26.58981 -0.31150
vertex -104.73205 -28.55943 -10.03580
endloop
endfacet
facet normal -1 0 0
outer loop
vertex -104.73205 -26.58981 -0.31150
vertex -104.73205 -26.58981 -9.68850
vertex -104.73205 -28.55943 -10.03580
endloop
endfacet
facet normal -1 0 0
outer loop
vertex -104.73205 -28.55943 -10.03580
vertex -104.73205 -26.58981 -9.68850
vertex -104.73205 -25.11474 -19.50000
endloop
endfacet
facet normal -1 0 0
outer loop
vertex -104.73205 -26.58981 -9.68850
vertex -104.73205 -23.38269 -18.50000
vertex -104.73205 -25.11474 -19.50000
endloop
endfacet
facet normal -1 0 0
outer loop
vertex -104.73205 -25.11474 -19.50000
vertex -104.73205 -23.38269 -18.50000
vertex -104.73205 -18.64084 -27.21529
endloop
endfacet
facet normal -1 0 0
outer loop
vertex -104.73205 -23.38269 -18.50000
vertex -104.73205 -17.35526 -25.68320
vertex -104.73205 -18.64084 -27.21529
endloop
endfacet
facet normal -1 0 0
outer loop
vertex -104.73205 -18.64084 -27.21529
vertex -104.73205 -17.35526 -25.68320
vertex -104.73205 -9.91858 -32.25109
endloop
endfacet
facet normal -1 0 0
outer loop
vertex -104.73205 -17.35526 -25.68320
vertex -104.73205 -9.23454 -30.37170
vertex -104.73205 -9.91858 -32.25109
endloop
endfacet
facet normal -1 0 0
outer loop
vertex -104.73205 -9.91858 -32.25109
vertex -104.73205 -9.23454 -30.37170
vertex -104.73205 -0.00000 -34.00000
endloop
endfacet
facet normal -1 0 0
outer loop
vertex -104.73205 -9.23454 -30.37170
vertex -104.73205 -0.00000 -32.00000
vertex -104.73205 -0.00000 -34.00000
endloop
endfacet
facet normal -0.49427041735526006 0.1509537823928072 -0.8561014601720768
outer loop
vertex -103.00000 0.00000 -35.00000
vertex -104.73205 0.00000 -34.00000
vertex -103.00000 10.26060 -33.19078
endloop
endfacet
facet normal -0.4942707250082948 0.1509538197976854 -0.8561012759529463
outer loop
vertex -104.73205 0.00000 -34.00000
vertex -104.73205 9.91858 -32.25109
vertex -103.00000 10.26060 -33.19078
endloop
endfacet
facet normal -0.4942706675865343 0.4346540496251304 -0.7528428549890317
outer loop
vertex -103.00000 10.26060 -33.19078
vertex -104.73205 9.91858 -32.25109
vertex -103.00000 19.28363 -27.98133
endloop
endfacet
facet normal -0.4942705348742729 0.43465406164204745 -0.7528429351818157
outer loop
vertex -104.73205 9.91858 -32.25109
vertex -104.73205 18.64084 -27.21529
vertex -103.00000 19.28363 -27.98133
endloop
endfacet
facet normal -0.49427055650476864 0.6659286331055646 -0.5587805227301866
outer loop
vertex -103.00000 19.28363 -27.98133
vertex -104.73205 18.64084 -27.21529
vertex -103.00000 25.98076 -20.00000
endloop
endfacet
facet normal -0.4942705655751488 0.6659286304592168 -0.558780517860756
outer loop
vertex -104.73205 18.64084 -27.21529
vertex -104.73205 25.11474 -19.50000
vertex -103.00000 25.98076 -20.00000
endloop
endfacet
facet normal -0.4942706052406594 0.8168823934541474 -0.2973209109021022
outer loop
vertex -103.00000 25.98076 -20.00000
vertex -104.73205 25.11474 -19.50000
vertex -103.00000 29.54423 -10.20945
endloop
endfacet
facet normal -0.49427051306005954 0.8168824356521592 -0.2973209482063811
outer loop
vertex -104.73205 25.11474 -19.50000
vertex -104.73205 28.55943 -10.03580
vertex -103.00000 29.54423 -10.20945
endloop
endfacet
facet normal -0.49427049870574097 0.8693081583127918 0
outer loop
vertex -103.00000 29.54423 -10.20945
vertex -104.73205 28.55943 -10.03580
vertex -103.00000 29.54423 0.20945
endloop
endfacet
facet normal -0.4942704987057411 0.869308158312792 0
outer loop
vertex -104.73205 28.55943 -10.03580
vertex -104.73205 28.55943 0.03580
vertex -103.00000 29.54423 0.20945
endloop
endfacet
facet normal -0.4942705146224422 0.8168824418705289 0.29732092852422604
outer loop
vertex -103.00000 29.54423 0.20945
vertex -104.73205 28.55943 0.03580
vertex -103.00000 25.98076 10.00000
endloop
endfacet
facet normal -0.49427060680304025 0.8168823855662489 0.29732092997659715
outer loop
vertex -104.73205 28.55943 0.03580
vertex -104.73205 25.11474 9.50000
vertex -103.00000 25.98076 10.00000
endloop
endfacet
facet normal -0.4942705654214132 0.665928629221858 0.5587805194713696
outer loop
vertex -103.00000 25.98076 10.00000
vertex -104.73205 25.11474 9.50000
vertex -103.00000 19.28363 17.98133
endloop
endfacet
facet normal -0.4942705563510334 0.6659286344768443 0.558780521231946
outer loop
vertex -104.73205 25.11474 9.50000
vertex -104.73205 18.64084 17.21529
vertex -103.00000 19.28363 17.98133
endloop
endfacet
facet normal -0.4942705371236359 0.4346540867143846 0.7528429192295009
outer loop
vertex -103.00000 19.28363 17.98133
vertex -104.73205 18.64084 17.21529
vertex -103.00000 10.26060 23.19078
endloop
endfacet
facet normal -0.49427066983590107 0.43465402327385316 0.7528428687261522
outer loop
vertex -104.73205 18.64084 17.21529
vertex -104.73205 9.91858 22.25109
vertex -103.00000 10.26060 23.19078
endloop
endfacet
facet normal -0.4942707197938465 0.1509537525322144 0.8561012908242318
outer loop
vertex -103.00000 10.26060 23.19078
vertex -104.73205 9.91858 22.25109
vertex -103.00000 0.00000 25.00000
endloop
endfacet
facet normal -0.49427041214080203 0.15095385068796746 0.8561014511403637
outer loop
vertex -104.73205 9.91858 22.25109
vertex -104.73205 0.00000 24.00000
vertex -103.00000 0.00000 25.00000
endloop
endfacet
facet normal -0.4942704173552631 -0.15095378239280752 0.856101460172075
outer loop
vertex -103.00000 0.00000 25.00000
vertex -104.73205 0.00000 24.00000
vertex -103.00000 -10.26060 23.19078
endloop
endfacet
facet normal -0.4942707250082947 -0.15095381979768535 0.8561012759529463
outer loop
vertex -104.73205 0.00000 24.00000
vertex -104.73205 -9.91858 22.25109
vertex -103.00000 -10.26060 23.19078
endloop
endfacet
facet normal -0.4942706675865343 -0.4346540496251304 0.7528428549890317
outer loop
vertex -103.00000 -10.26060 23.19078
vertex -104.73205 -9.91858 22.25109
vertex -103.00000 -19.28363 17.98133
endloop
endfacet
facet normal -0.4942705348742729 -0.43465406164204745 0.7528429351818157
outer loop
vertex -104.73205 -9.91858 22.25109
vertex -104.73205 -18.64084 17.21529
vertex -103.00000 -19.28363 17.98133
endloop
endfacet
facet normal -0.49427055650476864 -0.6659286331055646 0.5587805227301866
outer loop
vertex -103.00000 -19.28363 17.98133
vertex -104.73205 -18.64084 17.21529
vertex -103.00000 -25.98076 10.00000
endloop
endfacet
facet normal -0.4942705655751488 -0.6659286304592168 0.558780517860756
outer loop
vertex -104.73205 -18.64084 17.21529
vertex -104.73205 -25.11474 9.50000
vertex -103.00000 -25.98076 10.00000
endloop
endfacet
facet normal -0.4942706052406594 -0.8168823934541474 0.2973209109021022
outer loop
vertex -103.00000 -25.98076 10.00000
vertex -104.73205 -25.11474 9.50000
vertex -103.00000 -29.54423 0.20945
endloop
endfacet
facet normal -0.49427051306005954 -0.8168824356521592 0.2973209482063811
outer loop
vertex -104.73205 -25.11474 9.50000
vertex -104.73205 -28.55943 0.03580
vertex -103.00000 -29.54423 0.20945
endloop
endfacet
facet normal -0.49427049870574097 -0.8693081583127918 0
outer loop
vertex -103.00000 -29.54423 0.20945
vertex -104.73205 -28.55943 0.03580
vertex -103.00000 -29.54423 -10.20945
endloop
endfacet
facet normal -0.4942704987057411 -0.869308158312792 0
outer loop
vertex -104.73205 -28.55943 0.03580
vertex -104.73205 -28.55943 -10.03580
vertex -103.00000 -29.54423 -10.20945
endloop
endfacet
facet normal -0.4942705146224422 -0.8168824418705289 -0.29732092852422604
outer loop
vertex -103.00000 -29.54423 -10.20945
vertex -104.73205 -28.55943 -10.03580
vertex -103.00000 -25.98076 -20.00000
endloop
endfacet
facet normal -0.49427060680304025 -0.8168823855662489 -0.29732092997659715
outer loop
vertex -104.73205 -28.55943 -10.03580
vertex -104.73205 -25.11474 -19.50000
vertex -103.00000 -25.98076 -20.00000
endloop
endfacet
facet normal -0.4942705654214132 -0.665928629221858 -0.5587805194713696
outer loop
vertex -103.00000 -25.98076 -20.00000
vertex -104.73205 -25.11474 -19.50000
vertex -103.00000 -19.28363 -27.98133
endloop
endfacet
facet normal -0.4942705563510334 -0.6659286344768443 -0.558780521231946
outer loop
vertex -104.73205 -25.11474 -19.50000
vertex -104.73205 -18.64084 -27.21529
vertex -103.00000 -19.28363 -27.98133
endloop
endfacet
facet normal -0.4942705371236359 -0.4346540867143846 -0.7528429192295009
outer loop
vertex -103.00000 -19.28363 -27.98133
vertex -104.73205 -18.64084 -27.21529
vertex -103.00000 -10.26060 -33.19078
endloop
endfacet
facet normal -0.49427066983590107 -0.43465402327385316 -0.7528428687261522
outer loop
vertex -104.73205 -18.64084 -27.21529
vertex -104.73205 -9.91858 -32.25109
vertex -103.00000 -10.26060 -33.19078
endloop
endfacet
facet normal -0.4942707197938464 -0.15095375253221377 -0.8561012908242319
outer loop
vertex -103.00000 -10.26060 -33.19078
vertex -104.73205 -9.91858 -32.25109
vertex -103.00000 -0.00000 -35.00000
endloop
endfacet
facet normal -0.494270412140799 -0.15095385068796782 -0.8561014511403654
outer loop
vertex -104.73205 -9.91858 -32.25109
vertex -104.73205 -0.00000 -34.00000
vertex -103.00000 -0.00000 -35.00000
endloop
endfacet
facet normal 0.494270412140799 0.1509538506879677 -0.8561014511403654
outer loop
vertex -86.26795 0.00000 -34.00000
vertex -88.00000 0.00000 -35.00000
vertex -86.26795 9.91858 -32.25109
endloop
endfacet
facet normal 0.4942707197938464 0.1509537525322137 -0.8561012908242318
outer loop
vertex -88.00000 0.00000 -35.00000
vertex -88.00000 10.26060 -33.19078
vertex -86.26795 9.91858 -32.25109
endloop
endfacet
facet normal 0.49427066983590107 0.43465402327385316 -0.7528428687261522
outer loop
vertex -86.26795 9.91858 -32.25109
vertex -88.00000 10.26060 -33.19078
vertex -86.26795 18.64084 -27.21529
endloop
endfacet
facet normal 0.4942705371236359 0.4346540867143846 -0.7528429192295009
outer loop
vertex -88.00000 10.26060 -33.19078
vertex -88.00000 19.28363 -27.98133
vertex -86.26795 18.64084 -27.21529
endloop
endfacet
facet normal 0.4942705563510334 0.6659286344768443 -0.558780521231946
outer loop
vertex -86.26795 18.64084 -27.21529
vertex -88.00000 19.28363 -27.98133
vertex -86.26795 25.11474 -19.50000
endloop
endfacet
facet normal 0.4942705654214132 0.665928629221858 -0.5587805194713696
outer loop
vertex -88.00000 19.28363 -27.98133
vertex -88.00000 25.98076 -20.00000
vertex -86.26795 25.11474 -19.50000
endloop
endfacet
facet normal 0.49427060680304025 0.8168823855662489 -0.29732092997659715
outer loop
vertex -86.26795 25.11474 -19.50000
vertex -88.00000 25.98076 -20.00000
vertex -86.26795 28.55943 -10.03580
endloop
endfacet
facet normal 0.4942705146224422 0.8168824418705289 -0.29732092852422604
outer loop
vertex -88.00000 25.98076 -20.00000
vertex -88.00000 29.54423 -10.20945
vertex -86.26795 28.55943 -10.03580
endloop
endfacet
facet normal 0.4942704987057411 0.869308158312792 0
outer loop
vertex -86.26795 28.55943 -10.03580
vertex -88.00000 29.54423 -10.20945
vertex -86.26795 28.55943 0.03580
endloop
endfacet
facet normal 0.49427049870574097 0.8693081583127918 0
outer loop
vertex -88.00000 29.54423 -10.20945
vertex -88.00000 29.54423 0.20945
vertex -86.26795 28.55943 0.03580
endloop
endfacet
facet normal 0.49427051306005954 0.8168824356521592 0.2973209482063811
outer loop
vertex -86.26795 28.55943 0.03580
vertex -88.00000 29.54423 0.20945
vertex -86.26795 25.11474 9.50000
endloop
endfacet
facet normal 0.4942706052406594 0.8168823934541474 0.2973209109021022
outer loop
vertex -88.00000 29.54423 0.20945
vertex -88.00000 25.98076 10.00000
vertex -86.26795 25.11474 9.50000
endloop
endfacet
facet normal 0.4942705655751488 0.6659286304592168 0.558780517860756
outer loop
vertex -86.26795 25.11474 9.50000
vertex -88.00000 25.98076 10.00000
vertex -86.26795 18.64084 17.21529
endloop
endfacet
facet normal 0.49427055650476864 0.6659286331055646 0.5587805227301866
outer loop
vertex -88.00000 25.98076 10.00000
vertex -88.00000 19.28363 17.98133
vertex -86.26795 18.64084 17.21529
endloop
endfacet
facet normal 0.4942705348742729 0.43465406164204745 0.7528429351818157
outer loop
vertex -86.26795 18.64084 17.21529
vertex -88.00000 19.28363 17.98133
vertex -86.26795 9.91858 22.25109
endloop
endfacet
facet normal 0.4942706675865343 0.4346540496251304 0.7528428549890317
outer loop
vertex -88.00000 19.28363 17.98133
vertex -88.00000 10.26060 23.19078
vertex -86.26795 9.91858 22.25109
endloop
endfacet
facet normal 0.49427072500829466 0.15095381979768543 0.856101275952946
outer loop
vertex -86.26795 9.91858 22.25109
vertex -88.00000 10.26060 23.19078
vertex -86.26795 0.00000 24.00000
endloop
endfacet
facet normal 0.4942704173552601 0.15095378239280727 0.8561014601720768
outer loop
vertex -88.00000 10.26060 23.19078
vertex -88.00000 0.00000 25.00000
vertex -86.26795 0.00000 24.00000
endloop
endfacet
facet normal 0.49427041214079903 -0.15095385068796768 0.8561014511403655
outer loop
vertex -86.26795 0.00000 24.00000
vertex -88.00000 0.00000 25.00000
vertex -86.26795 -9.91858 22.25109
endloop
endfacet
facet normal 0.4942707197938464 -0.15095375253221363 0.8561012908242319
outer loop
vertex -88.00000 0.00000 25.00000
vertex -88.00000 -10.26060 23.19078
vertex -86.26795 -9.91858 22.25109
endloop
endfacet
facet normal 0.49427066983590107 -0.43465402327385316 0.7528428687261522
outer loop
vertex -86.26795 -9.91858 22.25109
vertex -88.00000 -10.26060 23.19078
vertex -86.26795 -18.64084 17.21529
endloop
endfacet
facet normal 0.4942705371236359 -0.4346540867143846 0.7528429192295009
outer loop
vertex -88.00000 -10.26060 23.19078
vertex -88.00000 -19.28363 17.98133
vertex -86.26795 -18.64084 17.21529
endloop
endfacet
facet normal 0.4942705563510334 -0.6659286344768443 0.558780521231946
outer loop
vertex -86.26795 -18.64084 17.21529
vertex -88.00000 -19.28363 17.98133
vertex -86.26795 -25.11474 9.50000
endloop
endfacet
facet normal 0.4942705654214132 -0.665928629221858 0.5587805194713696
outer loop
vertex -88.00000 -19.28363 17.98133
vertex -88.00000 -25.98076 10.00000
vertex -86.26795 -25.11474 9.50000
endloop
endfacet
facet normal 0.49427060680304025 -0.8168823855662489 0.29732092997659715
outer loop
vertex -86.26795 -25.11474 9.50000
vertex -88.00000 -25.98076 10.00000
vertex -86.26795 -28.55943 0.03580
endloop
endfacet
facet normal 0.4942705146224422 -0.8168824418705289 0.29732092852422604
outer loop
vertex -88.00000 -25.98076 10.00000
vertex -88.00000 -29.54423 0.20945
vertex -86.26795 -28.55943 0.03580
endloop
endfacet
facet normal 0.4942704987057411 -0.869308158312792 0
outer loop
vertex -86.26795 -28.55943 0.03580
vertex -88.00000 -29.54423 0.20945
vertex -86.26795 -28.55943 -10.03580
endloop
endfacet
facet normal 0.49427049870574097 -0.8693081583127918 0
outer loop
vertex -88.00000 -29.54423 0.20945
vertex -88.00000 -29.54423 -10.20945
vertex -86.26795 -28.55943 -10.03580
endloop
endfacet
facet normal 0.49427051306005954 -0.8168824356521592 -0.2973209482063811
outer loop
vertex -86.26795 -28.55943 -10.03580
vertex -88.00000 -29.54423 -10.20945
vertex -86.26795 -25.11474 -19.50000
endloop
endfacet
facet normal 0.4942706052406594 -0.8168823934541474 -0.2973209109021022
outer loop
vertex -88.00000 -29.54423 -10.20945
vertex -88.00000 -25.98076 -20.00000
vertex -86.26795 -25.11474 -19.50000
endloop
endfacet
facet normal 0.4942705655751488 -0.6659286304592168 -0.558780517860756
outer loop
vertex -86.26795 -25.11474 -19.50000
vertex -88.00000 -25.98076 -20.00000
vertex -86.26795 -18.64084 -27.21529
endloop
endfacet
facet normal 0.49427055650476864 -0.6659286331055646 -0.5587805227301866
outer loop
vertex -88.00000 -25.98076 -20.00000
vertex -88.00000 -19.28363 -27.98133
vertex -86.26795 -18.64084 -27.21529
endloop
endfacet
facet normal 0.4942705348742729 -0.43465406164204745 -0.7528429351818157
outer loop
vertex -86.26795 -18.64084 -27.21529
vertex -88.00000 -19.28363 -27.98133
vertex -86.26795 -9.91858 -32.25109
endloop
endfacet
facet normal 0.4942706675865343 -0.4346540496251304 -0.7528428549890317
outer loop
vertex -88.00000 -19.28363 -27.98133
vertex -88.00000 -10.26060 -33.19078
vertex -86.26795 -9.91858 -32.25109
endloop
endfacet
facet normal 0.4942707250082947 -0.1509538197976855 -0.8561012759529463
outer loop
vertex -86.26795 -9.91858 -32.25109
vertex -88.00000 -10.26060 -33.19078
vertex -86.26795 -0.00000 -34.00000
endloop
endfacet
facet normal 0.49427041735526 -0.15095378239280732 -0.8561014601720769
outer loop
vertex -88.00000 -10.26060 -33.19078
vertex -88.00000 -0.00000 -35.00000
vertex -86.26795 -0.00000 -34.00000
endloop
endfacet
facet normal 1 0 0
outer loop
vertex -86.26795 0.00000 -32.00000
vertex -86.26795 0.00000 -34.00000
vertex -86.26795 9.23454 -30.37170
endloop
endfacet
facet normal 1 0 0
outer loop
vertex -86.26795 0.00000 -34.00000
vertex -86.26795 9.91858 -32.25109
vertex -86.26795 9.23454 -30.37170
endloop
endfacet
facet normal 1 0 0
outer loop
vertex -86.26795 9.23454 -30.37170
vertex -86.26795 9.91858 -32.25109
vertex -86.26795 17.35526 -25.68320
endloop
endfacet
facet normal 1 0 0
outer loop
vertex -86.26795 9.91858 -32.25109
vertex -86.26795 18.64084 -27.21529
vertex -86.26795 17.35526 -25.68320
endloop
endfacet
facet normal 1 0 0
outer loop
vertex -86.26795 17.35526 -25.68320
vertex -86.26795 18.64084 -27.21529
vertex -86.26795 23.38269 -18.50000
endloop
endfacet
facet normal 1 0 0
outer loop
vertex -86.26795 18.64084 -27.21529
vertex -86.26795 25.11474 -19.50000
vertex -86.26795 23.38269 -18.50000
endloop
endfacet
facet normal 1 0 0
outer loop
vertex -86.26795 23.38269 -18.50000
vertex -86.26795 25.11474 -19.50000
vertex -86.26795 26.58981 -9.68850
endloop
endfacet
facet normal 1 0 0
outer loop
vertex -86.26795 25.11474 -19.50000
vertex -86.26795 28.55943 -10.03580
vertex -86.26795 26.58981 -9.68850
endloop
endfacet
facet normal 1 0 0
outer loop
vertex -86.26795 26.58981 -9.68850
vertex -86.26795 28.55943 -10.03580
vertex -86.26795 26.58981 -0.31150
endloop
endfacet
facet normal 0.9999999999999999 0 0
outer loop
vertex -86.26795 28.55943 -10.03580
vertex -86.26795 28.55943 0.03580
vertex -86.26795 26.58981 -0.31150
endloop
endfacet
facet normal 1 0 0
outer loop
vertex -86.26795 26.58981 -0.31150
vertex -86.26795 28.55943 0.03580
vertex -86.26795 23.38269 8.50000
endloop
endfacet
facet normal 1 0 0
outer loop
vertex -86.26795 28.55943 0.03580
vertex -86.26795 25.11474 9.50000
vertex -86.26795 23.38269 8.50000
endloop
endfacet
facet normal 1 0 0
outer loop
vertex -86.26795 23.38269 8.50000
vertex -86.26795 25.11474 9.50000
vertex -86.26795 17.35526 15.68320
endloop
endfacet
facet normal 1 0 0
outer loop
vertex -86.26795 25.11474 9.50000
vertex -86.26795 18.64084 17.21529
vertex -86.26795 17.35526 15.68320
endloop
endfacet
facet normal 1 0 0
outer loop
vertex -86.26795 17.35526 15.68320
vertex -86.26795 18.64084 17.21529
vertex -86.26795 9.23454 20.37170
endloop
endfacet
facet normal 1 0 0
outer loop
vertex -86.26795 18.64084 17.21529
vertex -86.26795 9.91858 22.25109
vertex -86.26795 9.23454 20.37170
endloop
endfacet
facet normal 1 0 0
outer loop
vertex -86.26795 9.23454 20.37170
vertex -86.26795 9.91858 22.25109
vertex -86.26795 0.00000 22.00000
endloop
endfacet
facet normal 0.9999999999999999 0 0
outer loop
vertex -86.26795 9.91858 22.25109
vertex -86.26795 0.00000 24.00000
vertex -86.26795 0.00000 22.00000
endloop
endfacet
facet normal 1 0 0
outer loop
vertex -86.26795 0.00000 22.00000
vertex -86.26795 0.00000 24.00000
vertex -86.26795 -9.23454 20.37170
endloop
endfacet
facet normal 0.9999999999999999 0 0
outer loop
vertex -86.26795 0.00000 24.00000
vertex -86.26795 -9.91858 22.25109
vertex -86.26795 -9.23454 20.37170
endloop
endfacet
facet normal 1 0 0
outer loop
vertex -86.26795 -9.23454 20.37170
vertex -86.26795 -9.91858 22.25109
vertex -86.26795 -17.35526 15.68320
endloop
endfacet
facet normal 1 0 0
outer loop
vertex -86.26795 -9.91858 22.25109
vertex -86.26795 -18.64084 17.21529
vertex -86.26795 -17.35526 15.68320
endloop
endfacet
facet normal 1 0 0
outer loop
vertex -86.26795 -17.35526 15.68320
vertex -86.26795 -18.64084 17.21529
vertex -86.26795 -23.38269 8.50000
endloop
endfacet
facet normal 1 0 0
outer loop
vertex -86.26795 -18.64084 17.21529
vertex -86.26795 -25.11474 9.50000
vertex -86.26795 -23.38269 8.50000
endloop
endfacet
facet normal 1 0 0
outer loop
vertex -86.26795 -23.38269 8.50000
vertex -86.26795 -25.11474 9.50000
vertex -86.26795 -26.58981 -0.31150
endloop
endfacet
facet normal 1 0 0
outer loop
vertex -86.26795 -25.11474 9.50000
vertex -86.26795 -28.55943 0.03580
vertex -86.26795 -26.58981 -0.31150
endloop
endfacet
facet normal 1 0 0
outer loop
vertex -86.26795 -26.58981 -0.31150
vertex -86.26795 -28.55943 0.03580
vertex -86.26795 -26.58981 -9.68850
endloop
endfacet
facet normal 0.9999999999999999 0 0
outer loop
vertex -86.26795 -28.55943 0.03580
vertex -86.26795 -28.55943 -10.03580
vertex -86.26795 -26.58981 -9.68850
endloop
endfacet
facet normal 1 0 0
outer loop
vertex -86.26795 -26.58981 -9.68850
vertex -86.26795 -28.55943 -10.03580
vertex -86.26795 -23.38269 -18.50000
endloop
endfacet
facet normal 1 0 0
outer loop
vertex -86.26795 -28.55943 -10.03580
vertex -86.26795 -25.11474 -19.50000
vertex -86.26795 -23.38269 -18.50000
endloop
endfacet
facet normal 1 0 0
outer loop
vertex -86.26795 -23.38269 -18.50000
vertex -86.26795 -25.11474 -19.50000
vertex -86.26795 -17.35526 -25.68320
endloop
endfacet
facet normal 1 0 0
outer loop
vertex -86.26795 -25.11474 -19.50000
vertex -86.26795 -18.64084 -27.21529
vertex -86.26795 -17.35526 -25.68320
endloop
endfacet
facet normal 1 0 0
outer loop
vertex -86.26795 -17.35526 -25.68320
vertex -86.26795 -18.64084 -27.21529
vertex -86.26795 -9.23454 -30.37170
endloop
endfacet
facet normal 1 0 0
outer loop
vertex -86.26795 -18.64084 -27.21529
vertex -86.26795 -9.91858 -32.25109
vertex -86.26795 -9.23454 -30.37170
endloop
endfacet
facet normal 1 0 0
outer loop
vertex -86.26795 -9.23454 -30.37170
vertex -86.26795 -9.91858 -32.25109
vertex -86.26795 -0.00000 -32.00000
endloop
endfacet
facet normal 1 0 0
outer loop
vertex -86.26795 -9.91858 -32.25109
vertex -86.26795 -0.00000 -34.00000
vertex -86.26795 -0.00000 -32.00000
endloop
endfacet
facet normal 0.4942704214919033 -0.15095372821408726 0.8561014673369529
outer loop
vertex -88.00000 0.00000 -31.00000
vertex -86.26795 0.00000 -32.00000
vertex -88.00000 8.89252 -29.43201
endloop
endfacet
facet normal 0.4942700109726779 -0.1509538694277354 0.8561016794504396
outer loop
vertex -86.26795 0.00000 -32.00000
vertex -86.26795 9.23454 -30.37170
vertex -88.00000 8.89252 -29.43201
endloop
endfacet
facet normal 0.4942700460294353 -0.4346541698196196 0.7528431936708184
outer loop
vertex -88.00000 8.89252 -29.43201
vertex -86.26795 9.23454 -30.37170
vertex -88.00000 16.71248 -24.91716
endloop
endfacet
facet normal 0.4942701681654517 -0.43465410875612226 0.7528431487389105
outer loop
vertex -86.26795 9.23454 -30.37170
vertex -86.26795 17.35526 -25.68320
vertex -88.00000 16.71248 -24.91716
endloop
endfacet
facet normal 0.49426999270401545 -0.6659289603611719 0.5587806314329992
outer loop
vertex -88.00000 16.71248 -24.91716
vertex -86.26795 17.35526 -25.68320
vertex -88.00000 22.51666 -18.00000
endloop
endfacet
facet normal 0.4942705642655495 -0.6659286199187561 0.5587805315807955
outer loop
vertex -86.26795 17.35526 -25.68320
vertex -86.26795 23.38269 -18.50000
vertex -88.00000 22.51666 -18.00000
endloop
endfacet
facet normal 0.4942706003279008 -0.8168824182568882 0.2973208509241743
outer loop
vertex -88.00000 22.51666 -18.00000
vertex -86.26795 23.38269 -18.50000
vertex -88.00000 25.60500 -9.51485
endloop
endfacet
facet normal 0.49427052103136404 -0.8168824673783979 0.2973208477876461
outer loop
vertex -86.26795 23.38269 -18.50000
vertex -86.26795 26.58981 -9.68850
vertex -88.00000 25.60500 -9.51485
endloop
endfacet
facet normal 0.494270498705741 -0.869308158312792 0
outer loop
vertex -88.00000 25.60500 -9.51485
vertex -86.26795 26.58981 -9.68850
vertex -88.00000 25.60500 -0.48515
endloop
endfacet
facet normal 0.494270498705741 -0.869308158312792 0
outer loop
vertex -86.26795 26.58981 -9.68850
vertex -86.26795 26.58981 -0.31150
vertex -88.00000 25.60500 -0.48515
endloop
endfacet
facet normal 0.4942705195352042 -0.8168824614235964 -0.29732086663556945
outer loop
vertex -88.00000 25.60500 -0.48515
vertex -86.26795 26.58981 -0.31150
vertex -88.00000 22.51666 8.00000
endloop
endfacet
facet normal 0.49427059883174085 -0.816882425810455 -0.297320832658155
outer loop
vertex -86.26795 26.58981 -0.31150
vertex -86.26795 23.38269 8.50000
vertex -88.00000 22.51666 8.00000
endloop
endfacet
facet normal 0.4942705750497413 -0.6659287067165959 -0.5587804185999722
outer loop
vertex -88.00000 22.51666 8.00000
vertex -86.26795 23.38269 8.50000
vertex -88.00000 16.71248 14.91716
endloop
endfacet
facet normal 0.4942700034882723 -0.6659288641690164 -0.5587807365311255
outer loop
vertex -86.26795 23.38269 8.50000
vertex -86.26795 17.35526 15.68320
vertex -88.00000 16.71248 14.91716
endloop
endfacet
facet normal 0.49427017046988597 -0.43465413444253637 -0.7528431323959056
outer loop
vertex -88.00000 16.71248 14.91716
vertex -86.26795 17.35526 15.68320
vertex -88.00000 8.89252 19.43201
endloop
endfacet
facet normal 0.49427004833388194 -0.434654142822948 -0.7528432077443952
outer loop
vertex -86.26795 17.35526 15.68320
vertex -86.26795 9.23454 20.37170
vertex -88.00000 8.89252 19.43201
endloop
endfacet
facet normal 0.49427000322702497 -0.15095376951047515 -0.8561017015404975
outer loop
vertex -88.00000 8.89252 19.43201
vertex -86.26795 9.23454 20.37170
vertex -88.00000 0.00000 21.00000
endloop
endfacet
facet normal 0.49427041374626085 -0.15095382966081727 -0.8561014539211069
outer loop
vertex -86.26795 9.23454 20.37170
vertex -86.26795 0.00000 22.00000
vertex -88.00000 0.00000 21.00000
endloop
endfacet
facet normal 0.4942704214919033 0.1509537282140872 -0.8561014673369528
outer loop
vertex -88.00000 0.00000 21.00000
vertex -86.26795 0.00000 22.00000
vertex -88.00000 -8.89252 19.43201
endloop
endfacet
facet normal 0.49427001097267803 0.15095386942773534 -0.8561016794504395
outer loop
vertex -86.26795 0.00000 22.00000
vertex -86.26795 -9.23454 20.37170
vertex -88.00000 -8.89252 19.43201
endloop
endfacet
facet normal 0.4942700460294353 0.4346541698196196 -0.7528431936708184
outer loop
vertex -88.00000 -8.89252 19.43201
vertex -86.26795 -9.23454 20.37170
vertex -88.00000 -16.71248 14.91716
endloop
endfacet
facet normal 0.4942701681654517 0.43465410875612226 -0.7528431487389105
outer loop
vertex -86.26795 -9.23454 20.37170
vertex -86.26795 -17.35526 15.68320
vertex -88.00000 -16.71248 14.91716
endloop
endfacet
facet normal 0.49426999270401545 0.6659289603611719 -0.5587806314329992
outer loop
vertex -88.00000 -16.71248 14.91716
vertex -86.26795 -17.35526 15.68320
vertex -88.00000 -22.51666 8.00000
endloop
endfacet
facet normal 0.4942705642655495 0.6659286199187561 -0.5587805315807955
outer loop
vertex -86.26795 -17.35526 15.68320
vertex -86.26795 -23.38269 8.50000
vertex -88.00000 -22.51666 8.00000
endloop
endfacet
facet normal 0.4942706003279008 0.8168824182568882 -0.2973208509241743
outer loop
vertex -88.00000 -22.51666 8.00000
vertex -86.26795 -23.38269 8.50000
vertex -88.00000 -25.60500 -0.48515
endloop
endfacet
facet normal 0.49427052103136404 0.8168824673783979 -0.2973208477876461
outer loop
vertex -86.26795 -23.38269 8.50000
vertex -86.26795 -26.58981 -0.31150
vertex -88.00000 -25.60500 -0.48515
endloop
endfacet
facet normal 0.494270498705741 0.869308158312792 0
outer loop
vertex -88.00000 -25.60500 -0.48515
vertex -86.26795 -26.58981 -0.31150
vertex -88.00000 -25.60500 -9.51485
endloop
endfacet
facet normal 0.494270498705741 0.869308158312792 0
outer loop
vertex -86.26795 -26.58981 -0.31150
vertex -86.26795 -26.58981 -9.68850
vertex -88.00000 -25.60500 -9.51485
endloop
endfacet
facet normal 0.4942705195352042 0.8168824614235964 0.29732086663556945
outer loop
vertex -88.00000 -25.60500 -9.51485
vertex -86.26795 -26.58981 -9.68850
vertex -88.00000 -22.51666 -18.00000
endloop
endfacet
facet normal 0.49427059883174085 0.816882425810455 0.297320832658155
outer loop
vertex -86.26795 -26.58981 -9.68850
vertex -86.26795 -23.38269 -18.50000
vertex -88.00000 -22.51666 -18.00000
endloop
endfacet
facet normal 0.4942705750497413 0.6659287067165959 0.5587804185999722
outer loop
vertex -88.00000 -22.51666 -18.00000
vertex -86.26795 -23.38269 -18.50000
vertex -88.00000 -16.71248 -24.91716
endloop
endfacet
facet normal 0.4942700034882723 0.6659288641690164 0.5587807365311255
outer loop
vertex -86.26795 -23.38269 -18.50000
vertex -86.26795 -17.35526 -25.68320
vertex -88.00000 -16.71248 -24.91716
endloop
endfacet
facet normal 0.49427017046988597 0.43465413444253637 0.7528431323959056
outer loop
vertex -88.00000 -16.71248 -24.91716
vertex -86.26795 -17.35526 -25.68320
vertex -88.00000 -8.89252 -29.43201
endloop
endfacet
facet normal 0.49427004833388194 0.434654142822948 0.7528432077443952
outer loop
vertex -86.26795 -17.35526 -25.68320
vertex -86.26795 -9.23454 -30.37170
vertex -88.00000 -8.89252 -29.43201
endloop
endfacet
facet normal 0.494270003227025 0.1509537695104752 0.8561017015404976
outer loop
vertex -88.00000 -8.89252 -29.43201
vertex -86.26795 -9.23454 -30.37170
vertex -88.00000 -0.00000 -31.00000
endloop
endfacet
facet normal 0.49427041374626085 0.15095382966081736 0.8561014539211068
outer loop
vertex -86.26795 -9.23454 -30.37170
vertex -86.26795 -0.00000 -32.00000
vertex -88.00000 -0.00000 -31.00000
endloop
endfacet
facet normal -0.49427041374626085 -0.15095382966081722 0.8561014539211068
outer loop
vertex -89.73205 0.00000 -32.00000
vertex -88.00000 0.00000 -31.00000
vertex -89.73205 9.23454 -30.37170
endloop
endfacet
facet normal -0.49427000322702497 -0.15095376951047507 0.8561017015404975
outer loop
vertex -88.00000 0.00000 -31.00000
vertex -88.00000 8.89252 -29.43201
vertex -89.73205 9.23454 -30.37170
endloop
endfacet
facet normal -0.49427004833388194 -0.434654142822948 0.7528432077443952
outer loop
vertex -89.73205 9.23454 -30.37170
vertex -88.00000 8.89252 -29.43201
vertex -89.73205 17.35526 -25.68320
endloop
endfacet
facet normal -0.49427017046988597 -0.43465413444253637 0.7528431323959056
outer loop
vertex -88.00000 8.89252 -29.43201
vertex -88.00000 16.71248 -24.91716
vertex -89.73205 17.35526 -25.68320
endloop
endfacet
facet normal -0.4942700034882723 -0.6659288641690164 0.5587807365311255
outer loop
vertex -89.73205 17.35526 -25.68320
vertex -88.00000 16.71248 -24.91716
vertex -89.73205 23.38269 -18.50000
endloop
endfacet
facet normal -0.4942705750497413 -0.6659287067165959 0.5587804185999722
outer loop
vertex -88.00000 16.71248 -24.91716
vertex -88.00000 22.51666 -18.00000
vertex -89.73205 23.38269 -18.50000
endloop
endfacet
facet normal -0.49427059883174085 -0.816882425810455 0.297320832658155
outer loop
vertex -89.73205 23.38269 -18.50000
vertex -88.00000 22.51666 -18.00000
vertex -89.73205 26.58981 -9.68850
endloop
endfacet
facet normal -0.4942705195352042 -0.8168824614235964 0.29732086663556945
outer loop
vertex -88.00000 22.51666 -18.00000
vertex -88.00000 25.60500 -9.51485
vertex -89.73205 26.58981 -9.68850
endloop
endfacet
facet normal -0.494270498705741 -0.869308158312792 0
outer loop
vertex -89.73205 26.58981 -9.68850
vertex -88.00000 25.60500 -9.51485
vertex -89.73205 26.58981 -0.31150
endloop
endfacet
facet normal -0.494270498705741 -0.869308158312792 0
outer loop
vertex -88.00000 25.60500 -9.51485
vertex -88.00000 25.60500 -0.48515
vertex -89.73205 26.58981 -0.31150
endloop
endfacet
facet normal -0.49427052103136404 -0.8168824673783979 -0.2973208477876461
outer loop
vertex -89.73205 26.58981 -0.31150
vertex -88.00000 25.60500 -0.48515
vertex -89.73205 23.38269 8.50000
endloop
endfacet
facet normal -0.4942706003279008 -0.8168824182568882 -0.2973208509241743
outer loop
vertex -88.00000 25.60500 -0.48515
vertex -88.00000 22.51666 8.00000
vertex -89.73205 23.38269 8.50000
endloop
endfacet
facet normal -0.4942705642655495 -0.6659286199187561 -0.5587805315807955
outer loop
vertex -89.73205 23.38269 8.50000
vertex -88.00000 22.51666 8.00000
vertex -89.73205 17.35526 15.68320
endloop
endfacet
facet normal -0.49426999270401545 -0.6659289603611719 -0.5587806314329992
outer loop
vertex -88.00000 22.51666 8.00000
vertex -88.00000 16.71248 14.91716
vertex -89.73205 17.35526 15.68320
endloop
endfacet
facet normal -0.4942701681654517 -0.43465410875612226 -0.7528431487389105
outer loop
vertex -89.73205 17.35526 15.68320
vertex -88.00000 16.71248 14.91716
vertex -89.73205 9.23454 20.37170
endloop
endfacet
facet normal -0.4942700460294353 -0.4346541698196196 -0.7528431936708184
outer loop
vertex -88.00000 16.71248 14.91716
vertex -88.00000 8.89252 19.43201
vertex -89.73205 9.23454 20.37170
endloop
endfacet
facet normal -0.49427001097267786 -0.15095386942773545 -0.8561016794504395
outer loop
vertex -89.73205 9.23454 20.37170
vertex -88.00000 8.89252 19.43201
vertex -89.73205 0.00000 22.00000
endloop
endfacet
facet normal -0.4942704214919032 -0.1509537282140873 -0.8561014673369529
outer loop
vertex -88.00000 8.89252 19.43201
vertex -88.00000 0.00000 21.00000
vertex -89.73205 0.00000 22.00000
endloop
endfacet
facet normal -0.49427041374626085 0.15095382966081716 -0.8561014539211068
outer loop
vertex -89.73205 0.00000 22.00000
vertex -88.00000 0.00000 21.00000
vertex -89.73205 -9.23454 20.37170
endloop
endfacet
facet normal -0.49427000322702497 0.150953769510475 -0.8561017015404975
outer loop
vertex -88.00000 0.00000 21.00000
vertex -88.00000 -8.89252 19.43201
vertex -89.73205 -9.23454 20.37170
endloop
endfacet
facet normal -0.49427004833388194 0.434654142822948 -0.7528432077443952
outer loop
vertex -89.73205 -9.23454 20.37170
vertex -88.00000 -8.89252 19.43201
vertex -89.73205 -17.35526 15.68320
endloop
endfacet
facet normal -0.49427017046988597 0.43465413444253637 -0.7528431323959056
outer loop
vertex -88.00000 -8.89252 19.43201
vertex -88.00000 -16.71248 14.91716
vertex -89.73205 -17.35526 15.68320
endloop
endfacet
facet normal -0.4942700034882723 0.6659288641690164 -0.5587807365311255
outer loop
vertex -89.73205 -17.35526 15.68320
vertex -88.00000 -16.71248 14.91716
vertex -89.73205 -23.38269 8.50000
endloop
endfacet
facet normal -0.4942705750497413 0.6659287067165959 -0.5587804185999722
outer loop
vertex -88.00000 -16.71248 14.91716
vertex -88.00000 -22.51666 8.00000
vertex -89.73205 -23.38269 8.50000
endloop
endfacet
facet normal -0.49427059883174085 0.816882425810455 -0.297320832658155
outer loop
vertex -89.73205 -23.38269 8.50000
vertex -88.00000 -22.51666 8.00000
vertex -89.73205 -26.58981 -0.31150
endloop
endfacet
facet normal -0.4942705195352042 0.8168824614235964 -0.29732086663556945
outer loop
vertex -88.00000 -22.51666 8.00000
vertex -88.00000 -25.60500 -0.48515
vertex -89.73205 -26.58981 -0.31150
endloop
endfacet
facet normal -0.494270498705741 0.869308158312792 0
outer loop
vertex -89.73205 -26.58981 -0.31150
vertex -88.00000 -25.60500 -0.48515
vertex -89.73205 -26.58981 -9.68850
endloop
endfacet
facet normal -0.494270498705741 0.869308158312792 0
outer loop
vertex -88.00000 -25.60500 -0.48515
vertex -88.00000 -25.60500 -9.51485
vertex -89.73205 -26.58981 -9.68850
endloop
endfacet
facet normal -0.49427052103136404 0.8168824673783979 0.2973208477876461
outer loop
vertex -89.73205 -26.58981 -9.68850
vertex -88.00000 -25.60500 -9.51485
vertex -89.73205 -23.38269 -18.50000
endloop
endfacet
facet normal -0.4942706003279008 0.8168824182568882 0.2973208509241743
outer loop
vertex -88.00000 -25.60500 -9.51485
vertex -88.00000 -22.51666 -18.00000
vertex -89.73205 -23.38269 -18.50000
endloop
endfacet
facet normal -0.4942705642655495 0.6659286199187561 0.5587805315807955
outer loop
vertex -89.73205 -23.38269 -18.50000
vertex -88.00000 -22.51666 -18.00000
vertex -89.73205 -17.35526 -25.68320
endloop
endfacet
facet normal -0.49426999270401545 0.6659289603611719 0.5587806314329992
outer loop
vertex -88.00000 -22.51666 -18.00000
vertex -88.00000 -16.71248 -24.91716
vertex -89.73205 -17.35526 -25.68320
endloop
endfacet
facet normal -0.4942701681654517 0.43465410875612226 0.7528431487389105
outer loop
vertex -89.73205 -17.35526 -25.68320
vertex -88.00000 -16.71248 -24.91716
vertex -89.73205 -9.23454 -30.37170
endloop
endfacet
facet normal -0.4942700460294353 0.4346541698196196 0.7528431936708184
outer loop
vertex -88.00000 -16.71248 -24.91716
vertex -88.00000 -8.89252 -29.43201
vertex -89.73205 -9.23454 -30.37170
endloop
endfacet
facet normal -0.4942700109726779 0.15095386942773553 0.8561016794504396
outer loop
vertex -89.73205 -9.23454 -30.37170
vertex -88.00000 -8.89252 -29.43201
vertex -89.73205 -0.00000 -32.00000
endloop
endfacet
facet normal -0.4942704214919033 0.15095372821408737 0.8561014673369529
outer loop
vertex -88.00000 -8.89252 -29.43201
vertex -88.00000 -0.00000 -31.00000
vertex -89.73205 -0.00000 -32.00000
endloop
endfacet
facet normal -1 0 0
outer loop
vertex -89.73205 0.00000 -34.00000
vertex -89.73205 0.00000 -32.00000
vertex -89.73205 9.91858 -32.25109
endloop
endfacet
facet normal -1 0 0
outer loop
vertex -89.73205 0.00000 -32.00000
vertex -89.73205 9.23454 -30.37170
vertex -89.73205 9.91858 -32.25109
endloop
endfacet
facet normal -1 0 0
outer loop
vertex -89.73205 9.91858 -32.25109
vertex -89.73205 9.23454 -30.37170
vertex -89.73205 18.64084 -27.21529
endloop
endfacet
facet normal -1 0 0
outer loop
vertex -89.73205 9.23454 -30.37170
vertex -89.73205 17.35526 -25.68320
vertex -89.73205 18.64084 -27.21529
endloop
endfacet
facet normal -1 0 0
outer loop
vertex -89.73205 18.64084 -27.21529
vertex -89.73205 17.35526 -25.68320
vertex -89.73205 25.11474 -19.50000
endloop
endfacet
facet normal -1 0 0
outer loop
vertex -89.73205 17.35526 -25.68320
vertex -89.73205 23.38269 -18.50000
vertex -89.73205 25.11474 -19.50000
endloop
endfacet
facet normal -1 0 0
outer loop
vertex -89.73205 25.11474 -19.50000
vertex -89.73205 23.38269 -18.50000
vertex -89.73205 28.55943 -10.03580
endloop
endfacet
facet normal -1 0 0
outer loop
vertex -89.73205 23.38269 -18.50000
vertex -89.73205 26.58981 -9.68850
vertex -89.73205 28.55943 -10.03580
endloop
endfacet
facet normal -0.9999999999999999 0 0
outer loop
vertex -89.73205 28.55943 -10.03580
vertex -89.73205 26.58981 -9.68850
vertex -89.73205 28.55943 0.03580
endloop
endfacet
facet normal -1 0 0
outer loop
vertex -89.73205 26.58981 -9.68850
vertex -89.73205 26.58981 -0.31150
vertex -89.73205 28.55943 0.03580
endloop
endfacet
facet normal -1 0 0
outer loop
vertex -89.73205 28.55943 0.03580
vertex -89.73205 26.58981 -0.31150
vertex -89.73205 25.11474 9.50000
endloop
endfacet
facet normal -1 0 0
outer loop
vertex -89.73205 26.58981 -0.31150
vertex -89.73205 23.38269 8.50000
vertex -89.73205 25.11474 9.50000
endloop
endfacet
facet normal -1 0 0
outer loop
vertex -89.73205 25.11474 9.50000
vertex -89.73205 23.38269 8.50000
vertex -89.73205 18.64084 17.21529
endloop
endfacet
facet normal -1 0 0
outer loop
vertex -89.73205 23.38269 8.50000
vertex -89.73205 17.35526 15.68320
vertex -89.73205 18.64084 17.21529
endloop
endfacet
facet normal -1 0 0
outer loop
vertex -89.73205 18.64084 17.21529
vertex -89.73205 17.35526 15.68320
vertex -89.73205 9.91858 22.25109
endloop
endfacet
facet normal -1 0 0
outer loop
vertex -89.73205 17.35526 15.68320
vertex -89.73205 9.23454 20.37170
vertex -89.73205 9.91858 22.25109
endloop
endfacet
facet normal -1 0 0
outer loop
vertex -89.73205 9.91858 22.25109
vertex -89.73205 9.23454 20.37170
vertex -89.73205 0.00000 24.00000
endloop
endfacet
facet normal -1 0 0
outer loop
vertex -89.73205 9.23454 20.37170
vertex -89.73205 0.00000 22.00000
vertex -89.73205 0.00000 24.00000
endloop
endfacet
facet normal -1 0 0
outer loop
vertex -89.73205 0.00000 24.00000
vertex -89.73205 0.00000 22.00000
vertex -89.73205 -9.91858 22.25109
endloop
endfacet
facet normal -1 0 0
outer loop
vertex -89.73205 0.00000 22.00000
vertex -89.73205 -9.23454 20.37170
vertex -89.73205 -9.91858 22.25109
endloop
endfacet
facet normal -1 0 0
outer loop
vertex -89.73205 -9.91858 22.25109
vertex -89.73205 -9.23454 20.37170
vertex -89.73205 -18.64084 17.21529
endloop
endfacet
facet normal -1 0 0
outer loop
vertex -89.73205 -9.23454 20.37170
vertex -89.73205 -17.35526 15.68320
vertex -89.73205 -18.64084 17.21529
endloop
endfacet
facet normal -1 0 0
outer loop
vertex -89.73205 -18.64084 17.21529
vertex -89.73205 -17.35526 15.68320
vertex -89.73205 -25.11474 9.50000
endloop
endfacet
facet normal -1 0 0
outer loop
vertex -89.73205 -17.35526 15.68320
vertex -89.73205 -23.38269 8.50000
vertex -89.73205 -25.11474 9.50000
endloop
endfacet
facet normal -1 0 0
outer loop
vertex -89.73205 -25.11474 9.50000
vertex -89.73205 -23.38269 8.50000
vertex -89.73205 -28.55943 0.03580
endloop
endfacet
facet normal -1 0 0
outer loop
vertex -89.73205 -23.38269 8.50000
vertex -89.73205 -26.58981 -0.31150
vertex -89.73205 -28.55943 0.03580
endloop
endfacet
facet normal -0.9999999999999999 0 0
outer loop
vertex -89.73205 -28.55943 0.03580
vertex -89.73205 -26.58981 -0.31150
vertex -89.73205 -28.55943 -10.03580
endloop
endfacet
facet normal -1 0 0
outer loop
vertex -89.73205 -26.58981 -0.31150
vertex -89.73205 -26.58981 -9.68850
vertex -89.73205 -28.55943 -10.03580
endloop
endfacet
facet normal -1 0 0
outer loop
vertex -89.73205 -28.55943 -10.03580
vertex -89.73205 -26.58981 -9.68850
vertex -89.73205 -25.11474 -19.50000
endloop
endfacet
facet normal -1 0 0
outer loop
vertex -89.73205 -26.58981 -9.68850
vertex -89.73205 -23.38269 -18.50000
vertex -89.73205 -25.11474 -19.50000
endloop
endfacet
facet normal -1 0 0
outer loop
vertex -89.73205 -25.11474 -19.50000
vertex -89.73205 -23.38269 -18.50000
vertex -89.73205 -18.64084 -27.21529
endloop
endfacet
facet normal -1 0 0
outer loop
vertex -89.73205 -23.38269 -18.50000
vertex -89.73205 -17.35526 -25.68320
vertex -89.73205 -18.64084 -27.21529
endloop
endfacet
facet normal -1 0 0
outer loop
vertex -89.73205 -18.64084 -27.21529
vertex -89.73205 -17.35526 -25.68320
vertex -89.73205 -9.91858 -32.25109
endloop
endfacet
facet normal -1 0 0
outer loop
vertex -89.73205 -17.35526 -25.68320
vertex -89.73205 -9.23454 -30.37170
vertex -89.73205 -9.91858 -32.25109
endloop
endfacet
facet normal -1 0 0
outer loop
vertex -89.73205 -9.91858 -32.25109
vertex -89.73205 -9.23454 -30.37170
vertex -89.73205 -0.00000 -34.00000
endloop
endfacet
facet normal -1 0 0
outer loop
vertex -89.73205 -9.23454 -30.37170
vertex -89.73205 -0.00000 -32.00000
vertex -89.73205 -0.00000 -34.00000
endloop
endfacet
facet normal -0.49427041735526006 0.1509537823928072 -0.8561014601720768
outer loop
vertex -88.00000 0.00000 -35.00000
vertex -89.73205 0.00000 -34.00000
vertex -88.00000 10.26060 -33.19078
endloop
endfacet
facet normal -0.4942707250082948 0.1509538197976854 -0.8561012759529463
outer loop
vertex -89.73205 0.00000 -34.00000
vertex -89.73205 9.91858 -32.25109
vertex -88.00000 10.26060 -33.19078
endloop
endfacet
facet normal -0.4942706675865343 0.4346540496251304 -0.7528428549890317
outer loop
vertex -88.00000 10.26060 -33.19078
vertex -89.73205 9.91858 -32.25109
vertex -88.00000 19.28363 -27.98133
endloop
endfacet
facet normal -0.4942705348742729 0.43465406164204745 -0.7528429351818157
outer loop
vertex -89.73205 9.91858 -32.25109
vertex -89.73205 18.64084 -27.21529
vertex -88.00000 19.28363 -27.98133
endloop
endfacet
facet normal -0.49427055650476864 0.6659286331055646 -0.5587805227301866
outer loop
vertex -88.00000 19.28363 -27.98133
vertex -89.73205 18.64084 -27.21529
vertex -88.00000 25.98076 -20.00000
endloop
endfacet
facet normal -0.4942705655751488 0.6659286304592168 -0.558780517860756
outer loop
vertex -89.73205 18.64084 -27.21529
vertex -89.73205 25.11474 -19.50000
vertex -88.00000 25.98076 -20.00000
endloop
endfacet
facet normal -0.4942706052406594 0.8168823934541474 -0.2973209109021022
outer loop
vertex -88.00000 25.98076 -20.00000
vertex -89.73205 25.11474 -19.50000
vertex -88.00000 29.54423 -10.20945
endloop
endfacet
facet normal -0.49427051306005954 0.8168824356521592 -0.2973209482063811
outer loop
vertex -89.73205 25.11474 -19.50000
vertex -89.73205 28.55943 -10.03580
vertex -88.00000 29.54423 -10.20945
endloop
endfacet
facet normal -0.49427049870574097 0.8693081583127918 0
outer loop
vertex -88.00000 29.54423 -10.20945
vertex -89.73205 28.55943 -10.03580
vertex -88.00000 29.54423 0.20945
endloop
endfacet
facet normal -0.4942704987057411 0.869308158312792 0
outer loop
vertex -89.73205 28.55943 -10.03580
vertex -89.73205 28.55943 0.03580
vertex -88.00000 29.54423 0.20945
endloop
endfacet
facet normal -0.4942705146224422 0.8168824418705289 0.29732092852422604
outer loop
vertex -88.00000 29.54423 0.20945
vertex -89.73205 28.55943 0.03580
vertex -88.00000 25.98076 10.00000
endloop
endfacet
facet normal -0.49427060680304025 0.8168823855662489 0.29732092997659715
outer loop
vertex -89.73205 28.55943 0.03580
vertex -89.73205 25.11474 9.50000
vertex -88.00000 25.98076 10.00000
endloop
endfacet
facet normal -0.4942705654214132 0.665928629221858 0.5587805194713696
outer loop
vertex -88.00000 25.98076 10.00000
vertex -89.73205 25.11474 9.50000
vertex -88.00000 19.28363 17.98133
endloop
endfacet
facet normal -0.4942705563510334 0.6659286344768443 0.558780521231946
outer loop
vertex -89.73205 25.11474 9.50000
vertex -89.73205 18.64084 17.21529
vertex -88.00000 19.28363 17.98133
endloop
endfacet
facet normal -0.4942705371236359 0.4346540867143846 0.7528429192295009
outer loop
vertex -88.00000 19.28363 17.98133
vertex -89.73205 18.64084 17.21529
vertex -88.00000 10.26060 23.19078
endloop
endfacet
facet normal -0.49427066983590107 0.43465402327385316 0.7528428687261522
outer loop
vertex -89.73205 18.64084 17.21529
vertex -89.73205 9.91858 22.25109
vertex -88.00000 10.26060 23.19078
endloop
endfacet
facet normal -0.4942707197938465 0.1509537525322144 0.8561012908242318
outer loop
vertex -88.00000 10.26060 23.19078
vertex -89.73205 9.91858 22.25109
vertex -88.00000 0.00000 25.00000
endloop
endfacet
facet normal -0.49427041214080203 0.15095385068796746 0.8561014511403637
outer loop
vertex -89.73205 9.91858 22.25109
vertex -89.73205 0.00000 24.00000
vertex -88.00000 0.00000 25.00000
endloop
endfacet
facet normal -0.4942704173552631 -0.15095378239280752 0.856101460172075
outer loop
vertex -88.00000 0.00000 25.00000
vertex -89.73205 0.00000 24.00000
vertex -88.00000 -10.26060 23.19078
endloop
endfacet
facet normal -0.4942707250082947 -0.15095381979768535 0.8561012759529463
outer loop
vertex -89.73205 0.00000 24.00000
vertex -89.73205 -9.91858 22.25109
vertex -88.00000 -10.26060 23.19078
endloop
endfacet
facet normal -0.4942706675865343 -0.4346540496251304 0.7528428549890317
outer loop
vertex -88.00000 -10.26060 23.19078
vertex -89.73205 -9.91858 22.25109
vertex -88.00000 -19.28363 17.98133
endloop
endfacet
facet normal -0.4942705348742729 -0.43465406164204745 0.7528429351818157
outer loop
vertex -89.73205 -9.91858 22.25109
vertex -89.73205 -18.64084 17.21529
vertex -88.00000 -19.28363 17.98133
endloop
endfacet
facet normal -0.49427055650476864 -0.6659286331055646 0.5587805227301866
outer loop
vertex -88.00000 -19.28363 17.98133
vertex -89.73205 -18.64084 17.21529
vertex -88.00000 -25.98076 10.00000
endloop
endfacet
facet normal -0.4942705655751488 -0.6659286304592168 0.558780517860756
outer loop
vertex -89.73205 -18.64084 17.21529
vertex -89.73205 -25.11474 9.50000
vertex -88.00000 -25.98076 10.00000
endloop
endfacet
facet normal -0.4942706052406594 -0.8168823934541474 0.2973209109021022
outer loop
vertex -88.00000 -25.98076 10.00000
vertex -89.73205 -25.11474 9.50000
vertex -88.00000 -29.54423 0.20945
endloop
endfacet
facet normal -0.49427051306005954 -0.8168824356521592 0.2973209482063811
outer loop
vertex -89.73205 -25.11474 9.50000
vertex -89.73205 -28.55943 0.03580
vertex -88.00000 -29.54423 0.20945
endloop
endfacet
facet normal -0.49427049870574097 -0.8693081583127918 0
outer loop
vertex -88.00000 -29.54423 0.20945
vertex -89.73205 -28.55943 0.03580
vertex -88.00000 -29.54423 -10.20945
endloop
endfacet
facet normal -0.4942704987057411 -0.869308158312792 0
outer loop
vertex -89.73205 -28.55943 0.03580
vertex -89.73205 -28.55943 -10.03580
vertex -88.00000 -29.54423 -10.20945
endloop
endfacet
facet normal -0.4942705146224422 -0.8168824418705289 -0.29732092852422604
outer loop
vertex -88.00000 -29.54423 -10.20945
vertex -89.73205 -28.55943 -10.03580
vertex -88.00000 -25.98076 -20.00000
endloop
endfacet
facet normal -0.49427060680304025 -0.8168823855662489 -0.29732092997659715
outer loop
vertex -89.73205 -28.55943 -10.03580
vertex -89.73205 -25.11474 -19.50000
vertex -88.00000 -25.98076 -20.00000
endloop
endfacet
facet normal -0.4942705654214132 -0.665928629221858 -0.5587805194713696
outer loop
vertex -88.00000 -25.98076 -20.00000
vertex -89.73205 -25.11474 -19.50000
vertex -88.00000 -19.28363 -27.98133
endloop
endfacet
facet normal -0.4942705563510334 -0.6659286344768443 -0.558780521231946
outer loop
vertex -89.73205 -25.11474 -19.50000
vertex -89.73205 -18.64084 -27.21529
vertex -88.00000 -19.28363 -27.98133
endloop
endfacet
facet normal -0.4942705371236359 -0.4346540867143846 -0.7528429192295009
outer loop
vertex -88.00000 -19.28363 -27.98133
vertex -89.73205 -18.64084 -27.21529
vertex -88.00000 -10.26060 -33.19078
endloop
endfacet
facet normal -0.49427066983590107 -0.43465402327385316 -0.7528428687261522
outer loop
vertex -89.73205 -18.64084 -27.21529
vertex -89.73205 -9.91858 -32.25109
vertex -88.00000 -10.26060 -33.19078
endloop
endfacet
facet normal -0.4942707197938464 -0.15095375253221377 -0.8561012908242319
outer loop
vertex -88.00000 -10.26060 -33.19078
vertex -89.73205 -9.91858 -32.25109
vertex -88.00000 -0.00000 -35.00000
endloop
endfacet
facet normal -0.494270412140799 -0.15095385068796782 -0.8561014511403654
outer loop
vertex -89.73205 -9.91858 -32.25109
vertex -89.73205 -0.00000 -34.00000
vertex -88.00000 -0.00000 -35.00000
endloop
endfacet
facet normal 0.494270412140799 0.1509538506879677 -0.8561014511403654
outer loop
vertex -71.26795 0.00000 -34.00000
vertex -73.00000 0.00000 -35.00000
vertex -71.26795 9.91858 -32.25109
endloop
endfacet
facet normal 0.4942707197938464 0.1509537525322137 -0.8561012908242318
outer loop
vertex -73.00000 0.00000 -35.00000
vertex -73.00000 10.26060 -33.19078
vertex -71.26795 9.91858 -32.25109
endloop
endfacet
facet normal 0.49427066983590107 0.43465402327385316 -0.7528428687261522
outer loop
vertex -71.26795 9.91858 -32.25109
vertex -73.00000 10.26060 -33.19078
vertex -71.26795 18.64084 -27.21529
endloop
endfacet
facet normal 0.4942705371236359 0.4346540867143846 -0.7528429192295009
outer loop
vertex -73.00000 10.26060 -33.19078
vertex -73.00000 19.28363 -27.98133
vertex -71.26795 18.64084 -27.21529
endloop
endfacet
facet normal 0.4942705563510334 0.6659286344768443 -0.558780521231946
outer loop
vertex -71.26795 18.64084 -27.21529
vertex -73.00000 19.28363 -27.98133
vertex -71.26795 25.11474 -19.50000
endloop
endfacet
facet normal 0.4942705654214132 0.665928629221858 -0.5587805194713696
outer loop
vertex -73.00000 19.28363 -27.98133
vertex -73.00000 25.98076 -20.00000
vertex -71.26795 25.11474 -19.50000
endloop
endfacet
facet normal 0.49427060680304025 0.8168823855662489 -0.29732092997659715
outer loop
vertex -71.26795 25.11474 -19.50000
vertex -73.00000 25.98076 -20.00000
vertex -71.26795 28.55943 -10.03580
endloop
endfacet
facet normal 0.4942705146224422 0.8168824418705289 -0.29732092852422604
outer loop
vertex -73.00000 25.98076 -20.00000
vertex -73.00000 29.54423 -10.20945
vertex -71.26795 28.55943 -10.03580
endloop
endfacet
facet normal 0.4942704987057411 0.869308158312792 0
outer loop
vertex -71.26795 28.55943 -10.03580
vertex -73.00000 29.54423 -10.20945
vertex -71.26795 28.55943 0.03580
endloop
endfacet
facet normal 0.49427049870574097 0.8693081583127918 0
outer loop
vertex -73.00000 29.54423 -10.20945
vertex -73.00000 29.54423 0.20945
vertex -71.26795 28.55943 0.03580
endloop
endfacet
facet normal 0.49427051306005954 0.8168824356521592 0.2973209482063811
outer loop
vertex -71.26795 28.55943 0.03580
vertex -73.00000 29.54423 0.20945
vertex -71.26795 25.11474 9.50000
endloop
endfacet
facet normal 0.4942706052406594 0.8168823934541474 0.2973209109021022
outer loop
vertex -73.00000 29.54423 0.20945
vertex -73.00000 25.98076 10.00000
vertex -71.26795 25.11474 9.50000
endloop
endfacet
facet normal 0.4942705655751488 0.6659286304592168 0.558780517860756
outer loop
vertex -71.26795 25.11474 9.50000
vertex -73.00000 25.98076 10.00000
vertex -71.26795 18.64084 17.21529
endloop
endfacet
facet normal 0.49427055650476864 0.6659286331055646 0.5587805227301866
outer loop
vertex -73.00000 25.98076 10.00000
vertex -73.00000 19.28363 17.98133
vertex -71.26795 18.64084 17.21529
endloop
endfacet
facet normal 0.4942705348742729 0.43465406164204745 0.7528429351818157
outer loop
vertex -71.26795 18.64084 17.21529
vertex -73.00000 19.28363 17.98133
vertex -71.26795 9.91858 22.25109
endloop
endfacet
facet normal 0.4942706675865343 0.4346540496251304 0.7528428549890317
outer loop
vertex -73.00000 19.28363 17.98133
vertex -73.00000 10.26060 23.19078
vertex -71.26795 9.91858 22.25109
endloop
endfacet
facet normal 0.49427072500829466 0.15095381979768543 0.856101275952946
outer loop
vertex -71.26795 9.91858 22.25109
vertex -73.00000 10.26060 23.19078
vertex -71.26795 0.00000 24.00000
endloop
endfacet
facet normal 0.4942704173552601 0.15095378239280727 0.8561014601720768
outer loop
vertex -73.00000 10.26060 23.19078
vertex -73.00000 0.00000 25.00000
vertex -71.26795 0.00000 24.00000
endloop
endfacet
facet normal 0.49427041214079903 -0.15095385068796768 0.8561014511403655
outer loop
vertex -71.26795 0.00000 24.00000
vertex -73.00000 0.00000 25.00000
vertex -71.26795 -9.91858 22.25109
endloop
endfacet
facet normal 0.4942707197938464 -0.15095375253221363 0.8561012908242319
outer loop
vertex -73.00000 0.00000 25.00000
vertex -73.00000 -10.26060 23.19078
vertex -71.26795 -9.91858 22.25109
endloop
endfacet
facet normal 0.49427066983590107 -0.43465402327385316 0.7528428687261522
outer loop
vertex -71.26795 -9.91858 22.25109
vertex -73.00000 -10.26060 23.19078
vertex -71.26795 -18.64084 17.21529
endloop
endfacet
facet normal 0.4942705371236359 -0.4346540867143846 0.7528429192295009
outer loop
vertex -73.00000 -10.26060 23.19078
vertex -73.00000 -19.28363 17.98133
vertex -71.26795 -18.64084 17.21529
endloop
endfacet
facet normal 0.4942705563510334 -0.6659286344768443 0.558780521231946
outer loop
vertex -71.26795 -18.64084 17.21529
vertex -73.00000 -19.28363 17.98133
vertex -71.26795 -25.11474 9.50000
endloop
endfacet
facet normal 0.4942705654214132 -0.665928629221858 0.5587805194713696
outer loop
vertex -73.00000 -19.28363 17.98133
vertex -73.00000 -25.98076 10.00000
vertex -71.26795 -25.11474 9.50000
endloop
endfacet
facet normal 0.49427060680304025 -0.8168823855662489 0.29732092997659715
outer loop
vertex -71.26795 -25.11474 9.50000
vertex -73.00000 -25.98076 10.00000
vertex -71.26795 -28.55943 0.03580
endloop
endfacet
facet normal 0.4942705146224422 -0.8168824418705289 0.29732092852422604
outer loop
vertex -73.00000 -25.98076 10.00000
vertex -73.00000 -29.54423 0.20945
vertex -71.26795 -28.55943 0.03580
endloop
endfacet
facet normal 0.4942704987057411 -0.869308158312792 0
outer loop
vertex -71.26795 -28.55943 0.03580
vertex -73.00000 -29.54423 0.20945
vertex -71.26795 -28.55943 -10.03580
endloop
endfacet
facet normal 0.49427049870574097 -0.8693081583127918 0
outer loop
vertex -73.00000 -29.54423 0.20945
vertex -73.00000 -29.54423 -10.20945
vertex -71.26795 -28.55943 -10.03580
endloop
endfacet
facet normal 0.49427051306005954 -0.8168824356521592 -0.2973209482063811
outer loop
vertex -71.26795 -28.55943 -10.03580
vertex -73.00000 -29.54423 -10.20945
vertex -71.26795 -25.11474 -19.50000
endloop
endfacet
facet normal 0.4942706052406594 -0.8168823934541474 -0.2973209109021022
outer loop
vertex -73.00000 -29.54423 -10.20945
vertex -73.00000 -25.98076 -20.00000
vertex -71.26795 -25.11474 -19.50000
endloop
endfacet
facet normal 0.4942705655751488 -0.6659286304592168 -0.558780517860756
outer loop
vertex -71.26795 -25.11474 -19.50000
vertex -73.00000 -25.98076 -20.00000
vertex -71.26795 -18.64084 -27.21529
endloop
endfacet
facet normal 0.49427055650476864 -0.6659286331055646 -0.5587805227301866
outer loop
vertex -73.00000 -25.98076 -20.00000
vertex -73.00000 -19.28363 -27.98133
vertex -71.26795 -18.64084 -27.21529
endloop
endfacet
facet normal 0.4942705348742729 -0.43465406164204745 -0.7528429351818157
outer loop
vertex -71.26795 -18.64084 -27.21529
vertex -73.00000 -19.28363 -27.98133
vertex -71.26795 -9.91858 -32.25109
endloop
endfacet
facet normal 0.4942706675865343 -0.4346540496251304 -0.7528428549890317
outer loop
vertex -73.00000 -19.28363 -27.98133
vertex -73.00000 -10.26060 -33.19078
vertex -71.26795 -9.91858 -32.25109
endloop
endfacet
facet normal 0.4942707250082947 -0.1509538197976855 -0.8561012759529463
outer loop
vertex -71.26795 -9.91858 -32.25109
vertex -73.00000 -10.26060 -33.19078
vertex -71.26795 -0.00000 -34.00000
endloop
endfacet
facet normal 0.49427041735526 -0.15095378239280732 -0.8561014601720769
outer loop
vertex -73.00000 -10.26060 -33.19078
vertex -73.00000 -0.00000 -35.00000
vertex -71.26795 -0.00000 -34.00000
endloop
endfacet
facet normal 1 0 0
outer loop
vertex -71.26795 0.00000 -32.00000
vertex -71.26795 0.00000 -34.00000
vertex -71.26795 9.23454 -30.37170
endloop
endfacet
facet normal 1 0 0
outer loop
vertex -71.26795 0.00000 -34.00000
vertex -71.26795 9.91858 -32.25109
vertex -71.26795 9.23454 -30.37170
endloop
endfacet
facet normal 1 0 0
outer loop
vertex -71.26795 9.23454 -30.37170
vertex -71.26795 9.91858 -32.25109
vertex -71.26795 17.35526 -25.68320
endloop
endfacet
facet normal 1 0 0
outer loop
vertex -71.26795 9.91858 -32.25109
vertex -71.26795 18.64084 -27.21529
vertex -71.26795 17.35526 -25.68320
endloop
endfacet
facet normal 1 0 0
outer loop
vertex -71.26795 17.35526 -25.68320
vertex -71.26795 18.64084 -27.21529
vertex -71.26795 23.38269 -18.50000
endloop
endfacet
facet normal 1 0 0
outer loop
vertex -71.26795 18.64084 -27.21529
vertex -71.26795 25.11474 -19.50000
vertex -71.26795 23.38269 -18.50000
endloop
endfacet
facet normal 1 0 0
outer loop
vertex -71.26795 23.38269 -18.50000
vertex -71.26795 25.11474 -19.50000
vertex -71.26795 26.58981 -9.68850
endloop
endfacet
facet normal 1 0 0
outer loop
vertex -71.26795 25.11474 -19.50000
vertex -71.26795 28.55943 -10.03580
vertex -71.26795 26.58981 -9.68850
endloop
endfacet
facet normal 1 0 0
outer loop
vertex -71.26795 26.58981 -9.68850
vertex -71.26795 28.55943 -10.03580
vertex -71.26795 26.58981 -0.31150
endloop
endfacet
facet normal 0.9999999999999999 0 0
outer loop
vertex -71.26795 28.55943 -10.03580
vertex -71.26795 28.55943 0.03580
vertex -71.26795 26.58981 -0.31150
endloop
endfacet
facet normal 1 0 0
outer loop
vertex -71.26795 26.58981 -0.31150
vertex -71.26795 28.55943 0.03580
vertex -71.26795 23.38269 8.50000
endloop
endfacet
facet normal 1 0 0
outer loop
vertex -71.26795 28.55943 0.03580
vertex -71.26795 25.11474 9.50000
vertex -71.26795 23.38269 8.50000
endloop
endfacet
facet normal 1 0 0
outer loop
vertex -71.26795 23.38269 8.50000
vertex -71.26795 25.11474 9.50000
vertex -71.26795 17.35526 15.68320
endloop
endfacet
facet normal 1 0 0
outer loop
vertex -71.26795 25.11474 9.50000
vertex -71.26795 18.64084 17.21529
vertex -71.26795 17.35526 15.68320
endloop
endfacet
facet normal 1 0 0
outer loop
vertex -71.26795 17.35526 15.68320
vertex -71.26795 18.64084 17.21529
vertex -71.26795 9.23454 20.37170
endloop
endfacet
facet normal 1 0 0
outer loop
vertex -71.26795 18.64084 17.21529
vertex -71.26795 9.91858 22.25109
vertex -71.26795 9.23454 20.37170
endloop
endfacet
facet normal 1 0 0
outer loop
vertex -71.26795 9.23454 20.37170
vertex -71.26795 9.91858 22.25109
vertex -71.26795 0.00000 22.00000
endloop
endfacet
facet normal 0.9999999999999999 0 0
outer loop
vertex -71.26795 9.91858 22.25109
vertex -71.26795 0.00000 24.00000
vertex -71.26795 0.00000 22.00000
endloop
endfacet
facet normal 1 0 0
outer loop
vertex -71.26795 0.00000 22.00000
vertex -71.26795 0.00000 24.00000
vertex -71.26795 -9.23454 20.37170
endloop
endfacet
facet normal 0.9999999999999999 0 0
outer loop
vertex -71.26795 0.00000 24.00000
vertex -71.26795 -9.91858 22.25109
vertex -71.26795 -9.23454 20.37170
endloop
endfacet
facet normal 1 0 0
outer loop
vertex -71.26795 -9.23454 20.37170
vertex -71.26795 -9.91858 22.25109
vertex -71.26795 -17.35526 15.68320
endloop
endfacet
facet normal 1 0 0
outer loop
vertex -71.26795 -9.91858 22.25109
vertex -71.26795 -18.64084 17.21529
vertex -71.26795 -17.35526 15.68320
endloop
endfacet
facet normal 1 0 0
outer loop
vertex -71.26795 -17.35526 15.68320
vertex -71.26795 -18.64084 17.21529
vertex -71.26795 -23.38269 8.50000
endloop
endfacet
facet normal 1 0 0
outer loop
vertex -71.26795 -18.64084 17.21529
vertex -71.26795 -25.11474 9.50000
vertex -71.26795 -23.38269 8.50000
endloop
endfacet
facet normal 1 0 0
outer loop
vertex -71.26795 -23.38269 8.50000
vertex -71.26795 -25.11474 9.50000
vertex -71.26795 -26.58981 -0.31150
endloop
endfacet
facet normal 1 0 0
outer loop
vertex -71.26795 -25.11474 9.50000
vertex -71.26795 -28.55943 0.03580
vertex -71.26795 -26.58981 -0.31150
endloop
endfacet
facet normal 1 0 0
outer loop
vertex -71.26795 -26.58981 -0.31150
vertex -71.26795 -28.55943 0.03580
vertex -71.26795 -26.58981 -9.68850
endloop
endfacet
facet normal 0.9999999999999999 0 0
outer loop
vertex -71.26795 -28.55943 0.03580
vertex -71.26795 -28.55943 -10.03580
vertex -71.26795 -26.58981 -9.68850
endloop
endfacet
facet normal 1 0 0
outer loop
vertex -71.26795 -26.58981 -9.68850
vertex -71.26795 -28.55943 -10.03580
vertex -71.26795 -23.38269 -18.50000
endloop
endfacet
facet normal 1 0 0
outer loop
vertex -71.26795 -28.55943 -10.03580
vertex -71.26795 -25.11474 -19.50000
vertex -71.26795 -23.38269 -18.50000
endloop
endfacet
facet normal 1 0 0
outer loop
vertex -71.26795 -23.38269 -18.50000
vertex -71.26795 -25.11474 -19.50000
vertex -71.26795 -17.35526 -25.68320
endloop
endfacet
facet normal 1 0 0
outer loop
vertex -71.26795 -25.11474 -19.50000
vertex -71.26795 -18.64084 -27.21529
vertex -71.26795 -17.35526 -25.68320
endloop
endfacet
facet normal 1 0 0
outer loop
vertex -71.26795 -17.35526 -25.68320
vertex -71.26795 -18.64084 -27.21529
vertex -71.26795 -9.23454 -30.37170
endloop
endfacet
facet normal 1 0 0
outer loop
vertex -71.26795 -18.64084 -27.21529
vertex -71.26795 -9.91858 -32.25109
vertex -71.26795 -9.23454 -30.37170
endloop
endfacet
facet normal 1 0 0
outer loop
vertex -71.26795 -9.23454 -30.37170
vertex -71.26795 -9.91858 -32.25109
vertex -71.26795 -0.00000 -32.00000
endloop
endfacet
facet normal 1 0 0
outer loop
vertex -71.26795 -9.91858 -32.25109
vertex -71.26795 -0.00000 -34.00000
vertex -71.26795 -0.00000 -32.00000
endloop
endfacet
facet normal 0.4942704214919033 -0.15095372821408726 0.8561014673369529
outer loop
vertex -73.00000 0.00000 -31.00000
vertex -71.26795 0.00000 -32.00000
vertex -73.00000 8.89252 -29.43201
endloop
endfacet
facet normal 0.4942700109726779 -0.1509538694277354 0.8561016794504396
outer loop
vertex -71.26795 0.00000 -32.00000
vertex -71.26795 9.23454 -30.37170
vertex -73.00000 8.89252 -29.43201
endloop
endfacet
facet normal 0.4942700460294353 -0.4346541698196196 0.7528431936708184
outer loop
vertex -73.00000 8.89252 -29.43201
vertex -71.26795 9.23454 -30.37170
vertex -73.00000 16.71248 -24.91716
endloop
endfacet
facet normal 0.4942701681654517 -0.43465410875612226 0.7528431487389105
outer loop
vertex -71.26795 9.23454 -30.37170
vertex -71.26795 17.35526 -25.68320
vertex -73.00000 16.71248 -24.91716
endloop
endfacet
facet normal 0.49426999270401545 -0.6659289603611719 0.5587806314329992
outer loop
vertex -73.00000 16.71248 -24.91716
vertex -71.26795 17.35526 -25.68320
vertex -73.00000 22.51666 -18.00000
endloop
endfacet
facet normal 0.4942705642655495 -0.6659286199187561 0.5587805315807955
outer loop
vertex -71.26795 17.35526 -25.68320
vertex -71.26795 23.38269 -18.50000
vertex -73.00000 22.51666 -18.00000
endloop
endfacet
facet normal 0.4942706003279008 -0.8168824182568882 0.2973208509241743
outer loop
vertex -73.00000 22.51666 -18.00000
vertex -71.26795 23.38269 -18.50000
vertex -73.00000 25.60500 -9.51485
endloop
endfacet
facet normal 0.49427052103136404 -0.8168824673783979 0.2973208477876461
outer loop
vertex -71.26795 23.38269 -18.50000
vertex -71.26795 26.58981 -9.68850
vertex -73.00000 25.60500 -9.51485
endloop
endfacet
facet normal 0.494270498705741 -0.869308158312792 0
outer loop
vertex -73.00000 25.60500 -9.51485
vertex -71.26795 26.58981 -9.68850
vertex -73.00000 25.60500 -0.48515
endloop
endfacet
facet normal 0.494270498705741 -0.869308158312792 0
outer loop
vertex -71.26795 26.58981 -9.68850
vertex -71.26795 26.58981 -0.31150
vertex -73.00000 25.60500 -0.48515
endloop
endfacet
facet normal 0.4942705195352042 -0.8168824614235964 -0.29732086663556945
outer loop
vertex -73.00000 25.60500 -0.48515
vertex -71.26795 26.58981 -0.31150
vertex -73.00000 22.51666 8.00000
endloop
endfacet
facet normal 0.49427059883174085 -0.816882425810455 -0.297320832658155
outer loop
vertex -71.26795 26.58981 -0.31150
vertex -71.26795 23.38269 8.50000
vertex -73.00000 22.51666 8.00000
endloop
endfacet
facet normal 0.4942705750497413 -0.6659287067165959 -0.5587804185999722
outer loop
vertex -73.00000 22.51666 8.00000
vertex -71.26795 23.38269 8.50000
vertex -73.00000 16.71248 14.91716
endloop
endfacet
facet normal 0.4942700034882723 -0.6659288641690164 -0.5587807365311255
outer loop
vertex -71.26795 23.38269 8.50000
vertex -71.26795 17.35526 15.68320
vertex -73.00000 16.71248 14.91716
endloop
endfacet
facet normal 0.49427017046988597 -0.43465413444253637 -0.7528431323959056
outer loop
vertex -73.00000 16.71248 14.91716
vertex -71.26795 17.35526 15.68320
vertex -73.00000 8.89252 19.43201
endloop
endfacet
facet normal 0.49427004833388194 -0.434654142822948 -0.7528432077443952
outer loop
vertex -71.26795 17.35526 15.68320
vertex -71.26795 9.23454 20.37170
vertex -73.00000 8.89252 19.43201
endloop
endfacet
facet normal 0.49427000322702497 -0.15095376951047515 -0.8561017015404975
outer loop
vertex -73.00000 8.89252 19.43201
vertex -71.26795 9.23454 20.37170
vertex -73.00000 0.00000 21.00000
endloop
endfacet
facet normal 0.49427041374626085 -0.15095382966081727 -0.8561014539211069
outer loop
vertex -71.26795 9.23454 20.37170
vertex -71.26795 0.00000 22.00000
vertex -73.00000 0.00000 21.00000
endloop
endfacet
facet normal 0.4942704214919033 0.1509537282140872 -0.8561014673369528
outer loop
vertex -73.00000 0.00000 21.00000
vertex -71.26795 0.00000 22.00000
vertex -73.00000 -8.89252 19.43201
endloop
endfacet
facet normal 0.49427001097267803 0.15095386942773534 -0.8561016794504395
outer loop
vertex -71.26795 0.00000 22.00000
vertex -71.26795 -9.23454 20.37170
vertex -73.00000 -8.89252 19.43201
endloop
endfacet
facet normal 0.4942700460294353 0.4346541698196196 -0.7528431936708184
outer loop
vertex -73.00000 -8.89252 19.43201
vertex -71.26795 -9.23454 20.37170
vertex -73.00000 -16.71248 14.91716
endloop
endfacet
facet normal 0.4942701681654517 0.43465410875612226 -0.7528431487389105
outer loop
vertex -71.26795 -9.23454 20.37170
vertex -71.26795 -17.35526 15.68320
vertex -73.00000 -16.71248 14.91716
endloop
endfacet
facet normal 0.49426999270401545 0.6659289603611719 -0.5587806314329992
outer loop
vertex -73.00000 -16.71248 14.91716
vertex -71.26795 -17.35526 15.68320
vertex -73.00000 -22.51666 8.00000
endloop
endfacet
facet normal 0.4942705642655495 0.6659286199187561 -0.5587805315807955
outer loop
vertex -71.26795 -17.35526 15.68320
vertex -71.26795 -23.38269 8.50000
vertex -73.00000 -22.51666 8.00000
endloop
endfacet
facet normal 0.4942706003279008 0.8168824182568882 -0.2973208509241743
outer loop
vertex -73.00000 -22.51666 8.00000
vertex -71.26795 -23.38269 8.50000
vertex -73.00000 -25.60500 -0.48515
endloop
endfacet
facet normal 0.49427052103136404 0.8168824673783979 -0.2973208477876461
outer loop
vertex -71.26795 -23.38269 8.50000
vertex -71.26795 -26.58981 -0.31150
vertex -73.00000 -25.60500 -0.48515
endloop
endfacet
facet normal 0.494270498705741 0.869308158312792 0
outer loop
vertex -73.00000 -25.60500 -0.48515
vertex -71.26795 -26.58981 -0.31150
vertex -73.00000 -25.60500 -9.51485
endloop
endfacet
facet normal 0.494270498705741 0.869308158312792 0
outer loop
vertex -71.26795 -26.58981 -0.31150
vertex -71.26795 -26.58981 -9.68850
vertex -73.00000 -25.60500 -9.51485
endloop
endfacet
facet normal 0.4942705195352042 0.8168824614235964 0.29732086663556945
outer loop
vertex -73.00000 -25.60500 -9.51485
vertex -71.26795 -26.58981 -9.68850
vertex -73.00000 -22.51666 -18.00000
endloop
endfacet
facet normal 0.49427059883174085 0.816882425810455 0.297320832658155
outer loop
vertex -71.26795 -26.58981 -9.68850
vertex -71.26795 -23.38269 -18.50000
vertex -73.00000 -22.51666 -18.00000
endloop
endfacet
facet normal 0.4942705750497413 0.6659287067165959 0.5587804185999722
outer loop
vertex -73.00000 -22.51666 -18.00000
vertex -71.26795 -23.38269 -18.50000
vertex -73.00000 -16.71248 -24.91716
endloop
endfacet
facet normal 0.4942700034882723 0.6659288641690164 0.5587807365311255
outer loop
vertex -71.26795 -23.38269 -18.50000
vertex -71.26795 -17.35526 -25.68320
vertex -73.00000 -16.71248 -24.91716
endloop
endfacet
facet normal 0.49427017046988597 0.43465413444253637 0.7528431323959056
outer loop
vertex -73.00000 -16.71248 -24.91716
vertex -71.26795 -17.35526 -25.68320
vertex -73.00000 -8.89252 -29.43201
endloop
endfacet
facet normal 0.49427004833388194 0.434654142822948 0.7528432077443952
outer loop
vertex -71.26795 -17.35526 -25.68320
vertex -71.26795 -9.23454 -30.37170
vertex -73.00000 -8.89252 -29.43201
endloop
endfacet
facet normal 0.494270003227025 0.1509537695104752 0.8561017015404976
outer loop
vertex -73.00000 -8.89252 -29.43201
vertex -71.26795 -9.23454 -30.37170
vertex -73.00000 -0.00000 -31.00000
endloop
endfacet
facet normal 0.49427041374626085 0.15095382966081736 0.8561014539211068
outer loop
vertex -71.26795 -9.23454 -30.37170
vertex -71.26795 -0.00000 -32.00000
vertex -73.00000 -0.00000 -31.00000
endloop
endfacet
facet normal -0.49427041374626085 -0.15095382966081722 0.8561014539211068
outer loop
vertex -74.73205 0.00000 -32.00000
vertex -73.00000 0.00000 -31.00000
vertex -74.73205 9.23454 -30.37170
endloop
endfacet
facet normal -0.49427000322702497 -0.15095376951047507 0.8561017015404975
outer loop
vertex -73.00000 0.00000 -31.00000
vertex -73.00000 8.89252 -29.43201
vertex -74.73205 9.23454 -30.37170
endloop
endfacet
facet normal -0.49427004833388194 -0.434654142822948 0.7528432077443952
outer loop
vertex -74.73205 9.23454 -30.37170
vertex -73.00000 8.89252 -29.43201
vertex -74.73205 17.35526 -25.68320
endloop
endfacet
facet normal -0.49427017046988597 -0.43465413444253637 0.7528431323959056
outer loop
vertex -73.00000 8.89252 -29.43201
vertex -73.00000 16.71248 -24.91716
vertex -74.73205 17.35526 -25.68320
endloop
endfacet
facet normal -0.4942700034882723 -0.6659288641690164 0.5587807365311255
outer loop
vertex -74.73205 17.35526 -25.68320
vertex -73.00000 16.71248 -24.91716
vertex -74.73205 23.38269 -18.50000
endloop
endfacet
facet normal -0.4942705750497413 -0.6659287067165959 0.5587804185999722
outer loop
vertex -73.00000 16.71248 -24.91716
vertex -73.00000 22.51666 -18.00000
vertex -74.73205 23.38269 -18.50000
endloop
endfacet
facet normal -0.49427059883174085 -0.816882425810455 0.297320832658155
outer loop
vertex -74.73205 23.38269 -18.50000
vertex -73.00000 22.51666 -18.00000
vertex -74.73205 26.58981 -9.68850
endloop
endfacet
facet normal -0.4942705195352042 -0.8168824614235964 0.29732086663556945
outer loop
vertex -73.00000 22.51666 -18.00000
vertex -73.00000 25.60500 -9.51485
vertex -74.73205 26.58981 -9.68850
endloop
endfacet
facet normal -0.494270498705741 -0.869308158312792 0
outer loop
vertex -74.73205 26.58981 -9.68850
vertex -73.00000 25.60500 -9.51485
vertex -74.73205 26.58981 -0.31150
endloop
endfacet
facet normal -0.494270498705741 -0.869308158312792 0
outer loop
vertex -73.00000 25.60500 -9.51485
vertex -73.00000 25.60500 -0.48515
vertex -74.73205 26.58981 -0.31150
endloop
endfacet
facet normal -0.49427052103136404 -0.8168824673783979 -0.2973208477876461
outer loop
vertex -74.73205 26.58981 -0.31150
vertex -73.00000 25.60500 -0.48515
vertex -74.73205 23.38269 8.50000
endloop
endfacet
facet normal -0.4942706003279008 -0.8168824182568882 -0.2973208509241743
outer loop
vertex -73.00000 25.60500 -0.48515
vertex -73.00000 22.51666 8.00000
vertex -74.73205 23.38269 8.50000
endloop
endfacet
facet normal -0.4942705642655495 -0.6659286199187561 -0.5587805315807955
outer loop
vertex -74.73205 23.38269 8.50000
vertex -73.00000 22.51666 8.00000
vertex -74.73205 17.35526 15.68320
endloop
endfacet
facet normal -0.49426999270401545 -0.6659289603611719 -0.5587806314329992
outer loop
vertex -73.00000 22.51666 8.00000
vertex -73.00000 16.71248 14.91716
vertex -74.73205 17.35526 15.68320
endloop
endfacet
facet normal -0.4942701681654517 -0.43465410875612226 -0.7528431487389105
outer loop
vertex -74.73205 17.35526 15.68320
vertex -73.00000 16.71248 14.91716
vertex -74.73205 9.23454 20.37170
endloop
endfacet
facet normal -0.4942700460294353 -0.4346541698196196 -0.7528431936708184
outer loop
vertex -73.00000 16.71248 14.91716
vertex -73.00000 8.89252 19.43201
vertex -74.73205 9.23454 20.37170
endloop
endfacet
facet normal -0.49427001097267786 -0.15095386942773545 -0.8561016794504395
outer loop
vertex -74.73205 9.23454 20.37170
vertex -73.00000 8.89252 19.43201
vertex -74.73205 0.00000 22.00000
endloop
endfacet
facet normal -0.4942704214919032 -0.1509537282140873 -0.8561014673369529
outer loop
vertex -73.00000 8.89252 19.43201
vertex -73.00000 0.00000 21.00000
vertex -74.73205 0.00000 22.00000
endloop
endfacet
facet normal -0.49427041374626085 0.15095382966081716 -0.8561014539211068
outer loop
vertex -74.73205 0.00000 22.00000
vertex -73.00000 0.00000 21.00000
vertex -74.73205 -9.23454 20.37170
endloop
endfacet
facet normal -0.49427000322702497 0.150953769510475 -0.8561017015404975
outer loop
vertex -73.00000 0.00000 21.00000
vertex -73.00000 -8.89252 19.43201
vertex -74.73205 -9.23454 20.37170
endloop
endfacet
facet normal -0.49427004833388194 0.434654142822948 -0.7528432077443952
outer loop
vertex -74.73205 -9.23454 20.37170
vertex -73.00000 -8.89252 19.43201
vertex -74.73205 -17.35526 15.68320
endloop
endfacet
facet normal -0.49427017046988597 0.43465413444253637 -0.7528431323959056
outer loop
vertex -73.00000 -8.89252 19.43201
vertex -73.00000 -16.71248 14.91716
vertex -74.73205 -17.35526 15.68320
endloop
endfacet
facet normal -0.4942700034882723 0.6659288641690164 -0.5587807365311255
outer loop
vertex -74.73205 -17.35526 15.68320
vertex -73.00000 -16.71248 14.91716
vertex -74.73205 -23.38269 8.50000
endloop
endfacet
facet normal -0.4942705750497413 0.6659287067165959 -0.5587804185999722
outer loop
vertex -73.00000 -16.71248 14.91716
vertex -73.00000 -22.51666 8.00000
vertex -74.73205 -23.38269 8.50000
endloop
endfacet
facet normal -0.49427059883174085 0.816882425810455 -0.297320832658155
outer loop
vertex -74.73205 -23.38269 8.50000
vertex -73.00000 -22.51666 8.00000
vertex -74.73205 -26.58981 -0.31150
endloop
endfacet
facet normal -0.4942705195352042 0.8168824614235964 -0.29732086663556945
outer loop
vertex -73.00000 -22.51666 8.00000
vertex -73.00000 -25.60500 -0.48515
vertex -74.73205 -26.58981 -0.31150
endloop
endfacet
facet normal -0.494270498705741 0.869308158312792 0
outer loop
vertex -74.73205 -26.58981 -0.31150
vertex -73.00000 -25.60500 -0.48515
vertex -74.73205 -26.58981 -9.68850
endloop
endfacet
facet normal -0.494270498705741 0.869308158312792 0
outer loop
vertex -73.00000 -25.60500 -0.48515
vertex -73.00000 -25.60500 -9.51485
vertex -74.73205 -26.58981 -9.68850
endloop
endfacet
facet normal -0.49427052103136404 0.8168824673783979 0.2973208477876461
outer loop
vertex -74.73205 -26.58981 -9.68850
vertex -73.00000 -25.60500 -9.51485
vertex -74.73205 -23.38269 -18.50000
endloop
endfacet
facet normal -0.4942706003279008 0.8168824182568882 0.2973208509241743
outer loop
vertex -73.00000 -25.60500 -9.51485
vertex -73.00000 -22.51666 -18.00000
vertex -74.73205 -23.38269 -18.50000
endloop
endfacet
facet normal -0.4942705642655495 0.6659286199187561 0.5587805315807955
outer loop
vertex -74.73205 -23.38269 -18.50000
vertex -73.00000 -22.51666 -18.00000
vertex -74.73205 -17.35526 -25.68320
endloop
endfacet
facet normal -0.49426999270401545 0.6659289603611719 0.5587806314329992
outer loop
vertex -73.00000 -22.51666 -18.00000
vertex -73.00000 -16.71248 -24.91716
vertex -74.73205 -17.35526 -25.68320
endloop
endfacet
facet normal -0.4942701681654517 0.43465410875612226 0.7528431487389105
outer loop
vertex -74.73205 -17.35526 -25.68320
vertex -73.00000 -16.71248 -24.91716
vertex -74.73205 -9.23454 -30.37170
endloop
endfacet
facet normal -0.4942700460294353 0.4346541698196196 0.7528431936708184
outer loop
vertex -73.00000 -16.71248 -24.91716
vertex -73.00000 -8.89252 -29.43201
vertex -74.73205 -9.23454 -30.37170
endloop
endfacet
facet normal -0.4942700109726779 0.15095386942773553 0.8561016794504396
outer loop
vertex -74.73205 -9.23454 -30.37170
vertex -73.00000 -8.89252 -29.43201
vertex -74.73205 -0.00000 -32.00000
endloop
endfacet
facet normal -0.4942704214919033 0.15095372821408737 0.8561014673369529
outer loop
vertex -73.00000 -8.89252 -29.43201
vertex -73.00000 -0.00000 -31.00000
vertex -74.73205 -0.00000 -32.00000
endloop
endfacet
facet normal -1 0 0
outer loop
vertex -74.73205 0.00000 -34.00000
vertex -74.73205 0.00000 -32.00000
vertex -74.73205 9.91858 -32.25109
endloop
endfacet
facet normal -1 0 0
outer loop
vertex -74.73205 0.00000 -32.00000
vertex -74.73205 9.23454 -30.37170
vertex -74.73205 9.91858 -32.25109
endloop
endfacet
facet normal -1 0 0
outer loop
vertex -74.73205 9.91858 -32.25109
vertex -74.73205 9.23454 -30.37170
vertex -74.73205 18.64084 -27.21529
endloop
endfacet
facet normal -1 0 0
outer loop
vertex -74.73205 9.23454 -30.37170
vertex -74.73205 17.35526 -25.68320
vertex -74.73205 18.64084 -27.21529
endloop
endfacet
facet normal -1 0 0
outer loop
vertex -74.73205 18.64084 -27.21529
vertex -74.73205 17.35526 -25.68320
vertex -74.73205 25.11474 -19.50000
endloop
endfacet
facet normal -1 0 0
outer loop
vertex -74.73205 17.35526 -25.68320
vertex -74.73205 23.38269 -18.50000
vertex -74.73205 25.11474 -19.50000
endloop
endfacet
facet normal -1 0 0
outer loop
vertex -74.73205 25.11474 -19.50000
vertex -74.73205 23.38269 -18.50000
vertex -74.73205 28.55943 -10.03580
endloop
endfacet
facet normal -1 0 0
outer loop
vertex -74.73205 23.38269 -18.50000
vertex -74.73205 26.58981 -9.68850
vertex -74.73205 28.55943 -10.03580
endloop
endfacet
facet normal -0.9999999999999999 0 0
outer loop
vertex -74.73205 28.55943 -10.03580
vertex -74.73205 26.58981 -9.68850
vertex -74.73205 28.55943 0.03580
endloop
endfacet
facet normal -1 0 0
outer loop
vertex -74.73205 26.58981 -9.68850
vertex -74.73205 26.58981 -0.31150
vertex -74.73205 28.55943 0.03580
endloop
endfacet
facet normal -1 0 0
outer loop
vertex -74.73205 28.55943 0.03580
vertex -74.73205 26.58981 -0.31150
vertex -74.73205 25.11474 9.50000
endloop
endfacet
facet normal -1 0 0
outer loop
vertex -74.73205 26.58981 -0.31150
vertex -74.73205 23.38269 8.50000
vertex -74.73205 25.11474 9.50000
endloop
endfacet
facet normal -1 0 0
outer loop
vertex -74.73205 25.11474 9.50000
vertex -74.73205 23.38269 8.50000
vertex -74.73205 18.64084 17.21529
endloop
endfacet
facet normal -1 0 0
outer loop
vertex -74.73205 23.38269 8.50000
vertex -74.73205 17.35526 15.68320
vertex -74.73205 18.64084 17.21529
endloop
endfacet
facet normal -1 0 0
outer loop
vertex -74.73205 18.64084 17.21529
vertex -74.73205 17.35526 15.68320
vertex -74.73205 9.91858 22.25109
endloop
endfacet
facet normal -1 0 0
outer loop
vertex -74.73205 17.35526 15.68320
vertex -74.73205 9.23454 20.37170
vertex -74.73205 9.91858 22.25109
endloop
endfacet
facet normal -1 0 0
outer loop
vertex -74.73205 9.91858 22.25109
vertex -74.73205 9.23454 20.37170
vertex -74.73205 0.00000 24.00000
endloop
endfacet
facet normal -1 0 0
outer loop
vertex -74.73205 9.23454 20.37170
vertex -74.73205 0.00000 22.00000
vertex -74.73205 0.00000 24.00000
endloop
endfacet
facet normal -1 0 0
outer loop
vertex -74.73205 0.00000 24.00000
vertex -74.73205 0.00000 22.00000
vertex -74.73205 -9.91858 22.25109
endloop
endfacet
facet normal -1 0 0
outer loop
vertex -74.73205 0.00000 22.00000
vertex -74.73205 -9.23454 20.37170
vertex -74.73205 -9.91858 22.25109
endloop
endfacet
facet normal -1 0 0
outer loop
vertex -74.73205 -9.91858 22.25109
vertex -74.73205 -9.23454 20.37170
vertex -74.73205 -18.64084 17.21529
endloop
endfacet
facet normal -1 0 0
outer loop
vertex -74.73205 -9.23454 20.37170
vertex -74.73205 -17.35526 15.68320
vertex -74.73205 -18.64084 17.21529
endloop
endfacet
facet normal -1 0 0
outer loop
vertex -74.73205 -18.64084 17.21529
vertex -74.73205 -17.35526 15.68320
vertex -74.73205 -25.11474 9.50000
endloop
endfacet
facet normal -1 0 0
outer loop
vertex -74.73205 -17.35526 15.68320
vertex -74.73205 -23.38269 8.50000
vertex -74.73205 -25.11474 9.50000
endloop
endfacet
facet normal -1 0 0
outer loop
vertex -74.73205 -25.11474 9.50000
vertex -74.73205 -23.38269 8.50000
vertex -74.73205 -28.55943 0.03580
endloop
endfacet
facet normal -1 0 0
outer loop
vertex -74.73205 -23.38269 8.50000
vertex -74.73205 -26.58981 -0.31150
vertex -74.73205 -28.55943 0.03580
endloop
endfacet
facet normal -0.9999999999999999 0 0
outer loop
vertex -74.73205 -28.55943 0.03580
vertex -74.73205 -26.58981 -0.31150
vertex -74.73205 -28.55943 -10.03580
endloop
endfacet
facet normal -1 0 0
outer loop
vertex -74.73205 -26.58981 -0.31150
vertex -74.73205 -26.58981 -9.68850
vertex -74.73205 -28.55943 -10.03580
endloop
endfacet
facet normal -1 0 0
outer loop
vertex -74.73205 -28.55943 -10.03580
vertex -74.73205 -26.58981 -9.68850
vertex -74.73205 -25.11474 -19.50000
endloop
endfacet
facet normal -1 0 0
outer loop
vertex -74.73205 -26.58981 -9.68850
vertex -74.73205 -23.38269 -18.50000
vertex -74.73205 -25.11474 -19.50000
endloop
endfacet
facet normal -1 0 0
outer loop
vertex -74.73205 -25.11474 -19.50000
vertex -74.73205 -23.38269 -18.50000
vertex -74.73205 -18.64084 -27.21529
endloop
endfacet
facet normal -1 0 0
outer loop
vertex -74.73205 -23.38269 -18.50000
vertex -74.73205 -17.35526 -25.68320
vertex -74.73205 -18.64084 -27.21529
endloop
endfacet
facet normal -1 0 0
outer loop
vertex -74.73205 -18.64084 -27.21529
vertex -74.73205 -17.35526 -25.68320
vertex -74.73205 -9.91858 -32.25109
endloop
endfacet
facet normal -1 0 0
outer loop
vertex -74.73205 -17.35526 -25.68320
vertex -74.73205 -9.23454 -30.37170
vertex -74.73205 -9.91858 -32.25109
endloop
endfacet
facet normal -1 0 0
outer loop
vertex -74.73205 -9.91858 -32.25109
vertex -74.73205 -9.23454 -30.37170
vertex -74.73205 -0.00000 -34.00000
endloop
endfacet
facet normal -1 0 0
outer loop
vertex -74.73205 -9.23454 -30.37170
vertex -74.73205 -0.00000 -32.00000
vertex -74.73205 -0.00000 -34.00000
endloop
endfacet
facet normal -0.49427041735526006 0.1509537823928072 -0.8561014601720768
outer loop
vertex -73.00000 0.00000 -35.00000
vertex -74.73205 0.00000 -34.00000
vertex -73.00000 10.26060 -33.19078
endloop
endfacet
facet normal -0.4942707250082948 0.1509538197976854 -0.8561012759529463
outer loop
vertex -74.73205 0.00000 -34.00000
vertex -74.73205 9.91858 -32.25109
vertex -73.00000 10.26060 -33.19078
endloop
endfacet
facet normal -0.4942706675865343 0.4346540496251304 -0.7528428549890317
outer loop
vertex -73.00000 10.26060 -33.19078
vertex -74.73205 9.91858 -32.25109
vertex -73.00000 19.28363 -27.98133
endloop
endfacet
facet normal -0.4942705348742729 0.43465406164204745 -0.7528429351818157
outer loop
vertex -74.73205 9.91858 -32.25109
vertex -74.73205 18.64084 -27.21529
vertex -73.00000 19.28363 -27.98133
endloop
endfacet
facet normal -0.49427055650476864 0.6659286331055646 -0.5587805227301866
outer loop
vertex -73.00000 19.28363 -27.98133
vertex -74.73205 18.64084 -27.21529
vertex -73.00000 25.98076 -20.00000
endloop
endfacet
facet normal -0.4942705655751488 0.6659286304592168 -0.558780517860756
outer loop
vertex -74.73205 18.64084 -27.21529
vertex -74.73205 25.11474 -19.50000
vertex -73.00000 25.98076 -20.00000
endloop
endfacet
facet normal -0.4942706052406594 0.8168823934541474 -0.2973209109021022
outer loop
vertex -73.00000 25.98076 -20.00000
vertex -74.73205 25.11474 -19.50000
vertex -73.00000 29.54423 -10.20945
endloop
endfacet
facet normal -0.49427051306005954 0.8168824356521592 -0.2973209482063811
outer loop
vertex -74.73205 25.11474 -19.50000
vertex -74.73205 28.55943 -10.03580
vertex -73.00000 29.54423 -10.20945
endloop
endfacet
facet normal -0.49427049870574097 0.8693081583127918 0
outer loop
vertex -73.00000 29.54423 -10.20945
vertex -74.73205 28.55943 -10.03580
vertex -73.00000 29.54423 0.20945
endloop
endfacet
facet normal -0.4942704987057411 0.869308158312792 0
outer loop
vertex -74.73205 28.55943 -10.03580
vertex -74.73205 28.55943 0.03580
vertex -73.00000 29.54423 0.20945
endloop
endfacet
facet normal -0.4942705146224422 0.8168824418705289 0.29732092852422604
outer loop
vertex -73.00000 29.54423 0.20945
vertex -74.73205 28.55943 0.03580
vertex -73.00000 25.98076 10.00000
endloop
endfacet
facet normal -0.49427060680304025 0.8168823855662489 0.29732092997659715
outer loop
vertex -74.73205 28.55943 0.03580
vertex -74.73205 25.11474 9.50000
vertex -73.00000 25.98076 10.00000
endloop
endfacet
facet normal -0.4942705654214132 0.665928629221858 0.5587805194713696
outer loop
vertex -73.00000 25.98076 10.00000
vertex -74.73205 25.11474 9.50000
vertex -73.00000 19.28363 17.98133
endloop
endfacet
facet normal -0.4942705563510334 0.6659286344768443 0.558780521231946
outer loop
vertex -74.73205 25.11474 9.50000
vertex -74.73205 18.64084 17.21529
vertex -73.00000 19.28363 17.98133
endloop
endfacet
facet normal -0.4942705371236359 0.4346540867143846 0.7528429192295009
outer loop
vertex -73.00000 19.28363 17.98133
vertex -74.73205 18.64084 17.21529
vertex -73.00000 10.26060 23.19078
endloop
endfacet
facet normal -0.49427066983590107 0.43465402327385316 0.7528428687261522
outer loop
vertex -74.73205 18.64084 17.21529
vertex -74.73205 9.91858 22.25109
vertex -73.00000 10.26060 23.19078
endloop
endfacet
facet normal -0.4942707197938465 0.1509537525322144 0.8561012908242318
outer loop
vertex -73.00000 10.26060 23.19078
vertex -74.73205 9.91858 22.25109
vertex -73.00000 0.00000 25.00000
endloop
endfacet
facet normal -0.49427041214080203 0.15095385068796746 0.8561014511403637
outer loop
vertex -74.73205 9.91858 22.25109
vertex -74.73205 0.00000 24.00000
vertex -73.00000 0.00000 25.00000
endloop
endfacet
facet normal -0.4942704173552631 -0.15095378239280752 0.856101460172075
outer loop
vertex -73.00000 0.00000 25.00000
vertex -74.73205 0.00000 24.00000
vertex -73.00000 -10.26060 23.19078
endloop
endfacet
facet normal -0.4942707250082947 -0.15095381979768535 0.8561012759529463
outer loop
vertex -74.73205 0.00000 24.00000
vertex -74.73205 -9.91858 22.25109
vertex -73.00000 -10.26060 23.19078
endloop
endfacet
facet normal -0.4942706675865343 -0.4346540496251304 0.7528428549890317
outer loop
vertex -73.00000 -10.26060 23.19078
vertex -74.73205 -9.91858 22.25109
vertex -73.00000 -19.28363 17.98133
endloop
endfacet
facet normal -0.4942705348742729 -0.43465406164204745 0.7528429351818157
outer loop
vertex -74.73205 -9.91858 22.25109
vertex -74.73205 -18.64084 17.21529
vertex -73.00000 -19.28363 17.98133
endloop
endfacet
facet normal -0.49427055650476864 -0.6659286331055646 0.5587805227301866
outer loop
vertex -73.00000 -19.28363 17.98133
vertex -74.73205 -18.64084 17.21529
vertex -73.00000 -25.98076 10.00000
endloop
endfacet
facet normal -0.4942705655751488 -0.6659286304592168 0.558780517860756
outer loop
vertex -74.73205 -18.64084 17.21529
vertex -74.73205 -25.11474 9.50000
vertex -73.00000 -25.98076 10.00000
endloop
endfacet
facet normal -0.4942706052406594 -0.8168823934541474 0.2973209109021022
outer loop
vertex -73.00000 -25.98076 10.00000
vertex -74.73205 -25.11474 9.50000
vertex -73.00000 -29.54423 0.20945
endloop
endfacet
facet normal -0.49427051306005954 -0.8168824356521592 0.2973209482063811
outer loop
vertex -74.73205 -25.11474 9.50000
vertex -74.73205 -28.55943 0.03580
vertex -73.00000 -29.54423 0.20945
endloop
endfacet
facet normal -0.49427049870574097 -0.8693081583127918 0
outer loop
vertex -73.00000 -29.54423 0.20945
vertex -74.73205 -28.55943 0.03580
vertex -73.00000 -29.54423 -10.20945
endloop
endfacet
facet normal -0.4942704987057411 -0.869308158312792 0
outer loop
vertex -74.73205 -28.55943 0.03580
vertex -74.73205 -28.55943 -10.03580
vertex -73.00000 -29.54423 -10.20945
endloop
endfacet
facet normal -0.4942705146224422 -0.8168824418705289 -0.29732092852422604
outer loop
vertex -73.00000 -29.54423 -10.20945
vertex -74.73205 -28.55943 -10.03580
vertex -73.00000 -25.98076 -20.00000
endloop
endfacet
facet normal -0.49427060680304025 -0.8168823855662489 -0.29732092997659715
outer loop
vertex -74.73205 -28.55943 -10.03580
vertex -74.73205 -25.11474 -19.50000
vertex -73.00000 -25.98076 -20.00000
endloop
endfacet
facet normal -0.4942705654214132 -0.665928629221858 -0.5587805194713696
outer loop
vertex -73.00000 -25.98076 -20.00000
vertex -74.73205 -25.11474 -19.50000
vertex -73.00000 -19.28363 -27.98133
endloop
endfacet
facet normal -0.4942705563510334 -0.6659286344768443 -0.558780521231946
outer loop
vertex -74.73205 -25.11474 -19.50000
vertex -74.73205 -18.64084 -27.21529
vertex -73.00000 -19.28363 -27.98133
endloop
endfacet
facet normal -0.4942705371236359 -0.4346540867143846 -0.7528429192295009
outer loop
vertex -73.00000 -19.28363 -27.98133
vertex -74.73205 -18.64084 -27.21529
vertex -73.00000 -10.26060 -33.19078
endloop
endfacet
facet normal -0.49427066983590107 -0.43465402327385316 -0.7528428687261522
outer loop
vertex -74.73205 -18.64084 -27.21529
vertex -74.73205 -9.91858 -32.25109
vertex -73.00000 -10.26060 -33.19078
endloop
endfacet
facet normal -0.4942707197938464 -0.15095375253221377 -0.8561012908242319
outer loop
vertex -73.00000 -10.26060 -33.19078
vertex -74.73205 -9.91858 -32.25109
vertex -73.00000 -0.00000 -35.00000
endloop
endfacet
facet normal -0.494270412140799 -0.15095385068796782 -0.8561014511403654
outer loop
vertex -74.73205 -9.91858 -32.25109
vertex -74.73205 -0.00000 -34.00000
vertex -73.00000 -0.00000 -35.00000
endloop
endfacet
facet normal 0.494270412140799 0.1509538506879677 -0.8561014511403654
outer loop
vertex -56.26795 0.00000 -34.00000
vertex -58.00000 0.00000 -35.00000
vertex -56.26795 9.91858 -32.25109
endloop
endfacet
facet normal 0.4942707197938464 0.1509537525322137 -0.8561012908242318
outer loop
vertex -58.00000 0.00000 -35.00000
vertex -58.00000 10.26060 -33.19078
vertex -56.26795 9.91858 -32.25109
endloop
endfacet
facet normal 0.49427066983590107 0.43465402327385316 -0.7528428687261522
outer loop
vertex -56.26795 9.91858 -32.25109
vertex -58.00000 10.26060 -33.19078
vertex -56.26795 18.64084 -27.21529
endloop
endfacet
facet normal 0.4942705371236359 0.4346540867143846 -0.7528429192295009
outer loop
vertex -58.00000 10.26060 -33.19078
vertex -58.00000 19.28363 -27.98133
vertex -56.26795 18.64084 -27.21529
endloop
endfacet
facet normal 0.4942705563510334 0.6659286344768445 -0.5587805212319457
outer loop
vertex -56.26795 18.64084 -27.21529
vertex -58.00000 19.28363 -27.98133
vertex -56.26795 25.11474 -19.50000
endloop
endfacet
facet normal 0.49427056542141323 0.6659286292218584 -0.5587805194713693
outer loop
vertex -58.00000 19.28363 -27.98133
vertex -58.00000 25.98076 -20.00000
vertex -56.26795 25.11474 -19.50000
endloop
endfacet
facet normal 0.49427060680304025 0.8168823855662489 -0.29732092997659715
outer loop
vertex -56.26795 25.11474 -19.50000
vertex -58.00000 25.98076 -20.00000
vertex -56.26795 28.55943 -10.03580
endloop
endfacet
facet normal 0.4942705146224422 0.8168824418705289 -0.29732092852422604
outer loop
vertex -58.00000 25.98076 -20.00000
vertex -58.00000 29.54423 -10.20945
vertex -56.26795 28.55943 -10.03580
endloop
endfacet
facet normal 0.4942704987057411 0.869308158312792 0
outer loop
vertex -56.26795 28.55943 -10.03580
vertex -58.00000 29.54423 -10.20945
vertex -56.26795 28.55943 0.03580
endloop
endfacet
facet normal 0.49427049870574097 0.8693081583127918 0
outer loop
vertex -58.00000 29.54423 -10.20945
vertex -58.00000 29.54423 0.20945
vertex -56.26795 28.55943 0.03580
endloop
endfacet
facet normal 0.49427051306005954 0.8168824356521592 0.2973209482063811
outer loop
vertex -56.26795 28.55943 0.03580
vertex -58.00000 29.54423 0.20945
vertex -56.26795 25.11474 9.50000
endloop
endfacet
facet normal 0.4942706052406594 0.8168823934541474 0.2973209109021022
outer loop
vertex -58.00000 29.54423 0.20945
vertex -58.00000 25.98076 10.00000
vertex -56.26795 25.11474 9.50000
endloop
endfacet
facet normal 0.4942705655751487 0.6659286304592165 0.5587805178607561
outer loop
vertex -56.26795 25.11474 9.50000
vertex -58.00000 25.98076 10.00000
vertex -56.26795 18.64084 17.21529
endloop
endfacet
facet normal 0.49427055650476864 0.6659286331055644 0.5587805227301869
outer loop
vertex -58.00000 25.98076 10.00000
vertex -58.00000 19.28363 17.98133
vertex -56.26795 18.64084 17.21529
endloop
endfacet
facet normal 0.4942705348742729 0.43465406164204745 0.7528429351818157
outer loop
vertex -56.26795 18.64084 17.21529
vertex -58.00000 19.28363 17.98133
vertex -56.26795 9.91858 22.25109
endloop
endfacet
facet normal 0.4942706675865343 0.4346540496251304 0.7528428549890317
outer loop
vertex -58.00000 19.28363 17.98133
vertex -58.00000 10.26060 23.19078
vertex -56.26795 9.91858 22.25109
endloop
endfacet
facet normal 0.49427072500829466 0.15095381979768543 0.856101275952946
outer loop
vertex -56.26795 9.91858 22.25109
vertex -58.00000 10.26060 23.19078
vertex -56.26795 0.00000 24.00000
endloop
endfacet
facet normal 0.4942704173552601 0.15095378239280727 0.8561014601720768
outer loop
vertex -58.00000 10.26060 23.19078
vertex -58.00000 0.00000 25.00000
vertex -56.26795 0.00000 24.00000
endloop
endfacet
facet normal 0.49427041214079903 -0.15095385068796768 0.8561014511403655
outer loop
vertex -56.26795 0.00000 24.00000
vertex -58.00000 0.00000 25.00000
vertex -56.26795 -9.91858 22.25109
endloop
endfacet
facet normal 0.4942707197938464 -0.15095375253221363 0.8561012908242319
outer loop
vertex -58.00000 0.00000 25.00000
vertex -58.00000 -10.26060 23.19078
vertex -56.26795 -9.91858 22.25109
endloop
endfacet
facet normal 0.49427066983590107 -0.43465402327385316 0.7528428687261522
outer loop
vertex -56.26795 -9.91858 22.25109
vertex -58.00000 -10.26060 23.19078
vertex -56.26795 -18.64084 17.21529
endloop
endfacet
facet normal 0.4942705371236359 -0.4346540867143846 0.7528429192295009
outer loop
vertex -58.00000 -10.26060 23.19078
vertex -58.00000 -19.28363 17.98133
vertex -56.26795 -18.64084 17.21529
endloop
endfacet
facet normal 0.49427055635103345 -0.665928634476844 0.5587805212319463
outer loop
vertex -56.26795 -18.64084 17.21529
vertex -58.00000 -19.28363 17.98133
vertex -56.26795 -25.11474 9.50000
endloop
endfacet
facet normal 0.4942705654214132 -0.6659286292218579 0.55878051947137
outer loop
vertex -58.00000 -19.28363 17.98133
vertex -58.00000 -25.98076 10.00000
vertex -56.26795 -25.11474 9.50000
endloop
endfacet
facet normal 0.49427060680304025 -0.8168823855662489 0.29732092997659715
outer loop
vertex -56.26795 -25.11474 9.50000
vertex -58.00000 -25.98076 10.00000
vertex -56.26795 -28.55943 0.03580
endloop
endfacet
facet normal 0.4942705146224422 -0.8168824418705289 0.29732092852422604
outer loop
vertex -58.00000 -25.98076 10.00000
vertex -58.00000 -29.54423 0.20945
vertex -56.26795 -28.55943 0.03580
endloop
endfacet
facet normal 0.4942704987057411 -0.869308158312792 0
outer loop
vertex -56.26795 -28.55943 0.03580
vertex -58.00000 -29.54423 0.20945
vertex -56.26795 -28.55943 -10.03580
endloop
endfacet
facet normal 0.49427049870574097 -0.8693081583127918 0
outer loop
vertex -58.00000 -29.54423 0.20945
vertex -58.00000 -29.54423 -10.20945
vertex -56.26795 -28.55943 -10.03580
endloop
endfacet
facet normal 0.49427051306005954 -0.8168824356521592 -0.2973209482063811
outer loop
vertex -56.26795 -28.55943 -10.03580
vertex -58.00000 -29.54423 -10.20945
vertex -56.26795 -25.11474 -19.50000
endloop
endfacet
facet normal 0.4942706052406594 -0.8168823934541474 -0.2973209109021022
outer loop
vertex -58.00000 -29.54423 -10.20945
vertex -58.00000 -25.98076 -20.00000
vertex -56.26795 -25.11474 -19.50000
endloop
endfacet
facet normal 0.4942705655751488 -0.665928630459217 -0.5587805178607558
outer loop
vertex -56.26795 -25.11474 -19.50000
vertex -58.00000 -25.98076 -20.00000
vertex -56.26795 -18.64084 -27.21529
endloop
endfacet
facet normal 0.49427055650476864 -0.6659286331055649 -0.5587805227301865
outer loop
vertex -58.00000 -25.98076 -20.00000
vertex -58.00000 -19.28363 -27.98133
vertex -56.26795 -18.64084 -27.21529
endloop
endfacet
facet normal 0.4942705348742729 -0.43465406164204745 -0.7528429351818157
outer loop
vertex -56.26795 -18.64084 -27.21529
vertex -58.00000 -19.28363 -27.98133
vertex -56.26795 -9.91858 -32.25109
endloop
endfacet
facet normal 0.4942706675865343 -0.4346540496251304 -0.7528428549890317
outer loop
vertex -58.00000 -19.28363 -27.98133
vertex -58.00000 -10.26060 -33.19078
vertex -56.26795 -9.91858 -32.25109
endloop
endfacet
facet normal 0.4942707250082947 -0.1509538197976855 -0.8561012759529463
outer loop
vertex -56.26795 -9.91858 -32.25109
vertex -58.00000 -10.26060 -33.19078
vertex -56.26795 -0.00000 -34.00000
endloop
endfacet
facet normal 0.49427041735526 -0.15095378239280732 -0.8561014601720769
outer loop
vertex -58.00000 -10.26060 -33.19078
vertex -58.00000 -0.00000 -35.00000
vertex -56.26795 -0.00000 -34.00000
endloop
endfacet
facet normal 1 0 0
outer loop
vertex -56.26795 0.00000 -32.00000
vertex -56.26795 0.00000 -34.00000
vertex -56.26795 9.23454 -30.37170
endloop
endfacet
facet normal 1 0 0
outer loop
vertex -56.26795 0.00000 -34.00000
vertex -56.26795 9.91858 -32.25109
vertex -56.26795 9.23454 -30.37170
endloop
endfacet
facet normal 1 0 0
outer loop
vertex -56.26795 9.23454 -30.37170
vertex -56.26795 9.91858 -32.25109
vertex -56.26795 17.35526 -25.68320
endloop
endfacet
facet normal 1 0 0
outer loop
vertex -56.26795 9.91858 -32.25109
vertex -56.26795 18.64084 -27.21529
vertex -56.26795 17.35526 -25.68320
endloop
endfacet
facet normal 1 5.8942467172504885e-16 4.945867773480945e-16
outer loop
vertex -56.26795 17.35526 -25.68320
vertex -56.26795 18.64084 -27.21529
vertex -56.26795 23.38269 -18.50000
endloop
endfacet
facet normal 1 3.581877244407531e-16 6.203990273486649e-16
outer loop
vertex -56.26795 18.64084 -27.21529
vertex -56.26795 25.11474 -19.50000
vertex -56.26795 23.38269 -18.50000
endloop
endfacet
facet normal 1 0 0
outer loop
vertex -56.26795 23.38269 -18.50000
vertex -56.26795 25.11474 -19.50000
vertex -56.26795 26.58981 -9.68850
endloop
endfacet
facet normal 1 0 0
outer loop
vertex -56.26795 25.11474 -19.50000
vertex -56.26795 28.55943 -10.03580
vertex -56.26795 26.58981 -9.68850
endloop
endfacet
facet normal 1 0 0
outer loop
vertex -56.26795 26.58981 -9.68850
vertex -56.26795 28.55943 -10.03580
vertex -56.26795 26.58981 -0.31150
endloop
endfacet
facet normal 0.9999999999999999 0 0
outer loop
vertex -56.26795 28.55943 -10.03580
vertex -56.26795 28.55943 0.03580
vertex -56.26795 26.58981 -0.31150
endloop
endfacet
facet normal 1 0 0
outer loop
vertex -56.26795 26.58981 -0.31150
vertex -56.26795 28.55943 0.03580
vertex -56.26795 23.38269 8.50000
endloop
endfacet
facet normal 1 0 0
outer loop
vertex -56.26795 28.55943 0.03580
vertex -56.26795 25.11474 9.50000
vertex -56.26795 23.38269 8.50000
endloop
endfacet
facet normal 1 -3.8472006238431153e-16 6.663543617453701e-16
outer loop
vertex -56.26795 23.38269 8.50000
vertex -56.26795 25.11474 9.50000
vertex -56.26795 17.35526 15.68320
endloop
endfacet
facet normal 1 -5.487748210125335e-16 4.604774506978478e-16
outer loop
vertex -56.26795 25.11474 9.50000
vertex -56.26795 18.64084 17.21529
vertex -56.26795 17.35526 15.68320
endloop
endfacet
facet normal 1 0 0
outer loop
vertex -56.26795 17.35526 15.68320
vertex -56.26795 18.64084 17.21529
vertex -56.26795 9.23454 20.37170
endloop
endfacet
facet normal 1 0 0
outer loop
vertex -56.26795 18.64084 17.21529
vertex -56.26795 9.91858 22.25109
vertex -56.26795 9.23454 20.37170
endloop
endfacet
facet normal 1 0 0
outer loop
vertex -56.26795 9.23454 20.37170
vertex -56.26795 9.91858 22.25109
vertex -56.26795 0.00000 22.00000
endloop
endfacet
facet normal 0.9999999999999999 0 0
outer loop
vertex -56.26795 9.91858 22.25109
vertex -56.26795 0.00000 24.00000
vertex -56.26795 0.00000 22.00000
endloop
endfacet
facet normal 1 0 0
outer loop
vertex -56.26795 0.00000 22.00000
vertex -56.26795 0.00000 24.00000
vertex -56.26795 -9.23454 20.37170
endloop
endfacet
facet normal 0.9999999999999999 0 0
outer loop
vertex -56.26795 0.00000 24.00000
vertex -56.26795 -9.91858 22.25109
vertex -56.26795 -9.23454 20.37170
endloop
endfacet
facet normal 1 0 0
outer loop
vertex -56.26795 -9.23454 20.37170
vertex -56.26795 -9.91858 22.25109
vertex -56.26795 -17.35526 15.68320
endloop
endfacet
facet normal 1 0 0
outer loop
vertex -56.26795 -9.91858 22.25109
vertex -56.26795 -18.64084 17.21529
vertex -56.26795 -17.35526 15.68320
endloop
endfacet
facet normal 1 5.8942467172504885e-16 4.945867773480945e-16
outer loop
vertex -56.26795 -17.35526 15.68320
vertex -56.26795 -18.64084 17.21529
vertex -56.26795 -23.38269 8.50000
endloop
endfacet
facet normal 1 3.581877244407531e-16 6.203990273486649e-16
outer loop
vertex -56.26795 -18.64084 17.21529
vertex -56.26795 -25.11474 9.50000
vertex -56.26795 -23.38269 8.50000
endloop
endfacet
facet normal 1 0 0
outer loop
vertex -56.26795 -23.38269 8.50000
vertex -56.26795 -25.11474 9.50000
vertex -56.26795 -26.58981 -0.31150
endloop
endfacet
facet normal 1 0 0
outer loop
vertex -56.26795 -25.11474 9.50000
vertex -56.26795 -28.55943 0.03580
vertex -56.26795 -26.58981 -0.31150
endloop
endfacet
facet normal 1 0 0
outer loop
vertex -56.26795 -26.58981 -0.31150
vertex -56.26795 -28.55943 0.03580
vertex -56.26795 -26.58981 -9.68850
endloop
endfacet
facet normal 0.9999999999999999 0 0
outer loop
vertex -56.26795 -28.55943 0.03580
vertex -56.26795 -28.55943 -10.03580
vertex -56.26795 -26.58981 -9.68850
endloop
endfacet
facet normal 1 0 0
outer loop
vertex -56.26795 -26.58981 -9.68850
vertex -56.26795 -28.55943 -10.03580
vertex -56.26795 -23.38269 -18.50000
endloop
endfacet
facet normal 1 0 0
outer loop
vertex -56.26795 -28.55943 -10.03580
vertex -56.26795 -25.11474 -19.50000
vertex -56.26795 -23.38269 -18.50000
endloop
endfacet
facet normal 1 -3.8472006238431153e-16 6.663543617453701e-16
outer loop
vertex -56.26795 -23.38269 -18.50000
vertex -56.26795 -25.11474 -19.50000
vertex -56.26795 -17.35526 -25.68320
endloop
endfacet
facet normal 1 -5.487748210125335e-16 4.604774506978478e-16
outer loop
vertex -56.26795 -25.11474 -19.50000
vertex -56.26795 -18.64084 -27.21529
vertex -56.26795 -17.35526 -25.68320
endloop
endfacet
facet normal 1 0 0
outer loop
vertex -56.26795 -17.35526 -25.68320
vertex -56.26795 -18.64084 -27.21529
vertex -56.26795 -9.23454 -30.37170
endloop
endfacet
facet normal 1 0 0
outer loop
vertex -56.26795 -18.64084 -27.21529
vertex -56.26795 -9.91858 -32.25109
vertex -56.26795 -9.23454 -30.37170
endloop
endfacet
facet normal 1 0 0
outer loop
vertex -56.26795 -9.23454 -30.37170
vertex -56.26795 -9.91858 -32.25109
vertex -56.26795 -0.00000 -32.00000
endloop
endfacet
facet normal 1 0 0
outer loop
vertex -56.26795 -9.91858 -32.25109
vertex -56.26795 -0.00000 -34.00000
vertex -56.26795 -0.00000 -32.00000
endloop
endfacet
facet normal 0.4942704214919033 -0.15095372821408726 0.8561014673369529
outer loop
vertex -58.00000 0.00000 -31.00000
vertex -56.26795 0.00000 -32.00000
vertex -58.00000 8.89252 -29.43201
endloop
endfacet
facet normal 0.4942700109726779 -0.1509538694277354 0.8561016794504396
outer loop
vertex -56.26795 0.00000 -32.00000
vertex -56.26795 9.23454 -30.37170
vertex -58.00000 8.89252 -29.43201
endloop
endfacet
facet normal 0.4942700460294353 -0.4346541698196196 0.7528431936708184
outer loop
vertex -58.00000 8.89252 -29.43201
vertex -56.26795 9.23454 -30.37170
vertex -58.00000 16.71248 -24.91716
endloop
endfacet
facet normal 0.4942701681654517 -0.43465410875612226 0.7528431487389105
outer loop
vertex -56.26795 9.23454 -30.37170
vertex -56.26795 17.35526 -25.68320
vertex -58.00000 16.71248 -24.91716
endloop
endfacet
facet normal 0.49426999270401545 -0.6659289603611716 0.5587806314329994
outer loop
vertex -58.00000 16.71248 -24.91716
vertex -56.26795 17.35526 -25.68320
vertex -58.00000 22.51666 -18.00000
endloop
endfacet
facet normal 0.4942705642655495 -0.6659286199187558 0.5587805315807959
outer loop
vertex -56.26795 17.35526 -25.68320
vertex -56.26795 23.38269 -18.50000
vertex -58.00000 22.51666 -18.00000
endloop
endfacet
facet normal 0.4942706003279008 -0.8168824182568882 0.2973208509241743
outer loop
vertex -58.00000 22.51666 -18.00000
vertex -56.26795 23.38269 -18.50000
vertex -58.00000 25.60500 -9.51485
endloop
endfacet
facet normal 0.49427052103136404 -0.8168824673783979 0.2973208477876461
outer loop
vertex -56.26795 23.38269 -18.50000
vertex -56.26795 26.58981 -9.68850
vertex -58.00000 25.60500 -9.51485
endloop
endfacet
facet normal 0.494270498705741 -0.869308158312792 0
outer loop
vertex -58.00000 25.60500 -9.51485
vertex -56.26795 26.58981 -9.68850
vertex -58.00000 25.60500 -0.48515
endloop
endfacet
facet normal 0.494270498705741 -0.869308158312792 0
outer loop
vertex -56.26795 26.58981 -9.68850
vertex -56.26795 26.58981 -0.31150
vertex -58.00000 25.60500 -0.48515
endloop
endfacet
facet normal 0.4942705195352042 -0.8168824614235964 -0.29732086663556945
outer loop
vertex -58.00000 25.60500 -0.48515
vertex -56.26795 26.58981 -0.31150
vertex -58.00000 22.51666 8.00000
endloop
endfacet
facet normal 0.49427059883174085 -0.816882425810455 -0.297320832658155
outer loop
vertex -56.26795 26.58981 -0.31150
vertex -56.26795 23.38269 8.50000
vertex -58.00000 22.51666 8.00000
endloop
endfacet
facet normal 0.4942705750497413 -0.6659287067165961 -0.558780418599972
outer loop
vertex -58.00000 22.51666 8.00000
vertex -56.26795 23.38269 8.50000
vertex -58.00000 16.71248 14.91716
endloop
endfacet
facet normal 0.4942700034882723 -0.6659288641690166 -0.5587807365311251
outer loop
vertex -56.26795 23.38269 8.50000
vertex -56.26795 17.35526 15.68320
vertex -58.00000 16.71248 14.91716
endloop
endfacet
facet normal 0.49427017046988597 -0.43465413444253637 -0.7528431323959056
outer loop
vertex -58.00000 16.71248 14.91716
vertex -56.26795 17.35526 15.68320
vertex -58.00000 8.89252 19.43201
endloop
endfacet
facet normal 0.49427004833388194 -0.434654142822948 -0.7528432077443952
outer loop
vertex -56.26795 17.35526 15.68320
vertex -56.26795 9.23454 20.37170
vertex -58.00000 8.89252 19.43201
endloop
endfacet
facet normal 0.49427000322702497 -0.15095376951047515 -0.8561017015404975
outer loop
vertex -58.00000 8.89252 19.43201
vertex -56.26795 9.23454 20.37170
vertex -58.00000 0.00000 21.00000
endloop
endfacet
facet normal 0.49427041374626085 -0.15095382966081727 -0.8561014539211069
outer loop
vertex -56.26795 9.23454 20.37170
vertex -56.26795 0.00000 22.00000
vertex -58.00000 0.00000 21.00000
endloop
endfacet
facet normal 0.4942704214919033 0.1509537282140872 -0.8561014673369528
outer loop
vertex -58.00000 0.00000 21.00000
vertex -56.26795 0.00000 22.00000
vertex -58.00000 -8.89252 19.43201
endloop
endfacet
facet normal 0.49427001097267803 0.15095386942773534 -0.8561016794504395
outer loop
vertex -56.26795 0.00000 22.00000
vertex -56.26795 -9.23454 20.37170
vertex -58.00000 -8.89252 19.43201
endloop
endfacet
facet normal 0.4942700460294353 0.4346541698196196 -0.7528431936708184
outer loop
vertex -58.00000 -8.89252 19.43201
vertex -56.26795 -9.23454 20.37170
vertex -58.00000 -16.71248 14.91716
endloop
endfacet
facet normal 0.4942701681654517 0.43465410875612226 -0.7528431487389105
outer loop
vertex -56.26795 -9.23454 20.37170
vertex -56.26795 -17.35526 15.68320
vertex -58.00000 -16.71248 14.91716
endloop
endfacet
facet normal 0.49426999270401545 0.6659289603611722 -0.5587806314329988
outer loop
vertex -58.00000 -16.71248 14.91716
vertex -56.26795 -17.35526 15.68320
vertex -58.00000 -22.51666 8.00000
endloop
endfacet
facet normal 0.4942705642655495 0.6659286199187562 -0.5587805315807953
outer loop
vertex -56.26795 -17.35526 15.68320
vertex -56.26795 -23.38269 8.50000
vertex -58.00000 -22.51666 8.00000
endloop
endfacet
facet normal 0.4942706003279008 0.8168824182568882 -0.2973208509241743
outer loop
vertex -58.00000 -22.51666 8.00000
vertex -56.26795 -23.38269 8.50000
vertex -58.00000 -25.60500 -0.48515
endloop
endfacet
facet normal 0.49427052103136404 0.8168824673783979 -0.2973208477876461
outer loop
vertex -56.26795 -23.38269 8.50000
vertex -56.26795 -26.58981 -0.31150
vertex -58.00000 -25.60500 -0.48515
endloop
endfacet
facet normal 0.494270498705741 0.869308158312792 0
outer loop
vertex -58.00000 -25.60500 -0.48515
vertex -56.26795 -26.58981 -0.31150
vertex -58.00000 -25.60500 -9.51485
endloop
endfacet
facet normal 0.494270498705741 0.869308158312792 0
outer loop
vertex -56.26795 -26.58981 -0.31150
vertex -56.26795 -26.58981 -9.68850
vertex -58.00000 -25.60500 -9.51485
endloop
endfacet
facet normal 0.4942705195352042 0.8168824614235964 0.29732086663556945
outer loop
vertex -58.00000 -25.60500 -9.51485
vertex -56.26795 -26.58981 -9.68850
vertex -58.00000 -22.51666 -18.00000
endloop
endfacet
facet normal 0.49427059883174085 0.816882425810455 0.297320832658155
outer loop
vertex -56.26795 -26.58981 -9.68850
vertex -56.26795 -23.38269 -18.50000
vertex -58.00000 -22.51666 -18.00000
endloop
endfacet
facet normal 0.4942705750497413 0.6659287067165957 0.5587804185999725
outer loop
vertex -58.00000 -22.51666 -18.00000
vertex -56.26795 -23.38269 -18.50000
vertex -58.00000 -16.71248 -24.91716
endloop
endfacet
facet normal 0.4942700034882723 0.6659288641690161 0.5587807365311257
outer loop
vertex -56.26795 -23.38269 -18.50000
vertex -56.26795 -17.35526 -25.68320
vertex -58.00000 -16.71248 -24.91716
endloop
endfacet
facet normal 0.49427017046988597 0.43465413444253637 0.7528431323959056
outer loop
vertex -58.00000 -16.71248 -24.91716
vertex -56.26795 -17.35526 -25.68320
vertex -58.00000 -8.89252 -29.43201
endloop
endfacet
facet normal 0.49427004833388194 0.434654142822948 0.7528432077443952
outer loop
vertex -56.26795 -17.35526 -25.68320
vertex -56.26795 -9.23454 -30.37170
vertex -58.00000 -8.89252 -29.43201
endloop
endfacet
facet normal 0.494270003227025 0.1509537695104752 0.8561017015404976
outer loop
vertex -58.00000 -8.89252 -29.43201
vertex -56.26795 -9.23454 -30.37170
vertex -58.00000 -0.00000 -31.00000
endloop
endfacet
facet normal 0.49427041374626085 0.15095382966081736 0.8561014539211068
outer loop
vertex -56.26795 -9.23454 -30.37170
vertex -56.26795 -0.00000 -32.00000
vertex -58.00000 -0.00000 -31.00000
endloop
endfacet
facet normal -0.49427041374626085 -0.15095382966081722 0.8561014539211068
outer loop
vertex -59.73205 0.00000 -32.00000
vertex -58.00000 0.00000 -31.00000
vertex -59.73205 9.23454 -30.37170
endloop
endfacet
facet normal -0.49427000322702497 -0.15095376951047507 0.8561017015404975
outer loop
vertex -58.00000 0.00000 -31.00000
vertex -58.00000 8.89252 -29.43201
vertex -59.73205 9.23454 -30.37170
endloop
endfacet
facet normal -0.49427004833388194 -0.434654142822948 0.7528432077443952
outer loop
vertex -59.73205 9.23454 -30.37170
vertex -58.00000 8.89252 -29.43201
vertex -59.73205 17.35526 -25.68320
endloop
endfacet
facet normal -0.49427017046988597 -0.43465413444253637 0.7528431323959056
outer loop
vertex -58.00000 8.89252 -29.43201
vertex -58.00000 16.71248 -24.91716
vertex -59.73205 17.35526 -25.68320
endloop
endfacet
facet normal -0.4942700034882723 -0.6659288641690166 0.5587807365311251
outer loop
vertex -59.73205 17.35526 -25.68320
vertex -58.00000 16.71248 -24.91716
vertex -59.73205 23.38269 -18.50000
endloop
endfacet
facet normal -0.4942705750497413 -0.6659287067165961 0.5587804185999719
outer loop
vertex -58.00000 16.71248 -24.91716
vertex -58.00000 22.51666 -18.00000
vertex -59.73205 23.38269 -18.50000
endloop
endfacet
facet normal -0.49427059883174085 -0.816882425810455 0.297320832658155
outer loop
vertex -59.73205 23.38269 -18.50000
vertex -58.00000 22.51666 -18.00000
vertex -59.73205 26.58981 -9.68850
endloop
endfacet
facet normal -0.4942705195352042 -0.8168824614235964 0.29732086663556945
outer loop
vertex -58.00000 22.51666 -18.00000
vertex -58.00000 25.60500 -9.51485
vertex -59.73205 26.58981 -9.68850
endloop
endfacet
facet normal -0.494270498705741 -0.869308158312792 0
outer loop
vertex -59.73205 26.58981 -9.68850
vertex -58.00000 25.60500 -9.51485
vertex -59.73205 26.58981 -0.31150
endloop
endfacet
facet normal -0.494270498705741 -0.869308158312792 0
outer loop
vertex -58.00000 25.60500 -9.51485
vertex -58.00000 25.60500 -0.48515
vertex -59.73205 26.58981 -0.31150
endloop
endfacet
facet normal -0.49427052103136404 -0.8168824673783979 -0.2973208477876461
outer loop
vertex -59.73205 26.58981 -0.31150
vertex -58.00000 25.60500 -0.48515
vertex -59.73205 23.38269 8.50000
endloop
endfacet
facet normal -0.4942706003279008 -0.8168824182568882 -0.2973208509241743
outer loop
vertex -58.00000 25.60500 -0.48515
vertex -58.00000 22.51666 8.00000
vertex -59.73205 23.38269 8.50000
endloop
endfacet
facet normal -0.4942705642655495 -0.6659286199187558 -0.5587805315807959
outer loop
vertex -59.73205 23.38269 8.50000
vertex -58.00000 22.51666 8.00000
vertex -59.73205 17.35526 15.68320
endloop
endfacet
facet normal -0.49426999270401556 -0.6659289603611718 -0.5587806314329995
outer loop
vertex -58.00000 22.51666 8.00000
vertex -58.00000 16.71248 14.91716
vertex -59.73205 17.35526 15.68320
endloop
endfacet
facet normal -0.4942701681654517 -0.43465410875612226 -0.7528431487389105
outer loop
vertex -59.73205 17.35526 15.68320
vertex -58.00000 16.71248 14.91716
vertex -59.73205 9.23454 20.37170
endloop
endfacet
facet normal -0.4942700460294353 -0.4346541698196196 -0.7528431936708184
outer loop
vertex -58.00000 16.71248 14.91716
vertex -58.00000 8.89252 19.43201
vertex -59.73205 9.23454 20.37170
endloop
endfacet
facet normal -0.49427001097267786 -0.15095386942773545 -0.8561016794504395
outer loop
vertex -59.73205 9.23454 20.37170
vertex -58.00000 8.89252 19.43201
vertex -59.73205 0.00000 22.00000
endloop
endfacet
facet normal -0.4942704214919032 -0.1509537282140873 -0.8561014673369529
outer loop
vertex -58.00000 8.89252 19.43201
vertex -58.00000 0.00000 21.00000
vertex -59.73205 0.00000 22.00000
endloop
endfacet
facet normal -0.49427041374626085 0.15095382966081716 -0.8561014539211068
outer loop
vertex -59.73205 0.00000 22.00000
vertex -58.00000 0.00000 21.00000
vertex -59.73205 -9.23454 20.37170
endloop
endfacet
facet normal -0.49427000322702497 0.150953769510475 -0.8561017015404975
outer loop
vertex -58.00000 0.00000 21.00000
vertex -58.00000 -8.89252 19.43201
vertex -59.73205 -9.23454 20.37170
endloop
endfacet
facet normal -0.49427004833388194 0.434654142822948 -0.7528432077443952
outer loop
vertex -59.73205 -9.23454 20.37170
vertex -58.00000 -8.89252 19.43201
vertex -59.73205 -17.35526 15.68320
endloop
endfacet
facet normal -0.49427017046988597 0.43465413444253637 -0.7528431323959056
outer loop
vertex -58.00000 -8.89252 19.43201
vertex -58.00000 -16.71248 14.91716
vertex -59.73205 -17.35526 15.68320
endloop
endfacet
facet normal -0.4942700034882723 0.6659288641690161 -0.5587807365311257
outer loop
vertex -59.73205 -17.35526 15.68320
vertex -58.00000 -16.71248 14.91716
vertex -59.73205 -23.38269 8.50000
endloop
endfacet
facet normal -0.49427057504974126 0.6659287067165957 -0.5587804185999725
outer loop
vertex -58.00000 -16.71248 14.91716
vertex -58.00000 -22.51666 8.00000
vertex -59.73205 -23.38269 8.50000
endloop
endfacet
facet normal -0.49427059883174085 0.816882425810455 -0.297320832658155
outer loop
vertex -59.73205 -23.38269 8.50000
vertex -58.00000 -22.51666 8.00000
vertex -59.73205 -26.58981 -0.31150
endloop
endfacet
facet normal -0.4942705195352042 0.8168824614235964 -0.29732086663556945
outer loop
vertex -58.00000 -22.51666 8.00000
vertex -58.00000 -25.60500 -0.48515
vertex -59.73205 -26.58981 -0.31150
endloop
endfacet
facet normal -0.494270498705741 0.869308158312792 0
outer loop
vertex -59.73205 -26.58981 -0.31150
vertex -58.00000 -25.60500 -0.48515
vertex -59.73205 -26.58981 -9.68850
endloop
endfacet
facet normal -0.494270498705741 0.869308158312792 0
outer loop
vertex -58.00000 -25.60500 -0.48515
vertex -58.00000 -25.60500 -9.51485
vertex -59.73205 -26.58981 -9.68850
endloop
endfacet
facet normal -0.49427052103136404 0.8168824673783979 0.2973208477876461
outer loop
vertex -59.73205 -26.58981 -9.68850
vertex -58.00000 -25.60500 -9.51485
vertex -59.73205 -23.38269 -18.50000
endloop
endfacet
facet normal -0.4942706003279008 0.8168824182568882 0.2973208509241743
outer loop
vertex -58.00000 -25.60500 -9.51485
vertex -58.00000 -22.51666 -18.00000
vertex -59.73205 -23.38269 -18.50000
endloop
endfacet
facet normal -0.4942705642655495 0.6659286199187562 0.5587805315807953
outer loop
vertex -59.73205 -23.38269 -18.50000
vertex -58.00000 -22.51666 -18.00000
vertex -59.73205 -17.35526 -25.68320
endloop
endfacet
facet normal -0.49426999270401545 0.6659289603611722 0.5587806314329989
outer loop
vertex -58.00000 -22.51666 -18.00000
vertex -58.00000 -16.71248 -24.91716
vertex -59.73205 -17.35526 -25.68320
endloop
endfacet
facet normal -0.4942701681654517 0.43465410875612226 0.7528431487389105
outer loop
vertex -59.73205 -17.35526 -25.68320
vertex -58.00000 -16.71248 -24.91716
vertex -59.73205 -9.23454 -30.37170
endloop
endfacet
facet normal -0.4942700460294353 0.4346541698196196 0.7528431936708184
outer loop
vertex -58.00000 -16.71248 -24.91716
vertex -58.00000 -8.89252 -29.43201
vertex -59.73205 -9.23454 -30.37170
endloop
endfacet
facet normal -0.4942700109726779 0.15095386942773553 0.8561016794504396
outer loop
vertex -59.73205 -9.23454 -30.37170
vertex -58.00000 -8.89252 -29.43201
vertex -59.73205 -0.00000 -32.00000
endloop
endfacet
facet normal -0.4942704214919033 0.15095372821408737 0.8561014673369529
outer loop
vertex -58.00000 -8.89252 -29.43201
vertex -58.00000 -0.00000 -31.00000
vertex -59.73205 -0.00000 -32.00000
endloop
endfacet
facet normal -1 0 0
outer loop
vertex -59.73205 0.00000 -34.00000
vertex -59.73205 0.00000 -32.00000
vertex -59.73205 9.91858 -32.25109
endloop
endfacet
facet normal -1 0 0
outer loop
vertex -59.73205 0.00000 -32.00000
vertex -59.73205 9.23454 -30.37170
vertex -59.73205 9.91858 -32.25109
endloop
endfacet
facet normal -1 0 0
outer loop
vertex -59.73205 9.91858 -32.25109
vertex -59.73205 9.23454 -30.37170
vertex -59.73205 18.64084 -27.21529
endloop
endfacet
facet normal -1 0 0
outer loop
vertex -59.73205 9.23454 -30.37170
vertex -59.73205 17.35526 -25.68320
vertex -59.73205 18.64084 -27.21529
endloop
endfacet
facet normal -1 -5.487748210125335e-16 -4.604774506978478e-16
outer loop
vertex -59.73205 18.64084 -27.21529
vertex -59.73205 17.35526 -25.68320
vertex -59.73205 25.11474 -19.50000
endloop
endfacet
facet normal -1 -3.8472006238431153e-16 -6.663543617453701e-16
outer loop
vertex -59.73205 17.35526 -25.68320
vertex -59.73205 23.38269 -18.50000
vertex -59.73205 25.11474 -19.50000
endloop
endfacet
facet normal -1 0 0
outer loop
vertex -59.73205 25.11474 -19.50000
vertex -59.73205 23.38269 -18.50000
vertex -59.73205 28.55943 -10.03580
endloop
endfacet
facet normal -1 0 0
outer loop
vertex -59.73205 23.38269 -18.50000
vertex -59.73205 26.58981 -9.68850
vertex -59.73205 28.55943 -10.03580
endloop
endfacet
facet normal -0.9999999999999999 0 0
outer loop
vertex -59.73205 28.55943 -10.03580
vertex -59.73205 26.58981 -9.68850
vertex -59.73205 28.55943 0.03580
endloop
endfacet
facet normal -1 0 0
outer loop
vertex -59.73205 26.58981 -9.68850
vertex -59.73205 26.58981 -0.31150
vertex -59.73205 28.55943 0.03580
endloop
endfacet
facet normal -1 0 0
outer loop
vertex -59.73205 28.55943 0.03580
vertex -59.73205 26.58981 -0.31150
vertex -59.73205 25.11474 9.50000
endloop
endfacet
facet normal -1 0 0
outer loop
vertex -59.73205 26.58981 -0.31150
vertex -59.73205 23.38269 8.50000
vertex -59.73205 25.11474 9.50000
endloop
endfacet
facet normal -1 3.581877244407531e-16 -6.203990273486649e-16
outer loop
vertex -59.73205 25.11474 9.50000
vertex -59.73205 23.38269 8.50000
vertex -59.73205 18.64084 17.21529
endloop
endfacet
facet normal -1 5.8942467172504885e-16 -4.945867773480945e-16
outer loop
vertex -59.73205 23.38269 8.50000
vertex -59.73205 17.35526 15.68320
vertex -59.73205 18.64084 17.21529
endloop
endfacet
facet normal -1 0 0
outer loop
vertex -59.73205 18.64084 17.21529
vertex -59.73205 17.35526 15.68320
vertex -59.73205 9.91858 22.25109
endloop
endfacet
facet normal -1 0 0
outer loop
vertex -59.73205 17.35526 15.68320
vertex -59.73205 9.23454 20.37170
vertex -59.73205 9.91858 22.25109
endloop
endfacet
facet normal -1 0 0
outer loop
vertex -59.73205 9.91858 22.25109
vertex -59.73205 9.23454 20.37170
vertex -59.73205 0.00000 24.00000
endloop
endfacet
facet normal -1 0 0
outer loop
vertex -59.73205 9.23454 20.37170
vertex -59.73205 0.00000 22.00000
vertex -59.73205 0.00000 24.00000
endloop
endfacet
facet normal -1 0 0
outer loop
vertex -59.73205 0.00000 24.00000
vertex -59.73205 0.00000 22.00000
vertex -59.73205 -9.91858 22.25109
endloop
endfacet
facet normal -1 0 0
outer loop
vertex -59.73205 0.00000 22.00000
vertex -59.73205 -9.23454 20.37170
vertex -59.73205 -9.91858 22.25109
endloop
endfacet
facet normal -1 0 0
outer loop
vertex -59.73205 -9.91858 22.25109
vertex -59.73205 -9.23454 20.37170
vertex -59.73205 -18.64084 17.21529
endloop
endfacet
facet normal -1 0 0
outer loop
vertex -59.73205 -9.23454 20.37170
vertex -59.73205 -17.35526 15.68320
vertex -59.73205 -18.64084 17.21529
endloop
endfacet
facet normal -1 -5.487748210125335e-16 -4.604774506978478e-16
outer loop
vertex -59.73205 -18.64084 17.21529
vertex -59.73205 -17.35526 15.68320
vertex -59.73205 -25.11474 9.50000
endloop
endfacet
facet normal -1 -3.8472006238431153e-16 -6.663543617453701e-16
outer loop
vertex -59.73205 -17.35526 15.68320
vertex -59.73205 -23.38269 8.50000
vertex -59.73205 -25.11474 9.50000
endloop
endfacet
facet normal -1 0 0
outer loop
vertex -59.73205 -25.11474 9.50000
vertex -59.73205 -23.38269 8.50000
vertex -59.73205 -28.55943 0.03580
endloop
endfacet
facet normal -1 0 0
outer loop
vertex -59.73205 -23.38269 8.50000
vertex -59.73205 -26.58981 -0.31150
vertex -59.73205 -28.55943 0.03580
endloop
endfacet
facet normal -0.9999999999999999 0 0
outer loop
vertex -59.73205 -28.55943 0.03580
vertex -59.73205 -26.58981 -0.31150
vertex -59.73205 -28.55943 -10.03580
endloop
endfacet
facet normal -1 0 0
outer loop
vertex -59.73205 -26.58981 -0.31150
vertex -59.73205 -26.58981 -9.68850
vertex -59.73205 -28.55943 -10.03580
endloop
endfacet
facet normal -1 0 0
outer loop
vertex -59.73205 -28.55943 -10.03580
vertex -59.73205 -26.58981 -9.68850
vertex -59.73205 -25.11474 -19.50000
endloop
endfacet
facet normal -1 0 0
outer loop
vertex -59.73205 -26.58981 -9.68850
vertex -59.73205 -23.38269 -18.50000
vertex -59.73205 -25.11474 -19.50000
endloop
endfacet
facet normal -1 3.581877244407531e-16 -6.203990273486649e-16
outer loop
vertex -59.73205 -25.11474 -19.50000
vertex -59.73205 -23.38269 -18.50000
vertex -59.73205 -18.64084 -27.21529
endloop
endfacet
facet normal -1 5.8942467172504885e-16 -4.945867773480945e-16
outer loop
vertex -59.73205 -23.38269 -18.50000
vertex -59.73205 -17.35526 -25.68320
vertex -59.73205 -18.64084 -27.21529
endloop
endfacet
facet normal -1 0 0
outer loop
vertex -59.73205 -18.64084 -27.21529
vertex -59.73205 -17.35526 -25.68320
vertex -59.73205 -9.91858 -32.25109
endloop
endfacet
facet normal -1 0 0
outer loop
vertex -59.73205 -17.35526 -25.68320
vertex -59.73205 -9.23454 -30.37170
vertex -59.73205 -9.91858 -32.25109
endloop
endfacet
facet normal -1 0 0
outer loop
vertex -59.73205 -9.91858 -32.25109
vertex -59.73205 -9.23454 -30.37170
vertex -59.73205 -0.00000 -34.00000
endloop
endfacet
facet normal -1 0 0
outer loop
vertex -59.73205 -9.23454 -30.37170
vertex -59.73205 -0.00000 -32.00000
vertex -59.73205 -0.00000 -34.00000
endloop
endfacet
facet normal -0.49427041735526006 0.1509537823928072 -0.8561014601720768
outer loop
vertex -58.00000 0.00000 -35.00000
vertex -59.73205 0.00000 -34.00000
vertex -58.00000 10.26060 -33.19078
endloop
endfacet
facet normal -0.4942707250082948 0.1509538197976854 -0.8561012759529463
outer loop
vertex -59.73205 0.00000 -34.00000
vertex -59.73205 9.91858 -32.25109
vertex -58.00000 10.26060 -33.19078
endloop
endfacet
facet normal -0.4942706675865343 0.4346540496251304 -0.7528428549890317
outer loop
vertex -58.00000 10.26060 -33.19078
vertex -59.73205 9.91858 -32.25109
vertex -58.00000 19.28363 -27.98133
endloop
endfacet
facet normal -0.4942705348742729 0.43465406164204745 -0.7528429351818157
outer loop
vertex -59.73205 9.91858 -32.25109
vertex -59.73205 18.64084 -27.21529
vertex -58.00000 19.28363 -27.98133
endloop
endfacet
facet normal -0.49427055650476864 0.6659286331055644 -0.5587805227301869
outer loop
vertex -58.00000 19.28363 -27.98133
vertex -59.73205 18.64084 -27.21529
vertex -58.00000 25.98076 -20.00000
endloop
endfacet
facet normal -0.4942705655751487 0.6659286304592165 -0.5587805178607561
outer loop
vertex -59.73205 18.64084 -27.21529
vertex -59.73205 25.11474 -19.50000
vertex -58.00000 25.98076 -20.00000
endloop
endfacet
facet normal -0.4942706052406594 0.8168823934541474 -0.2973209109021022
outer loop
vertex -58.00000 25.98076 -20.00000
vertex -59.73205 25.11474 -19.50000
vertex -58.00000 29.54423 -10.20945
endloop
endfacet
facet normal -0.49427051306005954 0.8168824356521592 -0.2973209482063811
outer loop
vertex -59.73205 25.11474 -19.50000
vertex -59.73205 28.55943 -10.03580
vertex -58.00000 29.54423 -10.20945
endloop
endfacet
facet normal -0.49427049870574097 0.8693081583127918 0
outer loop
vertex -58.00000 29.54423 -10.20945
vertex -59.73205 28.55943 -10.03580
vertex -58.00000 29.54423 0.20945
endloop
endfacet
facet normal -0.4942704987057411 0.869308158312792 0
outer loop
vertex -59.73205 28.55943 -10.03580
vertex -59.73205 28.55943 0.03580
vertex -58.00000 29.54423 0.20945
endloop
endfacet
facet normal -0.49427051462244226 0.816882441870529 0.29732092852422576
outer loop
vertex -58.00000 29.54423 0.20945
vertex -59.73205 28.55943 0.03580
vertex -58.00000 25.98076 10.00000
endloop
endfacet
facet normal -0.49427060680304186 0.8168823855662483 0.29732092997659687
outer loop
vertex -59.73205 28.55943 0.03580
vertex -59.73205 25.11474 9.50000
vertex -58.00000 25.98076 10.00000
endloop
endfacet
facet normal -0.4942705654214146 0.6659286292218574 0.558780519471369
outer loop
vertex -58.00000 25.98076 10.00000
vertex -59.73205 25.11474 9.50000
vertex -58.00000 19.28363 17.98133
endloop
endfacet
facet normal -0.4942705563510334 0.6659286344768445 0.5587805212319457
outer loop
vertex -59.73205 25.11474 9.50000
vertex -59.73205 18.64084 17.21529
vertex -58.00000 19.28363 17.98133
endloop
endfacet
facet normal -0.4942705371236359 0.4346540867143846 0.7528429192295009
outer loop
vertex -58.00000 19.28363 17.98133
vertex -59.73205 18.64084 17.21529
vertex -58.00000 10.26060 23.19078
endloop
endfacet
facet normal -0.49427066983590107 0.43465402327385316 0.7528428687261522
outer loop
vertex -59.73205 18.64084 17.21529
vertex -59.73205 9.91858 22.25109
vertex -58.00000 10.26060 23.19078
endloop
endfacet
facet normal -0.4942707197938465 0.15095375253221377 0.856101290824232
outer loop
vertex -58.00000 10.26060 23.19078
vertex -59.73205 9.91858 22.25109
vertex -58.00000 0.00000 25.00000
endloop
endfacet
facet normal -0.49427041214079903 0.15095385068796777 0.8561014511403654
outer loop
vertex -59.73205 9.91858 22.25109
vertex -59.73205 0.00000 24.00000
vertex -58.00000 0.00000 25.00000
endloop
endfacet
facet normal -0.4942704173552601 -0.15095378239280718 0.8561014601720769
outer loop
vertex -58.00000 0.00000 25.00000
vertex -59.73205 0.00000 24.00000
vertex -58.00000 -10.26060 23.19078
endloop
endfacet
facet normal -0.4942707250082947 -0.15095381979768535 0.8561012759529463
outer loop
vertex -59.73205 0.00000 24.00000
vertex -59.73205 -9.91858 22.25109
vertex -58.00000 -10.26060 23.19078
endloop
endfacet
facet normal -0.4942706675865343 -0.4346540496251304 0.7528428549890317
outer loop
vertex -58.00000 -10.26060 23.19078
vertex -59.73205 -9.91858 22.25109
vertex -58.00000 -19.28363 17.98133
endloop
endfacet
facet normal -0.4942705348742729 -0.43465406164204745 0.7528429351818157
outer loop
vertex -59.73205 -9.91858 22.25109
vertex -59.73205 -18.64084 17.21529
vertex -58.00000 -19.28363 17.98133
endloop
endfacet
facet normal -0.49427055650476864 -0.6659286331055646 0.5587805227301866
outer loop
vertex -58.00000 -19.28363 17.98133
vertex -59.73205 -18.64084 17.21529
vertex -58.00000 -25.98076 10.00000
endloop
endfacet
facet normal -0.49427056557515026 -0.6659286304592162 0.5587805178607551
outer loop
vertex -59.73205 -18.64084 17.21529
vertex -59.73205 -25.11474 9.50000
vertex -58.00000 -25.98076 10.00000
endloop
endfacet
facet normal -0.49427060524066097 -0.8168823934541467 0.2973209109021016
outer loop
vertex -58.00000 -25.98076 10.00000
vertex -59.73205 -25.11474 9.50000
vertex -58.00000 -29.54423 0.20945
endloop
endfacet
facet normal -0.49427051306005954 -0.8168824356521592 0.2973209482063811
outer loop
vertex -59.73205 -25.11474 9.50000
vertex -59.73205 -28.55943 0.03580
vertex -58.00000 -29.54423 0.20945
endloop
endfacet
facet normal -0.49427049870574097 -0.8693081583127918 0
outer loop
vertex -58.00000 -29.54423 0.20945
vertex -59.73205 -28.55943 0.03580
vertex -58.00000 -29.54423 -10.20945
endloop
endfacet
facet normal -0.4942704987057411 -0.869308158312792 0
outer loop
vertex -59.73205 -28.55943 0.03580
vertex -59.73205 -28.55943 -10.03580
vertex -58.00000 -29.54423 -10.20945
endloop
endfacet
facet normal -0.4942705146224422 -0.8168824418705289 -0.29732092852422604
outer loop
vertex -58.00000 -29.54423 -10.20945
vertex -59.73205 -28.55943 -10.03580
vertex -58.00000 -25.98076 -20.00000
endloop
endfacet
facet normal -0.49427060680304025 -0.8168823855662489 -0.29732092997659715
outer loop
vertex -59.73205 -28.55943 -10.03580
vertex -59.73205 -25.11474 -19.50000
vertex -58.00000 -25.98076 -20.00000
endloop
endfacet
facet normal -0.4942705654214132 -0.6659286292218579 -0.5587805194713699
outer loop
vertex -58.00000 -25.98076 -20.00000
vertex -59.73205 -25.11474 -19.50000
vertex -58.00000 -19.28363 -27.98133
endloop
endfacet
facet normal -0.49427055635103345 -0.665928634476844 -0.5587805212319463
outer loop
vertex -59.73205 -25.11474 -19.50000
vertex -59.73205 -18.64084 -27.21529
vertex -58.00000 -19.28363 -27.98133
endloop
endfacet
facet normal -0.4942705371236359 -0.4346540867143846 -0.7528429192295009
outer loop
vertex -58.00000 -19.28363 -27.98133
vertex -59.73205 -18.64084 -27.21529
vertex -58.00000 -10.26060 -33.19078
endloop
endfacet
facet normal -0.49427066983590107 -0.43465402327385316 -0.7528428687261522
outer loop
vertex -59.73205 -18.64084 -27.21529
vertex -59.73205 -9.91858 -32.25109
vertex -58.00000 -10.26060 -33.19078
endloop
endfacet
facet normal -0.4942707197938464 -0.15095375253221377 -0.8561012908242319
outer loop
vertex -58.00000 -10.26060 -33.19078
vertex -59.73205 -9.91858 -32.25109
vertex -58.00000 -0.00000 -35.00000
endloop
endfacet
facet normal -0.494270412140799 -0.15095385068796782 -0.8561014511403654
outer loop
vertex -59.73205 -9.91858 -32.25109
vertex -59.73205 -0.00000 -34.00000
vertex -58.00000 -0.00000 -35.00000
endloop
endfacet
endsolid XR_DEMO_NONFUNCTIONAL
