solid XR_DEMO_NONFUNCTIONAL
facet normal 0 0 -1
outer loop
vertex -138.00000 -147.00000 87.00000
vertex -138.00000 147.00000 87.00000
vertex 164.00000 147.00000 87.00000
endloop
endfacet
facet normal 0 0 -1
outer loop
vertex 164.00000 147.00000 87.00000
vertex 164.00000 -147.00000 87.00000
vertex -138.00000 -147.00000 87.00000
endloop
endfacet
facet normal 0 0 1
outer loop
vertex 164.00000 147.00000 101.00000
vertex -138.00000 147.00000 101.00000
vertex -138.00000 -147.00000 101.00000
endloop
endfacet
facet normal 0 0 1
outer loop
vertex -138.00000 -147.00000 101.00000
vertex 164.00000 -147.00000 101.00000
vertex 164.00000 147.00000 101.00000
endloop
endfacet
facet normal 0 -0.38268311567019436 -0.9238796636905441
outer loop
vertex -138.00000 -147.00000 87.00000
vertex 164.00000 -147.00000 87.00000
vertex -140.12132 -149.12132 87.87868
endloop
endfacet
facet normal 0 -0.3826831156701943 -0.923879663690544
outer loop
vertex 164.00000 -147.00000 87.00000
vertex 166.12132 -149.12132 87.87868
vertex -140.12132 -149.12132 87.87868
endloop
endfacet
facet normal 0 -0.9238798787424971 -0.3826825964879365
outer loop
vertex -140.12132 -149.12132 87.87868
vertex 166.12132 -149.12132 87.87868
vertex -141.00000 -150.00000 90.00000
endloop
endfacet
facet normal 0 -0.9238798787424972 -0.38268259648793657
outer loop
vertex 166.12132 -149.12132 87.87868
vertex 167.00000 -150.00000 90.00000
vertex -141.00000 -150.00000 90.00000
endloop
endfacet
facet normal 0 -1 0
outer loop
vertex -141.00000 -150.00000 90.00000
vertex 167.00000 -150.00000 90.00000
vertex -141.00000 -150.00000 98.00000
endloop
endfacet
facet normal 0 -1 0
outer loop
vertex 167.00000 -150.00000 90.00000
vertex 167.00000 -150.00000 98.00000
vertex -141.00000 -150.00000 98.00000
endloop
endfacet
facet normal 0 -0.923879909155315 0.38268252306470296
outer loop
vertex -141.00000 -150.00000 98.00000
vertex 167.00000 -150.00000 98.00000
vertex -140.12132 -149.12132 100.12132
endloop
endfacet
facet normal 0 -0.9238799091553149 0.3826825230647029
outer loop
vertex 167.00000 -150.00000 98.00000
vertex 166.12132 -149.12132 100.12132
vertex -140.12132 -149.12132 100.12132
endloop
endfacet
facet normal 0 -0.3826829384106452 0.9238797371137621
outer loop
vertex -140.12132 -149.12132 100.12132
vertex 166.12132 -149.12132 100.12132
vertex -138.00000 -147.00000 101.00000
endloop
endfacet
facet normal 0 -0.3826829384106452 0.9238797371137621
outer loop
vertex 166.12132 -149.12132 100.12132
vertex 164.00000 -147.00000 101.00000
vertex -138.00000 -147.00000 101.00000
endloop
endfacet
facet normal 0.38268311567019436 0 -0.923879663690544
outer loop
vertex 164.00000 -147.00000 87.00000
vertex 164.00000 147.00000 87.00000
vertex 166.12132 -149.12132 87.87868
endloop
endfacet
facet normal 0.3826831156701943 0 -0.923879663690544
outer loop
vertex 164.00000 147.00000 87.00000
vertex 166.12132 149.12132 87.87868
vertex 166.12132 -149.12132 87.87868
endloop
endfacet
facet normal 0.923879878742497 0 -0.3826825964879365
outer loop
vertex 166.12132 -149.12132 87.87868
vertex 166.12132 149.12132 87.87868
vertex 167.00000 -150.00000 90.00000
endloop
endfacet
facet normal 0.9238798787424972 0 -0.3826825964879365
outer loop
vertex 166.12132 149.12132 87.87868
vertex 167.00000 150.00000 90.00000
vertex 167.00000 -150.00000 90.00000
endloop
endfacet
facet normal 1 0 0
outer loop
vertex 167.00000 -150.00000 90.00000
vertex 167.00000 150.00000 90.00000
vertex 167.00000 -150.00000 98.00000
endloop
endfacet
facet normal 1 0 0
outer loop
vertex 167.00000 150.00000 90.00000
vertex 167.00000 150.00000 98.00000
vertex 167.00000 -150.00000 98.00000
endloop
endfacet
facet normal 0.923879909155315 0 0.38268252306470296
outer loop
vertex 167.00000 -150.00000 98.00000
vertex 167.00000 150.00000 98.00000
vertex 166.12132 -149.12132 100.12132
endloop
endfacet
facet normal 0.9238799091553149 0 0.3826825230647029
outer loop
vertex 167.00000 150.00000 98.00000
vertex 166.12132 149.12132 100.12132
vertex 166.12132 -149.12132 100.12132
endloop
endfacet
facet normal 0.3826829384106452 0 0.923879737113762
outer loop
vertex 166.12132 -149.12132 100.12132
vertex 166.12132 149.12132 100.12132
vertex 164.00000 -147.00000 101.00000
endloop
endfacet
facet normal 0.38268293841064527 0 0.9238797371137621
outer loop
vertex 166.12132 149.12132 100.12132
vertex 164.00000 147.00000 101.00000
vertex 164.00000 -147.00000 101.00000
endloop
endfacet
facet normal 0 0.38268311567019436 -0.9238796636905441
outer loop
vertex 164.00000 147.00000 87.00000
vertex -138.00000 147.00000 87.00000
vertex 166.12132 149.12132 87.87868
endloop
endfacet
facet normal 0 0.3826831156701943 -0.923879663690544
outer loop
vertex -138.00000 147.00000 87.00000
vertex -140.12132 149.12132 87.87868
vertex 166.12132 149.12132 87.87868
endloop
endfacet
facet normal 0 0.9238798787424971 -0.3826825964879365
outer loop
vertex 166.12132 149.12132 87.87868
vertex -140.12132 149.12132 87.87868
vertex 167.00000 150.00000 90.00000
endloop
endfacet
facet normal 0 0.9238798787424972 -0.38268259648793657
outer loop
vertex -140.12132 149.12132 87.87868
vertex -141.00000 150.00000 90.00000
vertex 167.00000 150.00000 90.00000
endloop
endfacet
facet normal 0 1 0
outer loop
vertex 167.00000 150.00000 90.00000
vertex -141.00000 150.00000 90.00000
vertex 167.00000 150.00000 98.00000
endloop
endfacet
facet normal 0 1 0
outer loop
vertex -141.00000 150.00000 90.00000
vertex -141.00000 150.00000 98.00000
vertex 167.00000 150.00000 98.00000
endloop
endfacet
facet normal 0 0.923879909155315 0.38268252306470296
outer loop
vertex 167.00000 150.00000 98.00000
vertex -141.00000 150.00000 98.00000
vertex 166.12132 149.12132 100.12132
endloop
endfacet
facet normal 0 0.9238799091553149 0.3826825230647029
outer loop
vertex -141.00000 150.00000 98.00000
vertex -140.12132 149.12132 100.12132
vertex 166.12132 149.12132 100.12132
endloop
endfacet
facet normal 0 0.3826829384106452 0.9238797371137621
outer loop
vertex 166.12132 149.12132 100.12132
vertex -140.12132 149.12132 100.12132
vertex 164.00000 147.00000 101.00000
endloop
endfacet
facet normal 0 0.3826829384106452 0.9238797371137621
outer loop
vertex -140.12132 149.12132 100.12132
vertex -138.00000 147.00000 101.00000
vertex 164.00000 147.00000 101.00000
endloop
endfacet
facet normal -0.38268311567019436 0 -0.923879663690544
outer loop
vertex -138.00000 147.00000 87.00000
vertex -138.00000 -147.00000 87.00000
vertex -140.12132 149.12132 87.87868
endloop
endfacet
facet normal -0.3826831156701943 0 -0.923879663690544
outer loop
vertex -138.00000 -147.00000 87.00000
vertex -140.12132 -149.12132 87.87868
vertex -140.12132 149.12132 87.87868
endloop
endfacet
facet normal -0.923879878742497 0 -0.3826825964879365
outer loop
vertex -140.12132 149.12132 87.87868
vertex -140.12132 -149.12132 87.87868
vertex -141.00000 150.00000 90.00000
endloop
endfacet
facet normal -0.9238798787424972 0 -0.3826825964879365
outer loop
vertex -140.12132 -149.12132 87.87868
vertex -141.00000 -150.00000 90.00000
vertex -141.00000 150.00000 90.00000
endloop
endfacet
facet normal -1 0 0
outer loop
vertex -141.00000 150.00000 90.00000
vertex -141.00000 -150.00000 90.00000
vertex -141.00000 150.00000 98.00000
endloop
endfacet
facet normal -1 0 0
outer loop
vertex -141.00000 -150.00000 90.00000
vertex -141.00000 -150.00000 98.00000
vertex -141.00000 150.00000 98.00000
endloop
endfacet
facet normal -0.923879909155315 0 0.38268252306470296
outer loop
vertex -141.00000 150.00000 98.00000
vertex -141.00000 -150.00000 98.00000
vertex -140.12132 149.12132 100.12132
endloop
endfacet
facet normal -0.9238799091553149 0 0.3826825230647029
outer loop
vertex -141.00000 -150.00000 98.00000
vertex -140.12132 -149.12132 100.12132
vertex -140.12132 149.12132 100.12132
endloop
endfacet
facet normal -0.3826829384106452 0 0.923879737113762
outer loop
vertex -140.12132 149.12132 100.12132
vertex -140.12132 -149.12132 100.12132
vertex -138.00000 147.00000 101.00000
endloop
endfacet
facet normal -0.38268293841064527 0 0.9238797371137621
outer loop
vertex -140.12132 -149.12132 100.12132
vertex -138.00000 -147.00000 101.00000
vertex -138.00000 147.00000 101.00000
endloop
endfacet
facet normal 0 0 -1
outer loop
vertex -102.00000 -131.00000 85.50000
vertex -105.00000 111.00000 85.50000
vertex -78.00000 138.00000 85.50000
endloop
endfacet
facet normal 0 0 -1
outer loop
vertex 99.00000 -110.00000 85.50000
vertex 65.00000 -131.00000 85.50000
vertex -102.00000 -131.00000 85.50000
endloop
endfacet
facet normal 0 0 -1
outer loop
vertex 147.00000 77.00000 85.50000
vertex 145.00000 -25.00000 85.50000
vertex 105.00000 -57.00000 85.50000
endloop
endfacet
facet normal 0 0 -1
outer loop
vertex 78.00000 138.00000 85.50000
vertex 116.00000 122.00000 85.50000
vertex 147.00000 77.00000 85.50000
endloop
endfacet
facet normal 0 0 -1
outer loop
vertex -102.00000 -131.00000 85.50000
vertex -78.00000 138.00000 85.50000
vertex 78.00000 138.00000 85.50000
endloop
endfacet
facet normal 0 0 -1
outer loop
vertex 105.00000 -57.00000 85.50000
vertex 99.00000 -110.00000 85.50000
vertex -102.00000 -131.00000 85.50000
endloop
endfacet
facet normal 0 0 -1
outer loop
vertex 78.00000 138.00000 85.50000
vertex 147.00000 77.00000 85.50000
vertex 105.00000 -57.00000 85.50000
endloop
endfacet
facet normal 0 0 -1
outer loop
vertex 105.00000 -57.00000 85.50000
vertex -102.00000 -131.00000 85.50000
vertex 78.00000 138.00000 85.50000
endloop
endfacet
facet normal 0 0 1
outer loop
vertex -78.00000 138.00000 148.50000
vertex -105.00000 111.00000 148.50000
vertex -102.00000 -131.00000 148.50000
endloop
endfacet
facet normal 0 0 1
outer loop
vertex -102.00000 -131.00000 148.50000
vertex 65.00000 -131.00000 148.50000
vertex 99.00000 -110.00000 148.50000
endloop
endfacet
facet normal 0 0 1
outer loop
vertex 105.00000 -57.00000 148.50000
vertex 145.00000 -25.00000 148.50000
vertex 147.00000 77.00000 148.50000
endloop
endfacet
facet normal 0 0 1
outer loop
vertex 147.00000 77.00000 148.50000
vertex 116.00000 122.00000 148.50000
vertex 78.00000 138.00000 148.50000
endloop
endfacet
facet normal 0 0 1
outer loop
vertex 78.00000 138.00000 148.50000
vertex -78.00000 138.00000 148.50000
vertex -102.00000 -131.00000 148.50000
endloop
endfacet
facet normal 0 0 1
outer loop
vertex -102.00000 -131.00000 148.50000
vertex 99.00000 -110.00000 148.50000
vertex 105.00000 -57.00000 148.50000
endloop
endfacet
facet normal 0 0 1
outer loop
vertex 105.00000 -57.00000 148.50000
vertex 147.00000 77.00000 148.50000
vertex 78.00000 138.00000 148.50000
endloop
endfacet
facet normal 0 0 1
outer loop
vertex 78.00000 138.00000 148.50000
vertex -102.00000 -131.00000 148.50000
vertex 105.00000 -57.00000 148.50000
endloop
endfacet
facet normal 0 -0.3826837030568534 -0.9238794203870405
outer loop
vertex -102.00000 -131.00000 85.50000
vertex 65.00000 -131.00000 85.50000
vertex -110.38074 -139.48528 89.01472
endloop
endfacet
facet normal 0 -0.3826837030568534 -0.9238794203870405
outer loop
vertex 65.00000 -131.00000 85.50000
vertex 67.40921 -139.48528 89.01472
vertex -110.38074 -139.48528 89.01472
endloop
endfacet
facet normal 0 -0.9238792913558107 -0.38268401456539186
outer loop
vertex -110.38074 -139.48528 89.01472
vertex 67.40921 -139.48528 89.01472
vertex -113.85217 -143.00000 97.50000
endloop
endfacet
facet normal 0 -0.9238792913558106 -0.3826840145653918
outer loop
vertex 67.40921 -139.48528 89.01472
vertex 68.40714 -143.00000 97.50000
vertex -113.85217 -143.00000 97.50000
endloop
endfacet
facet normal 0 -0.9999999999999999 0
outer loop
vertex -113.85217 -143.00000 97.50000
vertex 68.40714 -143.00000 97.50000
vertex -113.85217 -143.00000 136.50000
endloop
endfacet
facet normal 0 -0.9999999999999999 0
outer loop
vertex 68.40714 -143.00000 97.50000
vertex 68.40714 -143.00000 136.50000
vertex -113.85217 -143.00000 136.50000
endloop
endfacet
facet normal 0 -0.9238793217688346 0.3826839411419795
outer loop
vertex -113.85217 -143.00000 136.50000
vertex 68.40714 -143.00000 136.50000
vertex -110.38074 -139.48528 144.98528
endloop
endfacet
facet normal 0 -0.9238793217688347 0.38268394114197957
outer loop
vertex 68.40714 -143.00000 136.50000
vertex 67.40921 -139.48528 144.98528
vertex -110.38074 -139.48528 144.98528
endloop
endfacet
facet normal 0 -0.38268352579712556 0.9238794938104647
outer loop
vertex -110.38074 -139.48528 144.98528
vertex 67.40921 -139.48528 144.98528
vertex -102.00000 -131.00000 148.50000
endloop
endfacet
facet normal 0 -0.38268352579712556 0.9238794938104646
outer loop
vertex 67.40921 -139.48528 144.98528
vertex 65.00000 -131.00000 148.50000
vertex -102.00000 -131.00000 148.50000
endloop
endfacet
facet normal 0.20109750593769637 -0.3255864381848418 -0.9238794642028506
outer loop
vertex 65.00000 -131.00000 85.50000
vertex 99.00000 -110.00000 85.50000
vertex 67.40921 -139.48528 89.01472
endloop
endfacet
facet normal 0.20109747194348457 -0.3255864040779406 -0.9238794836219362
outer loop
vertex 99.00000 -110.00000 85.50000
vertex 106.96754 -115.05219 89.01472
vertex 67.40921 -139.48528 89.01472
endloop
endfacet
facet normal 0.4854919992106392 -0.786034715921369 -0.38268386962200207
outer loop
vertex 67.40921 -139.48528 89.01472
vertex 106.96754 -115.05219 89.01472
vertex 68.40714 -143.00000 97.50000
endloop
endfacet
facet normal 0.48549209686246364 -0.7860347757381897 -0.3826836228718211
outer loop
vertex 106.96754 -115.05219 89.01472
vertex 110.26780 -117.14488 97.50000
vertex 68.40714 -143.00000 97.50000
endloop
endfacet
facet normal 0.5254929038309847 -0.8507979830860435 0
outer loop
vertex 68.40714 -143.00000 97.50000
vertex 110.26780 -117.14488 97.50000
vertex 68.40714 -143.00000 136.50000
endloop
endfacet
facet normal 0.5254929038309847 -0.8507979830860435 0
outer loop
vertex 110.26780 -117.14488 97.50000
vertex 110.26780 -117.14488 136.50000
vertex 68.40714 -143.00000 136.50000
endloop
endfacet
facet normal 0.4854920602635688 -0.7860347164828397 0.38268379101390904
outer loop
vertex 68.40714 -143.00000 136.50000
vertex 110.26780 -117.14488 136.50000
vertex 67.40921 -139.48528 144.98528
endloop
endfacet
facet normal 0.48549207083339846 -0.7860348318820344 0.3826835405737758
outer loop
vertex 110.26780 -117.14488 136.50000
vertex 106.96754 -115.05219 144.98528
vertex 67.40921 -139.48528 144.98528
endloop
endfacet
facet normal 0.201097402030057 -0.3255862908847649 0.9238795387303816
outer loop
vertex 67.40921 -139.48528 144.98528
vertex 106.96754 -115.05219 144.98528
vertex 65.00000 -131.00000 148.50000
endloop
endfacet
facet normal 0.20109738575521263 -0.3255862436036776 0.92387955893529
outer loop
vertex 106.96754 -115.05219 144.98528
vertex 99.00000 -110.00000 148.50000
vertex 65.00000 -131.00000 148.50000
endloop
endfacet
facet normal 0.38025450565868135 -0.04304767988588845 -0.9238795420306231
outer loop
vertex 99.00000 -110.00000 85.50000
vertex 105.00000 -57.00000 85.50000
vertex 106.96754 -115.05219 89.01472
endloop
endfacet
facet normal 0.3802545115994053 -0.043047679537487976 -0.9238795396017467
outer loop
vertex 105.00000 -57.00000 85.50000
vertex 113.03722 -61.43669 89.01472
vertex 106.96754 -115.05219 89.01472
endloop
endfacet
facet normal 0.918015575393758 -0.10392628908925462 -0.38268358962804233
outer loop
vertex 106.96754 -115.05219 89.01472
vertex 113.03722 -61.43669 89.01472
vertex 110.26780 -117.14488 97.50000
endloop
endfacet
facet normal 0.9180155930416006 -0.10392628373951585 -0.3826835487456601
outer loop
vertex 113.03722 -61.43669 89.01472
vertex 116.36634 -63.27443 97.50000
vertex 110.26780 -117.14488 97.50000
endloop
endfacet
facet normal 0.9936529695021001 -0.11248900479450585 0
outer loop
vertex 110.26780 -117.14488 97.50000
vertex 116.36634 -63.27443 97.50000
vertex 110.26780 -117.14488 136.50000
endloop
endfacet
facet normal 0.9936529695021001 -0.11248900479450585 0
outer loop
vertex 116.36634 -63.27443 97.50000
vertex 116.36634 -63.27443 136.50000
vertex 110.26780 -117.14488 136.50000
endloop
endfacet
facet normal 0.9180156069513049 -0.1039262853141992 0.38268351495017233
outer loop
vertex 110.26780 -117.14488 136.50000
vertex 116.36634 -63.27443 136.50000
vertex 106.96754 -115.05219 144.98528
endloop
endfacet
facet normal 0.9180156220014661 -0.10392629436559882 0.3826834763883801
outer loop
vertex 116.36634 -63.27443 136.50000
vertex 113.03722 -61.43669 144.98528
vertex 106.96754 -115.05219 144.98528
endloop
endfacet
facet normal 0.38025433005638465 -0.043047658985448385 0.9238796152796329
outer loop
vertex 106.96754 -115.05219 144.98528
vertex 113.03722 -61.43669 144.98528
vertex 99.00000 -110.00000 148.50000
endloop
endfacet
facet normal 0.38025433499537803 -0.04304766056551449 0.9238796131731987
outer loop
vertex 113.03722 -61.43669 144.98528
vertex 105.00000 -57.00000 148.50000
vertex 99.00000 -110.00000 148.50000
endloop
endfacet
facet normal 0.23906042842602404 -0.29882553553253005 -0.923879543487387
outer loop
vertex 105.00000 -57.00000 85.50000
vertex 145.00000 -25.00000 85.50000
vertex 113.03722 -61.43669 89.01472
endloop
endfacet
facet normal 0.23906044509425925 -0.2988255493083009 -0.9238795347186379
outer loop
vertex 145.00000 -25.00000 85.50000
vertex 153.40570 -29.14190 89.01472
vertex 113.03722 -61.43669 89.01472
endloop
endfacet
facet normal 0.5771429426624634 -0.7214286612848834 -0.3826835643343118
outer loop
vertex 113.03722 -61.43669 89.01472
vertex 153.40570 -29.14190 89.01472
vertex 116.36634 -63.27443 97.50000
endloop
endfacet
facet normal 0.5771430533498517 -0.7214287148132997 -0.3826832964905068
outer loop
vertex 153.40570 -29.14190 89.01472
vertex 156.88745 -30.85754 97.50000
vertex 116.36634 -63.27443 97.50000
endloop
endfacet
facet normal 0.6246951013435118 -0.7808687664117573 0
outer loop
vertex 116.36634 -63.27443 97.50000
vertex 156.88745 -30.85754 97.50000
vertex 116.36634 -63.27443 136.50000
endloop
endfacet
facet normal 0.6246951013435118 -0.7808687664117573 0
outer loop
vertex 156.88745 -30.85754 97.50000
vertex 156.88745 -30.85754 136.50000
vertex 116.36634 -63.27443 136.50000
endloop
endfacet
facet normal 0.5771430010399096 -0.7214286494258813 0.38268349864894385
outer loop
vertex 116.36634 -63.27443 136.50000
vertex 156.88745 -30.85754 136.50000
vertex 113.03722 -61.43669 144.98528
endloop
endfacet
facet normal 0.577143033239635 -0.7214287745063453 0.3826832142872562
outer loop
vertex 156.88745 -30.85754 136.50000
vertex 153.40570 -29.14190 144.98528
vertex 113.03722 -61.43669 144.98528
endloop
endfacet
facet normal 0.23906032016530862 -0.2988253931471163 0.9238796175546528
outer loop
vertex 113.03722 -61.43669 144.98528
vertex 153.40570 -29.14190 144.98528
vertex 105.00000 -57.00000 148.50000
endloop
endfacet
facet normal 0.23906033201930652 -0.2988254150241331 0.9238796074113086
outer loop
vertex 153.40570 -29.14190 144.98528
vertex 145.00000 -25.00000 148.50000
vertex 105.00000 -57.00000 148.50000
endloop
endfacet
facet normal 0.38260984406577586 -0.007502153805211292 -0.9238795510845804
outer loop
vertex 145.00000 -25.00000 85.50000
vertex 147.00000 77.00000 85.50000
vertex 153.40570 -29.14190 89.01472
endloop
endfacet
facet normal 0.38260974005527826 -0.007502161506545411 -0.9238795940963097
outer loop
vertex 147.00000 77.00000 85.50000
vertex 155.53720 79.56447 89.01472
vertex 153.40570 -29.14190 89.01472
endloop
endfacet
facet normal 0.9237021228194592 -0.018111829846070408 -0.3826830933271704
outer loop
vertex 153.40570 -29.14190 89.01472
vertex 155.53720 79.56447 89.01472
vertex 156.88745 -30.85754 97.50000
endloop
endfacet
facet normal 0.9237018994911342 -0.018111873840438372 -0.3826836303037521
outer loop
vertex 155.53720 79.56447 89.01472
vertex 159.07343 80.62670 97.50000
vertex 156.88745 -30.85754 97.50000
endloop
endfacet
facet normal 0.999807820131567 -0.0196041527173242 0
outer loop
vertex 156.88745 -30.85754 97.50000
vertex 159.07343 80.62670 97.50000
vertex 156.88745 -30.85754 136.50000
endloop
endfacet
facet normal 0.999807820131567 -0.0196041527173242 0
outer loop
vertex 159.07343 80.62670 97.50000
vertex 159.07343 80.62670 136.50000
vertex 156.88745 -30.85754 136.50000
endloop
endfacet
facet normal 0.9237021489599309 -0.01811187873200282 0.3826830279168425
outer loop
vertex 156.88745 -30.85754 136.50000
vertex 159.07343 80.62670 136.50000
vertex 153.40570 -29.14190 144.98528
endloop
endfacet
facet normal 0.9237019285669619 -0.018111826037192965 0.3826835623844767
outer loop
vertex 159.07343 80.62670 136.50000
vertex 155.53720 79.56447 144.98528
vertex 153.40570 -29.14190 144.98528
endloop
endfacet
facet normal 0.3826096627546104 -0.007502159990844074 0.9238796261214309
outer loop
vertex 153.40570 -29.14190 144.98528
vertex 155.53720 79.56447 144.98528
vertex 145.00000 -25.00000 148.50000
endloop
endfacet
facet normal 0.38260956034540833 -0.007502148242066829 0.9238796686279266
outer loop
vertex 155.53720 79.56447 144.98528
vertex 147.00000 77.00000 148.50000
vertex 145.00000 -25.00000 148.50000
endloop
endfacet
facet normal 0.315142591787242 0.21709822989787783 -0.9238795946533445
outer loop
vertex 147.00000 77.00000 85.50000
vertex 116.00000 122.00000 85.50000
vertex 155.53720 79.56447 89.01472
endloop
endfacet
facet normal 0.3151427188169278 0.21709835426078875 -0.9238795220990298
outer loop
vertex 116.00000 122.00000 85.50000
vertex 121.57988 128.85735 89.01472
vertex 155.53720 79.56447 89.01472
endloop
endfacet
facet normal 0.7608217944594576 0.5241217696000157 -0.382683377881557
outer loop
vertex 155.53720 79.56447 89.01472
vertex 121.57988 128.85735 89.01472
vertex 159.07343 80.62670 97.50000
endloop
endfacet
facet normal 0.7608218952680734 0.5241219192970668 -0.3826829724367884
outer loop
vertex 121.57988 128.85735 89.01472
vertex 123.89114 131.69774 97.50000
vertex 159.07343 80.62670 97.50000
endloop
endfacet
facet normal 0.8235075154386263 0.567305360468329 0
outer loop
vertex 159.07343 80.62670 97.50000
vertex 123.89114 131.69774 97.50000
vertex 159.07343 80.62670 136.50000
endloop
endfacet
facet normal 0.8235075154386263 0.567305360468329 0
outer loop
vertex 123.89114 131.69774 97.50000
vertex 123.89114 131.69774 136.50000
vertex 159.07343 80.62670 136.50000
endloop
endfacet
facet normal 0.7608217845785384 0.5241218430442514 0.3826832969370694
outer loop
vertex 159.07343 80.62670 136.50000
vertex 123.89114 131.69774 136.50000
vertex 155.53720 79.56447 144.98528
endloop
endfacet
facet normal 0.7608219601359247 0.5241218837327124 0.38268289218019985
outer loop
vertex 123.89114 131.69774 136.50000
vertex 121.57988 128.85735 144.98528
vertex 155.53720 79.56447 144.98528
endloop
endfacet
facet normal 0.3151424354621721 0.2170981590608128 0.923879664622713
outer loop
vertex 155.53720 79.56447 144.98528
vertex 121.57988 128.85735 144.98528
vertex 147.00000 77.00000 148.50000
endloop
endfacet
facet normal 0.31514259629840824 0.21709823300557013 0.9238795923842879
outer loop
vertex 121.57988 128.85735 144.98528
vertex 116.00000 122.00000 148.50000
vertex 147.00000 77.00000 148.50000
endloop
endfacet
facet normal 0.1485029643110419 0.35269454023872454 -0.9238795543124807
outer loop
vertex 116.00000 122.00000 85.50000
vertex 78.00000 138.00000 85.50000
vertex 121.57988 128.85735 89.01472
endloop
endfacet
facet normal 0.14850302302612173 0.35269487250403553 -0.92387941803109
outer loop
vertex 78.00000 138.00000 85.50000
vertex 79.71352 146.48528 89.01472
vertex 121.57988 128.85735 89.01472
endloop
endfacet
facet normal 0.3585178989577377 0.8514804755258878 -0.3826825262866565
outer loop
vertex 121.57988 128.85735 89.01472
vertex 79.71352 146.48528 89.01472
vertex 123.89114 131.69774 97.50000
endloop
endfacet
facet normal 0.3585179569555807 0.8514797367817065 -0.3826841156757779
outer loop
vertex 79.71352 146.48528 89.01472
vertex 80.42329 150.00000 97.50000
vertex 123.89114 131.69774 97.50000
endloop
endfacet
facet normal 0.3880571591574651 0.9216353081488566 0
outer loop
vertex 123.89114 131.69774 97.50000
vertex 80.42329 150.00000 97.50000
vertex 123.89114 131.69774 136.50000
endloop
endfacet
facet normal 0.3880571591574651 0.9216353081488566 0
outer loop
vertex 80.42329 150.00000 97.50000
vertex 80.42329 150.00000 136.50000
vertex 123.89114 131.69774 136.50000
endloop
endfacet
facet normal 0.35851821858047184 0.851480358140523 0.3826824880325355
outer loop
vertex 123.89114 131.69774 136.50000
vertex 80.42329 150.00000 136.50000
vertex 121.57988 128.85735 144.98528
endloop
endfacet
facet normal 0.35851765138057384 0.8514798875298022 0.38268406653634385
outer loop
vertex 80.42329 150.00000 136.50000
vertex 79.71352 146.48528 144.98528
vertex 121.57988 128.85735 144.98528
endloop
endfacet
facet normal 0.14850283381201118 0.35269442312027727 0.9238796199990867
outer loop
vertex 121.57988 128.85735 144.98528
vertex 79.71352 146.48528 144.98528
vertex 116.00000 122.00000 148.50000
endloop
endfacet
facet normal 0.14850302820453176 0.3526946919857629 0.9238794861123132
outer loop
vertex 79.71352 146.48528 144.98528
vertex 78.00000 138.00000 148.50000
vertex 116.00000 122.00000 148.50000
endloop
endfacet
facet normal 0 0.3826837030568534 -0.9238794203870405
outer loop
vertex 78.00000 138.00000 85.50000
vertex -78.00000 138.00000 85.50000
vertex 79.71352 146.48528 89.01472
endloop
endfacet
facet normal 0 0.38268370305685334 -0.9238794203870404
outer loop
vertex -78.00000 138.00000 85.50000
vertex -81.51472 146.48528 89.01472
vertex 79.71352 146.48528 89.01472
endloop
endfacet
facet normal 0 0.9238792913558107 -0.38268401456539186
outer loop
vertex 79.71352 146.48528 89.01472
vertex -81.51472 146.48528 89.01472
vertex 80.42329 150.00000 97.50000
endloop
endfacet
facet normal 0 0.9238792913558107 -0.38268401456539186
outer loop
vertex -81.51472 146.48528 89.01472
vertex -82.97057 150.00000 97.50000
vertex 80.42329 150.00000 97.50000
endloop
endfacet
facet normal 0 0.9999999999999999 0
outer loop
vertex 80.42329 150.00000 97.50000
vertex -82.97057 150.00000 97.50000
vertex 80.42329 150.00000 136.50000
endloop
endfacet
facet normal 0 0.9999999999999999 0
outer loop
vertex -82.97057 150.00000 97.50000
vertex -82.97057 150.00000 136.50000
vertex 80.42329 150.00000 136.50000
endloop
endfacet
facet normal 0 0.9238793217688346 0.38268394114197957
outer loop
vertex 80.42329 150.00000 136.50000
vertex -82.97057 150.00000 136.50000
vertex 79.71352 146.48528 144.98528
endloop
endfacet
facet normal 0 0.9238793217688347 0.3826839411419796
outer loop
vertex -82.97057 150.00000 136.50000
vertex -81.51472 146.48528 144.98528
vertex 79.71352 146.48528 144.98528
endloop
endfacet
facet normal 0 0.3826835257971256 0.9238794938104649
outer loop
vertex 79.71352 146.48528 144.98528
vertex -81.51472 146.48528 144.98528
vertex 78.00000 138.00000 148.50000
endloop
endfacet
facet normal 0 0.3826835257971256 0.9238794938104649
outer loop
vertex -81.51472 146.48528 144.98528
vertex -78.00000 138.00000 148.50000
vertex 78.00000 138.00000 148.50000
endloop
endfacet
facet normal -0.2705982221306631 0.2705982221306631 -0.9238794317222616
outer loop
vertex -78.00000 138.00000 85.50000
vertex -105.00000 111.00000 85.50000
vertex -81.51472 146.48528 89.01472
endloop
endfacet
facet normal -0.27059805464056574 0.27059811912747994 -0.9238795109479436
outer loop
vertex -105.00000 111.00000 85.50000
vertex -113.52896 114.47104 89.01472
vertex -81.51472 146.48528 89.01472
endloop
endfacet
facet normal -0.6532811900461408 0.6532813457312513 -0.38268416488203844
outer loop
vertex -81.51472 146.48528 89.01472
vertex -113.52896 114.47104 89.01472
vertex -82.97057 150.00000 97.50000
endloop
endfacet
facet normal -0.6532814194574749 0.6532814194574749 -0.3826836473946245
outer loop
vertex -113.52896 114.47104 89.01472
vertex -117.06178 115.90879 97.50000
vertex -82.97057 150.00000 97.50000
endloop
endfacet
facet normal -0.7071067811865475 0.7071067811865475 0
outer loop
vertex -82.97057 150.00000 97.50000
vertex -117.06178 115.90879 97.50000
vertex -82.97057 150.00000 136.50000
endloop
endfacet
facet normal -0.7071067811865475 0.7071067811865475 0
outer loop
vertex -117.06178 115.90879 97.50000
vertex -117.06178 115.90879 136.50000
vertex -82.97057 150.00000 136.50000
endloop
endfacet
facet normal -0.6532812941159232 0.6532812941159232 0.3826840753368882
outer loop
vertex -82.97057 150.00000 136.50000
vertex -117.06178 115.90879 136.50000
vertex -81.51472 146.48528 144.98528
endloop
endfacet
facet normal -0.6532813679250521 0.653281523610205 0.38268355756617267
outer loop
vertex -117.06178 115.90879 136.50000
vertex -113.52896 114.47104 144.98528
vertex -81.51472 146.48528 144.98528
endloop
endfacet
facet normal -0.27059805314587654 0.27059811763279035 0.9238795118235125
outer loop
vertex -81.51472 146.48528 144.98528
vertex -113.52896 114.47104 144.98528
vertex -78.00000 138.00000 148.50000
endloop
endfacet
facet normal -0.27059794994237923 0.27059794994237923 0.9238795911664912
outer loop
vertex -113.52896 114.47104 144.98528
vertex -105.00000 111.00000 148.50000
vertex -78.00000 138.00000 148.50000
endloop
endfacet
facet normal -0.38265412700890533 -0.004743646202589736 -0.9238794926308069
outer loop
vertex -105.00000 111.00000 85.50000
vertex -102.00000 -131.00000 85.50000
vertex -113.52896 114.47104 89.01472
endloop
endfacet
facet normal -0.3826540331854476 -0.004743641239240709 -0.9238795315162597
outer loop
vertex -102.00000 -131.00000 85.50000
vertex -110.38074 -139.48528 89.01472
vertex -113.52896 114.47104 89.01472
endloop
endfacet
facet normal -0.9238084681564165 -0.011452161918238002 -0.3826836319336036
outer loop
vertex -113.52896 114.47104 89.01472
vertex -110.38074 -139.48528 89.01472
vertex -117.06178 115.90879 97.50000
endloop
endfacet
facet normal -0.9238084473024748 -0.01145215969792272 -0.38268368234201466
outer loop
vertex -110.38074 -139.48528 89.01472
vertex -113.85217 -143.00000 97.50000
vertex -117.06178 115.90879 97.50000
endloop
endfacet
facet normal -0.9999231699908946 -0.012395729722786844 0
outer loop
vertex -117.06178 115.90879 97.50000
vertex -113.85217 -143.00000 97.50000
vertex -117.06178 115.90879 136.50000
endloop
endfacet
facet normal -0.9999231699908946 -0.012395729722786844 0
outer loop
vertex -113.85217 -143.00000 97.50000
vertex -113.85217 -143.00000 136.50000
vertex -117.06178 115.90879 136.50000
endloop
endfacet
facet normal -0.9238084984702881 -0.011452160332233837 0.38268355880256505
outer loop
vertex -117.06178 115.90879 136.50000
vertex -113.85217 -143.00000 136.50000
vertex -113.52896 114.47104 144.98528
endloop
endfacet
facet normal -0.9238084774050821 -0.01145216203289079 0.38268360960364706
outer loop
vertex -113.85217 -143.00000 136.50000
vertex -110.38074 -139.48528 144.98528
vertex -113.52896 114.47104 144.98528
endloop
endfacet
facet normal -0.3826539484429566 -0.004743640188714801 0.9238795666204418
outer loop
vertex -113.52896 114.47104 144.98528
vertex -110.38074 -139.48528 144.98528
vertex -105.00000 111.00000 148.50000
endloop
endfacet
facet normal -0.3826538526890604 -0.0047436428019305005 0.9238796062665237
outer loop
vertex -110.38074 -139.48528 144.98528
vertex -102.00000 -131.00000 148.50000
vertex -105.00000 111.00000 148.50000
endloop
endfacet
facet normal 0.38268343265006405 -0.9238795323932465 0
outer loop
vertex -130.00000 -137.00000 104.00000
vertex -130.00000 -137.00000 100.00000
vertex -126.46447 -135.53553 104.00000
endloop
endfacet
facet normal 0.38268343265006405 -0.9238795323932465 0
outer loop
vertex -130.00000 -137.00000 100.00000
vertex -126.46447 -135.53553 100.00000
vertex -126.46447 -135.53553 104.00000
endloop
endfacet
facet normal 0.9238795323932465 -0.38268343265006405 0
outer loop
vertex -126.46447 -135.53553 104.00000
vertex -126.46447 -135.53553 100.00000
vertex -125.00000 -132.00000 104.00000
endloop
endfacet
facet normal 0.9238795323932465 -0.38268343265006405 0
outer loop
vertex -126.46447 -135.53553 100.00000
vertex -125.00000 -132.00000 100.00000
vertex -125.00000 -132.00000 104.00000
endloop
endfacet
facet normal 0.9238795323932465 0.38268343265006405 0
outer loop
vertex -125.00000 -132.00000 104.00000
vertex -125.00000 -132.00000 100.00000
vertex -126.46447 -128.46447 104.00000
endloop
endfacet
facet normal 0.9238795323932465 0.38268343265006405 0
outer loop
vertex -125.00000 -132.00000 100.00000
vertex -126.46447 -128.46447 100.00000
vertex -126.46447 -128.46447 104.00000
endloop
endfacet
facet normal 0.38268343265006405 0.9238795323932465 0
outer loop
vertex -126.46447 -128.46447 104.00000
vertex -126.46447 -128.46447 100.00000
vertex -130.00000 -127.00000 104.00000
endloop
endfacet
facet normal 0.38268343265006405 0.9238795323932465 0
outer loop
vertex -126.46447 -128.46447 100.00000
vertex -130.00000 -127.00000 100.00000
vertex -130.00000 -127.00000 104.00000
endloop
endfacet
facet normal -0.38268343265006405 0.9238795323932465 0
outer loop
vertex -130.00000 -127.00000 104.00000
vertex -130.00000 -127.00000 100.00000
vertex -133.53553 -128.46447 104.00000
endloop
endfacet
facet normal -0.38268343265006405 0.9238795323932465 0
outer loop
vertex -130.00000 -127.00000 100.00000
vertex -133.53553 -128.46447 100.00000
vertex -133.53553 -128.46447 104.00000
endloop
endfacet
facet normal -0.9238795323932465 0.38268343265006405 0
outer loop
vertex -133.53553 -128.46447 104.00000
vertex -133.53553 -128.46447 100.00000
vertex -135.00000 -132.00000 104.00000
endloop
endfacet
facet normal -0.9238795323932465 0.38268343265006405 0
outer loop
vertex -133.53553 -128.46447 100.00000
vertex -135.00000 -132.00000 100.00000
vertex -135.00000 -132.00000 104.00000
endloop
endfacet
facet normal -0.9238795323932465 -0.38268343265006405 0
outer loop
vertex -135.00000 -132.00000 104.00000
vertex -135.00000 -132.00000 100.00000
vertex -133.53553 -135.53553 104.00000
endloop
endfacet
facet normal -0.9238795323932465 -0.38268343265006405 0
outer loop
vertex -135.00000 -132.00000 100.00000
vertex -133.53553 -135.53553 100.00000
vertex -133.53553 -135.53553 104.00000
endloop
endfacet
facet normal -0.38268343265006405 -0.9238795323932465 0
outer loop
vertex -133.53553 -135.53553 104.00000
vertex -133.53553 -135.53553 100.00000
vertex -130.00000 -137.00000 104.00000
endloop
endfacet
facet normal -0.38268343265006405 -0.9238795323932465 0
outer loop
vertex -133.53553 -135.53553 100.00000
vertex -130.00000 -137.00000 100.00000
vertex -130.00000 -137.00000 104.00000
endloop
endfacet
facet normal 0 0 1
outer loop
vertex -130.00000 -137.00000 104.00000
vertex -126.46447 -135.53553 104.00000
vertex -130.00000 -132.00000 104.00000
endloop
endfacet
facet normal 0 0 1
outer loop
vertex -126.46447 -135.53553 104.00000
vertex -125.00000 -132.00000 104.00000
vertex -130.00000 -132.00000 104.00000
endloop
endfacet
facet normal 0 0 1
outer loop
vertex -125.00000 -132.00000 104.00000
vertex -126.46447 -128.46447 104.00000
vertex -130.00000 -132.00000 104.00000
endloop
endfacet
facet normal 0 0 1
outer loop
vertex -126.46447 -128.46447 104.00000
vertex -130.00000 -127.00000 104.00000
vertex -130.00000 -132.00000 104.00000
endloop
endfacet
facet normal 0 0 1
outer loop
vertex -130.00000 -127.00000 104.00000
vertex -133.53553 -128.46447 104.00000
vertex -130.00000 -132.00000 104.00000
endloop
endfacet
facet normal 0 0 1
outer loop
vertex -133.53553 -128.46447 104.00000
vertex -135.00000 -132.00000 104.00000
vertex -130.00000 -132.00000 104.00000
endloop
endfacet
facet normal 0 0 1
outer loop
vertex -135.00000 -132.00000 104.00000
vertex -133.53553 -135.53553 104.00000
vertex -130.00000 -132.00000 104.00000
endloop
endfacet
facet normal 0 0 1
outer loop
vertex -133.53553 -135.53553 104.00000
vertex -130.00000 -137.00000 104.00000
vertex -130.00000 -132.00000 104.00000
endloop
endfacet
facet normal 0 0 -1
outer loop
vertex -126.46447 -135.53553 100.00000
vertex -130.00000 -137.00000 100.00000
vertex -130.00000 -132.00000 100.00000
endloop
endfacet
facet normal 0 0 -1
outer loop
vertex -125.00000 -132.00000 100.00000
vertex -126.46447 -135.53553 100.00000
vertex -130.00000 -132.00000 100.00000
endloop
endfacet
facet normal 0 0 -1
outer loop
vertex -126.46447 -128.46447 100.00000
vertex -125.00000 -132.00000 100.00000
vertex -130.00000 -132.00000 100.00000
endloop
endfacet
facet normal 0 0 -1
outer loop
vertex -130.00000 -127.00000 100.00000
vertex -126.46447 -128.46447 100.00000
vertex -130.00000 -132.00000 100.00000
endloop
endfacet
facet normal 0 0 -1
outer loop
vertex -133.53553 -128.46447 100.00000
vertex -130.00000 -127.00000 100.00000
vertex -130.00000 -132.00000 100.00000
endloop
endfacet
facet normal 0 0 -1
outer loop
vertex -135.00000 -132.00000 100.00000
vertex -133.53553 -128.46447 100.00000
vertex -130.00000 -132.00000 100.00000
endloop
endfacet
facet normal 0 0 -1
outer loop
vertex -133.53553 -135.53553 100.00000
vertex -135.00000 -132.00000 100.00000
vertex -130.00000 -132.00000 100.00000
endloop
endfacet
facet normal 0 0 -1
outer loop
vertex -130.00000 -137.00000 100.00000
vertex -133.53553 -135.53553 100.00000
vertex -130.00000 -132.00000 100.00000
endloop
endfacet
facet normal 0.500000021631748 -0.8660253912953428 0
outer loop
vertex -130.00000 -134.40000 106.50000
vertex -130.00000 -134.40000 101.50000
vertex -127.92154 -133.20000 106.50000
endloop
endfacet
facet normal 0.500000021631748 -0.8660253912953428 0
outer loop
vertex -130.00000 -134.40000 101.50000
vertex -127.92154 -133.20000 101.50000
vertex -127.92154 -133.20000 106.50000
endloop
endfacet
facet normal 1 0 0
outer loop
vertex -127.92154 -133.20000 106.50000
vertex -127.92154 -133.20000 101.50000
vertex -127.92154 -130.80000 106.50000
endloop
endfacet
facet normal 1 0 0
outer loop
vertex -127.92154 -133.20000 101.50000
vertex -127.92154 -130.80000 101.50000
vertex -127.92154 -130.80000 106.50000
endloop
endfacet
facet normal 0.500000021631748 0.8660253912953428 0
outer loop
vertex -127.92154 -130.80000 106.50000
vertex -127.92154 -130.80000 101.50000
vertex -130.00000 -129.60000 106.50000
endloop
endfacet
facet normal 0.500000021631748 0.8660253912953428 0
outer loop
vertex -127.92154 -130.80000 101.50000
vertex -130.00000 -129.60000 101.50000
vertex -130.00000 -129.60000 106.50000
endloop
endfacet
facet normal -0.500000021631748 0.8660253912953428 0
outer loop
vertex -130.00000 -129.60000 106.50000
vertex -130.00000 -129.60000 101.50000
vertex -132.07846 -130.80000 106.50000
endloop
endfacet
facet normal -0.500000021631748 0.8660253912953428 0
outer loop
vertex -130.00000 -129.60000 101.50000
vertex -132.07846 -130.80000 101.50000
vertex -132.07846 -130.80000 106.50000
endloop
endfacet
facet normal -1 0 0
outer loop
vertex -132.07846 -130.80000 106.50000
vertex -132.07846 -130.80000 101.50000
vertex -132.07846 -133.20000 106.50000
endloop
endfacet
facet normal -1 0 0
outer loop
vertex -132.07846 -130.80000 101.50000
vertex -132.07846 -133.20000 101.50000
vertex -132.07846 -133.20000 106.50000
endloop
endfacet
facet normal -0.500000021631748 -0.8660253912953428 0
outer loop
vertex -132.07846 -133.20000 106.50000
vertex -132.07846 -133.20000 101.50000
vertex -130.00000 -134.40000 106.50000
endloop
endfacet
facet normal -0.500000021631748 -0.8660253912953428 0
outer loop
vertex -132.07846 -133.20000 101.50000
vertex -130.00000 -134.40000 101.50000
vertex -130.00000 -134.40000 106.50000
endloop
endfacet
facet normal 0 0 1
outer loop
vertex -130.00000 -134.40000 106.50000
vertex -127.92154 -133.20000 106.50000
vertex -130.00000 -132.00000 106.50000
endloop
endfacet
facet normal 0 0 1
outer loop
vertex -127.92154 -133.20000 106.50000
vertex -127.92154 -130.80000 106.50000
vertex -130.00000 -132.00000 106.50000
endloop
endfacet
facet normal 0 0 1
outer loop
vertex -127.92154 -130.80000 106.50000
vertex -130.00000 -129.60000 106.50000
vertex -130.00000 -132.00000 106.50000
endloop
endfacet
facet normal 0 0 1
outer loop
vertex -130.00000 -129.60000 106.50000
vertex -132.07846 -130.80000 106.50000
vertex -130.00000 -132.00000 106.50000
endloop
endfacet
facet normal 0 0 1
outer loop
vertex -132.07846 -130.80000 106.50000
vertex -132.07846 -133.20000 106.50000
vertex -130.00000 -132.00000 106.50000
endloop
endfacet
facet normal 0 0 1
outer loop
vertex -132.07846 -133.20000 106.50000
vertex -130.00000 -134.40000 106.50000
vertex -130.00000 -132.00000 106.50000
endloop
endfacet
facet normal 0 0 -1
outer loop
vertex -127.92154 -133.20000 101.50000
vertex -130.00000 -134.40000 101.50000
vertex -130.00000 -132.00000 101.50000
endloop
endfacet
facet normal 0 0 -1
outer loop
vertex -127.92154 -130.80000 101.50000
vertex -127.92154 -133.20000 101.50000
vertex -130.00000 -132.00000 101.50000
endloop
endfacet
facet normal 0 0 -1
outer loop
vertex -130.00000 -129.60000 101.50000
vertex -127.92154 -130.80000 101.50000
vertex -130.00000 -132.00000 101.50000
endloop
endfacet
facet normal 0 0 -1
outer loop
vertex -132.07846 -130.80000 101.50000
vertex -130.00000 -129.60000 101.50000
vertex -130.00000 -132.00000 101.50000
endloop
endfacet
facet normal 0 0 -1
outer loop
vertex -132.07846 -133.20000 101.50000
vertex -132.07846 -130.80000 101.50000
vertex -130.00000 -132.00000 101.50000
endloop
endfacet
facet normal 0 0 -1
outer loop
vertex -130.00000 -134.40000 101.50000
vertex -132.07846 -133.20000 101.50000
vertex -130.00000 -132.00000 101.50000
endloop
endfacet
facet normal 0.38268343265006405 -0.9238795323932465 0
outer loop
vertex 156.00000 -137.00000 104.00000
vertex 156.00000 -137.00000 100.00000
vertex 159.53553 -135.53553 104.00000
endloop
endfacet
facet normal 0.38268343265006405 -0.9238795323932465 0
outer loop
vertex 156.00000 -137.00000 100.00000
vertex 159.53553 -135.53553 100.00000
vertex 159.53553 -135.53553 104.00000
endloop
endfacet
facet normal 0.9238795323932465 -0.38268343265006405 0
outer loop
vertex 159.53553 -135.53553 104.00000
vertex 159.53553 -135.53553 100.00000
vertex 161.00000 -132.00000 104.00000
endloop
endfacet
facet normal 0.9238795323932465 -0.38268343265006405 0
outer loop
vertex 159.53553 -135.53553 100.00000
vertex 161.00000 -132.00000 100.00000
vertex 161.00000 -132.00000 104.00000
endloop
endfacet
facet normal 0.9238795323932465 0.38268343265006405 0
outer loop
vertex 161.00000 -132.00000 104.00000
vertex 161.00000 -132.00000 100.00000
vertex 159.53553 -128.46447 104.00000
endloop
endfacet
facet normal 0.9238795323932465 0.38268343265006405 0
outer loop
vertex 161.00000 -132.00000 100.00000
vertex 159.53553 -128.46447 100.00000
vertex 159.53553 -128.46447 104.00000
endloop
endfacet
facet normal 0.38268343265006405 0.9238795323932465 0
outer loop
vertex 159.53553 -128.46447 104.00000
vertex 159.53553 -128.46447 100.00000
vertex 156.00000 -127.00000 104.00000
endloop
endfacet
facet normal 0.38268343265006405 0.9238795323932465 0
outer loop
vertex 159.53553 -128.46447 100.00000
vertex 156.00000 -127.00000 100.00000
vertex 156.00000 -127.00000 104.00000
endloop
endfacet
facet normal -0.38268343265006405 0.9238795323932465 0
outer loop
vertex 156.00000 -127.00000 104.00000
vertex 156.00000 -127.00000 100.00000
vertex 152.46447 -128.46447 104.00000
endloop
endfacet
facet normal -0.38268343265006405 0.9238795323932465 0
outer loop
vertex 156.00000 -127.00000 100.00000
vertex 152.46447 -128.46447 100.00000
vertex 152.46447 -128.46447 104.00000
endloop
endfacet
facet normal -0.9238795323932465 0.38268343265006405 0
outer loop
vertex 152.46447 -128.46447 104.00000
vertex 152.46447 -128.46447 100.00000
vertex 151.00000 -132.00000 104.00000
endloop
endfacet
facet normal -0.9238795323932465 0.38268343265006405 0
outer loop
vertex 152.46447 -128.46447 100.00000
vertex 151.00000 -132.00000 100.00000
vertex 151.00000 -132.00000 104.00000
endloop
endfacet
facet normal -0.9238795323932465 -0.38268343265006405 0
outer loop
vertex 151.00000 -132.00000 104.00000
vertex 151.00000 -132.00000 100.00000
vertex 152.46447 -135.53553 104.00000
endloop
endfacet
facet normal -0.9238795323932465 -0.38268343265006405 0
outer loop
vertex 151.00000 -132.00000 100.00000
vertex 152.46447 -135.53553 100.00000
vertex 152.46447 -135.53553 104.00000
endloop
endfacet
facet normal -0.38268343265006405 -0.9238795323932465 0
outer loop
vertex 152.46447 -135.53553 104.00000
vertex 152.46447 -135.53553 100.00000
vertex 156.00000 -137.00000 104.00000
endloop
endfacet
facet normal -0.38268343265006405 -0.9238795323932465 0
outer loop
vertex 152.46447 -135.53553 100.00000
vertex 156.00000 -137.00000 100.00000
vertex 156.00000 -137.00000 104.00000
endloop
endfacet
facet normal 0 0 1
outer loop
vertex 156.00000 -137.00000 104.00000
vertex 159.53553 -135.53553 104.00000
vertex 156.00000 -132.00000 104.00000
endloop
endfacet
facet normal 0 0 1
outer loop
vertex 159.53553 -135.53553 104.00000
vertex 161.00000 -132.00000 104.00000
vertex 156.00000 -132.00000 104.00000
endloop
endfacet
facet normal 0 0 1
outer loop
vertex 161.00000 -132.00000 104.00000
vertex 159.53553 -128.46447 104.00000
vertex 156.00000 -132.00000 104.00000
endloop
endfacet
facet normal 0 0 1
outer loop
vertex 159.53553 -128.46447 104.00000
vertex 156.00000 -127.00000 104.00000
vertex 156.00000 -132.00000 104.00000
endloop
endfacet
facet normal 0 0 1
outer loop
vertex 156.00000 -127.00000 104.00000
vertex 152.46447 -128.46447 104.00000
vertex 156.00000 -132.00000 104.00000
endloop
endfacet
facet normal 0 0 1
outer loop
vertex 152.46447 -128.46447 104.00000
vertex 151.00000 -132.00000 104.00000
vertex 156.00000 -132.00000 104.00000
endloop
endfacet
facet normal 0 0 1
outer loop
vertex 151.00000 -132.00000 104.00000
vertex 152.46447 -135.53553 104.00000
vertex 156.00000 -132.00000 104.00000
endloop
endfacet
facet normal 0 0 1
outer loop
vertex 152.46447 -135.53553 104.00000
vertex 156.00000 -137.00000 104.00000
vertex 156.00000 -132.00000 104.00000
endloop
endfacet
facet normal 0 0 -1
outer loop
vertex 159.53553 -135.53553 100.00000
vertex 156.00000 -137.00000 100.00000
vertex 156.00000 -132.00000 100.00000
endloop
endfacet
facet normal 0 0 -1
outer loop
vertex 161.00000 -132.00000 100.00000
vertex 159.53553 -135.53553 100.00000
vertex 156.00000 -132.00000 100.00000
endloop
endfacet
facet normal 0 0 -1
outer loop
vertex 159.53553 -128.46447 100.00000
vertex 161.00000 -132.00000 100.00000
vertex 156.00000 -132.00000 100.00000
endloop
endfacet
facet normal 0 0 -1
outer loop
vertex 156.00000 -127.00000 100.00000
vertex 159.53553 -128.46447 100.00000
vertex 156.00000 -132.00000 100.00000
endloop
endfacet
facet normal 0 0 -1
outer loop
vertex 152.46447 -128.46447 100.00000
vertex 156.00000 -127.00000 100.00000
vertex 156.00000 -132.00000 100.00000
endloop
endfacet
facet normal 0 0 -1
outer loop
vertex 151.00000 -132.00000 100.00000
vertex 152.46447 -128.46447 100.00000
vertex 156.00000 -132.00000 100.00000
endloop
endfacet
facet normal 0 0 -1
outer loop
vertex 152.46447 -135.53553 100.00000
vertex 151.00000 -132.00000 100.00000
vertex 156.00000 -132.00000 100.00000
endloop
endfacet
facet normal 0 0 -1
outer loop
vertex 156.00000 -137.00000 100.00000
vertex 152.46447 -135.53553 100.00000
vertex 156.00000 -132.00000 100.00000
endloop
endfacet
facet normal 0.500000021631748 -0.8660253912953428 0
outer loop
vertex 156.00000 -134.40000 106.50000
vertex 156.00000 -134.40000 101.50000
vertex 158.07846 -133.20000 106.50000
endloop
endfacet
facet normal 0.500000021631748 -0.8660253912953428 0
outer loop
vertex 156.00000 -134.40000 101.50000
vertex 158.07846 -133.20000 101.50000
vertex 158.07846 -133.20000 106.50000
endloop
endfacet
facet normal 1 0 0
outer loop
vertex 158.07846 -133.20000 106.50000
vertex 158.07846 -133.20000 101.50000
vertex 158.07846 -130.80000 106.50000
endloop
endfacet
facet normal 1 0 0
outer loop
vertex 158.07846 -133.20000 101.50000
vertex 158.07846 -130.80000 101.50000
vertex 158.07846 -130.80000 106.50000
endloop
endfacet
facet normal 0.500000021631748 0.8660253912953428 0
outer loop
vertex 158.07846 -130.80000 106.50000
vertex 158.07846 -130.80000 101.50000
vertex 156.00000 -129.60000 106.50000
endloop
endfacet
facet normal 0.500000021631748 0.8660253912953428 0
outer loop
vertex 158.07846 -130.80000 101.50000
vertex 156.00000 -129.60000 101.50000
vertex 156.00000 -129.60000 106.50000
endloop
endfacet
facet normal -0.500000021631748 0.8660253912953428 0
outer loop
vertex 156.00000 -129.60000 106.50000
vertex 156.00000 -129.60000 101.50000
vertex 153.92154 -130.80000 106.50000
endloop
endfacet
facet normal -0.500000021631748 0.8660253912953428 0
outer loop
vertex 156.00000 -129.60000 101.50000
vertex 153.92154 -130.80000 101.50000
vertex 153.92154 -130.80000 106.50000
endloop
endfacet
facet normal -1 0 0
outer loop
vertex 153.92154 -130.80000 106.50000
vertex 153.92154 -130.80000 101.50000
vertex 153.92154 -133.20000 106.50000
endloop
endfacet
facet normal -1 0 0
outer loop
vertex 153.92154 -130.80000 101.50000
vertex 153.92154 -133.20000 101.50000
vertex 153.92154 -133.20000 106.50000
endloop
endfacet
facet normal -0.500000021631748 -0.8660253912953428 0
outer loop
vertex 153.92154 -133.20000 106.50000
vertex 153.92154 -133.20000 101.50000
vertex 156.00000 -134.40000 106.50000
endloop
endfacet
facet normal -0.500000021631748 -0.8660253912953428 0
outer loop
vertex 153.92154 -133.20000 101.50000
vertex 156.00000 -134.40000 101.50000
vertex 156.00000 -134.40000 106.50000
endloop
endfacet
facet normal 0 0 1
outer loop
vertex 156.00000 -134.40000 106.50000
vertex 158.07846 -133.20000 106.50000
vertex 156.00000 -132.00000 106.50000
endloop
endfacet
facet normal 0 0 1
outer loop
vertex 158.07846 -133.20000 106.50000
vertex 158.07846 -130.80000 106.50000
vertex 156.00000 -132.00000 106.50000
endloop
endfacet
facet normal 0 0 1
outer loop
vertex 158.07846 -130.80000 106.50000
vertex 156.00000 -129.60000 106.50000
vertex 156.00000 -132.00000 106.50000
endloop
endfacet
facet normal 0 0 1
outer loop
vertex 156.00000 -129.60000 106.50000
vertex 153.92154 -130.80000 106.50000
vertex 156.00000 -132.00000 106.50000
endloop
endfacet
facet normal 0 0 1
outer loop
vertex 153.92154 -130.80000 106.50000
vertex 153.92154 -133.20000 106.50000
vertex 156.00000 -132.00000 106.50000
endloop
endfacet
facet normal 0 0 1
outer loop
vertex 153.92154 -133.20000 106.50000
vertex 156.00000 -134.40000 106.50000
vertex 156.00000 -132.00000 106.50000
endloop
endfacet
facet normal 0 0 -1
outer loop
vertex 158.07846 -133.20000 101.50000
vertex 156.00000 -134.40000 101.50000
vertex 156.00000 -132.00000 101.50000
endloop
endfacet
facet normal 0 0 -1
outer loop
vertex 158.07846 -130.80000 101.50000
vertex 158.07846 -133.20000 101.50000
vertex 156.00000 -132.00000 101.50000
endloop
endfacet
facet normal 0 0 -1
outer loop
vertex 156.00000 -129.60000 101.50000
vertex 158.07846 -130.80000 101.50000
vertex 156.00000 -132.00000 101.50000
endloop
endfacet
facet normal 0 0 -1
outer loop
vertex 153.92154 -130.80000 101.50000
vertex 156.00000 -129.60000 101.50000
vertex 156.00000 -132.00000 101.50000
endloop
endfacet
facet normal 0 0 -1
outer loop
vertex 153.92154 -133.20000 101.50000
vertex 153.92154 -130.80000 101.50000
vertex 156.00000 -132.00000 101.50000
endloop
endfacet
facet normal 0 0 -1
outer loop
vertex 156.00000 -134.40000 101.50000
vertex 153.92154 -133.20000 101.50000
vertex 156.00000 -132.00000 101.50000
endloop
endfacet
facet normal 0.38268343265006405 -0.9238795323932465 0
outer loop
vertex -130.00000 -93.00000 104.00000
vertex -130.00000 -93.00000 100.00000
vertex -126.46447 -91.53553 104.00000
endloop
endfacet
facet normal 0.38268343265006405 -0.9238795323932465 0
outer loop
vertex -130.00000 -93.00000 100.00000
vertex -126.46447 -91.53553 100.00000
vertex -126.46447 -91.53553 104.00000
endloop
endfacet
facet normal 0.9238795323932465 -0.38268343265006405 0
outer loop
vertex -126.46447 -91.53553 104.00000
vertex -126.46447 -91.53553 100.00000
vertex -125.00000 -88.00000 104.00000
endloop
endfacet
facet normal 0.9238795323932465 -0.38268343265006405 0
outer loop
vertex -126.46447 -91.53553 100.00000
vertex -125.00000 -88.00000 100.00000
vertex -125.00000 -88.00000 104.00000
endloop
endfacet
facet normal 0.9238795323932465 0.38268343265006405 0
outer loop
vertex -125.00000 -88.00000 104.00000
vertex -125.00000 -88.00000 100.00000
vertex -126.46447 -84.46447 104.00000
endloop
endfacet
facet normal 0.9238795323932465 0.38268343265006405 0
outer loop
vertex -125.00000 -88.00000 100.00000
vertex -126.46447 -84.46447 100.00000
vertex -126.46447 -84.46447 104.00000
endloop
endfacet
facet normal 0.38268343265006405 0.9238795323932465 0
outer loop
vertex -126.46447 -84.46447 104.00000
vertex -126.46447 -84.46447 100.00000
vertex -130.00000 -83.00000 104.00000
endloop
endfacet
facet normal 0.38268343265006405 0.9238795323932465 0
outer loop
vertex -126.46447 -84.46447 100.00000
vertex -130.00000 -83.00000 100.00000
vertex -130.00000 -83.00000 104.00000
endloop
endfacet
facet normal -0.38268343265006405 0.9238795323932465 0
outer loop
vertex -130.00000 -83.00000 104.00000
vertex -130.00000 -83.00000 100.00000
vertex -133.53553 -84.46447 104.00000
endloop
endfacet
facet normal -0.38268343265006405 0.9238795323932465 0
outer loop
vertex -130.00000 -83.00000 100.00000
vertex -133.53553 -84.46447 100.00000
vertex -133.53553 -84.46447 104.00000
endloop
endfacet
facet normal -0.9238795323932465 0.38268343265006405 0
outer loop
vertex -133.53553 -84.46447 104.00000
vertex -133.53553 -84.46447 100.00000
vertex -135.00000 -88.00000 104.00000
endloop
endfacet
facet normal -0.9238795323932465 0.38268343265006405 0
outer loop
vertex -133.53553 -84.46447 100.00000
vertex -135.00000 -88.00000 100.00000
vertex -135.00000 -88.00000 104.00000
endloop
endfacet
facet normal -0.9238795323932465 -0.38268343265006405 0
outer loop
vertex -135.00000 -88.00000 104.00000
vertex -135.00000 -88.00000 100.00000
vertex -133.53553 -91.53553 104.00000
endloop
endfacet
facet normal -0.9238795323932465 -0.38268343265006405 0
outer loop
vertex -135.00000 -88.00000 100.00000
vertex -133.53553 -91.53553 100.00000
vertex -133.53553 -91.53553 104.00000
endloop
endfacet
facet normal -0.38268343265006405 -0.9238795323932465 0
outer loop
vertex -133.53553 -91.53553 104.00000
vertex -133.53553 -91.53553 100.00000
vertex -130.00000 -93.00000 104.00000
endloop
endfacet
facet normal -0.38268343265006405 -0.9238795323932465 0
outer loop
vertex -133.53553 -91.53553 100.00000
vertex -130.00000 -93.00000 100.00000
vertex -130.00000 -93.00000 104.00000
endloop
endfacet
facet normal 0 0 1
outer loop
vertex -130.00000 -93.00000 104.00000
vertex -126.46447 -91.53553 104.00000
vertex -130.00000 -88.00000 104.00000
endloop
endfacet
facet normal 0 0 1
outer loop
vertex -126.46447 -91.53553 104.00000
vertex -125.00000 -88.00000 104.00000
vertex -130.00000 -88.00000 104.00000
endloop
endfacet
facet normal 0 0 1
outer loop
vertex -125.00000 -88.00000 104.00000
vertex -126.46447 -84.46447 104.00000
vertex -130.00000 -88.00000 104.00000
endloop
endfacet
facet normal 0 0 1
outer loop
vertex -126.46447 -84.46447 104.00000
vertex -130.00000 -83.00000 104.00000
vertex -130.00000 -88.00000 104.00000
endloop
endfacet
facet normal 0 0 1
outer loop
vertex -130.00000 -83.00000 104.00000
vertex -133.53553 -84.46447 104.00000
vertex -130.00000 -88.00000 104.00000
endloop
endfacet
facet normal 0 0 1
outer loop
vertex -133.53553 -84.46447 104.00000
vertex -135.00000 -88.00000 104.00000
vertex -130.00000 -88.00000 104.00000
endloop
endfacet
facet normal 0 0 1
outer loop
vertex -135.00000 -88.00000 104.00000
vertex -133.53553 -91.53553 104.00000
vertex -130.00000 -88.00000 104.00000
endloop
endfacet
facet normal 0 0 1
outer loop
vertex -133.53553 -91.53553 104.00000
vertex -130.00000 -93.00000 104.00000
vertex -130.00000 -88.00000 104.00000
endloop
endfacet
facet normal 0 0 -1
outer loop
vertex -126.46447 -91.53553 100.00000
vertex -130.00000 -93.00000 100.00000
vertex -130.00000 -88.00000 100.00000
endloop
endfacet
facet normal 0 0 -1
outer loop
vertex -125.00000 -88.00000 100.00000
vertex -126.46447 -91.53553 100.00000
vertex -130.00000 -88.00000 100.00000
endloop
endfacet
facet normal 0 0 -1
outer loop
vertex -126.46447 -84.46447 100.00000
vertex -125.00000 -88.00000 100.00000
vertex -130.00000 -88.00000 100.00000
endloop
endfacet
facet normal 0 0 -1
outer loop
vertex -130.00000 -83.00000 100.00000
vertex -126.46447 -84.46447 100.00000
vertex -130.00000 -88.00000 100.00000
endloop
endfacet
facet normal 0 0 -1
outer loop
vertex -133.53553 -84.46447 100.00000
vertex -130.00000 -83.00000 100.00000
vertex -130.00000 -88.00000 100.00000
endloop
endfacet
facet normal 0 0 -1
outer loop
vertex -135.00000 -88.00000 100.00000
vertex -133.53553 -84.46447 100.00000
vertex -130.00000 -88.00000 100.00000
endloop
endfacet
facet normal 0 0 -1
outer loop
vertex -133.53553 -91.53553 100.00000
vertex -135.00000 -88.00000 100.00000
vertex -130.00000 -88.00000 100.00000
endloop
endfacet
facet normal 0 0 -1
outer loop
vertex -130.00000 -93.00000 100.00000
vertex -133.53553 -91.53553 100.00000
vertex -130.00000 -88.00000 100.00000
endloop
endfacet
facet normal 0.500000021631748 -0.8660253912953428 0
outer loop
vertex -130.00000 -90.40000 106.50000
vertex -130.00000 -90.40000 101.50000
vertex -127.92154 -89.20000 106.50000
endloop
endfacet
facet normal 0.500000021631748 -0.8660253912953428 0
outer loop
vertex -130.00000 -90.40000 101.50000
vertex -127.92154 -89.20000 101.50000
vertex -127.92154 -89.20000 106.50000
endloop
endfacet
facet normal 1 0 0
outer loop
vertex -127.92154 -89.20000 106.50000
vertex -127.92154 -89.20000 101.50000
vertex -127.92154 -86.80000 106.50000
endloop
endfacet
facet normal 1 0 0
outer loop
vertex -127.92154 -89.20000 101.50000
vertex -127.92154 -86.80000 101.50000
vertex -127.92154 -86.80000 106.50000
endloop
endfacet
facet normal 0.500000021631748 0.8660253912953428 0
outer loop
vertex -127.92154 -86.80000 106.50000
vertex -127.92154 -86.80000 101.50000
vertex -130.00000 -85.60000 106.50000
endloop
endfacet
facet normal 0.500000021631748 0.8660253912953428 0
outer loop
vertex -127.92154 -86.80000 101.50000
vertex -130.00000 -85.60000 101.50000
vertex -130.00000 -85.60000 106.50000
endloop
endfacet
facet normal -0.500000021631748 0.8660253912953428 0
outer loop
vertex -130.00000 -85.60000 106.50000
vertex -130.00000 -85.60000 101.50000
vertex -132.07846 -86.80000 106.50000
endloop
endfacet
facet normal -0.500000021631748 0.8660253912953428 0
outer loop
vertex -130.00000 -85.60000 101.50000
vertex -132.07846 -86.80000 101.50000
vertex -132.07846 -86.80000 106.50000
endloop
endfacet
facet normal -1 0 0
outer loop
vertex -132.07846 -86.80000 106.50000
vertex -132.07846 -86.80000 101.50000
vertex -132.07846 -89.20000 106.50000
endloop
endfacet
facet normal -1 0 0
outer loop
vertex -132.07846 -86.80000 101.50000
vertex -132.07846 -89.20000 101.50000
vertex -132.07846 -89.20000 106.50000
endloop
endfacet
facet normal -0.500000021631748 -0.8660253912953428 0
outer loop
vertex -132.07846 -89.20000 106.50000
vertex -132.07846 -89.20000 101.50000
vertex -130.00000 -90.40000 106.50000
endloop
endfacet
facet normal -0.500000021631748 -0.8660253912953428 0
outer loop
vertex -132.07846 -89.20000 101.50000
vertex -130.00000 -90.40000 101.50000
vertex -130.00000 -90.40000 106.50000
endloop
endfacet
facet normal 0 0 1
outer loop
vertex -130.00000 -90.40000 106.50000
vertex -127.92154 -89.20000 106.50000
vertex -130.00000 -88.00000 106.50000
endloop
endfacet
facet normal 0 0 1
outer loop
vertex -127.92154 -89.20000 106.50000
vertex -127.92154 -86.80000 106.50000
vertex -130.00000 -88.00000 106.50000
endloop
endfacet
facet normal 0 0 1
outer loop
vertex -127.92154 -86.80000 106.50000
vertex -130.00000 -85.60000 106.50000
vertex -130.00000 -88.00000 106.50000
endloop
endfacet
facet normal 0 0 1
outer loop
vertex -130.00000 -85.60000 106.50000
vertex -132.07846 -86.80000 106.50000
vertex -130.00000 -88.00000 106.50000
endloop
endfacet
facet normal 0 0 1
outer loop
vertex -132.07846 -86.80000 106.50000
vertex -132.07846 -89.20000 106.50000
vertex -130.00000 -88.00000 106.50000
endloop
endfacet
facet normal 0 0 1
outer loop
vertex -132.07846 -89.20000 106.50000
vertex -130.00000 -90.40000 106.50000
vertex -130.00000 -88.00000 106.50000
endloop
endfacet
facet normal 0 0 -1
outer loop
vertex -127.92154 -89.20000 101.50000
vertex -130.00000 -90.40000 101.50000
vertex -130.00000 -88.00000 101.50000
endloop
endfacet
facet normal 0 0 -1
outer loop
vertex -127.92154 -86.80000 101.50000
vertex -127.92154 -89.20000 101.50000
vertex -130.00000 -88.00000 101.50000
endloop
endfacet
facet normal 0 0 -1
outer loop
vertex -130.00000 -85.60000 101.50000
vertex -127.92154 -86.80000 101.50000
vertex -130.00000 -88.00000 101.50000
endloop
endfacet
facet normal 0 0 -1
outer loop
vertex -132.07846 -86.80000 101.50000
vertex -130.00000 -85.60000 101.50000
vertex -130.00000 -88.00000 101.50000
endloop
endfacet
facet normal 0 0 -1
outer loop
vertex -132.07846 -89.20000 101.50000
vertex -132.07846 -86.80000 101.50000
vertex -130.00000 -88.00000 101.50000
endloop
endfacet
facet normal 0 0 -1
outer loop
vertex -130.00000 -90.40000 101.50000
vertex -132.07846 -89.20000 101.50000
vertex -130.00000 -88.00000 101.50000
endloop
endfacet
facet normal 0.38268343265006405 -0.9238795323932465 0
outer loop
vertex 156.00000 -93.00000 104.00000
vertex 156.00000 -93.00000 100.00000
vertex 159.53553 -91.53553 104.00000
endloop
endfacet
facet normal 0.38268343265006405 -0.9238795323932465 0
outer loop
vertex 156.00000 -93.00000 100.00000
vertex 159.53553 -91.53553 100.00000
vertex 159.53553 -91.53553 104.00000
endloop
endfacet
facet normal 0.9238795323932465 -0.38268343265006405 0
outer loop
vertex 159.53553 -91.53553 104.00000
vertex 159.53553 -91.53553 100.00000
vertex 161.00000 -88.00000 104.00000
endloop
endfacet
facet normal 0.9238795323932465 -0.38268343265006405 0
outer loop
vertex 159.53553 -91.53553 100.00000
vertex 161.00000 -88.00000 100.00000
vertex 161.00000 -88.00000 104.00000
endloop
endfacet
facet normal 0.9238795323932465 0.38268343265006405 0
outer loop
vertex 161.00000 -88.00000 104.00000
vertex 161.00000 -88.00000 100.00000
vertex 159.53553 -84.46447 104.00000
endloop
endfacet
facet normal 0.9238795323932465 0.38268343265006405 0
outer loop
vertex 161.00000 -88.00000 100.00000
vertex 159.53553 -84.46447 100.00000
vertex 159.53553 -84.46447 104.00000
endloop
endfacet
facet normal 0.38268343265006405 0.9238795323932465 0
outer loop
vertex 159.53553 -84.46447 104.00000
vertex 159.53553 -84.46447 100.00000
vertex 156.00000 -83.00000 104.00000
endloop
endfacet
facet normal 0.38268343265006405 0.9238795323932465 0
outer loop
vertex 159.53553 -84.46447 100.00000
vertex 156.00000 -83.00000 100.00000
vertex 156.00000 -83.00000 104.00000
endloop
endfacet
facet normal -0.38268343265006405 0.9238795323932465 0
outer loop
vertex 156.00000 -83.00000 104.00000
vertex 156.00000 -83.00000 100.00000
vertex 152.46447 -84.46447 104.00000
endloop
endfacet
facet normal -0.38268343265006405 0.9238795323932465 0
outer loop
vertex 156.00000 -83.00000 100.00000
vertex 152.46447 -84.46447 100.00000
vertex 152.46447 -84.46447 104.00000
endloop
endfacet
facet normal -0.9238795323932465 0.38268343265006405 0
outer loop
vertex 152.46447 -84.46447 104.00000
vertex 152.46447 -84.46447 100.00000
vertex 151.00000 -88.00000 104.00000
endloop
endfacet
facet normal -0.9238795323932465 0.38268343265006405 0
outer loop
vertex 152.46447 -84.46447 100.00000
vertex 151.00000 -88.00000 100.00000
vertex 151.00000 -88.00000 104.00000
endloop
endfacet
facet normal -0.9238795323932465 -0.38268343265006405 0
outer loop
vertex 151.00000 -88.00000 104.00000
vertex 151.00000 -88.00000 100.00000
vertex 152.46447 -91.53553 104.00000
endloop
endfacet
facet normal -0.9238795323932465 -0.38268343265006405 0
outer loop
vertex 151.00000 -88.00000 100.00000
vertex 152.46447 -91.53553 100.00000
vertex 152.46447 -91.53553 104.00000
endloop
endfacet
facet normal -0.38268343265006405 -0.9238795323932465 0
outer loop
vertex 152.46447 -91.53553 104.00000
vertex 152.46447 -91.53553 100.00000
vertex 156.00000 -93.00000 104.00000
endloop
endfacet
facet normal -0.38268343265006405 -0.9238795323932465 0
outer loop
vertex 152.46447 -91.53553 100.00000
vertex 156.00000 -93.00000 100.00000
vertex 156.00000 -93.00000 104.00000
endloop
endfacet
facet normal 0 0 1
outer loop
vertex 156.00000 -93.00000 104.00000
vertex 159.53553 -91.53553 104.00000
vertex 156.00000 -88.00000 104.00000
endloop
endfacet
facet normal 0 0 1
outer loop
vertex 159.53553 -91.53553 104.00000
vertex 161.00000 -88.00000 104.00000
vertex 156.00000 -88.00000 104.00000
endloop
endfacet
facet normal 0 0 1
outer loop
vertex 161.00000 -88.00000 104.00000
vertex 159.53553 -84.46447 104.00000
vertex 156.00000 -88.00000 104.00000
endloop
endfacet
facet normal 0 0 1
outer loop
vertex 159.53553 -84.46447 104.00000
vertex 156.00000 -83.00000 104.00000
vertex 156.00000 -88.00000 104.00000
endloop
endfacet
facet normal 0 0 1
outer loop
vertex 156.00000 -83.00000 104.00000
vertex 152.46447 -84.46447 104.00000
vertex 156.00000 -88.00000 104.00000
endloop
endfacet
facet normal 0 0 1
outer loop
vertex 152.46447 -84.46447 104.00000
vertex 151.00000 -88.00000 104.00000
vertex 156.00000 -88.00000 104.00000
endloop
endfacet
facet normal 0 0 1
outer loop
vertex 151.00000 -88.00000 104.00000
vertex 152.46447 -91.53553 104.00000
vertex 156.00000 -88.00000 104.00000
endloop
endfacet
facet normal 0 0 1
outer loop
vertex 152.46447 -91.53553 104.00000
vertex 156.00000 -93.00000 104.00000
vertex 156.00000 -88.00000 104.00000
endloop
endfacet
facet normal 0 0 -1
outer loop
vertex 159.53553 -91.53553 100.00000
vertex 156.00000 -93.00000 100.00000
vertex 156.00000 -88.00000 100.00000
endloop
endfacet
facet normal 0 0 -1
outer loop
vertex 161.00000 -88.00000 100.00000
vertex 159.53553 -91.53553 100.00000
vertex 156.00000 -88.00000 100.00000
endloop
endfacet
facet normal 0 0 -1
outer loop
vertex 159.53553 -84.46447 100.00000
vertex 161.00000 -88.00000 100.00000
vertex 156.00000 -88.00000 100.00000
endloop
endfacet
facet normal 0 0 -1
outer loop
vertex 156.00000 -83.00000 100.00000
vertex 159.53553 -84.46447 100.00000
vertex 156.00000 -88.00000 100.00000
endloop
endfacet
facet normal 0 0 -1
outer loop
vertex 152.46447 -84.46447 100.00000
vertex 156.00000 -83.00000 100.00000
vertex 156.00000 -88.00000 100.00000
endloop
endfacet
facet normal 0 0 -1
outer loop
vertex 151.00000 -88.00000 100.00000
vertex 152.46447 -84.46447 100.00000
vertex 156.00000 -88.00000 100.00000
endloop
endfacet
facet normal 0 0 -1
outer loop
vertex 152.46447 -91.53553 100.00000
vertex 151.00000 -88.00000 100.00000
vertex 156.00000 -88.00000 100.00000
endloop
endfacet
facet normal 0 0 -1
outer loop
vertex 156.00000 -93.00000 100.00000
vertex 152.46447 -91.53553 100.00000
vertex 156.00000 -88.00000 100.00000
endloop
endfacet
facet normal 0.500000021631748 -0.8660253912953428 0
outer loop
vertex 156.00000 -90.40000 106.50000
vertex 156.00000 -90.40000 101.50000
vertex 158.07846 -89.20000 106.50000
endloop
endfacet
facet normal 0.500000021631748 -0.8660253912953428 0
outer loop
vertex 156.00000 -90.40000 101.50000
vertex 158.07846 -89.20000 101.50000
vertex 158.07846 -89.20000 106.50000
endloop
endfacet
facet normal 1 0 0
outer loop
vertex 158.07846 -89.20000 106.50000
vertex 158.07846 -89.20000 101.50000
vertex 158.07846 -86.80000 106.50000
endloop
endfacet
facet normal 1 0 0
outer loop
vertex 158.07846 -89.20000 101.50000
vertex 158.07846 -86.80000 101.50000
vertex 158.07846 -86.80000 106.50000
endloop
endfacet
facet normal 0.500000021631748 0.8660253912953428 0
outer loop
vertex 158.07846 -86.80000 106.50000
vertex 158.07846 -86.80000 101.50000
vertex 156.00000 -85.60000 106.50000
endloop
endfacet
facet normal 0.500000021631748 0.8660253912953428 0
outer loop
vertex 158.07846 -86.80000 101.50000
vertex 156.00000 -85.60000 101.50000
vertex 156.00000 -85.60000 106.50000
endloop
endfacet
facet normal -0.500000021631748 0.8660253912953428 0
outer loop
vertex 156.00000 -85.60000 106.50000
vertex 156.00000 -85.60000 101.50000
vertex 153.92154 -86.80000 106.50000
endloop
endfacet
facet normal -0.500000021631748 0.8660253912953428 0
outer loop
vertex 156.00000 -85.60000 101.50000
vertex 153.92154 -86.80000 101.50000
vertex 153.92154 -86.80000 106.50000
endloop
endfacet
facet normal -1 0 0
outer loop
vertex 153.92154 -86.80000 106.50000
vertex 153.92154 -86.80000 101.50000
vertex 153.92154 -89.20000 106.50000
endloop
endfacet
facet normal -1 0 0
outer loop
vertex 153.92154 -86.80000 101.50000
vertex 153.92154 -89.20000 101.50000
vertex 153.92154 -89.20000 106.50000
endloop
endfacet
facet normal -0.500000021631748 -0.8660253912953428 0
outer loop
vertex 153.92154 -89.20000 106.50000
vertex 153.92154 -89.20000 101.50000
vertex 156.00000 -90.40000 106.50000
endloop
endfacet
facet normal -0.500000021631748 -0.8660253912953428 0
outer loop
vertex 153.92154 -89.20000 101.50000
vertex 156.00000 -90.40000 101.50000
vertex 156.00000 -90.40000 106.50000
endloop
endfacet
facet normal 0 0 1
outer loop
vertex 156.00000 -90.40000 106.50000
vertex 158.07846 -89.20000 106.50000
vertex 156.00000 -88.00000 106.50000
endloop
endfacet
facet normal 0 0 1
outer loop
vertex 158.07846 -89.20000 106.50000
vertex 158.07846 -86.80000 106.50000
vertex 156.00000 -88.00000 106.50000
endloop
endfacet
facet normal 0 0 1
outer loop
vertex 158.07846 -86.80000 106.50000
vertex 156.00000 -85.60000 106.50000
vertex 156.00000 -88.00000 106.50000
endloop
endfacet
facet normal 0 0 1
outer loop
vertex 156.00000 -85.60000 106.50000
vertex 153.92154 -86.80000 106.50000
vertex 156.00000 -88.00000 106.50000
endloop
endfacet
facet normal 0 0 1
outer loop
vertex 153.92154 -86.80000 106.50000
vertex 153.92154 -89.20000 106.50000
vertex 156.00000 -88.00000 106.50000
endloop
endfacet
facet normal 0 0 1
outer loop
vertex 153.92154 -89.20000 106.50000
vertex 156.00000 -90.40000 106.50000
vertex 156.00000 -88.00000 106.50000
endloop
endfacet
facet normal 0 0 -1
outer loop
vertex 158.07846 -89.20000 101.50000
vertex 156.00000 -90.40000 101.50000
vertex 156.00000 -88.00000 101.50000
endloop
endfacet
facet normal 0 0 -1
outer loop
vertex 158.07846 -86.80000 101.50000
vertex 158.07846 -89.20000 101.50000
vertex 156.00000 -88.00000 101.50000
endloop
endfacet
facet normal 0 0 -1
outer loop
vertex 156.00000 -85.60000 101.50000
vertex 158.07846 -86.80000 101.50000
vertex 156.00000 -88.00000 101.50000
endloop
endfacet
facet normal 0 0 -1
outer loop
vertex 153.92154 -86.80000 101.50000
vertex 156.00000 -85.60000 101.50000
vertex 156.00000 -88.00000 101.50000
endloop
endfacet
facet normal 0 0 -1
outer loop
vertex 153.92154 -89.20000 101.50000
vertex 153.92154 -86.80000 101.50000
vertex 156.00000 -88.00000 101.50000
endloop
endfacet
facet normal 0 0 -1
outer loop
vertex 156.00000 -90.40000 101.50000
vertex 153.92154 -89.20000 101.50000
vertex 156.00000 -88.00000 101.50000
endloop
endfacet
facet normal 0.38268343265006405 -0.9238795323932465 0
outer loop
vertex -130.00000 -49.00000 104.00000
vertex -130.00000 -49.00000 100.00000
vertex -126.46447 -47.53553 104.00000
endloop
endfacet
facet normal 0.38268343265006405 -0.9238795323932465 0
outer loop
vertex -130.00000 -49.00000 100.00000
vertex -126.46447 -47.53553 100.00000
vertex -126.46447 -47.53553 104.00000
endloop
endfacet
facet normal 0.9238795323932465 -0.38268343265006405 0
outer loop
vertex -126.46447 -47.53553 104.00000
vertex -126.46447 -47.53553 100.00000
vertex -125.00000 -44.00000 104.00000
endloop
endfacet
facet normal 0.9238795323932465 -0.38268343265006405 0
outer loop
vertex -126.46447 -47.53553 100.00000
vertex -125.00000 -44.00000 100.00000
vertex -125.00000 -44.00000 104.00000
endloop
endfacet
facet normal 0.9238795323932465 0.38268343265006405 0
outer loop
vertex -125.00000 -44.00000 104.00000
vertex -125.00000 -44.00000 100.00000
vertex -126.46447 -40.46447 104.00000
endloop
endfacet
facet normal 0.9238795323932465 0.38268343265006405 0
outer loop
vertex -125.00000 -44.00000 100.00000
vertex -126.46447 -40.46447 100.00000
vertex -126.46447 -40.46447 104.00000
endloop
endfacet
facet normal 0.38268343265006405 0.9238795323932465 0
outer loop
vertex -126.46447 -40.46447 104.00000
vertex -126.46447 -40.46447 100.00000
vertex -130.00000 -39.00000 104.00000
endloop
endfacet
facet normal 0.38268343265006405 0.9238795323932465 0
outer loop
vertex -126.46447 -40.46447 100.00000
vertex -130.00000 -39.00000 100.00000
vertex -130.00000 -39.00000 104.00000
endloop
endfacet
facet normal -0.38268343265006405 0.9238795323932465 0
outer loop
vertex -130.00000 -39.00000 104.00000
vertex -130.00000 -39.00000 100.00000
vertex -133.53553 -40.46447 104.00000
endloop
endfacet
facet normal -0.38268343265006405 0.9238795323932465 0
outer loop
vertex -130.00000 -39.00000 100.00000
vertex -133.53553 -40.46447 100.00000
vertex -133.53553 -40.46447 104.00000
endloop
endfacet
facet normal -0.9238795323932465 0.38268343265006405 0
outer loop
vertex -133.53553 -40.46447 104.00000
vertex -133.53553 -40.46447 100.00000
vertex -135.00000 -44.00000 104.00000
endloop
endfacet
facet normal -0.9238795323932465 0.38268343265006405 0
outer loop
vertex -133.53553 -40.46447 100.00000
vertex -135.00000 -44.00000 100.00000
vertex -135.00000 -44.00000 104.00000
endloop
endfacet
facet normal -0.9238795323932465 -0.38268343265006405 0
outer loop
vertex -135.00000 -44.00000 104.00000
vertex -135.00000 -44.00000 100.00000
vertex -133.53553 -47.53553 104.00000
endloop
endfacet
facet normal -0.9238795323932465 -0.38268343265006405 0
outer loop
vertex -135.00000 -44.00000 100.00000
vertex -133.53553 -47.53553 100.00000
vertex -133.53553 -47.53553 104.00000
endloop
endfacet
facet normal -0.38268343265006405 -0.9238795323932465 0
outer loop
vertex -133.53553 -47.53553 104.00000
vertex -133.53553 -47.53553 100.00000
vertex -130.00000 -49.00000 104.00000
endloop
endfacet
facet normal -0.38268343265006405 -0.9238795323932465 0
outer loop
vertex -133.53553 -47.53553 100.00000
vertex -130.00000 -49.00000 100.00000
vertex -130.00000 -49.00000 104.00000
endloop
endfacet
facet normal 0 0 1
outer loop
vertex -130.00000 -49.00000 104.00000
vertex -126.46447 -47.53553 104.00000
vertex -130.00000 -44.00000 104.00000
endloop
endfacet
facet normal 0 0 1
outer loop
vertex -126.46447 -47.53553 104.00000
vertex -125.00000 -44.00000 104.00000
vertex -130.00000 -44.00000 104.00000
endloop
endfacet
facet normal 0 0 1
outer loop
vertex -125.00000 -44.00000 104.00000
vertex -126.46447 -40.46447 104.00000
vertex -130.00000 -44.00000 104.00000
endloop
endfacet
facet normal 0 0 1
outer loop
vertex -126.46447 -40.46447 104.00000
vertex -130.00000 -39.00000 104.00000
vertex -130.00000 -44.00000 104.00000
endloop
endfacet
facet normal 0 0 1
outer loop
vertex -130.00000 -39.00000 104.00000
vertex -133.53553 -40.46447 104.00000
vertex -130.00000 -44.00000 104.00000
endloop
endfacet
facet normal 0 0 1
outer loop
vertex -133.53553 -40.46447 104.00000
vertex -135.00000 -44.00000 104.00000
vertex -130.00000 -44.00000 104.00000
endloop
endfacet
facet normal 0 0 1
outer loop
vertex -135.00000 -44.00000 104.00000
vertex -133.53553 -47.53553 104.00000
vertex -130.00000 -44.00000 104.00000
endloop
endfacet
facet normal 0 0 1
outer loop
vertex -133.53553 -47.53553 104.00000
vertex -130.00000 -49.00000 104.00000
vertex -130.00000 -44.00000 104.00000
endloop
endfacet
facet normal 0 0 -1
outer loop
vertex -126.46447 -47.53553 100.00000
vertex -130.00000 -49.00000 100.00000
vertex -130.00000 -44.00000 100.00000
endloop
endfacet
facet normal 0 0 -1
outer loop
vertex -125.00000 -44.00000 100.00000
vertex -126.46447 -47.53553 100.00000
vertex -130.00000 -44.00000 100.00000
endloop
endfacet
facet normal 0 0 -1
outer loop
vertex -126.46447 -40.46447 100.00000
vertex -125.00000 -44.00000 100.00000
vertex -130.00000 -44.00000 100.00000
endloop
endfacet
facet normal 0 0 -1
outer loop
vertex -130.00000 -39.00000 100.00000
vertex -126.46447 -40.46447 100.00000
vertex -130.00000 -44.00000 100.00000
endloop
endfacet
facet normal 0 0 -1
outer loop
vertex -133.53553 -40.46447 100.00000
vertex -130.00000 -39.00000 100.00000
vertex -130.00000 -44.00000 100.00000
endloop
endfacet
facet normal 0 0 -1
outer loop
vertex -135.00000 -44.00000 100.00000
vertex -133.53553 -40.46447 100.00000
vertex -130.00000 -44.00000 100.00000
endloop
endfacet
facet normal 0 0 -1
outer loop
vertex -133.53553 -47.53553 100.00000
vertex -135.00000 -44.00000 100.00000
vertex -130.00000 -44.00000 100.00000
endloop
endfacet
facet normal 0 0 -1
outer loop
vertex -130.00000 -49.00000 100.00000
vertex -133.53553 -47.53553 100.00000
vertex -130.00000 -44.00000 100.00000
endloop
endfacet
facet normal 0.500000021631748 -0.8660253912953428 0
outer loop
vertex -130.00000 -46.40000 106.50000
vertex -130.00000 -46.40000 101.50000
vertex -127.92154 -45.20000 106.50000
endloop
endfacet
facet normal 0.500000021631748 -0.8660253912953428 0
outer loop
vertex -130.00000 -46.40000 101.50000
vertex -127.92154 -45.20000 101.50000
vertex -127.92154 -45.20000 106.50000
endloop
endfacet
facet normal 1 0 0
outer loop
vertex -127.92154 -45.20000 106.50000
vertex -127.92154 -45.20000 101.50000
vertex -127.92154 -42.80000 106.50000
endloop
endfacet
facet normal 1 0 0
outer loop
vertex -127.92154 -45.20000 101.50000
vertex -127.92154 -42.80000 101.50000
vertex -127.92154 -42.80000 106.50000
endloop
endfacet
facet normal 0.500000021631748 0.8660253912953428 0
outer loop
vertex -127.92154 -42.80000 106.50000
vertex -127.92154 -42.80000 101.50000
vertex -130.00000 -41.60000 106.50000
endloop
endfacet
facet normal 0.500000021631748 0.8660253912953428 0
outer loop
vertex -127.92154 -42.80000 101.50000
vertex -130.00000 -41.60000 101.50000
vertex -130.00000 -41.60000 106.50000
endloop
endfacet
facet normal -0.500000021631748 0.8660253912953428 0
outer loop
vertex -130.00000 -41.60000 106.50000
vertex -130.00000 -41.60000 101.50000
vertex -132.07846 -42.80000 106.50000
endloop
endfacet
facet normal -0.500000021631748 0.8660253912953428 0
outer loop
vertex -130.00000 -41.60000 101.50000
vertex -132.07846 -42.80000 101.50000
vertex -132.07846 -42.80000 106.50000
endloop
endfacet
facet normal -1 0 0
outer loop
vertex -132.07846 -42.80000 106.50000
vertex -132.07846 -42.80000 101.50000
vertex -132.07846 -45.20000 106.50000
endloop
endfacet
facet normal -1 0 0
outer loop
vertex -132.07846 -42.80000 101.50000
vertex -132.07846 -45.20000 101.50000
vertex -132.07846 -45.20000 106.50000
endloop
endfacet
facet normal -0.500000021631748 -0.8660253912953428 0
outer loop
vertex -132.07846 -45.20000 106.50000
vertex -132.07846 -45.20000 101.50000
vertex -130.00000 -46.40000 106.50000
endloop
endfacet
facet normal -0.500000021631748 -0.8660253912953428 0
outer loop
vertex -132.07846 -45.20000 101.50000
vertex -130.00000 -46.40000 101.50000
vertex -130.00000 -46.40000 106.50000
endloop
endfacet
facet normal 0 0 1
outer loop
vertex -130.00000 -46.40000 106.50000
vertex -127.92154 -45.20000 106.50000
vertex -130.00000 -44.00000 106.50000
endloop
endfacet
facet normal 0 0 1
outer loop
vertex -127.92154 -45.20000 106.50000
vertex -127.92154 -42.80000 106.50000
vertex -130.00000 -44.00000 106.50000
endloop
endfacet
facet normal 0 0 1
outer loop
vertex -127.92154 -42.80000 106.50000
vertex -130.00000 -41.60000 106.50000
vertex -130.00000 -44.00000 106.50000
endloop
endfacet
facet normal 0 0 1
outer loop
vertex -130.00000 -41.60000 106.50000
vertex -132.07846 -42.80000 106.50000
vertex -130.00000 -44.00000 106.50000
endloop
endfacet
facet normal 0 0 1
outer loop
vertex -132.07846 -42.80000 106.50000
vertex -132.07846 -45.20000 106.50000
vertex -130.00000 -44.00000 106.50000
endloop
endfacet
facet normal 0 0 1
outer loop
vertex -132.07846 -45.20000 106.50000
vertex -130.00000 -46.40000 106.50000
vertex -130.00000 -44.00000 106.50000
endloop
endfacet
facet normal 0 0 -1
outer loop
vertex -127.92154 -45.20000 101.50000
vertex -130.00000 -46.40000 101.50000
vertex -130.00000 -44.00000 101.50000
endloop
endfacet
facet normal 0 0 -1
outer loop
vertex -127.92154 -42.80000 101.50000
vertex -127.92154 -45.20000 101.50000
vertex -130.00000 -44.00000 101.50000
endloop
endfacet
facet normal 0 0 -1
outer loop
vertex -130.00000 -41.60000 101.50000
vertex -127.92154 -42.80000 101.50000
vertex -130.00000 -44.00000 101.50000
endloop
endfacet
facet normal 0 0 -1
outer loop
vertex -132.07846 -42.80000 101.50000
vertex -130.00000 -41.60000 101.50000
vertex -130.00000 -44.00000 101.50000
endloop
endfacet
facet normal 0 0 -1
outer loop
vertex -132.07846 -45.20000 101.50000
vertex -132.07846 -42.80000 101.50000
vertex -130.00000 -44.00000 101.50000
endloop
endfacet
facet normal 0 0 -1
outer loop
vertex -130.00000 -46.40000 101.50000
vertex -132.07846 -45.20000 101.50000
vertex -130.00000 -44.00000 101.50000
endloop
endfacet
facet normal 0.38268343265006405 -0.9238795323932465 0
outer loop
vertex 156.00000 -49.00000 104.00000
vertex 156.00000 -49.00000 100.00000
vertex 159.53553 -47.53553 104.00000
endloop
endfacet
facet normal 0.38268343265006405 -0.9238795323932465 0
outer loop
vertex 156.00000 -49.00000 100.00000
vertex 159.53553 -47.53553 100.00000
vertex 159.53553 -47.53553 104.00000
endloop
endfacet
facet normal 0.9238795323932465 -0.38268343265006405 0
outer loop
vertex 159.53553 -47.53553 104.00000
vertex 159.53553 -47.53553 100.00000
vertex 161.00000 -44.00000 104.00000
endloop
endfacet
facet normal 0.9238795323932465 -0.38268343265006405 0
outer loop
vertex 159.53553 -47.53553 100.00000
vertex 161.00000 -44.00000 100.00000
vertex 161.00000 -44.00000 104.00000
endloop
endfacet
facet normal 0.9238795323932465 0.38268343265006405 0
outer loop
vertex 161.00000 -44.00000 104.00000
vertex 161.00000 -44.00000 100.00000
vertex 159.53553 -40.46447 104.00000
endloop
endfacet
facet normal 0.9238795323932465 0.38268343265006405 0
outer loop
vertex 161.00000 -44.00000 100.00000
vertex 159.53553 -40.46447 100.00000
vertex 159.53553 -40.46447 104.00000
endloop
endfacet
facet normal 0.38268343265006405 0.9238795323932465 0
outer loop
vertex 159.53553 -40.46447 104.00000
vertex 159.53553 -40.46447 100.00000
vertex 156.00000 -39.00000 104.00000
endloop
endfacet
facet normal 0.38268343265006405 0.9238795323932465 0
outer loop
vertex 159.53553 -40.46447 100.00000
vertex 156.00000 -39.00000 100.00000
vertex 156.00000 -39.00000 104.00000
endloop
endfacet
facet normal -0.38268343265006405 0.9238795323932465 0
outer loop
vertex 156.00000 -39.00000 104.00000
vertex 156.00000 -39.00000 100.00000
vertex 152.46447 -40.46447 104.00000
endloop
endfacet
facet normal -0.38268343265006405 0.9238795323932465 0
outer loop
vertex 156.00000 -39.00000 100.00000
vertex 152.46447 -40.46447 100.00000
vertex 152.46447 -40.46447 104.00000
endloop
endfacet
facet normal -0.9238795323932465 0.38268343265006405 0
outer loop
vertex 152.46447 -40.46447 104.00000
vertex 152.46447 -40.46447 100.00000
vertex 151.00000 -44.00000 104.00000
endloop
endfacet
facet normal -0.9238795323932465 0.38268343265006405 0
outer loop
vertex 152.46447 -40.46447 100.00000
vertex 151.00000 -44.00000 100.00000
vertex 151.00000 -44.00000 104.00000
endloop
endfacet
facet normal -0.9238795323932465 -0.38268343265006405 0
outer loop
vertex 151.00000 -44.00000 104.00000
vertex 151.00000 -44.00000 100.00000
vertex 152.46447 -47.53553 104.00000
endloop
endfacet
facet normal -0.9238795323932465 -0.38268343265006405 0
outer loop
vertex 151.00000 -44.00000 100.00000
vertex 152.46447 -47.53553 100.00000
vertex 152.46447 -47.53553 104.00000
endloop
endfacet
facet normal -0.38268343265006405 -0.9238795323932465 0
outer loop
vertex 152.46447 -47.53553 104.00000
vertex 152.46447 -47.53553 100.00000
vertex 156.00000 -49.00000 104.00000
endloop
endfacet
facet normal -0.38268343265006405 -0.9238795323932465 0
outer loop
vertex 152.46447 -47.53553 100.00000
vertex 156.00000 -49.00000 100.00000
vertex 156.00000 -49.00000 104.00000
endloop
endfacet
facet normal 0 0 1
outer loop
vertex 156.00000 -49.00000 104.00000
vertex 159.53553 -47.53553 104.00000
vertex 156.00000 -44.00000 104.00000
endloop
endfacet
facet normal 0 0 1
outer loop
vertex 159.53553 -47.53553 104.00000
vertex 161.00000 -44.00000 104.00000
vertex 156.00000 -44.00000 104.00000
endloop
endfacet
facet normal 0 0 1
outer loop
vertex 161.00000 -44.00000 104.00000
vertex 159.53553 -40.46447 104.00000
vertex 156.00000 -44.00000 104.00000
endloop
endfacet
facet normal 0 0 1
outer loop
vertex 159.53553 -40.46447 104.00000
vertex 156.00000 -39.00000 104.00000
vertex 156.00000 -44.00000 104.00000
endloop
endfacet
facet normal 0 0 1
outer loop
vertex 156.00000 -39.00000 104.00000
vertex 152.46447 -40.46447 104.00000
vertex 156.00000 -44.00000 104.00000
endloop
endfacet
facet normal 0 0 1
outer loop
vertex 152.46447 -40.46447 104.00000
vertex 151.00000 -44.00000 104.00000
vertex 156.00000 -44.00000 104.00000
endloop
endfacet
facet normal 0 0 1
outer loop
vertex 151.00000 -44.00000 104.00000
vertex 152.46447 -47.53553 104.00000
vertex 156.00000 -44.00000 104.00000
endloop
endfacet
facet normal 0 0 1
outer loop
vertex 152.46447 -47.53553 104.00000
vertex 156.00000 -49.00000 104.00000
vertex 156.00000 -44.00000 104.00000
endloop
endfacet
facet normal 0 0 -1
outer loop
vertex 159.53553 -47.53553 100.00000
vertex 156.00000 -49.00000 100.00000
vertex 156.00000 -44.00000 100.00000
endloop
endfacet
facet normal 0 0 -1
outer loop
vertex 161.00000 -44.00000 100.00000
vertex 159.53553 -47.53553 100.00000
vertex 156.00000 -44.00000 100.00000
endloop
endfacet
facet normal 0 0 -1
outer loop
vertex 159.53553 -40.46447 100.00000
vertex 161.00000 -44.00000 100.00000
vertex 156.00000 -44.00000 100.00000
endloop
endfacet
facet normal 0 0 -1
outer loop
vertex 156.00000 -39.00000 100.00000
vertex 159.53553 -40.46447 100.00000
vertex 156.00000 -44.00000 100.00000
endloop
endfacet
facet normal 0 0 -1
outer loop
vertex 152.46447 -40.46447 100.00000
vertex 156.00000 -39.00000 100.00000
vertex 156.00000 -44.00000 100.00000
endloop
endfacet
facet normal 0 0 -1
outer loop
vertex 151.00000 -44.00000 100.00000
vertex 152.46447 -40.46447 100.00000
vertex 156.00000 -44.00000 100.00000
endloop
endfacet
facet normal 0 0 -1
outer loop
vertex 152.46447 -47.53553 100.00000
vertex 151.00000 -44.00000 100.00000
vertex 156.00000 -44.00000 100.00000
endloop
endfacet
facet normal 0 0 -1
outer loop
vertex 156.00000 -49.00000 100.00000
vertex 152.46447 -47.53553 100.00000
vertex 156.00000 -44.00000 100.00000
endloop
endfacet
facet normal 0.500000021631748 -0.8660253912953428 0
outer loop
vertex 156.00000 -46.40000 106.50000
vertex 156.00000 -46.40000 101.50000
vertex 158.07846 -45.20000 106.50000
endloop
endfacet
facet normal 0.500000021631748 -0.8660253912953428 0
outer loop
vertex 156.00000 -46.40000 101.50000
vertex 158.07846 -45.20000 101.50000
vertex 158.07846 -45.20000 106.50000
endloop
endfacet
facet normal 1 0 0
outer loop
vertex 158.07846 -45.20000 106.50000
vertex 158.07846 -45.20000 101.50000
vertex 158.07846 -42.80000 106.50000
endloop
endfacet
facet normal 1 0 0
outer loop
vertex 158.07846 -45.20000 101.50000
vertex 158.07846 -42.80000 101.50000
vertex 158.07846 -42.80000 106.50000
endloop
endfacet
facet normal 0.500000021631748 0.8660253912953428 0
outer loop
vertex 158.07846 -42.80000 106.50000
vertex 158.07846 -42.80000 101.50000
vertex 156.00000 -41.60000 106.50000
endloop
endfacet
facet normal 0.500000021631748 0.8660253912953428 0
outer loop
vertex 158.07846 -42.80000 101.50000
vertex 156.00000 -41.60000 101.50000
vertex 156.00000 -41.60000 106.50000
endloop
endfacet
facet normal -0.500000021631748 0.8660253912953428 0
outer loop
vertex 156.00000 -41.60000 106.50000
vertex 156.00000 -41.60000 101.50000
vertex 153.92154 -42.80000 106.50000
endloop
endfacet
facet normal -0.500000021631748 0.8660253912953428 0
outer loop
vertex 156.00000 -41.60000 101.50000
vertex 153.92154 -42.80000 101.50000
vertex 153.92154 -42.80000 106.50000
endloop
endfacet
facet normal -1 0 0
outer loop
vertex 153.92154 -42.80000 106.50000
vertex 153.92154 -42.80000 101.50000
vertex 153.92154 -45.20000 106.50000
endloop
endfacet
facet normal -1 0 0
outer loop
vertex 153.92154 -42.80000 101.50000
vertex 153.92154 -45.20000 101.50000
vertex 153.92154 -45.20000 106.50000
endloop
endfacet
facet normal -0.500000021631748 -0.8660253912953428 0
outer loop
vertex 153.92154 -45.20000 106.50000
vertex 153.92154 -45.20000 101.50000
vertex 156.00000 -46.40000 106.50000
endloop
endfacet
facet normal -0.500000021631748 -0.8660253912953428 0
outer loop
vertex 153.92154 -45.20000 101.50000
vertex 156.00000 -46.40000 101.50000
vertex 156.00000 -46.40000 106.50000
endloop
endfacet
facet normal 0 0 1
outer loop
vertex 156.00000 -46.40000 106.50000
vertex 158.07846 -45.20000 106.50000
vertex 156.00000 -44.00000 106.50000
endloop
endfacet
facet normal 0 0 1
outer loop
vertex 158.07846 -45.20000 106.50000
vertex 158.07846 -42.80000 106.50000
vertex 156.00000 -44.00000 106.50000
endloop
endfacet
facet normal 0 0 1
outer loop
vertex 158.07846 -42.80000 106.50000
vertex 156.00000 -41.60000 106.50000
vertex 156.00000 -44.00000 106.50000
endloop
endfacet
facet normal 0 0 1
outer loop
vertex 156.00000 -41.60000 106.50000
vertex 153.92154 -42.80000 106.50000
vertex 156.00000 -44.00000 106.50000
endloop
endfacet
facet normal 0 0 1
outer loop
vertex 153.92154 -42.80000 106.50000
vertex 153.92154 -45.20000 106.50000
vertex 156.00000 -44.00000 106.50000
endloop
endfacet
facet normal 0 0 1
outer loop
vertex 153.92154 -45.20000 106.50000
vertex 156.00000 -46.40000 106.50000
vertex 156.00000 -44.00000 106.50000
endloop
endfacet
facet normal 0 0 -1
outer loop
vertex 158.07846 -45.20000 101.50000
vertex 156.00000 -46.40000 101.50000
vertex 156.00000 -44.00000 101.50000
endloop
endfacet
facet normal 0 0 -1
outer loop
vertex 158.07846 -42.80000 101.50000
vertex 158.07846 -45.20000 101.50000
vertex 156.00000 -44.00000 101.50000
endloop
endfacet
facet normal 0 0 -1
outer loop
vertex 156.00000 -41.60000 101.50000
vertex 158.07846 -42.80000 101.50000
vertex 156.00000 -44.00000 101.50000
endloop
endfacet
facet normal 0 0 -1
outer loop
vertex 153.92154 -42.80000 101.50000
vertex 156.00000 -41.60000 101.50000
vertex 156.00000 -44.00000 101.50000
endloop
endfacet
facet normal 0 0 -1
outer loop
vertex 153.92154 -45.20000 101.50000
vertex 153.92154 -42.80000 101.50000
vertex 156.00000 -44.00000 101.50000
endloop
endfacet
facet normal 0 0 -1
outer loop
vertex 156.00000 -46.40000 101.50000
vertex 153.92154 -45.20000 101.50000
vertex 156.00000 -44.00000 101.50000
endloop
endfacet
facet normal 0.38268343265006405 -0.9238795323932465 0
outer loop
vertex -130.00000 -5.00000 104.00000
vertex -130.00000 -5.00000 100.00000
vertex -126.46447 -3.53553 104.00000
endloop
endfacet
facet normal 0.38268343265006405 -0.9238795323932465 0
outer loop
vertex -130.00000 -5.00000 100.00000
vertex -126.46447 -3.53553 100.00000
vertex -126.46447 -3.53553 104.00000
endloop
endfacet
facet normal 0.9238795323932465 -0.38268343265006405 0
outer loop
vertex -126.46447 -3.53553 104.00000
vertex -126.46447 -3.53553 100.00000
vertex -125.00000 -0.00000 104.00000
endloop
endfacet
facet normal 0.9238795323932466 -0.38268343265006416 5.802305147654389e-17
outer loop
vertex -126.46447 -3.53553 100.00000
vertex -125.00000 -0.00000 100.00000
vertex -125.00000 -0.00000 104.00000
endloop
endfacet
facet normal 0.9238795323932465 0.38268343265006405 -2.343260306656945e-17
outer loop
vertex -125.00000 -0.00000 104.00000
vertex -125.00000 -0.00000 100.00000
vertex -126.46447 3.53553 104.00000
endloop
endfacet
facet normal 0.9238795323932466 0.38268343265006405 0
outer loop
vertex -125.00000 -0.00000 100.00000
vertex -126.46447 3.53553 100.00000
vertex -126.46447 3.53553 104.00000
endloop
endfacet
facet normal 0.38268343265006405 0.9238795323932465 0
outer loop
vertex -126.46447 3.53553 104.00000
vertex -126.46447 3.53553 100.00000
vertex -130.00000 5.00000 104.00000
endloop
endfacet
facet normal 0.38268343265006405 0.9238795323932465 0
outer loop
vertex -126.46447 3.53553 100.00000
vertex -130.00000 5.00000 100.00000
vertex -130.00000 5.00000 104.00000
endloop
endfacet
facet normal -0.38268343265006405 0.9238795323932465 0
outer loop
vertex -130.00000 5.00000 104.00000
vertex -130.00000 5.00000 100.00000
vertex -133.53553 3.53553 104.00000
endloop
endfacet
facet normal -0.38268343265006405 0.9238795323932465 0
outer loop
vertex -130.00000 5.00000 100.00000
vertex -133.53553 3.53553 100.00000
vertex -133.53553 3.53553 104.00000
endloop
endfacet
facet normal -0.9238795323932465 0.38268343265006416 0
outer loop
vertex -133.53553 3.53553 104.00000
vertex -133.53553 3.53553 100.00000
vertex -135.00000 0.00000 104.00000
endloop
endfacet
facet normal -0.9238795323932465 0.38268343265006416 0
outer loop
vertex -133.53553 3.53553 100.00000
vertex -135.00000 0.00000 100.00000
vertex -135.00000 0.00000 104.00000
endloop
endfacet
facet normal -0.9238795323932465 -0.382683432650064 2.3432598001796385e-17
outer loop
vertex -135.00000 0.00000 104.00000
vertex -135.00000 0.00000 100.00000
vertex -133.53553 -3.53553 104.00000
endloop
endfacet
facet normal -0.9238795323932465 -0.382683432650064 0
outer loop
vertex -135.00000 0.00000 100.00000
vertex -133.53553 -3.53553 100.00000
vertex -133.53553 -3.53553 104.00000
endloop
endfacet
facet normal -0.38268343265006405 -0.9238795323932465 0
outer loop
vertex -133.53553 -3.53553 104.00000
vertex -133.53553 -3.53553 100.00000
vertex -130.00000 -5.00000 104.00000
endloop
endfacet
facet normal -0.38268343265006405 -0.9238795323932465 0
outer loop
vertex -133.53553 -3.53553 100.00000
vertex -130.00000 -5.00000 100.00000
vertex -130.00000 -5.00000 104.00000
endloop
endfacet
facet normal 0 0 1
outer loop
vertex -130.00000 -5.00000 104.00000
vertex -126.46447 -3.53553 104.00000
vertex -130.00000 0.00000 104.00000
endloop
endfacet
facet normal 0 0 1
outer loop
vertex -126.46447 -3.53553 104.00000
vertex -125.00000 -0.00000 104.00000
vertex -130.00000 0.00000 104.00000
endloop
endfacet
facet normal 0 0 1
outer loop
vertex -125.00000 -0.00000 104.00000
vertex -126.46447 3.53553 104.00000
vertex -130.00000 0.00000 104.00000
endloop
endfacet
facet normal 0 0 1
outer loop
vertex -126.46447 3.53553 104.00000
vertex -130.00000 5.00000 104.00000
vertex -130.00000 0.00000 104.00000
endloop
endfacet
facet normal 0 0 1
outer loop
vertex -130.00000 5.00000 104.00000
vertex -133.53553 3.53553 104.00000
vertex -130.00000 0.00000 104.00000
endloop
endfacet
facet normal 0 0 1
outer loop
vertex -133.53553 3.53553 104.00000
vertex -135.00000 0.00000 104.00000
vertex -130.00000 0.00000 104.00000
endloop
endfacet
facet normal 0 0 1
outer loop
vertex -135.00000 0.00000 104.00000
vertex -133.53553 -3.53553 104.00000
vertex -130.00000 0.00000 104.00000
endloop
endfacet
facet normal 0 0 1
outer loop
vertex -133.53553 -3.53553 104.00000
vertex -130.00000 -5.00000 104.00000
vertex -130.00000 0.00000 104.00000
endloop
endfacet
facet normal 0 0 -1
outer loop
vertex -126.46447 -3.53553 100.00000
vertex -130.00000 -5.00000 100.00000
vertex -130.00000 -0.00000 100.00000
endloop
endfacet
facet normal 0 0 -1
outer loop
vertex -125.00000 -0.00000 100.00000
vertex -126.46447 -3.53553 100.00000
vertex -130.00000 -0.00000 100.00000
endloop
endfacet
facet normal 0 0 -1
outer loop
vertex -126.46447 3.53553 100.00000
vertex -125.00000 -0.00000 100.00000
vertex -130.00000 -0.00000 100.00000
endloop
endfacet
facet normal 0 0 -1
outer loop
vertex -130.00000 5.00000 100.00000
vertex -126.46447 3.53553 100.00000
vertex -130.00000 -0.00000 100.00000
endloop
endfacet
facet normal 0 0 -1
outer loop
vertex -133.53553 3.53553 100.00000
vertex -130.00000 5.00000 100.00000
vertex -130.00000 -0.00000 100.00000
endloop
endfacet
facet normal 0 0 -1
outer loop
vertex -135.00000 0.00000 100.00000
vertex -133.53553 3.53553 100.00000
vertex -130.00000 -0.00000 100.00000
endloop
endfacet
facet normal 0 0 -1
outer loop
vertex -133.53553 -3.53553 100.00000
vertex -135.00000 0.00000 100.00000
vertex -130.00000 -0.00000 100.00000
endloop
endfacet
facet normal 0 0 -1
outer loop
vertex -130.00000 -5.00000 100.00000
vertex -133.53553 -3.53553 100.00000
vertex -130.00000 -0.00000 100.00000
endloop
endfacet
facet normal 0.500000021631748 -0.8660253912953428 0
outer loop
vertex -130.00000 -2.40000 106.50000
vertex -130.00000 -2.40000 101.50000
vertex -127.92154 -1.20000 106.50000
endloop
endfacet
facet normal 0.500000021631748 -0.8660253912953428 0
outer loop
vertex -130.00000 -2.40000 101.50000
vertex -127.92154 -1.20000 101.50000
vertex -127.92154 -1.20000 106.50000
endloop
endfacet
facet normal 1 0 0
outer loop
vertex -127.92154 -1.20000 106.50000
vertex -127.92154 -1.20000 101.50000
vertex -127.92154 1.20000 106.50000
endloop
endfacet
facet normal 1 0 0
outer loop
vertex -127.92154 -1.20000 101.50000
vertex -127.92154 1.20000 101.50000
vertex -127.92154 1.20000 106.50000
endloop
endfacet
facet normal 0.500000021631748 0.8660253912953428 0
outer loop
vertex -127.92154 1.20000 106.50000
vertex -127.92154 1.20000 101.50000
vertex -130.00000 2.40000 106.50000
endloop
endfacet
facet normal 0.500000021631748 0.8660253912953428 0
outer loop
vertex -127.92154 1.20000 101.50000
vertex -130.00000 2.40000 101.50000
vertex -130.00000 2.40000 106.50000
endloop
endfacet
facet normal -0.500000021631748 0.8660253912953428 0
outer loop
vertex -130.00000 2.40000 106.50000
vertex -130.00000 2.40000 101.50000
vertex -132.07846 1.20000 106.50000
endloop
endfacet
facet normal -0.500000021631748 0.8660253912953428 0
outer loop
vertex -130.00000 2.40000 101.50000
vertex -132.07846 1.20000 101.50000
vertex -132.07846 1.20000 106.50000
endloop
endfacet
facet normal -1 0 0
outer loop
vertex -132.07846 1.20000 106.50000
vertex -132.07846 1.20000 101.50000
vertex -132.07846 -1.20000 106.50000
endloop
endfacet
facet normal -1 0 0
outer loop
vertex -132.07846 1.20000 101.50000
vertex -132.07846 -1.20000 101.50000
vertex -132.07846 -1.20000 106.50000
endloop
endfacet
facet normal -0.500000021631748 -0.8660253912953428 0
outer loop
vertex -132.07846 -1.20000 106.50000
vertex -132.07846 -1.20000 101.50000
vertex -130.00000 -2.40000 106.50000
endloop
endfacet
facet normal -0.500000021631748 -0.8660253912953428 0
outer loop
vertex -132.07846 -1.20000 101.50000
vertex -130.00000 -2.40000 101.50000
vertex -130.00000 -2.40000 106.50000
endloop
endfacet
facet normal 0 0 1
outer loop
vertex -130.00000 -2.40000 106.50000
vertex -127.92154 -1.20000 106.50000
vertex -130.00000 0.00000 106.50000
endloop
endfacet
facet normal 0 0 1
outer loop
vertex -127.92154 -1.20000 106.50000
vertex -127.92154 1.20000 106.50000
vertex -130.00000 0.00000 106.50000
endloop
endfacet
facet normal 0 0 1
outer loop
vertex -127.92154 1.20000 106.50000
vertex -130.00000 2.40000 106.50000
vertex -130.00000 0.00000 106.50000
endloop
endfacet
facet normal 0 0 1
outer loop
vertex -130.00000 2.40000 106.50000
vertex -132.07846 1.20000 106.50000
vertex -130.00000 0.00000 106.50000
endloop
endfacet
facet normal 0 0 1
outer loop
vertex -132.07846 1.20000 106.50000
vertex -132.07846 -1.20000 106.50000
vertex -130.00000 0.00000 106.50000
endloop
endfacet
facet normal 0 0 1
outer loop
vertex -132.07846 -1.20000 106.50000
vertex -130.00000 -2.40000 106.50000
vertex -130.00000 0.00000 106.50000
endloop
endfacet
facet normal 0 0 -1
outer loop
vertex -127.92154 -1.20000 101.50000
vertex -130.00000 -2.40000 101.50000
vertex -130.00000 -0.00000 101.50000
endloop
endfacet
facet normal 0 0 -1
outer loop
vertex -127.92154 1.20000 101.50000
vertex -127.92154 -1.20000 101.50000
vertex -130.00000 -0.00000 101.50000
endloop
endfacet
facet normal 0 0 -1
outer loop
vertex -130.00000 2.40000 101.50000
vertex -127.92154 1.20000 101.50000
vertex -130.00000 -0.00000 101.50000
endloop
endfacet
facet normal 0 0 -1
outer loop
vertex -132.07846 1.20000 101.50000
vertex -130.00000 2.40000 101.50000
vertex -130.00000 -0.00000 101.50000
endloop
endfacet
facet normal 0 0 -1
outer loop
vertex -132.07846 -1.20000 101.50000
vertex -132.07846 1.20000 101.50000
vertex -130.00000 -0.00000 101.50000
endloop
endfacet
facet normal 0 0 -1
outer loop
vertex -130.00000 -2.40000 101.50000
vertex -132.07846 -1.20000 101.50000
vertex -130.00000 -0.00000 101.50000
endloop
endfacet
facet normal 0.38268343265006405 -0.9238795323932465 0
outer loop
vertex 156.00000 -5.00000 104.00000
vertex 156.00000 -5.00000 100.00000
vertex 159.53553 -3.53553 104.00000
endloop
endfacet
facet normal 0.38268343265006405 -0.9238795323932465 0
outer loop
vertex 156.00000 -5.00000 100.00000
vertex 159.53553 -3.53553 100.00000
vertex 159.53553 -3.53553 104.00000
endloop
endfacet
facet normal 0.9238795323932465 -0.38268343265006405 0
outer loop
vertex 159.53553 -3.53553 104.00000
vertex 159.53553 -3.53553 100.00000
vertex 161.00000 -0.00000 104.00000
endloop
endfacet
facet normal 0.9238795323932466 -0.38268343265006416 5.802305147654389e-17
outer loop
vertex 159.53553 -3.53553 100.00000
vertex 161.00000 -0.00000 100.00000
vertex 161.00000 -0.00000 104.00000
endloop
endfacet
facet normal 0.9238795323932465 0.38268343265006405 -2.343260306656945e-17
outer loop
vertex 161.00000 -0.00000 104.00000
vertex 161.00000 -0.00000 100.00000
vertex 159.53553 3.53553 104.00000
endloop
endfacet
facet normal 0.9238795323932466 0.38268343265006405 0
outer loop
vertex 161.00000 -0.00000 100.00000
vertex 159.53553 3.53553 100.00000
vertex 159.53553 3.53553 104.00000
endloop
endfacet
facet normal 0.38268343265006405 0.9238795323932465 0
outer loop
vertex 159.53553 3.53553 104.00000
vertex 159.53553 3.53553 100.00000
vertex 156.00000 5.00000 104.00000
endloop
endfacet
facet normal 0.38268343265006405 0.9238795323932465 0
outer loop
vertex 159.53553 3.53553 100.00000
vertex 156.00000 5.00000 100.00000
vertex 156.00000 5.00000 104.00000
endloop
endfacet
facet normal -0.38268343265006405 0.9238795323932465 0
outer loop
vertex 156.00000 5.00000 104.00000
vertex 156.00000 5.00000 100.00000
vertex 152.46447 3.53553 104.00000
endloop
endfacet
facet normal -0.38268343265006405 0.9238795323932465 0
outer loop
vertex 156.00000 5.00000 100.00000
vertex 152.46447 3.53553 100.00000
vertex 152.46447 3.53553 104.00000
endloop
endfacet
facet normal -0.9238795323932465 0.38268343265006416 0
outer loop
vertex 152.46447 3.53553 104.00000
vertex 152.46447 3.53553 100.00000
vertex 151.00000 0.00000 104.00000
endloop
endfacet
facet normal -0.9238795323932465 0.38268343265006416 0
outer loop
vertex 152.46447 3.53553 100.00000
vertex 151.00000 0.00000 100.00000
vertex 151.00000 0.00000 104.00000
endloop
endfacet
facet normal -0.9238795323932465 -0.382683432650064 2.3432598001796385e-17
outer loop
vertex 151.00000 0.00000 104.00000
vertex 151.00000 0.00000 100.00000
vertex 152.46447 -3.53553 104.00000
endloop
endfacet
facet normal -0.9238795323932465 -0.382683432650064 0
outer loop
vertex 151.00000 0.00000 100.00000
vertex 152.46447 -3.53553 100.00000
vertex 152.46447 -3.53553 104.00000
endloop
endfacet
facet normal -0.38268343265006405 -0.9238795323932465 0
outer loop
vertex 152.46447 -3.53553 104.00000
vertex 152.46447 -3.53553 100.00000
vertex 156.00000 -5.00000 104.00000
endloop
endfacet
facet normal -0.38268343265006405 -0.9238795323932465 0
outer loop
vertex 152.46447 -3.53553 100.00000
vertex 156.00000 -5.00000 100.00000
vertex 156.00000 -5.00000 104.00000
endloop
endfacet
facet normal 0 0 1
outer loop
vertex 156.00000 -5.00000 104.00000
vertex 159.53553 -3.53553 104.00000
vertex 156.00000 0.00000 104.00000
endloop
endfacet
facet normal 0 0 1
outer loop
vertex 159.53553 -3.53553 104.00000
vertex 161.00000 -0.00000 104.00000
vertex 156.00000 0.00000 104.00000
endloop
endfacet
facet normal 0 0 1
outer loop
vertex 161.00000 -0.00000 104.00000
vertex 159.53553 3.53553 104.00000
vertex 156.00000 0.00000 104.00000
endloop
endfacet
facet normal 0 0 1
outer loop
vertex 159.53553 3.53553 104.00000
vertex 156.00000 5.00000 104.00000
vertex 156.00000 0.00000 104.00000
endloop
endfacet
facet normal 0 0 1
outer loop
vertex 156.00000 5.00000 104.00000
vertex 152.46447 3.53553 104.00000
vertex 156.00000 0.00000 104.00000
endloop
endfacet
facet normal 0 0 1
outer loop
vertex 152.46447 3.53553 104.00000
vertex 151.00000 0.00000 104.00000
vertex 156.00000 0.00000 104.00000
endloop
endfacet
facet normal 0 0 1
outer loop
vertex 151.00000 0.00000 104.00000
vertex 152.46447 -3.53553 104.00000
vertex 156.00000 0.00000 104.00000
endloop
endfacet
facet normal 0 0 1
outer loop
vertex 152.46447 -3.53553 104.00000
vertex 156.00000 -5.00000 104.00000
vertex 156.00000 0.00000 104.00000
endloop
endfacet
facet normal 0 0 -1
outer loop
vertex 159.53553 -3.53553 100.00000
vertex 156.00000 -5.00000 100.00000
vertex 156.00000 -0.00000 100.00000
endloop
endfacet
facet normal 0 0 -1
outer loop
vertex 161.00000 -0.00000 100.00000
vertex 159.53553 -3.53553 100.00000
vertex 156.00000 -0.00000 100.00000
endloop
endfacet
facet normal 0 0 -1
outer loop
vertex 159.53553 3.53553 100.00000
vertex 161.00000 -0.00000 100.00000
vertex 156.00000 -0.00000 100.00000
endloop
endfacet
facet normal 0 0 -1
outer loop
vertex 156.00000 5.00000 100.00000
vertex 159.53553 3.53553 100.00000
vertex 156.00000 -0.00000 100.00000
endloop
endfacet
facet normal 0 0 -1
outer loop
vertex 152.46447 3.53553 100.00000
vertex 156.00000 5.00000 100.00000
vertex 156.00000 -0.00000 100.00000
endloop
endfacet
facet normal 0 0 -1
outer loop
vertex 151.00000 0.00000 100.00000
vertex 152.46447 3.53553 100.00000
vertex 156.00000 -0.00000 100.00000
endloop
endfacet
facet normal 0 0 -1
outer loop
vertex 152.46447 -3.53553 100.00000
vertex 151.00000 0.00000 100.00000
vertex 156.00000 -0.00000 100.00000
endloop
endfacet
facet normal 0 0 -1
outer loop
vertex 156.00000 -5.00000 100.00000
vertex 152.46447 -3.53553 100.00000
vertex 156.00000 -0.00000 100.00000
endloop
endfacet
facet normal 0.500000021631748 -0.8660253912953428 0
outer loop
vertex 156.00000 -2.40000 106.50000
vertex 156.00000 -2.40000 101.50000
vertex 158.07846 -1.20000 106.50000
endloop
endfacet
facet normal 0.500000021631748 -0.8660253912953428 0
outer loop
vertex 156.00000 -2.40000 101.50000
vertex 158.07846 -1.20000 101.50000
vertex 158.07846 -1.20000 106.50000
endloop
endfacet
facet normal 1 0 0
outer loop
vertex 158.07846 -1.20000 106.50000
vertex 158.07846 -1.20000 101.50000
vertex 158.07846 1.20000 106.50000
endloop
endfacet
facet normal 1 0 0
outer loop
vertex 158.07846 -1.20000 101.50000
vertex 158.07846 1.20000 101.50000
vertex 158.07846 1.20000 106.50000
endloop
endfacet
facet normal 0.500000021631748 0.8660253912953428 0
outer loop
vertex 158.07846 1.20000 106.50000
vertex 158.07846 1.20000 101.50000
vertex 156.00000 2.40000 106.50000
endloop
endfacet
facet normal 0.500000021631748 0.8660253912953428 0
outer loop
vertex 158.07846 1.20000 101.50000
vertex 156.00000 2.40000 101.50000
vertex 156.00000 2.40000 106.50000
endloop
endfacet
facet normal -0.500000021631748 0.8660253912953428 0
outer loop
vertex 156.00000 2.40000 106.50000
vertex 156.00000 2.40000 101.50000
vertex 153.92154 1.20000 106.50000
endloop
endfacet
facet normal -0.500000021631748 0.8660253912953428 0
outer loop
vertex 156.00000 2.40000 101.50000
vertex 153.92154 1.20000 101.50000
vertex 153.92154 1.20000 106.50000
endloop
endfacet
facet normal -1 0 0
outer loop
vertex 153.92154 1.20000 106.50000
vertex 153.92154 1.20000 101.50000
vertex 153.92154 -1.20000 106.50000
endloop
endfacet
facet normal -1 0 0
outer loop
vertex 153.92154 1.20000 101.50000
vertex 153.92154 -1.20000 101.50000
vertex 153.92154 -1.20000 106.50000
endloop
endfacet
facet normal -0.500000021631748 -0.8660253912953428 0
outer loop
vertex 153.92154 -1.20000 106.50000
vertex 153.92154 -1.20000 101.50000
vertex 156.00000 -2.40000 106.50000
endloop
endfacet
facet normal -0.500000021631748 -0.8660253912953428 0
outer loop
vertex 153.92154 -1.20000 101.50000
vertex 156.00000 -2.40000 101.50000
vertex 156.00000 -2.40000 106.50000
endloop
endfacet
facet normal 0 0 1
outer loop
vertex 156.00000 -2.40000 106.50000
vertex 158.07846 -1.20000 106.50000
vertex 156.00000 0.00000 106.50000
endloop
endfacet
facet normal 0 0 1
outer loop
vertex 158.07846 -1.20000 106.50000
vertex 158.07846 1.20000 106.50000
vertex 156.00000 0.00000 106.50000
endloop
endfacet
facet normal 0 0 1
outer loop
vertex 158.07846 1.20000 106.50000
vertex 156.00000 2.40000 106.50000
vertex 156.00000 0.00000 106.50000
endloop
endfacet
facet normal 0 0 1
outer loop
vertex 156.00000 2.40000 106.50000
vertex 153.92154 1.20000 106.50000
vertex 156.00000 0.00000 106.50000
endloop
endfacet
facet normal 0 0 1
outer loop
vertex 153.92154 1.20000 106.50000
vertex 153.92154 -1.20000 106.50000
vertex 156.00000 0.00000 106.50000
endloop
endfacet
facet normal 0 0 1
outer loop
vertex 153.92154 -1.20000 106.50000
vertex 156.00000 -2.40000 106.50000
vertex 156.00000 0.00000 106.50000
endloop
endfacet
facet normal 0 0 -1
outer loop
vertex 158.07846 -1.20000 101.50000
vertex 156.00000 -2.40000 101.50000
vertex 156.00000 -0.00000 101.50000
endloop
endfacet
facet normal 0 0 -1
outer loop
vertex 158.07846 1.20000 101.50000
vertex 158.07846 -1.20000 101.50000
vertex 156.00000 -0.00000 101.50000
endloop
endfacet
facet normal 0 0 -1
outer loop
vertex 156.00000 2.40000 101.50000
vertex 158.07846 1.20000 101.50000
vertex 156.00000 -0.00000 101.50000
endloop
endfacet
facet normal 0 0 -1
outer loop
vertex 153.92154 1.20000 101.50000
vertex 156.00000 2.40000 101.50000
vertex 156.00000 -0.00000 101.50000
endloop
endfacet
facet normal 0 0 -1
outer loop
vertex 153.92154 -1.20000 101.50000
vertex 153.92154 1.20000 101.50000
vertex 156.00000 -0.00000 101.50000
endloop
endfacet
facet normal 0 0 -1
outer loop
vertex 156.00000 -2.40000 101.50000
vertex 153.92154 -1.20000 101.50000
vertex 156.00000 -0.00000 101.50000
endloop
endfacet
facet normal 0.38268343265006405 -0.9238795323932465 0
outer loop
vertex -130.00000 39.00000 104.00000
vertex -130.00000 39.00000 100.00000
vertex -126.46447 40.46447 104.00000
endloop
endfacet
facet normal 0.38268343265006405 -0.9238795323932465 0
outer loop
vertex -130.00000 39.00000 100.00000
vertex -126.46447 40.46447 100.00000
vertex -126.46447 40.46447 104.00000
endloop
endfacet
facet normal 0.9238795323932465 -0.38268343265006405 0
outer loop
vertex -126.46447 40.46447 104.00000
vertex -126.46447 40.46447 100.00000
vertex -125.00000 44.00000 104.00000
endloop
endfacet
facet normal 0.9238795323932465 -0.38268343265006405 0
outer loop
vertex -126.46447 40.46447 100.00000
vertex -125.00000 44.00000 100.00000
vertex -125.00000 44.00000 104.00000
endloop
endfacet
facet normal 0.9238795323932465 0.38268343265006405 0
outer loop
vertex -125.00000 44.00000 104.00000
vertex -125.00000 44.00000 100.00000
vertex -126.46447 47.53553 104.00000
endloop
endfacet
facet normal 0.9238795323932465 0.38268343265006405 0
outer loop
vertex -125.00000 44.00000 100.00000
vertex -126.46447 47.53553 100.00000
vertex -126.46447 47.53553 104.00000
endloop
endfacet
facet normal 0.38268343265006405 0.9238795323932465 0
outer loop
vertex -126.46447 47.53553 104.00000
vertex -126.46447 47.53553 100.00000
vertex -130.00000 49.00000 104.00000
endloop
endfacet
facet normal 0.38268343265006405 0.9238795323932465 0
outer loop
vertex -126.46447 47.53553 100.00000
vertex -130.00000 49.00000 100.00000
vertex -130.00000 49.00000 104.00000
endloop
endfacet
facet normal -0.38268343265006405 0.9238795323932465 0
outer loop
vertex -130.00000 49.00000 104.00000
vertex -130.00000 49.00000 100.00000
vertex -133.53553 47.53553 104.00000
endloop
endfacet
facet normal -0.38268343265006405 0.9238795323932465 0
outer loop
vertex -130.00000 49.00000 100.00000
vertex -133.53553 47.53553 100.00000
vertex -133.53553 47.53553 104.00000
endloop
endfacet
facet normal -0.9238795323932465 0.38268343265006405 0
outer loop
vertex -133.53553 47.53553 104.00000
vertex -133.53553 47.53553 100.00000
vertex -135.00000 44.00000 104.00000
endloop
endfacet
facet normal -0.9238795323932465 0.38268343265006405 0
outer loop
vertex -133.53553 47.53553 100.00000
vertex -135.00000 44.00000 100.00000
vertex -135.00000 44.00000 104.00000
endloop
endfacet
facet normal -0.9238795323932465 -0.38268343265006405 0
outer loop
vertex -135.00000 44.00000 104.00000
vertex -135.00000 44.00000 100.00000
vertex -133.53553 40.46447 104.00000
endloop
endfacet
facet normal -0.9238795323932465 -0.38268343265006405 0
outer loop
vertex -135.00000 44.00000 100.00000
vertex -133.53553 40.46447 100.00000
vertex -133.53553 40.46447 104.00000
endloop
endfacet
facet normal -0.38268343265006405 -0.9238795323932465 0
outer loop
vertex -133.53553 40.46447 104.00000
vertex -133.53553 40.46447 100.00000
vertex -130.00000 39.00000 104.00000
endloop
endfacet
facet normal -0.38268343265006405 -0.9238795323932465 0
outer loop
vertex -133.53553 40.46447 100.00000
vertex -130.00000 39.00000 100.00000
vertex -130.00000 39.00000 104.00000
endloop
endfacet
facet normal 0 0 1
outer loop
vertex -130.00000 39.00000 104.00000
vertex -126.46447 40.46447 104.00000
vertex -130.00000 44.00000 104.00000
endloop
endfacet
facet normal 0 0 1
outer loop
vertex -126.46447 40.46447 104.00000
vertex -125.00000 44.00000 104.00000
vertex -130.00000 44.00000 104.00000
endloop
endfacet
facet normal 0 0 1
outer loop
vertex -125.00000 44.00000 104.00000
vertex -126.46447 47.53553 104.00000
vertex -130.00000 44.00000 104.00000
endloop
endfacet
facet normal 0 0 1
outer loop
vertex -126.46447 47.53553 104.00000
vertex -130.00000 49.00000 104.00000
vertex -130.00000 44.00000 104.00000
endloop
endfacet
facet normal 0 0 1
outer loop
vertex -130.00000 49.00000 104.00000
vertex -133.53553 47.53553 104.00000
vertex -130.00000 44.00000 104.00000
endloop
endfacet
facet normal 0 0 1
outer loop
vertex -133.53553 47.53553 104.00000
vertex -135.00000 44.00000 104.00000
vertex -130.00000 44.00000 104.00000
endloop
endfacet
facet normal 0 0 1
outer loop
vertex -135.00000 44.00000 104.00000
vertex -133.53553 40.46447 104.00000
vertex -130.00000 44.00000 104.00000
endloop
endfacet
facet normal 0 0 1
outer loop
vertex -133.53553 40.46447 104.00000
vertex -130.00000 39.00000 104.00000
vertex -130.00000 44.00000 104.00000
endloop
endfacet
facet normal 0 0 -1
outer loop
vertex -126.46447 40.46447 100.00000
vertex -130.00000 39.00000 100.00000
vertex -130.00000 44.00000 100.00000
endloop
endfacet
facet normal 0 0 -1
outer loop
vertex -125.00000 44.00000 100.00000
vertex -126.46447 40.46447 100.00000
vertex -130.00000 44.00000 100.00000
endloop
endfacet
facet normal 0 0 -1
outer loop
vertex -126.46447 47.53553 100.00000
vertex -125.00000 44.00000 100.00000
vertex -130.00000 44.00000 100.00000
endloop
endfacet
facet normal 0 0 -1
outer loop
vertex -130.00000 49.00000 100.00000
vertex -126.46447 47.53553 100.00000
vertex -130.00000 44.00000 100.00000
endloop
endfacet
facet normal 0 0 -1
outer loop
vertex -133.53553 47.53553 100.00000
vertex -130.00000 49.00000 100.00000
vertex -130.00000 44.00000 100.00000
endloop
endfacet
facet normal 0 0 -1
outer loop
vertex -135.00000 44.00000 100.00000
vertex -133.53553 47.53553 100.00000
vertex -130.00000 44.00000 100.00000
endloop
endfacet
facet normal 0 0 -1
outer loop
vertex -133.53553 40.46447 100.00000
vertex -135.00000 44.00000 100.00000
vertex -130.00000 44.00000 100.00000
endloop
endfacet
facet normal 0 0 -1
outer loop
vertex -130.00000 39.00000 100.00000
vertex -133.53553 40.46447 100.00000
vertex -130.00000 44.00000 100.00000
endloop
endfacet
facet normal 0.500000021631748 -0.8660253912953428 0
outer loop
vertex -130.00000 41.60000 106.50000
vertex -130.00000 41.60000 101.50000
vertex -127.92154 42.80000 106.50000
endloop
endfacet
facet normal 0.500000021631748 -0.8660253912953428 0
outer loop
vertex -130.00000 41.60000 101.50000
vertex -127.92154 42.80000 101.50000
vertex -127.92154 42.80000 106.50000
endloop
endfacet
facet normal 1 0 0
outer loop
vertex -127.92154 42.80000 106.50000
vertex -127.92154 42.80000 101.50000
vertex -127.92154 45.20000 106.50000
endloop
endfacet
facet normal 1 0 0
outer loop
vertex -127.92154 42.80000 101.50000
vertex -127.92154 45.20000 101.50000
vertex -127.92154 45.20000 106.50000
endloop
endfacet
facet normal 0.500000021631748 0.8660253912953428 0
outer loop
vertex -127.92154 45.20000 106.50000
vertex -127.92154 45.20000 101.50000
vertex -130.00000 46.40000 106.50000
endloop
endfacet
facet normal 0.500000021631748 0.8660253912953428 0
outer loop
vertex -127.92154 45.20000 101.50000
vertex -130.00000 46.40000 101.50000
vertex -130.00000 46.40000 106.50000
endloop
endfacet
facet normal -0.500000021631748 0.8660253912953428 0
outer loop
vertex -130.00000 46.40000 106.50000
vertex -130.00000 46.40000 101.50000
vertex -132.07846 45.20000 106.50000
endloop
endfacet
facet normal -0.500000021631748 0.8660253912953428 0
outer loop
vertex -130.00000 46.40000 101.50000
vertex -132.07846 45.20000 101.50000
vertex -132.07846 45.20000 106.50000
endloop
endfacet
facet normal -1 0 0
outer loop
vertex -132.07846 45.20000 106.50000
vertex -132.07846 45.20000 101.50000
vertex -132.07846 42.80000 106.50000
endloop
endfacet
facet normal -1 0 0
outer loop
vertex -132.07846 45.20000 101.50000
vertex -132.07846 42.80000 101.50000
vertex -132.07846 42.80000 106.50000
endloop
endfacet
facet normal -0.500000021631748 -0.8660253912953428 0
outer loop
vertex -132.07846 42.80000 106.50000
vertex -132.07846 42.80000 101.50000
vertex -130.00000 41.60000 106.50000
endloop
endfacet
facet normal -0.500000021631748 -0.8660253912953428 0
outer loop
vertex -132.07846 42.80000 101.50000
vertex -130.00000 41.60000 101.50000
vertex -130.00000 41.60000 106.50000
endloop
endfacet
facet normal 0 0 1
outer loop
vertex -130.00000 41.60000 106.50000
vertex -127.92154 42.80000 106.50000
vertex -130.00000 44.00000 106.50000
endloop
endfacet
facet normal 0 0 1
outer loop
vertex -127.92154 42.80000 106.50000
vertex -127.92154 45.20000 106.50000
vertex -130.00000 44.00000 106.50000
endloop
endfacet
facet normal 0 0 1
outer loop
vertex -127.92154 45.20000 106.50000
vertex -130.00000 46.40000 106.50000
vertex -130.00000 44.00000 106.50000
endloop
endfacet
facet normal 0 0 1
outer loop
vertex -130.00000 46.40000 106.50000
vertex -132.07846 45.20000 106.50000
vertex -130.00000 44.00000 106.50000
endloop
endfacet
facet normal 0 0 1
outer loop
vertex -132.07846 45.20000 106.50000
vertex -132.07846 42.80000 106.50000
vertex -130.00000 44.00000 106.50000
endloop
endfacet
facet normal 0 0 1
outer loop
vertex -132.07846 42.80000 106.50000
vertex -130.00000 41.60000 106.50000
vertex -130.00000 44.00000 106.50000
endloop
endfacet
facet normal 0 0 -1
outer loop
vertex -127.92154 42.80000 101.50000
vertex -130.00000 41.60000 101.50000
vertex -130.00000 44.00000 101.50000
endloop
endfacet
facet normal 0 0 -1
outer loop
vertex -127.92154 45.20000 101.50000
vertex -127.92154 42.80000 101.50000
vertex -130.00000 44.00000 101.50000
endloop
endfacet
facet normal 0 0 -1
outer loop
vertex -130.00000 46.40000 101.50000
vertex -127.92154 45.20000 101.50000
vertex -130.00000 44.00000 101.50000
endloop
endfacet
facet normal 0 0 -1
outer loop
vertex -132.07846 45.20000 101.50000
vertex -130.00000 46.40000 101.50000
vertex -130.00000 44.00000 101.50000
endloop
endfacet
facet normal 0 0 -1
outer loop
vertex -132.07846 42.80000 101.50000
vertex -132.07846 45.20000 101.50000
vertex -130.00000 44.00000 101.50000
endloop
endfacet
facet normal 0 0 -1
outer loop
vertex -130.00000 41.60000 101.50000
vertex -132.07846 42.80000 101.50000
vertex -130.00000 44.00000 101.50000
endloop
endfacet
facet normal 0.38268343265006405 -0.9238795323932465 0
outer loop
vertex 156.00000 39.00000 104.00000
vertex 156.00000 39.00000 100.00000
vertex 159.53553 40.46447 104.00000
endloop
endfacet
facet normal 0.38268343265006405 -0.9238795323932465 0
outer loop
vertex 156.00000 39.00000 100.00000
vertex 159.53553 40.46447 100.00000
vertex 159.53553 40.46447 104.00000
endloop
endfacet
facet normal 0.9238795323932465 -0.38268343265006405 0
outer loop
vertex 159.53553 40.46447 104.00000
vertex 159.53553 40.46447 100.00000
vertex 161.00000 44.00000 104.00000
endloop
endfacet
facet normal 0.9238795323932465 -0.38268343265006405 0
outer loop
vertex 159.53553 40.46447 100.00000
vertex 161.00000 44.00000 100.00000
vertex 161.00000 44.00000 104.00000
endloop
endfacet
facet normal 0.9238795323932465 0.38268343265006405 0
outer loop
vertex 161.00000 44.00000 104.00000
vertex 161.00000 44.00000 100.00000
vertex 159.53553 47.53553 104.00000
endloop
endfacet
facet normal 0.9238795323932465 0.38268343265006405 0
outer loop
vertex 161.00000 44.00000 100.00000
vertex 159.53553 47.53553 100.00000
vertex 159.53553 47.53553 104.00000
endloop
endfacet
facet normal 0.38268343265006405 0.9238795323932465 0
outer loop
vertex 159.53553 47.53553 104.00000
vertex 159.53553 47.53553 100.00000
vertex 156.00000 49.00000 104.00000
endloop
endfacet
facet normal 0.38268343265006405 0.9238795323932465 0
outer loop
vertex 159.53553 47.53553 100.00000
vertex 156.00000 49.00000 100.00000
vertex 156.00000 49.00000 104.00000
endloop
endfacet
facet normal -0.38268343265006405 0.9238795323932465 0
outer loop
vertex 156.00000 49.00000 104.00000
vertex 156.00000 49.00000 100.00000
vertex 152.46447 47.53553 104.00000
endloop
endfacet
facet normal -0.38268343265006405 0.9238795323932465 0
outer loop
vertex 156.00000 49.00000 100.00000
vertex 152.46447 47.53553 100.00000
vertex 152.46447 47.53553 104.00000
endloop
endfacet
facet normal -0.9238795323932465 0.38268343265006405 0
outer loop
vertex 152.46447 47.53553 104.00000
vertex 152.46447 47.53553 100.00000
vertex 151.00000 44.00000 104.00000
endloop
endfacet
facet normal -0.9238795323932465 0.38268343265006405 0
outer loop
vertex 152.46447 47.53553 100.00000
vertex 151.00000 44.00000 100.00000
vertex 151.00000 44.00000 104.00000
endloop
endfacet
facet normal -0.9238795323932465 -0.38268343265006405 0
outer loop
vertex 151.00000 44.00000 104.00000
vertex 151.00000 44.00000 100.00000
vertex 152.46447 40.46447 104.00000
endloop
endfacet
facet normal -0.9238795323932465 -0.38268343265006405 0
outer loop
vertex 151.00000 44.00000 100.00000
vertex 152.46447 40.46447 100.00000
vertex 152.46447 40.46447 104.00000
endloop
endfacet
facet normal -0.38268343265006405 -0.9238795323932465 0
outer loop
vertex 152.46447 40.46447 104.00000
vertex 152.46447 40.46447 100.00000
vertex 156.00000 39.00000 104.00000
endloop
endfacet
facet normal -0.38268343265006405 -0.9238795323932465 0
outer loop
vertex 152.46447 40.46447 100.00000
vertex 156.00000 39.00000 100.00000
vertex 156.00000 39.00000 104.00000
endloop
endfacet
facet normal 0 0 1
outer loop
vertex 156.00000 39.00000 104.00000
vertex 159.53553 40.46447 104.00000
vertex 156.00000 44.00000 104.00000
endloop
endfacet
facet normal 0 0 1
outer loop
vertex 159.53553 40.46447 104.00000
vertex 161.00000 44.00000 104.00000
vertex 156.00000 44.00000 104.00000
endloop
endfacet
facet normal 0 0 1
outer loop
vertex 161.00000 44.00000 104.00000
vertex 159.53553 47.53553 104.00000
vertex 156.00000 44.00000 104.00000
endloop
endfacet
facet normal 0 0 1
outer loop
vertex 159.53553 47.53553 104.00000
vertex 156.00000 49.00000 104.00000
vertex 156.00000 44.00000 104.00000
endloop
endfacet
facet normal 0 0 1
outer loop
vertex 156.00000 49.00000 104.00000
vertex 152.46447 47.53553 104.00000
vertex 156.00000 44.00000 104.00000
endloop
endfacet
facet normal 0 0 1
outer loop
vertex 152.46447 47.53553 104.00000
vertex 151.00000 44.00000 104.00000
vertex 156.00000 44.00000 104.00000
endloop
endfacet
facet normal 0 0 1
outer loop
vertex 151.00000 44.00000 104.00000
vertex 152.46447 40.46447 104.00000
vertex 156.00000 44.00000 104.00000
endloop
endfacet
facet normal 0 0 1
outer loop
vertex 152.46447 40.46447 104.00000
vertex 156.00000 39.00000 104.00000
vertex 156.00000 44.00000 104.00000
endloop
endfacet
facet normal 0 0 -1
outer loop
vertex 159.53553 40.46447 100.00000
vertex 156.00000 39.00000 100.00000
vertex 156.00000 44.00000 100.00000
endloop
endfacet
facet normal 0 0 -1
outer loop
vertex 161.00000 44.00000 100.00000
vertex 159.53553 40.46447 100.00000
vertex 156.00000 44.00000 100.00000
endloop
endfacet
facet normal 0 0 -1
outer loop
vertex 159.53553 47.53553 100.00000
vertex 161.00000 44.00000 100.00000
vertex 156.00000 44.00000 100.00000
endloop
endfacet
facet normal 0 0 -1
outer loop
vertex 156.00000 49.00000 100.00000
vertex 159.53553 47.53553 100.00000
vertex 156.00000 44.00000 100.00000
endloop
endfacet
facet normal 0 0 -1
outer loop
vertex 152.46447 47.53553 100.00000
vertex 156.00000 49.00000 100.00000
vertex 156.00000 44.00000 100.00000
endloop
endfacet
facet normal 0 0 -1
outer loop
vertex 151.00000 44.00000 100.00000
vertex 152.46447 47.53553 100.00000
vertex 156.00000 44.00000 100.00000
endloop
endfacet
facet normal 0 0 -1
outer loop
vertex 152.46447 40.46447 100.00000
vertex 151.00000 44.00000 100.00000
vertex 156.00000 44.00000 100.00000
endloop
endfacet
facet normal 0 0 -1
outer loop
vertex 156.00000 39.00000 100.00000
vertex 152.46447 40.46447 100.00000
vertex 156.00000 44.00000 100.00000
endloop
endfacet
facet normal 0.500000021631748 -0.8660253912953428 0
outer loop
vertex 156.00000 41.60000 106.50000
vertex 156.00000 41.60000 101.50000
vertex 158.07846 42.80000 106.50000
endloop
endfacet
facet normal 0.500000021631748 -0.8660253912953428 0
outer loop
vertex 156.00000 41.60000 101.50000
vertex 158.07846 42.80000 101.50000
vertex 158.07846 42.80000 106.50000
endloop
endfacet
facet normal 1 0 0
outer loop
vertex 158.07846 42.80000 106.50000
vertex 158.07846 42.80000 101.50000
vertex 158.07846 45.20000 106.50000
endloop
endfacet
facet normal 1 0 0
outer loop
vertex 158.07846 42.80000 101.50000
vertex 158.07846 45.20000 101.50000
vertex 158.07846 45.20000 106.50000
endloop
endfacet
facet normal 0.500000021631748 0.8660253912953428 0
outer loop
vertex 158.07846 45.20000 106.50000
vertex 158.07846 45.20000 101.50000
vertex 156.00000 46.40000 106.50000
endloop
endfacet
facet normal 0.500000021631748 0.8660253912953428 0
outer loop
vertex 158.07846 45.20000 101.50000
vertex 156.00000 46.40000 101.50000
vertex 156.00000 46.40000 106.50000
endloop
endfacet
facet normal -0.500000021631748 0.8660253912953428 0
outer loop
vertex 156.00000 46.40000 106.50000
vertex 156.00000 46.40000 101.50000
vertex 153.92154 45.20000 106.50000
endloop
endfacet
facet normal -0.500000021631748 0.8660253912953428 0
outer loop
vertex 156.00000 46.40000 101.50000
vertex 153.92154 45.20000 101.50000
vertex 153.92154 45.20000 106.50000
endloop
endfacet
facet normal -1 0 0
outer loop
vertex 153.92154 45.20000 106.50000
vertex 153.92154 45.20000 101.50000
vertex 153.92154 42.80000 106.50000
endloop
endfacet
facet normal -1 0 0
outer loop
vertex 153.92154 45.20000 101.50000
vertex 153.92154 42.80000 101.50000
vertex 153.92154 42.80000 106.50000
endloop
endfacet
facet normal -0.500000021631748 -0.8660253912953428 0
outer loop
vertex 153.92154 42.80000 106.50000
vertex 153.92154 42.80000 101.50000
vertex 156.00000 41.60000 106.50000
endloop
endfacet
facet normal -0.500000021631748 -0.8660253912953428 0
outer loop
vertex 153.92154 42.80000 101.50000
vertex 156.00000 41.60000 101.50000
vertex 156.00000 41.60000 106.50000
endloop
endfacet
facet normal 0 0 1
outer loop
vertex 156.00000 41.60000 106.50000
vertex 158.07846 42.80000 106.50000
vertex 156.00000 44.00000 106.50000
endloop
endfacet
facet normal 0 0 1
outer loop
vertex 158.07846 42.80000 106.50000
vertex 158.07846 45.20000 106.50000
vertex 156.00000 44.00000 106.50000
endloop
endfacet
facet normal 0 0 1
outer loop
vertex 158.07846 45.20000 106.50000
vertex 156.00000 46.40000 106.50000
vertex 156.00000 44.00000 106.50000
endloop
endfacet
facet normal 0 0 1
outer loop
vertex 156.00000 46.40000 106.50000
vertex 153.92154 45.20000 106.50000
vertex 156.00000 44.00000 106.50000
endloop
endfacet
facet normal 0 0 1
outer loop
vertex 153.92154 45.20000 106.50000
vertex 153.92154 42.80000 106.50000
vertex 156.00000 44.00000 106.50000
endloop
endfacet
facet normal 0 0 1
outer loop
vertex 153.92154 42.80000 106.50000
vertex 156.00000 41.60000 106.50000
vertex 156.00000 44.00000 106.50000
endloop
endfacet
facet normal 0 0 -1
outer loop
vertex 158.07846 42.80000 101.50000
vertex 156.00000 41.60000 101.50000
vertex 156.00000 44.00000 101.50000
endloop
endfacet
facet normal 0 0 -1
outer loop
vertex 158.07846 45.20000 101.50000
vertex 158.07846 42.80000 101.50000
vertex 156.00000 44.00000 101.50000
endloop
endfacet
facet normal 0 0 -1
outer loop
vertex 156.00000 46.40000 101.50000
vertex 158.07846 45.20000 101.50000
vertex 156.00000 44.00000 101.50000
endloop
endfacet
facet normal 0 0 -1
outer loop
vertex 153.92154 45.20000 101.50000
vertex 156.00000 46.40000 101.50000
vertex 156.00000 44.00000 101.50000
endloop
endfacet
facet normal 0 0 -1
outer loop
vertex 153.92154 42.80000 101.50000
vertex 153.92154 45.20000 101.50000
vertex 156.00000 44.00000 101.50000
endloop
endfacet
facet normal 0 0 -1
outer loop
vertex 156.00000 41.60000 101.50000
vertex 153.92154 42.80000 101.50000
vertex 156.00000 44.00000 101.50000
endloop
endfacet
facet normal 0.38268343265006405 -0.9238795323932465 0
outer loop
vertex -130.00000 83.00000 104.00000
vertex -130.00000 83.00000 100.00000
vertex -126.46447 84.46447 104.00000
endloop
endfacet
facet normal 0.38268343265006405 -0.9238795323932465 0
outer loop
vertex -130.00000 83.00000 100.00000
vertex -126.46447 84.46447 100.00000
vertex -126.46447 84.46447 104.00000
endloop
endfacet
facet normal 0.9238795323932465 -0.38268343265006405 0
outer loop
vertex -126.46447 84.46447 104.00000
vertex -126.46447 84.46447 100.00000
vertex -125.00000 88.00000 104.00000
endloop
endfacet
facet normal 0.9238795323932465 -0.38268343265006405 0
outer loop
vertex -126.46447 84.46447 100.00000
vertex -125.00000 88.00000 100.00000
vertex -125.00000 88.00000 104.00000
endloop
endfacet
facet normal 0.9238795323932465 0.38268343265006405 0
outer loop
vertex -125.00000 88.00000 104.00000
vertex -125.00000 88.00000 100.00000
vertex -126.46447 91.53553 104.00000
endloop
endfacet
facet normal 0.9238795323932465 0.38268343265006405 0
outer loop
vertex -125.00000 88.00000 100.00000
vertex -126.46447 91.53553 100.00000
vertex -126.46447 91.53553 104.00000
endloop
endfacet
facet normal 0.38268343265006405 0.9238795323932465 0
outer loop
vertex -126.46447 91.53553 104.00000
vertex -126.46447 91.53553 100.00000
vertex -130.00000 93.00000 104.00000
endloop
endfacet
facet normal 0.38268343265006405 0.9238795323932465 0
outer loop
vertex -126.46447 91.53553 100.00000
vertex -130.00000 93.00000 100.00000
vertex -130.00000 93.00000 104.00000
endloop
endfacet
facet normal -0.38268343265006405 0.9238795323932465 0
outer loop
vertex -130.00000 93.00000 104.00000
vertex -130.00000 93.00000 100.00000
vertex -133.53553 91.53553 104.00000
endloop
endfacet
facet normal -0.38268343265006405 0.9238795323932465 0
outer loop
vertex -130.00000 93.00000 100.00000
vertex -133.53553 91.53553 100.00000
vertex -133.53553 91.53553 104.00000
endloop
endfacet
facet normal -0.9238795323932465 0.38268343265006405 0
outer loop
vertex -133.53553 91.53553 104.00000
vertex -133.53553 91.53553 100.00000
vertex -135.00000 88.00000 104.00000
endloop
endfacet
facet normal -0.9238795323932465 0.38268343265006405 0
outer loop
vertex -133.53553 91.53553 100.00000
vertex -135.00000 88.00000 100.00000
vertex -135.00000 88.00000 104.00000
endloop
endfacet
facet normal -0.9238795323932465 -0.38268343265006405 0
outer loop
vertex -135.00000 88.00000 104.00000
vertex -135.00000 88.00000 100.00000
vertex -133.53553 84.46447 104.00000
endloop
endfacet
facet normal -0.9238795323932465 -0.38268343265006405 0
outer loop
vertex -135.00000 88.00000 100.00000
vertex -133.53553 84.46447 100.00000
vertex -133.53553 84.46447 104.00000
endloop
endfacet
facet normal -0.38268343265006405 -0.9238795323932465 0
outer loop
vertex -133.53553 84.46447 104.00000
vertex -133.53553 84.46447 100.00000
vertex -130.00000 83.00000 104.00000
endloop
endfacet
facet normal -0.38268343265006405 -0.9238795323932465 0
outer loop
vertex -133.53553 84.46447 100.00000
vertex -130.00000 83.00000 100.00000
vertex -130.00000 83.00000 104.00000
endloop
endfacet
facet normal 0 0 1
outer loop
vertex -130.00000 83.00000 104.00000
vertex -126.46447 84.46447 104.00000
vertex -130.00000 88.00000 104.00000
endloop
endfacet
facet normal 0 0 1
outer loop
vertex -126.46447 84.46447 104.00000
vertex -125.00000 88.00000 104.00000
vertex -130.00000 88.00000 104.00000
endloop
endfacet
facet normal 0 0 1
outer loop
vertex -125.00000 88.00000 104.00000
vertex -126.46447 91.53553 104.00000
vertex -130.00000 88.00000 104.00000
endloop
endfacet
facet normal 0 0 1
outer loop
vertex -126.46447 91.53553 104.00000
vertex -130.00000 93.00000 104.00000
vertex -130.00000 88.00000 104.00000
endloop
endfacet
facet normal 0 0 1
outer loop
vertex -130.00000 93.00000 104.00000
vertex -133.53553 91.53553 104.00000
vertex -130.00000 88.00000 104.00000
endloop
endfacet
facet normal 0 0 1
outer loop
vertex -133.53553 91.53553 104.00000
vertex -135.00000 88.00000 104.00000
vertex -130.00000 88.00000 104.00000
endloop
endfacet
facet normal 0 0 1
outer loop
vertex -135.00000 88.00000 104.00000
vertex -133.53553 84.46447 104.00000
vertex -130.00000 88.00000 104.00000
endloop
endfacet
facet normal 0 0 1
outer loop
vertex -133.53553 84.46447 104.00000
vertex -130.00000 83.00000 104.00000
vertex -130.00000 88.00000 104.00000
endloop
endfacet
facet normal 0 0 -1
outer loop
vertex -126.46447 84.46447 100.00000
vertex -130.00000 83.00000 100.00000
vertex -130.00000 88.00000 100.00000
endloop
endfacet
facet normal 0 0 -1
outer loop
vertex -125.00000 88.00000 100.00000
vertex -126.46447 84.46447 100.00000
vertex -130.00000 88.00000 100.00000
endloop
endfacet
facet normal 0 0 -1
outer loop
vertex -126.46447 91.53553 100.00000
vertex -125.00000 88.00000 100.00000
vertex -130.00000 88.00000 100.00000
endloop
endfacet
facet normal 0 0 -1
outer loop
vertex -130.00000 93.00000 100.00000
vertex -126.46447 91.53553 100.00000
vertex -130.00000 88.00000 100.00000
endloop
endfacet
facet normal 0 0 -1
outer loop
vertex -133.53553 91.53553 100.00000
vertex -130.00000 93.00000 100.00000
vertex -130.00000 88.00000 100.00000
endloop
endfacet
facet normal 0 0 -1
outer loop
vertex -135.00000 88.00000 100.00000
vertex -133.53553 91.53553 100.00000
vertex -130.00000 88.00000 100.00000
endloop
endfacet
facet normal 0 0 -1
outer loop
vertex -133.53553 84.46447 100.00000
vertex -135.00000 88.00000 100.00000
vertex -130.00000 88.00000 100.00000
endloop
endfacet
facet normal 0 0 -1
outer loop
vertex -130.00000 83.00000 100.00000
vertex -133.53553 84.46447 100.00000
vertex -130.00000 88.00000 100.00000
endloop
endfacet
facet normal 0.500000021631748 -0.8660253912953428 0
outer loop
vertex -130.00000 85.60000 106.50000
vertex -130.00000 85.60000 101.50000
vertex -127.92154 86.80000 106.50000
endloop
endfacet
facet normal 0.500000021631748 -0.8660253912953428 0
outer loop
vertex -130.00000 85.60000 101.50000
vertex -127.92154 86.80000 101.50000
vertex -127.92154 86.80000 106.50000
endloop
endfacet
facet normal 1 0 0
outer loop
vertex -127.92154 86.80000 106.50000
vertex -127.92154 86.80000 101.50000
vertex -127.92154 89.20000 106.50000
endloop
endfacet
facet normal 1 0 0
outer loop
vertex -127.92154 86.80000 101.50000
vertex -127.92154 89.20000 101.50000
vertex -127.92154 89.20000 106.50000
endloop
endfacet
facet normal 0.500000021631748 0.8660253912953428 0
outer loop
vertex -127.92154 89.20000 106.50000
vertex -127.92154 89.20000 101.50000
vertex -130.00000 90.40000 106.50000
endloop
endfacet
facet normal 0.500000021631748 0.8660253912953428 0
outer loop
vertex -127.92154 89.20000 101.50000
vertex -130.00000 90.40000 101.50000
vertex -130.00000 90.40000 106.50000
endloop
endfacet
facet normal -0.500000021631748 0.8660253912953428 0
outer loop
vertex -130.00000 90.40000 106.50000
vertex -130.00000 90.40000 101.50000
vertex -132.07846 89.20000 106.50000
endloop
endfacet
facet normal -0.500000021631748 0.8660253912953428 0
outer loop
vertex -130.00000 90.40000 101.50000
vertex -132.07846 89.20000 101.50000
vertex -132.07846 89.20000 106.50000
endloop
endfacet
facet normal -1 0 0
outer loop
vertex -132.07846 89.20000 106.50000
vertex -132.07846 89.20000 101.50000
vertex -132.07846 86.80000 106.50000
endloop
endfacet
facet normal -1 0 0
outer loop
vertex -132.07846 89.20000 101.50000
vertex -132.07846 86.80000 101.50000
vertex -132.07846 86.80000 106.50000
endloop
endfacet
facet normal -0.500000021631748 -0.8660253912953428 0
outer loop
vertex -132.07846 86.80000 106.50000
vertex -132.07846 86.80000 101.50000
vertex -130.00000 85.60000 106.50000
endloop
endfacet
facet normal -0.500000021631748 -0.8660253912953428 0
outer loop
vertex -132.07846 86.80000 101.50000
vertex -130.00000 85.60000 101.50000
vertex -130.00000 85.60000 106.50000
endloop
endfacet
facet normal 0 0 1
outer loop
vertex -130.00000 85.60000 106.50000
vertex -127.92154 86.80000 106.50000
vertex -130.00000 88.00000 106.50000
endloop
endfacet
facet normal 0 0 1
outer loop
vertex -127.92154 86.80000 106.50000
vertex -127.92154 89.20000 106.50000
vertex -130.00000 88.00000 106.50000
endloop
endfacet
facet normal 0 0 1
outer loop
vertex -127.92154 89.20000 106.50000
vertex -130.00000 90.40000 106.50000
vertex -130.00000 88.00000 106.50000
endloop
endfacet
facet normal 0 0 1
outer loop
vertex -130.00000 90.40000 106.50000
vertex -132.07846 89.20000 106.50000
vertex -130.00000 88.00000 106.50000
endloop
endfacet
facet normal 0 0 1
outer loop
vertex -132.07846 89.20000 106.50000
vertex -132.07846 86.80000 106.50000
vertex -130.00000 88.00000 106.50000
endloop
endfacet
facet normal 0 0 1
outer loop
vertex -132.07846 86.80000 106.50000
vertex -130.00000 85.60000 106.50000
vertex -130.00000 88.00000 106.50000
endloop
endfacet
facet normal 0 0 -1
outer loop
vertex -127.92154 86.80000 101.50000
vertex -130.00000 85.60000 101.50000
vertex -130.00000 88.00000 101.50000
endloop
endfacet
facet normal 0 0 -1
outer loop
vertex -127.92154 89.20000 101.50000
vertex -127.92154 86.80000 101.50000
vertex -130.00000 88.00000 101.50000
endloop
endfacet
facet normal 0 0 -1
outer loop
vertex -130.00000 90.40000 101.50000
vertex -127.92154 89.20000 101.50000
vertex -130.00000 88.00000 101.50000
endloop
endfacet
facet normal 0 0 -1
outer loop
vertex -132.07846 89.20000 101.50000
vertex -130.00000 90.40000 101.50000
vertex -130.00000 88.00000 101.50000
endloop
endfacet
facet normal 0 0 -1
outer loop
vertex -132.07846 86.80000 101.50000
vertex -132.07846 89.20000 101.50000
vertex -130.00000 88.00000 101.50000
endloop
endfacet
facet normal 0 0 -1
outer loop
vertex -130.00000 85.60000 101.50000
vertex -132.07846 86.80000 101.50000
vertex -130.00000 88.00000 101.50000
endloop
endfacet
facet normal 0.38268343265006405 -0.9238795323932465 0
outer loop
vertex 156.00000 83.00000 104.00000
vertex 156.00000 83.00000 100.00000
vertex 159.53553 84.46447 104.00000
endloop
endfacet
facet normal 0.38268343265006405 -0.9238795323932465 0
outer loop
vertex 156.00000 83.00000 100.00000
vertex 159.53553 84.46447 100.00000
vertex 159.53553 84.46447 104.00000
endloop
endfacet
facet normal 0.9238795323932465 -0.38268343265006405 0
outer loop
vertex 159.53553 84.46447 104.00000
vertex 159.53553 84.46447 100.00000
vertex 161.00000 88.00000 104.00000
endloop
endfacet
facet normal 0.9238795323932465 -0.38268343265006405 0
outer loop
vertex 159.53553 84.46447 100.00000
vertex 161.00000 88.00000 100.00000
vertex 161.00000 88.00000 104.00000
endloop
endfacet
facet normal 0.9238795323932465 0.38268343265006405 0
outer loop
vertex 161.00000 88.00000 104.00000
vertex 161.00000 88.00000 100.00000
vertex 159.53553 91.53553 104.00000
endloop
endfacet
facet normal 0.9238795323932465 0.38268343265006405 0
outer loop
vertex 161.00000 88.00000 100.00000
vertex 159.53553 91.53553 100.00000
vertex 159.53553 91.53553 104.00000
endloop
endfacet
facet normal 0.38268343265006405 0.9238795323932465 0
outer loop
vertex 159.53553 91.53553 104.00000
vertex 159.53553 91.53553 100.00000
vertex 156.00000 93.00000 104.00000
endloop
endfacet
facet normal 0.38268343265006405 0.9238795323932465 0
outer loop
vertex 159.53553 91.53553 100.00000
vertex 156.00000 93.00000 100.00000
vertex 156.00000 93.00000 104.00000
endloop
endfacet
facet normal -0.38268343265006405 0.9238795323932465 0
outer loop
vertex 156.00000 93.00000 104.00000
vertex 156.00000 93.00000 100.00000
vertex 152.46447 91.53553 104.00000
endloop
endfacet
facet normal -0.38268343265006405 0.9238795323932465 0
outer loop
vertex 156.00000 93.00000 100.00000
vertex 152.46447 91.53553 100.00000
vertex 152.46447 91.53553 104.00000
endloop
endfacet
facet normal -0.9238795323932465 0.38268343265006405 0
outer loop
vertex 152.46447 91.53553 104.00000
vertex 152.46447 91.53553 100.00000
vertex 151.00000 88.00000 104.00000
endloop
endfacet
facet normal -0.9238795323932465 0.38268343265006405 0
outer loop
vertex 152.46447 91.53553 100.00000
vertex 151.00000 88.00000 100.00000
vertex 151.00000 88.00000 104.00000
endloop
endfacet
facet normal -0.9238795323932465 -0.38268343265006405 0
outer loop
vertex 151.00000 88.00000 104.00000
vertex 151.00000 88.00000 100.00000
vertex 152.46447 84.46447 104.00000
endloop
endfacet
facet normal -0.9238795323932465 -0.38268343265006405 0
outer loop
vertex 151.00000 88.00000 100.00000
vertex 152.46447 84.46447 100.00000
vertex 152.46447 84.46447 104.00000
endloop
endfacet
facet normal -0.38268343265006405 -0.9238795323932465 0
outer loop
vertex 152.46447 84.46447 104.00000
vertex 152.46447 84.46447 100.00000
vertex 156.00000 83.00000 104.00000
endloop
endfacet
facet normal -0.38268343265006405 -0.9238795323932465 0
outer loop
vertex 152.46447 84.46447 100.00000
vertex 156.00000 83.00000 100.00000
vertex 156.00000 83.00000 104.00000
endloop
endfacet
facet normal 0 0 1
outer loop
vertex 156.00000 83.00000 104.00000
vertex 159.53553 84.46447 104.00000
vertex 156.00000 88.00000 104.00000
endloop
endfacet
facet normal 0 0 1
outer loop
vertex 159.53553 84.46447 104.00000
vertex 161.00000 88.00000 104.00000
vertex 156.00000 88.00000 104.00000
endloop
endfacet
facet normal 0 0 1
outer loop
vertex 161.00000 88.00000 104.00000
vertex 159.53553 91.53553 104.00000
vertex 156.00000 88.00000 104.00000
endloop
endfacet
facet normal 0 0 1
outer loop
vertex 159.53553 91.53553 104.00000
vertex 156.00000 93.00000 104.00000
vertex 156.00000 88.00000 104.00000
endloop
endfacet
facet normal 0 0 1
outer loop
vertex 156.00000 93.00000 104.00000
vertex 152.46447 91.53553 104.00000
vertex 156.00000 88.00000 104.00000
endloop
endfacet
facet normal 0 0 1
outer loop
vertex 152.46447 91.53553 104.00000
vertex 151.00000 88.00000 104.00000
vertex 156.00000 88.00000 104.00000
endloop
endfacet
facet normal 0 0 1
outer loop
vertex 151.00000 88.00000 104.00000
vertex 152.46447 84.46447 104.00000
vertex 156.00000 88.00000 104.00000
endloop
endfacet
facet normal 0 0 1
outer loop
vertex 152.46447 84.46447 104.00000
vertex 156.00000 83.00000 104.00000
vertex 156.00000 88.00000 104.00000
endloop
endfacet
facet normal 0 0 -1
outer loop
vertex 159.53553 84.46447 100.00000
vertex 156.00000 83.00000 100.00000
vertex 156.00000 88.00000 100.00000
endloop
endfacet
facet normal 0 0 -1
outer loop
vertex 161.00000 88.00000 100.00000
vertex 159.53553 84.46447 100.00000
vertex 156.00000 88.00000 100.00000
endloop
endfacet
facet normal 0 0 -1
outer loop
vertex 159.53553 91.53553 100.00000
vertex 161.00000 88.00000 100.00000
vertex 156.00000 88.00000 100.00000
endloop
endfacet
facet normal 0 0 -1
outer loop
vertex 156.00000 93.00000 100.00000
vertex 159.53553 91.53553 100.00000
vertex 156.00000 88.00000 100.00000
endloop
endfacet
facet normal 0 0 -1
outer loop
vertex 152.46447 91.53553 100.00000
vertex 156.00000 93.00000 100.00000
vertex 156.00000 88.00000 100.00000
endloop
endfacet
facet normal 0 0 -1
outer loop
vertex 151.00000 88.00000 100.00000
vertex 152.46447 91.53553 100.00000
vertex 156.00000 88.00000 100.00000
endloop
endfacet
facet normal 0 0 -1
outer loop
vertex 152.46447 84.46447 100.00000
vertex 151.00000 88.00000 100.00000
vertex 156.00000 88.00000 100.00000
endloop
endfacet
facet normal 0 0 -1
outer loop
vertex 156.00000 83.00000 100.00000
vertex 152.46447 84.46447 100.00000
vertex 156.00000 88.00000 100.00000
endloop
endfacet
facet normal 0.500000021631748 -0.8660253912953428 0
outer loop
vertex 156.00000 85.60000 106.50000
vertex 156.00000 85.60000 101.50000
vertex 158.07846 86.80000 106.50000
endloop
endfacet
facet normal 0.500000021631748 -0.8660253912953428 0
outer loop
vertex 156.00000 85.60000 101.50000
vertex 158.07846 86.80000 101.50000
vertex 158.07846 86.80000 106.50000
endloop
endfacet
facet normal 1 0 0
outer loop
vertex 158.07846 86.80000 106.50000
vertex 158.07846 86.80000 101.50000
vertex 158.07846 89.20000 106.50000
endloop
endfacet
facet normal 1 0 0
outer loop
vertex 158.07846 86.80000 101.50000
vertex 158.07846 89.20000 101.50000
vertex 158.07846 89.20000 106.50000
endloop
endfacet
facet normal 0.500000021631748 0.8660253912953428 0
outer loop
vertex 158.07846 89.20000 106.50000
vertex 158.07846 89.20000 101.50000
vertex 156.00000 90.40000 106.50000
endloop
endfacet
facet normal 0.500000021631748 0.8660253912953428 0
outer loop
vertex 158.07846 89.20000 101.50000
vertex 156.00000 90.40000 101.50000
vertex 156.00000 90.40000 106.50000
endloop
endfacet
facet normal -0.500000021631748 0.8660253912953428 0
outer loop
vertex 156.00000 90.40000 106.50000
vertex 156.00000 90.40000 101.50000
vertex 153.92154 89.20000 106.50000
endloop
endfacet
facet normal -0.500000021631748 0.8660253912953428 0
outer loop
vertex 156.00000 90.40000 101.50000
vertex 153.92154 89.20000 101.50000
vertex 153.92154 89.20000 106.50000
endloop
endfacet
facet normal -1 0 0
outer loop
vertex 153.92154 89.20000 106.50000
vertex 153.92154 89.20000 101.50000
vertex 153.92154 86.80000 106.50000
endloop
endfacet
facet normal -1 0 0
outer loop
vertex 153.92154 89.20000 101.50000
vertex 153.92154 86.80000 101.50000
vertex 153.92154 86.80000 106.50000
endloop
endfacet
facet normal -0.500000021631748 -0.8660253912953428 0
outer loop
vertex 153.92154 86.80000 106.50000
vertex 153.92154 86.80000 101.50000
vertex 156.00000 85.60000 106.50000
endloop
endfacet
facet normal -0.500000021631748 -0.8660253912953428 0
outer loop
vertex 153.92154 86.80000 101.50000
vertex 156.00000 85.60000 101.50000
vertex 156.00000 85.60000 106.50000
endloop
endfacet
facet normal 0 0 1
outer loop
vertex 156.00000 85.60000 106.50000
vertex 158.07846 86.80000 106.50000
vertex 156.00000 88.00000 106.50000
endloop
endfacet
facet normal 0 0 1
outer loop
vertex 158.07846 86.80000 106.50000
vertex 158.07846 89.20000 106.50000
vertex 156.00000 88.00000 106.50000
endloop
endfacet
facet normal 0 0 1
outer loop
vertex 158.07846 89.20000 106.50000
vertex 156.00000 90.40000 106.50000
vertex 156.00000 88.00000 106.50000
endloop
endfacet
facet normal 0 0 1
outer loop
vertex 156.00000 90.40000 106.50000
vertex 153.92154 89.20000 106.50000
vertex 156.00000 88.00000 106.50000
endloop
endfacet
facet normal 0 0 1
outer loop
vertex 153.92154 89.20000 106.50000
vertex 153.92154 86.80000 106.50000
vertex 156.00000 88.00000 106.50000
endloop
endfacet
facet normal 0 0 1
outer loop
vertex 153.92154 86.80000 106.50000
vertex 156.00000 85.60000 106.50000
vertex 156.00000 88.00000 106.50000
endloop
endfacet
facet normal 0 0 -1
outer loop
vertex 158.07846 86.80000 101.50000
vertex 156.00000 85.60000 101.50000
vertex 156.00000 88.00000 101.50000
endloop
endfacet
facet normal 0 0 -1
outer loop
vertex 158.07846 89.20000 101.50000
vertex 158.07846 86.80000 101.50000
vertex 156.00000 88.00000 101.50000
endloop
endfacet
facet normal 0 0 -1
outer loop
vertex 156.00000 90.40000 101.50000
vertex 158.07846 89.20000 101.50000
vertex 156.00000 88.00000 101.50000
endloop
endfacet
facet normal 0 0 -1
outer loop
vertex 153.92154 89.20000 101.50000
vertex 156.00000 90.40000 101.50000
vertex 156.00000 88.00000 101.50000
endloop
endfacet
facet normal 0 0 -1
outer loop
vertex 153.92154 86.80000 101.50000
vertex 153.92154 89.20000 101.50000
vertex 156.00000 88.00000 101.50000
endloop
endfacet
facet normal 0 0 -1
outer loop
vertex 156.00000 85.60000 101.50000
vertex 153.92154 86.80000 101.50000
vertex 156.00000 88.00000 101.50000
endloop
endfacet
facet normal 0.38268343265006405 -0.9238795323932465 0
outer loop
vertex -130.00000 127.00000 104.00000
vertex -130.00000 127.00000 100.00000
vertex -126.46447 128.46447 104.00000
endloop
endfacet
facet normal 0.38268343265006405 -0.9238795323932465 0
outer loop
vertex -130.00000 127.00000 100.00000
vertex -126.46447 128.46447 100.00000
vertex -126.46447 128.46447 104.00000
endloop
endfacet
facet normal 0.9238795323932465 -0.38268343265006405 0
outer loop
vertex -126.46447 128.46447 104.00000
vertex -126.46447 128.46447 100.00000
vertex -125.00000 132.00000 104.00000
endloop
endfacet
facet normal 0.9238795323932465 -0.38268343265006405 0
outer loop
vertex -126.46447 128.46447 100.00000
vertex -125.00000 132.00000 100.00000
vertex -125.00000 132.00000 104.00000
endloop
endfacet
facet normal 0.9238795323932465 0.38268343265006405 0
outer loop
vertex -125.00000 132.00000 104.00000
vertex -125.00000 132.00000 100.00000
vertex -126.46447 135.53553 104.00000
endloop
endfacet
facet normal 0.9238795323932465 0.38268343265006405 0
outer loop
vertex -125.00000 132.00000 100.00000
vertex -126.46447 135.53553 100.00000
vertex -126.46447 135.53553 104.00000
endloop
endfacet
facet normal 0.38268343265006405 0.9238795323932465 0
outer loop
vertex -126.46447 135.53553 104.00000
vertex -126.46447 135.53553 100.00000
vertex -130.00000 137.00000 104.00000
endloop
endfacet
facet normal 0.38268343265006405 0.9238795323932465 0
outer loop
vertex -126.46447 135.53553 100.00000
vertex -130.00000 137.00000 100.00000
vertex -130.00000 137.00000 104.00000
endloop
endfacet
facet normal -0.38268343265006405 0.9238795323932465 0
outer loop
vertex -130.00000 137.00000 104.00000
vertex -130.00000 137.00000 100.00000
vertex -133.53553 135.53553 104.00000
endloop
endfacet
facet normal -0.38268343265006405 0.9238795323932465 0
outer loop
vertex -130.00000 137.00000 100.00000
vertex -133.53553 135.53553 100.00000
vertex -133.53553 135.53553 104.00000
endloop
endfacet
facet normal -0.9238795323932465 0.38268343265006405 0
outer loop
vertex -133.53553 135.53553 104.00000
vertex -133.53553 135.53553 100.00000
vertex -135.00000 132.00000 104.00000
endloop
endfacet
facet normal -0.9238795323932465 0.38268343265006405 0
outer loop
vertex -133.53553 135.53553 100.00000
vertex -135.00000 132.00000 100.00000
vertex -135.00000 132.00000 104.00000
endloop
endfacet
facet normal -0.9238795323932465 -0.38268343265006405 0
outer loop
vertex -135.00000 132.00000 104.00000
vertex -135.00000 132.00000 100.00000
vertex -133.53553 128.46447 104.00000
endloop
endfacet
facet normal -0.9238795323932465 -0.38268343265006405 0
outer loop
vertex -135.00000 132.00000 100.00000
vertex -133.53553 128.46447 100.00000
vertex -133.53553 128.46447 104.00000
endloop
endfacet
facet normal -0.38268343265006405 -0.9238795323932465 0
outer loop
vertex -133.53553 128.46447 104.00000
vertex -133.53553 128.46447 100.00000
vertex -130.00000 127.00000 104.00000
endloop
endfacet
facet normal -0.38268343265006405 -0.9238795323932465 0
outer loop
vertex -133.53553 128.46447 100.00000
vertex -130.00000 127.00000 100.00000
vertex -130.00000 127.00000 104.00000
endloop
endfacet
facet normal 0 0 1
outer loop
vertex -130.00000 127.00000 104.00000
vertex -126.46447 128.46447 104.00000
vertex -130.00000 132.00000 104.00000
endloop
endfacet
facet normal 0 0 1
outer loop
vertex -126.46447 128.46447 104.00000
vertex -125.00000 132.00000 104.00000
vertex -130.00000 132.00000 104.00000
endloop
endfacet
facet normal 0 0 1
outer loop
vertex -125.00000 132.00000 104.00000
vertex -126.46447 135.53553 104.00000
vertex -130.00000 132.00000 104.00000
endloop
endfacet
facet normal 0 0 1
outer loop
vertex -126.46447 135.53553 104.00000
vertex -130.00000 137.00000 104.00000
vertex -130.00000 132.00000 104.00000
endloop
endfacet
facet normal 0 0 1
outer loop
vertex -130.00000 137.00000 104.00000
vertex -133.53553 135.53553 104.00000
vertex -130.00000 132.00000 104.00000
endloop
endfacet
facet normal 0 0 1
outer loop
vertex -133.53553 135.53553 104.00000
vertex -135.00000 132.00000 104.00000
vertex -130.00000 132.00000 104.00000
endloop
endfacet
facet normal 0 0 1
outer loop
vertex -135.00000 132.00000 104.00000
vertex -133.53553 128.46447 104.00000
vertex -130.00000 132.00000 104.00000
endloop
endfacet
facet normal 0 0 1
outer loop
vertex -133.53553 128.46447 104.00000
vertex -130.00000 127.00000 104.00000
vertex -130.00000 132.00000 104.00000
endloop
endfacet
facet normal 0 0 -1
outer loop
vertex -126.46447 128.46447 100.00000
vertex -130.00000 127.00000 100.00000
vertex -130.00000 132.00000 100.00000
endloop
endfacet
facet normal 0 0 -1
outer loop
vertex -125.00000 132.00000 100.00000
vertex -126.46447 128.46447 100.00000
vertex -130.00000 132.00000 100.00000
endloop
endfacet
facet normal 0 0 -1
outer loop
vertex -126.46447 135.53553 100.00000
vertex -125.00000 132.00000 100.00000
vertex -130.00000 132.00000 100.00000
endloop
endfacet
facet normal 0 0 -1
outer loop
vertex -130.00000 137.00000 100.00000
vertex -126.46447 135.53553 100.00000
vertex -130.00000 132.00000 100.00000
endloop
endfacet
facet normal 0 0 -1
outer loop
vertex -133.53553 135.53553 100.00000
vertex -130.00000 137.00000 100.00000
vertex -130.00000 132.00000 100.00000
endloop
endfacet
facet normal 0 0 -1
outer loop
vertex -135.00000 132.00000 100.00000
vertex -133.53553 135.53553 100.00000
vertex -130.00000 132.00000 100.00000
endloop
endfacet
facet normal 0 0 -1
outer loop
vertex -133.53553 128.46447 100.00000
vertex -135.00000 132.00000 100.00000
vertex -130.00000 132.00000 100.00000
endloop
endfacet
facet normal 0 0 -1
outer loop
vertex -130.00000 127.00000 100.00000
vertex -133.53553 128.46447 100.00000
vertex -130.00000 132.00000 100.00000
endloop
endfacet
facet normal 0.500000021631748 -0.8660253912953428 0
outer loop
vertex -130.00000 129.60000 106.50000
vertex -130.00000 129.60000 101.50000
vertex -127.92154 130.80000 106.50000
endloop
endfacet
facet normal 0.500000021631748 -0.8660253912953428 0
outer loop
vertex -130.00000 129.60000 101.50000
vertex -127.92154 130.80000 101.50000
vertex -127.92154 130.80000 106.50000
endloop
endfacet
facet normal 1 0 0
outer loop
vertex -127.92154 130.80000 106.50000
vertex -127.92154 130.80000 101.50000
vertex -127.92154 133.20000 106.50000
endloop
endfacet
facet normal 1 0 0
outer loop
vertex -127.92154 130.80000 101.50000
vertex -127.92154 133.20000 101.50000
vertex -127.92154 133.20000 106.50000
endloop
endfacet
facet normal 0.500000021631748 0.8660253912953428 0
outer loop
vertex -127.92154 133.20000 106.50000
vertex -127.92154 133.20000 101.50000
vertex -130.00000 134.40000 106.50000
endloop
endfacet
facet normal 0.500000021631748 0.8660253912953428 0
outer loop
vertex -127.92154 133.20000 101.50000
vertex -130.00000 134.40000 101.50000
vertex -130.00000 134.40000 106.50000
endloop
endfacet
facet normal -0.500000021631748 0.8660253912953428 0
outer loop
vertex -130.00000 134.40000 106.50000
vertex -130.00000 134.40000 101.50000
vertex -132.07846 133.20000 106.50000
endloop
endfacet
facet normal -0.500000021631748 0.8660253912953428 0
outer loop
vertex -130.00000 134.40000 101.50000
vertex -132.07846 133.20000 101.50000
vertex -132.07846 133.20000 106.50000
endloop
endfacet
facet normal -1 0 0
outer loop
vertex -132.07846 133.20000 106.50000
vertex -132.07846 133.20000 101.50000
vertex -132.07846 130.80000 106.50000
endloop
endfacet
facet normal -1 0 0
outer loop
vertex -132.07846 133.20000 101.50000
vertex -132.07846 130.80000 101.50000
vertex -132.07846 130.80000 106.50000
endloop
endfacet
facet normal -0.500000021631748 -0.8660253912953428 0
outer loop
vertex -132.07846 130.80000 106.50000
vertex -132.07846 130.80000 101.50000
vertex -130.00000 129.60000 106.50000
endloop
endfacet
facet normal -0.500000021631748 -0.8660253912953428 0
outer loop
vertex -132.07846 130.80000 101.50000
vertex -130.00000 129.60000 101.50000
vertex -130.00000 129.60000 106.50000
endloop
endfacet
facet normal 0 0 1
outer loop
vertex -130.00000 129.60000 106.50000
vertex -127.92154 130.80000 106.50000
vertex -130.00000 132.00000 106.50000
endloop
endfacet
facet normal 0 0 1
outer loop
vertex -127.92154 130.80000 106.50000
vertex -127.92154 133.20000 106.50000
vertex -130.00000 132.00000 106.50000
endloop
endfacet
facet normal 0 0 1
outer loop
vertex -127.92154 133.20000 106.50000
vertex -130.00000 134.40000 106.50000
vertex -130.00000 132.00000 106.50000
endloop
endfacet
facet normal 0 0 1
outer loop
vertex -130.00000 134.40000 106.50000
vertex -132.07846 133.20000 106.50000
vertex -130.00000 132.00000 106.50000
endloop
endfacet
facet normal 0 0 1
outer loop
vertex -132.07846 133.20000 106.50000
vertex -132.07846 130.80000 106.50000
vertex -130.00000 132.00000 106.50000
endloop
endfacet
facet normal 0 0 1
outer loop
vertex -132.07846 130.80000 106.50000
vertex -130.00000 129.60000 106.50000
vertex -130.00000 132.00000 106.50000
endloop
endfacet
facet normal 0 0 -1
outer loop
vertex -127.92154 130.80000 101.50000
vertex -130.00000 129.60000 101.50000
vertex -130.00000 132.00000 101.50000
endloop
endfacet
facet normal 0 0 -1
outer loop
vertex -127.92154 133.20000 101.50000
vertex -127.92154 130.80000 101.50000
vertex -130.00000 132.00000 101.50000
endloop
endfacet
facet normal 0 0 -1
outer loop
vertex -130.00000 134.40000 101.50000
vertex -127.92154 133.20000 101.50000
vertex -130.00000 132.00000 101.50000
endloop
endfacet
facet normal 0 0 -1
outer loop
vertex -132.07846 133.20000 101.50000
vertex -130.00000 134.40000 101.50000
vertex -130.00000 132.00000 101.50000
endloop
endfacet
facet normal 0 0 -1
outer loop
vertex -132.07846 130.80000 101.50000
vertex -132.07846 133.20000 101.50000
vertex -130.00000 132.00000 101.50000
endloop
endfacet
facet normal 0 0 -1
outer loop
vertex -130.00000 129.60000 101.50000
vertex -132.07846 130.80000 101.50000
vertex -130.00000 132.00000 101.50000
endloop
endfacet
facet normal 0.38268343265006405 -0.9238795323932465 0
outer loop
vertex 156.00000 127.00000 104.00000
vertex 156.00000 127.00000 100.00000
vertex 159.53553 128.46447 104.00000
endloop
endfacet
facet normal 0.38268343265006405 -0.9238795323932465 0
outer loop
vertex 156.00000 127.00000 100.00000
vertex 159.53553 128.46447 100.00000
vertex 159.53553 128.46447 104.00000
endloop
endfacet
facet normal 0.9238795323932465 -0.38268343265006405 0
outer loop
vertex 159.53553 128.46447 104.00000
vertex 159.53553 128.46447 100.00000
vertex 161.00000 132.00000 104.00000
endloop
endfacet
facet normal 0.9238795323932465 -0.38268343265006405 0
outer loop
vertex 159.53553 128.46447 100.00000
vertex 161.00000 132.00000 100.00000
vertex 161.00000 132.00000 104.00000
endloop
endfacet
facet normal 0.9238795323932465 0.38268343265006405 0
outer loop
vertex 161.00000 132.00000 104.00000
vertex 161.00000 132.00000 100.00000
vertex 159.53553 135.53553 104.00000
endloop
endfacet
facet normal 0.9238795323932465 0.38268343265006405 0
outer loop
vertex 161.00000 132.00000 100.00000
vertex 159.53553 135.53553 100.00000
vertex 159.53553 135.53553 104.00000
endloop
endfacet
facet normal 0.38268343265006405 0.9238795323932465 0
outer loop
vertex 159.53553 135.53553 104.00000
vertex 159.53553 135.53553 100.00000
vertex 156.00000 137.00000 104.00000
endloop
endfacet
facet normal 0.38268343265006405 0.9238795323932465 0
outer loop
vertex 159.53553 135.53553 100.00000
vertex 156.00000 137.00000 100.00000
vertex 156.00000 137.00000 104.00000
endloop
endfacet
facet normal -0.38268343265006405 0.9238795323932465 0
outer loop
vertex 156.00000 137.00000 104.00000
vertex 156.00000 137.00000 100.00000
vertex 152.46447 135.53553 104.00000
endloop
endfacet
facet normal -0.38268343265006405 0.9238795323932465 0
outer loop
vertex 156.00000 137.00000 100.00000
vertex 152.46447 135.53553 100.00000
vertex 152.46447 135.53553 104.00000
endloop
endfacet
facet normal -0.9238795323932465 0.38268343265006405 0
outer loop
vertex 152.46447 135.53553 104.00000
vertex 152.46447 135.53553 100.00000
vertex 151.00000 132.00000 104.00000
endloop
endfacet
facet normal -0.9238795323932465 0.38268343265006405 0
outer loop
vertex 152.46447 135.53553 100.00000
vertex 151.00000 132.00000 100.00000
vertex 151.00000 132.00000 104.00000
endloop
endfacet
facet normal -0.9238795323932465 -0.38268343265006405 0
outer loop
vertex 151.00000 132.00000 104.00000
vertex 151.00000 132.00000 100.00000
vertex 152.46447 128.46447 104.00000
endloop
endfacet
facet normal -0.9238795323932465 -0.38268343265006405 0
outer loop
vertex 151.00000 132.00000 100.00000
vertex 152.46447 128.46447 100.00000
vertex 152.46447 128.46447 104.00000
endloop
endfacet
facet normal -0.38268343265006405 -0.9238795323932465 0
outer loop
vertex 152.46447 128.46447 104.00000
vertex 152.46447 128.46447 100.00000
vertex 156.00000 127.00000 104.00000
endloop
endfacet
facet normal -0.38268343265006405 -0.9238795323932465 0
outer loop
vertex 152.46447 128.46447 100.00000
vertex 156.00000 127.00000 100.00000
vertex 156.00000 127.00000 104.00000
endloop
endfacet
facet normal 0 0 1
outer loop
vertex 156.00000 127.00000 104.00000
vertex 159.53553 128.46447 104.00000
vertex 156.00000 132.00000 104.00000
endloop
endfacet
facet normal 0 0 1
outer loop
vertex 159.53553 128.46447 104.00000
vertex 161.00000 132.00000 104.00000
vertex 156.00000 132.00000 104.00000
endloop
endfacet
facet normal 0 0 1
outer loop
vertex 161.00000 132.00000 104.00000
vertex 159.53553 135.53553 104.00000
vertex 156.00000 132.00000 104.00000
endloop
endfacet
facet normal 0 0 1
outer loop
vertex 159.53553 135.53553 104.00000
vertex 156.00000 137.00000 104.00000
vertex 156.00000 132.00000 104.00000
endloop
endfacet
facet normal 0 0 1
outer loop
vertex 156.00000 137.00000 104.00000
vertex 152.46447 135.53553 104.00000
vertex 156.00000 132.00000 104.00000
endloop
endfacet
facet normal 0 0 1
outer loop
vertex 152.46447 135.53553 104.00000
vertex 151.00000 132.00000 104.00000
vertex 156.00000 132.00000 104.00000
endloop
endfacet
facet normal 0 0 1
outer loop
vertex 151.00000 132.00000 104.00000
vertex 152.46447 128.46447 104.00000
vertex 156.00000 132.00000 104.00000
endloop
endfacet
facet normal 0 0 1
outer loop
vertex 152.46447 128.46447 104.00000
vertex 156.00000 127.00000 104.00000
vertex 156.00000 132.00000 104.00000
endloop
endfacet
facet normal 0 0 -1
outer loop
vertex 159.53553 128.46447 100.00000
vertex 156.00000 127.00000 100.00000
vertex 156.00000 132.00000 100.00000
endloop
endfacet
facet normal 0 0 -1
outer loop
vertex 161.00000 132.00000 100.00000
vertex 159.53553 128.46447 100.00000
vertex 156.00000 132.00000 100.00000
endloop
endfacet
facet normal 0 0 -1
outer loop
vertex 159.53553 135.53553 100.00000
vertex 161.00000 132.00000 100.00000
vertex 156.00000 132.00000 100.00000
endloop
endfacet
facet normal 0 0 -1
outer loop
vertex 156.00000 137.00000 100.00000
vertex 159.53553 135.53553 100.00000
vertex 156.00000 132.00000 100.00000
endloop
endfacet
facet normal 0 0 -1
outer loop
vertex 152.46447 135.53553 100.00000
vertex 156.00000 137.00000 100.00000
vertex 156.00000 132.00000 100.00000
endloop
endfacet
facet normal 0 0 -1
outer loop
vertex 151.00000 132.00000 100.00000
vertex 152.46447 135.53553 100.00000
vertex 156.00000 132.00000 100.00000
endloop
endfacet
facet normal 0 0 -1
outer loop
vertex 152.46447 128.46447 100.00000
vertex 151.00000 132.00000 100.00000
vertex 156.00000 132.00000 100.00000
endloop
endfacet
facet normal 0 0 -1
outer loop
vertex 156.00000 127.00000 100.00000
vertex 152.46447 128.46447 100.00000
vertex 156.00000 132.00000 100.00000
endloop
endfacet
facet normal 0.500000021631748 -0.8660253912953428 0
outer loop
vertex 156.00000 129.60000 106.50000
vertex 156.00000 129.60000 101.50000
vertex 158.07846 130.80000 106.50000
endloop
endfacet
facet normal 0.500000021631748 -0.8660253912953428 0
outer loop
vertex 156.00000 129.60000 101.50000
vertex 158.07846 130.80000 101.50000
vertex 158.07846 130.80000 106.50000
endloop
endfacet
facet normal 1 0 0
outer loop
vertex 158.07846 130.80000 106.50000
vertex 158.07846 130.80000 101.50000
vertex 158.07846 133.20000 106.50000
endloop
endfacet
facet normal 1 0 0
outer loop
vertex 158.07846 130.80000 101.50000
vertex 158.07846 133.20000 101.50000
vertex 158.07846 133.20000 106.50000
endloop
endfacet
facet normal 0.500000021631748 0.8660253912953428 0
outer loop
vertex 158.07846 133.20000 106.50000
vertex 158.07846 133.20000 101.50000
vertex 156.00000 134.40000 106.50000
endloop
endfacet
facet normal 0.500000021631748 0.8660253912953428 0
outer loop
vertex 158.07846 133.20000 101.50000
vertex 156.00000 134.40000 101.50000
vertex 156.00000 134.40000 106.50000
endloop
endfacet
facet normal -0.500000021631748 0.8660253912953428 0
outer loop
vertex 156.00000 134.40000 106.50000
vertex 156.00000 134.40000 101.50000
vertex 153.92154 133.20000 106.50000
endloop
endfacet
facet normal -0.500000021631748 0.8660253912953428 0
outer loop
vertex 156.00000 134.40000 101.50000
vertex 153.92154 133.20000 101.50000
vertex 153.92154 133.20000 106.50000
endloop
endfacet
facet normal -1 0 0
outer loop
vertex 153.92154 133.20000 106.50000
vertex 153.92154 133.20000 101.50000
vertex 153.92154 130.80000 106.50000
endloop
endfacet
facet normal -1 0 0
outer loop
vertex 153.92154 133.20000 101.50000
vertex 153.92154 130.80000 101.50000
vertex 153.92154 130.80000 106.50000
endloop
endfacet
facet normal -0.500000021631748 -0.8660253912953428 0
outer loop
vertex 153.92154 130.80000 106.50000
vertex 153.92154 130.80000 101.50000
vertex 156.00000 129.60000 106.50000
endloop
endfacet
facet normal -0.500000021631748 -0.8660253912953428 0
outer loop
vertex 153.92154 130.80000 101.50000
vertex 156.00000 129.60000 101.50000
vertex 156.00000 129.60000 106.50000
endloop
endfacet
facet normal 0 0 1
outer loop
vertex 156.00000 129.60000 106.50000
vertex 158.07846 130.80000 106.50000
vertex 156.00000 132.00000 106.50000
endloop
endfacet
facet normal 0 0 1
outer loop
vertex 158.07846 130.80000 106.50000
vertex 158.07846 133.20000 106.50000
vertex 156.00000 132.00000 106.50000
endloop
endfacet
facet normal 0 0 1
outer loop
vertex 158.07846 133.20000 106.50000
vertex 156.00000 134.40000 106.50000
vertex 156.00000 132.00000 106.50000
endloop
endfacet
facet normal 0 0 1
outer loop
vertex 156.00000 134.40000 106.50000
vertex 153.92154 133.20000 106.50000
vertex 156.00000 132.00000 106.50000
endloop
endfacet
facet normal 0 0 1
outer loop
vertex 153.92154 133.20000 106.50000
vertex 153.92154 130.80000 106.50000
vertex 156.00000 132.00000 106.50000
endloop
endfacet
facet normal 0 0 1
outer loop
vertex 153.92154 130.80000 106.50000
vertex 156.00000 129.60000 106.50000
vertex 156.00000 132.00000 106.50000
endloop
endfacet
facet normal 0 0 -1
outer loop
vertex 158.07846 130.80000 101.50000
vertex 156.00000 129.60000 101.50000
vertex 156.00000 132.00000 101.50000
endloop
endfacet
facet normal 0 0 -1
outer loop
vertex 158.07846 133.20000 101.50000
vertex 158.07846 130.80000 101.50000
vertex 156.00000 132.00000 101.50000
endloop
endfacet
facet normal 0 0 -1
outer loop
vertex 156.00000 134.40000 101.50000
vertex 158.07846 133.20000 101.50000
vertex 156.00000 132.00000 101.50000
endloop
endfacet
facet normal 0 0 -1
outer loop
vertex 153.92154 133.20000 101.50000
vertex 156.00000 134.40000 101.50000
vertex 156.00000 132.00000 101.50000
endloop
endfacet
facet normal 0 0 -1
outer loop
vertex 153.92154 130.80000 101.50000
vertex 153.92154 133.20000 101.50000
vertex 156.00000 132.00000 101.50000
endloop
endfacet
facet normal 0 0 -1
outer loop
vertex 156.00000 129.60000 101.50000
vertex 153.92154 130.80000 101.50000
vertex 156.00000 132.00000 101.50000
endloop
endfacet
facet normal 1 0 0
outer loop
vertex 88.50000 84.00000 151.00000
vertex 88.50000 82.00000 151.00000
vertex 88.50000 84.00000 149.00000
endloop
endfacet
facet normal 1 0 0
outer loop
vertex 88.50000 82.00000 151.00000
vertex 88.50000 82.00000 149.00000
vertex 88.50000 84.00000 149.00000
endloop
endfacet
facet normal -1 0 0
outer loop
vertex 27.50000 84.00000 149.00000
vertex 27.50000 82.00000 149.00000
vertex 27.50000 84.00000 151.00000
endloop
endfacet
facet normal -1 0 0
outer loop
vertex 27.50000 82.00000 149.00000
vertex 27.50000 82.00000 151.00000
vertex 27.50000 84.00000 151.00000
endloop
endfacet
facet normal 0 1 0
outer loop
vertex 27.50000 84.00000 149.00000
vertex 27.50000 84.00000 151.00000
vertex 88.50000 84.00000 149.00000
endloop
endfacet
facet normal 0 1 0
outer loop
vertex 27.50000 84.00000 151.00000
vertex 88.50000 84.00000 151.00000
vertex 88.50000 84.00000 149.00000
endloop
endfacet
facet normal 0 -1 0
outer loop
vertex 27.50000 82.00000 151.00000
vertex 27.50000 82.00000 149.00000
vertex 88.50000 82.00000 151.00000
endloop
endfacet
facet normal 0 -1 0
outer loop
vertex 27.50000 82.00000 149.00000
vertex 88.50000 82.00000 149.00000
vertex 88.50000 82.00000 151.00000
endloop
endfacet
facet normal 0 0 1
outer loop
vertex 27.50000 84.00000 151.00000
vertex 27.50000 82.00000 151.00000
vertex 88.50000 84.00000 151.00000
endloop
endfacet
facet normal 0 0 1
outer loop
vertex 27.50000 82.00000 151.00000
vertex 88.50000 82.00000 151.00000
vertex 88.50000 84.00000 151.00000
endloop
endfacet
facet normal 0 0 -1
outer loop
vertex 88.50000 84.00000 149.00000
vertex 88.50000 82.00000 149.00000
vertex 27.50000 84.00000 149.00000
endloop
endfacet
facet normal 0 0 -1
outer loop
vertex 88.50000 82.00000 149.00000
vertex 27.50000 82.00000 149.00000
vertex 27.50000 84.00000 149.00000
endloop
endfacet
facet normal 1 0 0
outer loop
vertex 88.50000 89.00000 151.00000
vertex 88.50000 87.00000 151.00000
vertex 88.50000 89.00000 149.00000
endloop
endfacet
facet normal 1 0 0
outer loop
vertex 88.50000 87.00000 151.00000
vertex 88.50000 87.00000 149.00000
vertex 88.50000 89.00000 149.00000
endloop
endfacet
facet normal -1 0 0
outer loop
vertex 27.50000 89.00000 149.00000
vertex 27.50000 87.00000 149.00000
vertex 27.50000 89.00000 151.00000
endloop
endfacet
facet normal -1 0 0
outer loop
vertex 27.50000 87.00000 149.00000
vertex 27.50000 87.00000 151.00000
vertex 27.50000 89.00000 151.00000
endloop
endfacet
facet normal 0 1 0
outer loop
vertex 27.50000 89.00000 149.00000
vertex 27.50000 89.00000 151.00000
vertex 88.50000 89.00000 149.00000
endloop
endfacet
facet normal 0 1 0
outer loop
vertex 27.50000 89.00000 151.00000
vertex 88.50000 89.00000 151.00000
vertex 88.50000 89.00000 149.00000
endloop
endfacet
facet normal 0 -1 0
outer loop
vertex 27.50000 87.00000 151.00000
vertex 27.50000 87.00000 149.00000
vertex 88.50000 87.00000 151.00000
endloop
endfacet
facet normal 0 -1 0
outer loop
vertex 27.50000 87.00000 149.00000
vertex 88.50000 87.00000 149.00000
vertex 88.50000 87.00000 151.00000
endloop
endfacet
facet normal 0 0 1
outer loop
vertex 27.50000 89.00000 151.00000
vertex 27.50000 87.00000 151.00000
vertex 88.50000 89.00000 151.00000
endloop
endfacet
facet normal 0 0 1
outer loop
vertex 27.50000 87.00000 151.00000
vertex 88.50000 87.00000 151.00000
vertex 88.50000 89.00000 151.00000
endloop
endfacet
facet normal 0 0 -1
outer loop
vertex 88.50000 89.00000 149.00000
vertex 88.50000 87.00000 149.00000
vertex 27.50000 89.00000 149.00000
endloop
endfacet
facet normal 0 0 -1
outer loop
vertex 88.50000 87.00000 149.00000
vertex 27.50000 87.00000 149.00000
vertex 27.50000 89.00000 149.00000
endloop
endfacet
facet normal 1 0 0
outer loop
vertex 88.50000 94.00000 151.00000
vertex 88.50000 92.00000 151.00000
vertex 88.50000 94.00000 149.00000
endloop
endfacet
facet normal 1 0 0
outer loop
vertex 88.50000 92.00000 151.00000
vertex 88.50000 92.00000 149.00000
vertex 88.50000 94.00000 149.00000
endloop
endfacet
facet normal -1 0 0
outer loop
vertex 27.50000 94.00000 149.00000
vertex 27.50000 92.00000 149.00000
vertex 27.50000 94.00000 151.00000
endloop
endfacet
facet normal -1 0 0
outer loop
vertex 27.50000 92.00000 149.00000
vertex 27.50000 92.00000 151.00000
vertex 27.50000 94.00000 151.00000
endloop
endfacet
facet normal 0 1 0
outer loop
vertex 27.50000 94.00000 149.00000
vertex 27.50000 94.00000 151.00000
vertex 88.50000 94.00000 149.00000
endloop
endfacet
facet normal 0 1 0
outer loop
vertex 27.50000 94.00000 151.00000
vertex 88.50000 94.00000 151.00000
vertex 88.50000 94.00000 149.00000
endloop
endfacet
facet normal 0 -1 0
outer loop
vertex 27.50000 92.00000 151.00000
vertex 27.50000 92.00000 149.00000
vertex 88.50000 92.00000 151.00000
endloop
endfacet
facet normal 0 -1 0
outer loop
vertex 27.50000 92.00000 149.00000
vertex 88.50000 92.00000 149.00000
vertex 88.50000 92.00000 151.00000
endloop
endfacet
facet normal 0 0 1
outer loop
vertex 27.50000 94.00000 151.00000
vertex 27.50000 92.00000 151.00000
vertex 88.50000 94.00000 151.00000
endloop
endfacet
facet normal 0 0 1
outer loop
vertex 27.50000 92.00000 151.00000
vertex 88.50000 92.00000 151.00000
vertex 88.50000 94.00000 151.00000
endloop
endfacet
facet normal 0 0 -1
outer loop
vertex 88.50000 94.00000 149.00000
vertex 88.50000 92.00000 149.00000
vertex 27.50000 94.00000 149.00000
endloop
endfacet
facet normal 0 0 -1
outer loop
vertex 88.50000 92.00000 149.00000
vertex 27.50000 92.00000 149.00000
vertex 27.50000 94.00000 149.00000
endloop
endfacet
endsolid XR_DEMO_NONFUNCTIONAL
